WKT,Name,OBJECTID,UKATEGORIE,UTYP1,UART,UMONAT,USTUNDE,UWOCHENTAG,STRZUSTAND,ULICHTVERH,ISTRAD,ISTPKW,ISTFUSS,ISTKRAD,ISTGKFZ,ISTSONSTIG
"POINT (8.857319255000000 53.028534780000001)",Unfall 8404 (2016) Kat:3, Licht: 0,8404,3,6,2,05,15,3,,0,0,1,0,0,0,0
"POINT (8.860194033999999 53.029745769999998)",Unfall 8421 (2016) Kat:3, Licht: 0,8421,3,6,2,10,16,3,,0,0,1,0,0,0,0
"POINT (8.811466100000001 53.035382435000002)",Unfall 8430 (2016) Kat:3, Licht: 2,8430,3,6,2,12,17,4,,2,0,1,0,0,0,0
"POINT (8.812857211000001 53.111247368000001)",Unfall 8431 (2016) Kat:2, Licht: 0,8431,2,1,9,09,16,3,,0,0,1,0,0,0,0
"POINT (8.716109819000000 53.173084281000001)",Unfall 8442 (2016) Kat:3, Licht: 0,8442,3,6,3,11,16,6,,0,0,1,0,0,1,0
"POINT (8.757218579000000 53.057929313000002)",Unfall 8446 (2016) Kat:3, Licht: 2,8446,3,7,7,02,06,6,,2,0,1,0,0,1,0
"POINT (8.796487464000000 53.089318372999998)",Unfall 8463 (2016) Kat:3, Licht: 2,8463,3,6,2,10,19,7,,2,0,1,0,0,0,0
"POINT (8.716957388999999 53.171720708999999)",Unfall 8473 (2016) Kat:3, Licht: 0,8473,3,6,2,08,17,6,,0,0,1,0,0,0,0
"POINT (8.775987216000001 53.067945840000000)",Unfall 8477 (2016) Kat:3, Licht: 2,8477,3,1,9,10,23,3,,2,0,1,0,0,0,0
"POINT (8.731367252000000 53.148778110000002)",Unfall 8488 (2016) Kat:3, Licht: 1,8488,3,6,2,12,16,5,,1,0,1,0,0,0,0
"POINT (8.811452965999999 53.114054695000000)",Unfall 8489 (2016) Kat:3, Licht: 0,8489,3,6,2,09,11,7,,0,0,1,0,0,0,1
"POINT (8.717124257000000 53.050292822999999)",Unfall 8491 (2016) Kat:3, Licht: 0,8491,3,6,2,06,15,7,,0,0,1,0,0,0,0
"POINT (8.728567344000000 53.145285238000000)",Unfall 8501 (2016) Kat:2, Licht: 0,8501,2,6,2,11,11,2,,0,0,1,0,0,0,0
"POINT (8.962028222000001 53.071266866000002)",Unfall 8502 (2016) Kat:2, Licht: 0,8502,2,6,3,04,11,4,,0,0,1,0,0,1,0
"POINT (8.793704794000000 53.092760058000003)",Unfall 8504 (2016) Kat:3, Licht: 1,8504,3,6,2,02,14,2,,1,0,1,0,0,0,0
"POINT (8.794126156000001 53.119913427999997)",Unfall 8519 (2016) Kat:2, Licht: 2,8519,2,1,8,10,05,3,,2,0,0,0,1,0,0
"POINT (8.813079942000000 53.117796949000002)",Unfall 8521 (2016) Kat:3, Licht: 2,8521,3,1,9,07,00,5,,2,0,1,0,0,0,0
"POINT (8.789557410000001 53.078815798999997)",Unfall 8530 (2016) Kat:3, Licht: 2,8530,3,6,2,12,06,6,,2,0,1,0,0,0,0
"POINT (8.737772064000000 53.142947495000001)",Unfall 8531 (2016) Kat:3, Licht: 0,8531,3,6,2,08,13,5,,0,0,1,0,0,0,1
"POINT (8.739640197000000 53.143576877000001)",Unfall 8532 (2016) Kat:3, Licht: 0,8532,3,1,8,05,06,2,,0,0,1,0,0,0,0
"POINT (8.784430744000000 53.072290596000002)",Unfall 8535 (2016) Kat:2, Licht: 0,8535,2,6,2,03,10,2,,0,0,0,0,0,1,0
"POINT (8.794266304000001 53.091656550000003)",Unfall 8547 (2016) Kat:3, Licht: 0,8547,3,6,2,04,17,5,,0,0,1,0,0,0,0
"POINT (8.758072728000000 53.058431759000001)",Unfall 8549 (2016) Kat:3, Licht: 2,8549,3,6,2,01,19,7,,2,0,1,0,0,0,0
"POINT (8.717601358000000 53.170248964999999)",Unfall 8550 (2016) Kat:3, Licht: 0,8550,3,1,0,06,09,4,,0,0,0,0,1,0,1
"POINT (8.791339613000000 53.081329283000002)",Unfall 8559 (2016) Kat:3, Licht: 0,8559,3,6,2,04,17,5,,0,0,1,0,0,0,0
"POINT (8.797115640000000 53.100350704999997)",Unfall 8562 (2016) Kat:3, Licht: 2,8562,3,6,2,01,18,3,,2,0,1,0,0,0,0
"POINT (8.789619547999999 53.079049308999998)",Unfall 8577 (2016) Kat:3, Licht: 0,8577,3,6,2,09,11,4,,0,0,1,0,0,0,1
"POINT (8.714591970000001 53.180340555999997)",Unfall 8579 (2016) Kat:3, Licht: 0,8579,3,6,2,07,10,2,,0,0,1,0,0,0,1
"POINT (8.903379226000000 53.084482377999997)",Unfall 8587 (2016) Kat:3, Licht: 2,8587,3,6,2,11,17,4,,2,0,1,0,0,0,0
"POINT (8.765933106000000 53.060572467999997)",Unfall 8588 (2016) Kat:2, Licht: 0,8588,2,6,3,08,11,3,,0,1,0,0,0,0,0
"POINT (8.882277667000000 53.037644661000002)",Unfall 8589 (2016) Kat:3, Licht: 0,8589,3,6,2,05,15,4,,0,0,1,0,0,1,0
"POINT (8.825439658000001 53.116285793999999)",Unfall 8591 (2016) Kat:3, Licht: 0,8591,3,6,2,02,08,5,,0,0,1,0,0,0,0
"POINT (8.790851240000000 53.080537689000003)",Unfall 8604 (2016) Kat:3, Licht: 0,8604,3,6,3,03,13,3,,0,0,1,0,0,1,0
"POINT (8.809641979000000 53.032213534000000)",Unfall 8607 (2016) Kat:3, Licht: 0,8607,3,6,1,10,08,2,,0,0,1,0,0,0,0
"POINT (8.796539449000001 53.099648510999998)",Unfall 8618 (2016) Kat:3, Licht: 0,8618,3,6,1,09,13,6,,0,0,1,0,0,0,1
"POINT (8.873850034000000 53.107205258999997)",Unfall 8621 (2016) Kat:3, Licht: 0,8621,3,6,2,06,12,6,,0,0,1,0,0,0,1
"POINT (8.802985575999999 53.053410255999999)",Unfall 8635 (2016) Kat:3, Licht: 0,8635,3,3,5,09,12,5,,0,0,1,0,0,1,0
"POINT (8.790515386999999 53.080087822000003)",Unfall 8637 (2016) Kat:3, Licht: 0,8637,3,6,3,07,09,3,,0,0,1,0,0,1,0
"POINT (8.758270923000000 53.076091018000000)",Unfall 8645 (2016) Kat:3, Licht: 2,8645,3,6,2,11,18,5,,2,0,1,0,0,0,0
"POINT (8.884335971000001 53.038313312000000)",Unfall 8646 (2016) Kat:3, Licht: 0,8646,3,6,2,08,12,6,,0,0,1,0,0,0,0
"POINT (8.928564907000000 53.029765028000000)",Unfall 8647 (2016) Kat:3, Licht: 0,8647,3,6,2,05,15,1,,0,0,1,0,0,0,0
"POINT (8.865231735000000 53.111140648999999)",Unfall 8649 (2016) Kat:3, Licht: 0,8649,3,6,2,02,10,2,,0,0,1,0,0,0,0
"POINT (8.796549143000000 53.099658396000002)",Unfall 8666 (2016) Kat:3, Licht: 1,8666,3,1,2,10,17,6,,1,0,1,0,0,0,0
"POINT (8.786650291000001 53.074294385999998)",Unfall 8676 (2016) Kat:3, Licht: 2,8676,3,1,0,12,22,4,,2,0,1,0,0,0,0
"POINT (8.961025211999999 53.072585660000001)",Unfall 8677 (2016) Kat:3, Licht: 0,8677,3,6,2,09,17,3,,0,0,1,0,0,0,0
"POINT (8.789838302000000 53.079338229000001)",Unfall 8679 (2016) Kat:3, Licht: 0,8679,3,6,2,06,13,5,,0,0,1,0,0,0,0
"POINT (8.886838113000000 53.038599222999999)",Unfall 8688 (2016) Kat:3, Licht: 2,8688,3,7,9,11,01,6,,2,0,1,0,0,0,0
"POINT (8.818755678000001 53.023825070000001)",Unfall 8689 (2016) Kat:2, Licht: 0,8689,2,1,8,07,06,4,,0,0,0,0,0,1,0
"POINT (8.779333847000000 53.068671504000001)",Unfall 8692 (2016) Kat:3, Licht: 2,8692,3,6,2,02,18,2,,2,0,1,0,0,0,0
"POINT (8.757573953000000 53.075897552000001)",Unfall 8708 (2016) Kat:3, Licht: 0,8708,3,6,3,08,08,4,,0,0,1,0,0,0,0
"POINT (8.793945547000000 53.093209096999999)",Unfall 8709 (2016) Kat:3, Licht: 0,8709,3,6,2,05,15,2,,0,0,1,0,0,0,0
"POINT (8.812631573000001 53.117837942999998)",Unfall 8740 (2016) Kat:2, Licht: 2,8740,2,1,9,12,23,3,,2,0,1,0,0,0,0
"POINT (8.827985998999999 53.023688530999998)",Unfall 8741 (2016) Kat:3, Licht: 0,8741,3,6,2,08,13,4,,0,0,1,0,0,0,1
"POINT (8.802345003999999 53.053701396000001)",Unfall 8743 (2016) Kat:3, Licht: 0,8743,3,6,2,06,14,7,,0,0,1,0,0,0,0
"POINT (8.889971943000001 53.038981495000002)",Unfall 8754 (2016) Kat:2, Licht: 0,8754,2,1,9,04,09,7,,0,0,0,0,0,1,0
"POINT (8.816442144000000 53.116381287000003)",Unfall 8775 (2016) Kat:3, Licht: 0,8775,3,6,2,07,09,4,,0,0,1,0,0,0,0
"POINT (8.720236185999999 53.163576933000002)",Unfall 8789 (2016) Kat:2, Licht: 2,8789,2,6,2,10,00,4,,2,0,0,0,0,0,1
"POINT (8.857440931999999 53.030888677999997)",Unfall 8798 (2016) Kat:3, Licht: 1,8798,3,6,2,12,07,5,,1,0,1,0,0,1,0
"POINT (8.789138511999999 53.078203719000001)",Unfall 8799 (2016) Kat:3, Licht: 0,8799,3,6,2,08,08,4,,0,0,1,0,0,0,1
"POINT (8.816586418000000 53.044195072000001)",Unfall 8804 (2016) Kat:3, Licht: 0,8804,3,6,2,03,13,6,,0,0,1,0,0,1,0
"POINT (8.747294079000000 53.137034063999998)",Unfall 8814 (2016) Kat:3, Licht: 0,8814,3,6,2,01,08,2,,0,0,1,0,0,0,0
"POINT (8.791690768000001 53.081796763000000)",Unfall 8828 (2016) Kat:3, Licht: 0,8828,3,6,3,09,08,2,,0,0,1,0,0,1,0
"POINT (8.869543190000000 53.110061209999998)",Unfall 8830 (2016) Kat:3, Licht: 0,8830,3,1,9,07,10,1,,0,0,0,0,1,0,0
"POINT (8.796836544000000 53.086409459999999)",Unfall 8837 (2016) Kat:3, Licht: 2,8837,3,6,2,11,19,6,,2,0,1,0,0,0,0
"POINT (8.725293207000000 53.153439343000002)",Unfall 8838 (2016) Kat:3, Licht: 0,8838,3,6,2,08,14,2,,0,0,1,0,0,0,0
"POINT (8.779804457999999 53.068288766000002)",Unfall 8839 (2016) Kat:3, Licht: 0,8839,3,2,5,05,10,4,,0,0,1,0,0,0,0
"POINT (8.658789875000000 53.172492116000001)",Unfall 8841 (2016) Kat:3, Licht: 0,8841,3,7,9,02,15,6,,0,0,1,0,0,0,0
"POINT (8.796776803000000 53.056724486000000)",Unfall 8855 (2016) Kat:3, Licht: 0,8855,3,3,5,11,10,4,,0,1,1,0,0,0,0
"POINT (8.816012862999999 53.116381077000000)",Unfall 8856 (2016) Kat:3, Licht: 0,8856,3,6,2,08,07,4,,0,0,1,0,0,0,0
"POINT (8.815660477000000 53.042472979000003)",Unfall 8857 (2016) Kat:3, Licht: 0,8857,3,6,2,05,12,3,,0,0,1,0,0,0,0
"POINT (8.818136888000000 53.046750277999998)",Unfall 8859 (2016) Kat:3, Licht: 2,8859,3,2,4,03,21,5,,2,0,1,0,0,0,0
"POINT (8.872526454999999 53.108098302000002)",Unfall 8871 (2016) Kat:3, Licht: 0,8871,3,6,2,04,16,2,,0,0,1,0,0,0,0
"POINT (8.860930267000001 53.026377256000004)",Unfall 8886 (2016) Kat:3, Licht: 0,8886,3,6,2,09,17,5,,0,0,1,0,0,0,0
"POINT (8.550745591000000 53.197505362000001)",Unfall 8888 (2016) Kat:2, Licht: 0,8888,2,2,5,06,08,2,,0,0,1,0,1,0,0
"POINT (8.765870003000000 53.060671896000002)",Unfall 8897 (2016) Kat:3, Licht: 0,8897,3,3,5,11,16,4,,0,0,1,0,0,0,1
"POINT (8.719578590999999 53.165142664999998)",Unfall 8898 (2016) Kat:3, Licht: 0,8898,3,6,2,08,11,6,,0,0,1,0,0,0,0
"POINT (8.867865425000000 53.033002709000002)",Unfall 8899 (2016) Kat:3, Licht: 0,8899,3,6,2,05,14,6,,0,0,1,0,0,0,1
"POINT (8.773283124000001 53.126174937999998)",Unfall 8901 (2016) Kat:3, Licht: 0,8901,3,6,2,02,14,6,,0,0,1,0,0,0,0
"POINT (8.768757418000000 53.061118036000003)",Unfall 8921 (2016) Kat:3, Licht: 0,8921,3,6,2,10,09,4,,0,0,1,0,0,0,0
"POINT (8.790768468000000 53.080426822000000)",Unfall 8933 (2016) Kat:3, Licht: 0,8933,3,6,3,03,12,4,,0,0,1,0,0,1,0
"POINT (8.696642578000001 53.174028194000002)",Unfall 8959 (2016) Kat:3, Licht: 0,8959,3,1,2,08,15,2,,0,0,1,0,0,0,0
"POINT (8.814221049000000 53.039631415999999)",Unfall 8960 (2016) Kat:2, Licht: 0,8960,2,2,9,05,09,1,,0,0,1,0,0,0,0
"POINT (8.791085755999999 53.080856955000002)",Unfall 8962 (2016) Kat:3, Licht: 0,8962,3,6,3,02,09,6,,0,0,1,0,0,1,0
"POINT (8.766189687000001 53.128776487000003)",Unfall 8980 (2016) Kat:3, Licht: 2,8980,3,6,3,10,20,1,,2,0,1,0,0,0,0
"POINT (8.784528811000000 53.072264715999999)",Unfall 8989 (2016) Kat:3, Licht: 1,8989,3,6,2,12,08,2,,1,0,1,0,0,1,0
"POINT (8.819468898000000 53.048220841999999)",Unfall 8990 (2016) Kat:3, Licht: 0,8990,3,4,6,08,13,6,,0,1,0,1,0,0,0
"POINT (8.811947976000001 53.116639996000004)",Unfall 8992 (2016) Kat:3, Licht: 0,8992,3,6,2,06,10,4,,0,0,1,0,0,0,1
"POINT (8.790503841000000 53.080072358000002)",Unfall 9004 (2016) Kat:3, Licht: 0,9004,3,6,3,12,12,6,,0,0,1,0,0,1,0
"POINT (8.827536025000001 53.023688843000002)",Unfall 9005 (2016) Kat:3, Licht: 0,9005,3,6,2,09,16,2,,0,0,1,0,0,0,0
"POINT (8.756627072000001 53.075957664999997)",Unfall 9007 (2016) Kat:3, Licht: 0,9007,3,1,8,06,19,3,,0,0,0,0,0,1,0
"POINT (8.793923117000000 53.093173960999998)",Unfall 9016 (2016) Kat:3, Licht: 0,9016,3,6,2,11,09,2,,0,0,1,0,0,0,1
"POINT (8.782174673000000 53.066916319999997)",Unfall 9017 (2016) Kat:3, Licht: 0,9017,3,2,5,04,15,4,,0,1,1,0,0,0,0
"POINT (8.791166179999999 53.120380222999998)",Unfall 9019 (2016) Kat:3, Licht: 2,9019,3,6,2,02,07,2,,2,0,1,0,0,0,0
"POINT (8.779588683000000 53.068476711000002)",Unfall 9034 (2016) Kat:3, Licht: 0,9034,3,3,5,10,10,4,,0,0,1,0,0,0,0
"POINT (8.790815706000000 53.060822248000001)",Unfall 9047 (2016) Kat:2, Licht: 0,9047,2,6,2,05,15,5,,0,0,1,0,0,0,0
"POINT (8.714077400000001 53.180072795999997)",Unfall 9050 (2016) Kat:3, Licht: 0,9050,3,6,2,03,17,1,,0,0,1,0,0,0,0
"POINT (8.755959379000000 53.133096033000001)",Unfall 9060 (2016) Kat:3, Licht: 0,9060,3,6,3,04,18,1,,0,0,1,0,0,0,0
"POINT (8.835352275000000 53.023679823000002)",Unfall 9062 (2016) Kat:3, Licht: 2,9062,3,1,8,01,02,7,,2,0,1,0,0,1,0
"POINT (8.783059713000000 53.062295018000000)",Unfall 9077 (2016) Kat:3, Licht: 0,9077,3,6,3,04,14,5,,0,0,1,0,0,1,0
"POINT (8.795073582000001 53.090703093999998)",Unfall 9079 (2016) Kat:3, Licht: 0,9079,3,6,3,01,12,4,,0,0,1,0,0,1,0
"POINT (8.791031587000001 53.056699569000003)",Unfall 9095 (2016) Kat:3, Licht: 1,9095,3,6,3,10,07,7,,1,0,1,0,0,1,0
"POINT (8.788016056000000 53.062758525000000)",Unfall 9105 (2016) Kat:3, Licht: 2,9105,3,4,6,11,03,6,,2,0,1,1,0,0,0
"POINT (8.795432287000001 53.085611456999999)",Unfall 9106 (2016) Kat:3, Licht: 0,9106,3,6,3,08,14,4,,0,0,1,0,0,1,0
"POINT (8.854706423000000 53.027424889000002)",Unfall 9107 (2016) Kat:3, Licht: 0,9107,3,6,2,05,16,5,,0,0,1,0,0,0,0
"POINT (8.770956308000001 53.061440597000001)",Unfall 9109 (2016) Kat:3, Licht: 0,9109,3,6,2,02,07,6,,0,0,1,0,0,0,0
"POINT (8.782180986000000 53.070690118999998)",Unfall 9122 (2016) Kat:3, Licht: 0,9122,3,6,2,03,12,4,,0,0,1,0,0,1,0
"POINT (8.778207319000000 53.066923037000002)",Unfall 9125 (2016) Kat:3, Licht: 0,9125,3,6,3,10,16,2,,0,0,1,0,0,1,0
"POINT (8.715676796000000 53.174658608000001)",Unfall 9136 (2016) Kat:3, Licht: 0,9136,3,6,2,09,08,2,,0,0,1,0,0,0,0
"POINT (8.712545375000000 53.179637255000003)",Unfall 9148 (2016) Kat:3, Licht: 1,9148,3,7,2,11,16,3,,1,0,1,0,0,0,0
"POINT (8.748688480000000 53.053959161000002)",Unfall 9149 (2016) Kat:3, Licht: 0,9149,3,6,2,08,14,4,,0,0,1,0,0,0,0
"POINT (8.860524883000000 53.029886722000001)",Unfall 9150 (2016) Kat:2, Licht: 0,9150,2,6,2,05,16,3,,0,0,0,0,0,1,0
"POINT (8.715881508000001 53.173869437999997)",Unfall 9152 (2016) Kat:3, Licht: 0,9152,3,6,2,07,15,3,,0,0,1,0,0,0,0
"POINT (8.799782693999999 53.054979332000002)",Unfall 9159 (2016) Kat:3, Licht: 0,9159,3,6,2,11,12,6,,0,0,1,0,0,0,0
"POINT (8.798897919000000 53.055469569000003)",Unfall 9160 (2016) Kat:3, Licht: 0,9160,3,1,0,08,10,1,,0,0,1,0,0,0,0
"POINT (8.819071167000001 53.047968413000000)",Unfall 9163 (2016) Kat:3, Licht: 1,9163,3,6,2,02,19,4,,1,0,1,0,0,0,0
"POINT (8.819358346000000 53.048445125000001)",Unfall 9179 (2016) Kat:3, Licht: 0,9179,3,6,2,10,12,7,,0,0,1,0,0,0,0
"POINT (8.736620022000000 53.142592661000002)",Unfall 9189 (2016) Kat:3, Licht: 2,9189,3,3,5,12,17,4,,2,1,1,0,0,0,0
"POINT (8.816488798000000 53.116604236000001)",Unfall 9190 (2016) Kat:3, Licht: 0,9190,3,6,2,09,08,3,,0,0,1,0,0,1,0
"POINT (8.784820342000000 53.065144734999997)",Unfall 9192 (2016) Kat:2, Licht: 0,9192,2,7,3,06,13,6,,0,0,1,0,1,0,0
"POINT (8.781066308000000 53.069884858000002)",Unfall 9201 (2016) Kat:3, Licht: 1,9201,3,6,2,11,16,6,,1,0,1,0,0,0,0
"POINT (8.798137649999999 53.055919692000003)",Unfall 9222 (2016) Kat:3, Licht: 0,9222,3,2,5,10,17,6,,0,1,1,0,0,0,0
"POINT (8.794819858000000 53.095193533000000)",Unfall 9225 (2016) Kat:3, Licht: 0,9225,3,7,2,02,14,4,,0,0,1,0,0,1,0
"POINT (8.815460942000000 53.042127931000003)",Unfall 9244 (2016) Kat:3, Licht: 0,9244,3,3,5,10,16,3,,0,1,1,0,0,0,0
"POINT (8.852052053000000 53.026364665999999)",Unfall 9255 (2016) Kat:3, Licht: 2,9255,3,3,5,12,17,3,,2,0,1,0,0,1,0
"POINT (8.772249741000000 53.061771864999997)",Unfall 9256 (2016) Kat:3, Licht: 0,9256,3,3,5,08,14,4,,0,0,1,0,0,0,0
"POINT (8.892471847000000 53.038731599000002)",Unfall 9258 (2016) Kat:3, Licht: 0,9258,3,6,2,06,18,4,,0,0,1,0,0,1,1
"POINT (8.627060858000000 53.179771479000003)",Unfall 9268 (2016) Kat:2, Licht: 2,9268,2,1,8,11,21,2,,2,0,1,0,0,0,0
"POINT (8.802391231000000 53.053681277000003)",Unfall 9269 (2016) Kat:3, Licht: 0,9269,3,7,0,04,14,2,,0,1,0,0,0,1,0
"POINT (8.790843165000000 53.080526874999997)",Unfall 9271 (2016) Kat:3, Licht: 0,9271,3,6,2,01,12,7,,0,0,1,0,0,0,0
"POINT (8.782565226999999 53.066670027999997)",Unfall 9286 (2016) Kat:3, Licht: 0,9286,3,6,2,10,08,3,,0,0,1,0,0,0,1
"POINT (8.811207856999999 53.116823306999997)",Unfall 9288 (2016) Kat:3, Licht: 0,9288,3,6,2,07,12,4,,0,0,1,0,0,0,0
"POINT (8.727719499000001 53.151291567000001)",Unfall 9297 (2016) Kat:2, Licht: 0,9297,2,7,0,08,14,4,,0,0,0,0,1,0,0
"POINT (8.671632486000000 53.172251645000003)",Unfall 9298 (2016) Kat:3, Licht: 2,9298,3,6,3,05,00,7,,2,0,1,0,0,0,0
"POINT (8.841791188000000 53.040744189000002)",Unfall 9301 (2016) Kat:3, Licht: 0,9301,3,6,2,03,14,7,,0,0,1,0,0,0,0
"POINT (8.789435115000000 53.078647601999997)",Unfall 9309 (2016) Kat:3, Licht: 0,9309,3,6,3,12,14,6,,0,0,1,0,0,1,0
"POINT (8.857105684000000 53.113980411000000)",Unfall 9310 (2016) Kat:2, Licht: 0,9310,2,6,2,08,18,6,,0,0,1,0,0,0,0
"POINT (8.795659812000000 53.119611714999998)",Unfall 9312 (2016) Kat:3, Licht: 0,9312,3,1,9,05,13,3,,0,0,1,0,0,0,1
"POINT (8.712935859000000 53.179920054999997)",Unfall 9323 (2016) Kat:3, Licht: 1,9323,3,2,4,04,06,3,,1,0,1,0,0,0,0
"POINT (8.793120570999999 53.083103074999997)",Unfall 9325 (2016) Kat:2, Licht: 2,9325,2,6,2,01,18,3,,2,0,1,0,0,0,0
"POINT (8.796559902000000 53.099669364000000)",Unfall 9339 (2016) Kat:3, Licht: 0,9339,3,6,2,09,14,4,,0,0,1,0,0,0,0
"POINT (8.821677730999999 53.023694157000001)",Unfall 9341 (2016) Kat:3, Licht: 0,9341,3,6,2,07,20,2,,0,0,0,0,0,1,0
"POINT (8.903838451000000 53.084169215999999)",Unfall 9348 (2016) Kat:2, Licht: 0,9348,2,6,2,11,13,2,,0,0,1,0,0,1,0
"POINT (8.796616837000000 53.099823057000002)",Unfall 9349 (2016) Kat:3, Licht: 0,9349,3,6,2,08,15,3,,0,0,1,0,0,0,0
"POINT (8.861457858000000 53.030287411000003)",Unfall 9350 (2016) Kat:2, Licht: 0,9350,2,6,2,05,11,4,,0,0,0,0,0,1,1
"POINT (8.743334322000001 53.139333039999997)",Unfall 9352 (2016) Kat:3, Licht: 0,9352,3,1,8,02,15,3,,0,0,1,0,0,0,1
"POINT (8.831556730999999 53.044576208000002)",Unfall 9365 (2016) Kat:3, Licht: 0,9365,3,6,2,03,13,5,,0,0,1,0,0,0,0
"POINT (8.877009278999999 53.105961123000000)",Unfall 9367 (2016) Kat:3, Licht: 0,9367,3,1,8,01,12,1,,0,0,1,0,0,0,0
"POINT (8.900434021000001 53.086553756000001)",Unfall 9368 (2016) Kat:3, Licht: 0,9368,3,6,2,10,13,6,,0,0,1,0,0,0,0
"POINT (8.859266409000000 53.029201243000003)",Unfall 9382 (2016) Kat:3, Licht: 0,9382,3,6,2,04,08,4,,0,0,1,0,0,0,0
"POINT (8.841897967000000 53.040688887000002)",Unfall 9384 (2016) Kat:3, Licht: 0,9384,3,6,2,01,17,4,,0,0,1,0,0,0,0
"POINT (8.785654611000000 53.073351977999998)",Unfall 9397 (2016) Kat:3, Licht: 0,9397,3,6,3,09,09,5,,0,0,1,0,0,1,0
"POINT (8.713503045000000 53.176586250000000)",Unfall 9399 (2016) Kat:3, Licht: 1,9399,3,6,3,07,21,6,,1,0,1,0,0,0,0
"POINT (8.924315104000000 53.078907379999997)",Unfall 9407 (2016) Kat:3, Licht: 0,9407,3,6,2,11,16,5,,0,0,1,0,0,0,1
"POINT (8.789632158000000 53.078914462000000)",Unfall 9408 (2016) Kat:3, Licht: 0,9408,3,6,2,08,11,6,,0,0,1,0,0,1,0
"POINT (8.891778504000000 53.038669290999998)",Unfall 9409 (2016) Kat:3, Licht: 2,9409,3,6,2,05,00,7,,2,0,1,0,0,0,0
"POINT (8.910690733999999 53.082140852999999)",Unfall 9429 (2016) Kat:3, Licht: 0,9429,3,1,9,10,11,5,,0,0,1,0,0,0,0
"POINT (8.844977095000001 53.024512970000004)",Unfall 9440 (2016) Kat:3, Licht: 2,9440,3,6,2,12,18,6,,2,0,1,0,0,0,0
"POINT (8.722670122000000 53.158433965000000)",Unfall 9441 (2016) Kat:3, Licht: 0,9441,3,1,9,09,10,2,,0,0,1,0,0,0,0
"POINT (8.807833862000001 53.116944881999999)",Unfall 9443 (2016) Kat:3, Licht: 0,9443,3,6,2,06,07,3,,0,0,1,0,0,0,0
"POINT (8.737736180000001 53.078464588000003)",Unfall 9458 (2016) Kat:1, Licht: 0,9458,1,1,9,09,19,5,,0,0,0,0,1,0,0
"POINT (8.701275187000000 53.174510863000002)",Unfall 9470 (2016) Kat:2, Licht: 0,9470,2,7,9,11,09,2,,0,0,1,0,0,0,0
"POINT (8.810702006000000 53.112573998999999)",Unfall 9474 (2016) Kat:3, Licht: 1,9474,3,6,2,02,07,1,,1,0,1,0,0,0,0
"POINT (8.796560542000000 53.099670017000001)",Unfall 9492 (2016) Kat:3, Licht: 0,9492,3,6,3,10,14,2,,0,0,1,0,0,1,0
"POINT (8.872958454000001 53.034972031000002)",Unfall 9500 (2016) Kat:3, Licht: 2,9500,3,6,2,12,05,3,,2,0,1,0,0,0,0
"POINT (8.774126497999999 53.068020253999997)",Unfall 9501 (2016) Kat:3, Licht: 0,9501,3,1,9,08,15,2,,0,0,1,0,0,0,0
"POINT (8.850246072999999 53.025751532000001)",Unfall 9503 (2016) Kat:3, Licht: 0,9503,3,6,2,06,13,6,,0,0,1,0,0,0,0
"POINT (8.869140304000000 53.033387460000000)",Unfall 9514 (2016) Kat:2, Licht: 0,9514,2,6,2,04,15,6,,0,0,1,0,1,0,0
"POINT (8.887881349000001 53.038315417000000)",Unfall 9527 (2016) Kat:3, Licht: 0,9527,3,6,2,11,14,6,,0,0,1,0,0,0,0
"POINT (8.792154729000000 53.059863913999997)",Unfall 9528 (2016) Kat:3, Licht: 0,9528,3,3,5,04,13,6,,0,0,1,0,0,0,0
"POINT (8.849971832000000 53.025670777999999)",Unfall 9530 (2016) Kat:2, Licht: 2,9530,2,6,3,02,18,2,,2,0,1,0,0,0,0
"POINT (8.766189687000001 53.128776487000003)",Unfall 9546 (2016) Kat:2, Licht: 2,9546,2,6,3,10,22,3,,2,0,1,0,0,0,0
"POINT (8.818855027000000 53.047764866000001)",Unfall 9556 (2016) Kat:3, Licht: 0,9556,3,6,2,12,07,3,,0,0,1,0,0,0,0
"POINT (8.780965224999999 53.067748170999998)",Unfall 9557 (2016) Kat:3, Licht: 0,9557,3,3,3,08,09,2,,0,0,1,0,0,0,0
"POINT (8.770339217000000 53.061456127000000)",Unfall 9559 (2016) Kat:3, Licht: 0,9559,3,6,2,05,14,6,,0,0,1,0,0,0,0
"POINT (8.790698110999999 53.080332579999997)",Unfall 9562 (2016) Kat:3, Licht: 0,9562,3,6,3,03,14,5,,0,0,1,0,0,1,0
"POINT (8.790756693000001 53.080411048000002)",Unfall 9571 (2016) Kat:3, Licht: 0,9571,3,6,2,04,16,2,,0,0,1,0,0,0,0
"POINT (8.813420594000000 53.049993682999997)",Unfall 9587 (2016) Kat:3, Licht: 0,9587,3,6,2,09,08,2,,0,0,1,0,0,1,0
"POINT (8.715760451000000 53.180531909999999)",Unfall 9589 (2016) Kat:3, Licht: 0,9589,3,1,4,07,11,7,,0,0,1,0,0,0,0
"POINT (8.716916770999999 53.171811474000002)",Unfall 9596 (2016) Kat:3, Licht: 0,9596,3,6,2,11,14,6,,0,0,1,0,0,0,0
"POINT (8.720175980000001 53.163718625999998)",Unfall 9597 (2016) Kat:3, Licht: 0,9597,3,6,2,08,14,1,,0,0,1,0,0,0,0
"POINT (8.870302081000000 53.109697937999996)",Unfall 9604 (2016) Kat:2, Licht: 0,9604,2,1,9,10,14,7,,0,0,1,0,0,0,0
"POINT (8.853404864000000 53.027025502000001)",Unfall 9614 (2016) Kat:3, Licht: 2,9614,3,6,2,11,00,3,,2,0,0,0,0,1,0
"POINT (8.826912903000000 53.023689273000002)",Unfall 9615 (2016) Kat:2, Licht: 0,9615,2,6,2,08,18,4,,0,0,1,0,0,0,0
"POINT (8.906819214000000 53.037887462999997)",Unfall 9616 (2016) Kat:3, Licht: 0,9616,3,6,2,05,14,6,,0,0,1,0,0,1,0
"POINT (8.899033883000000 53.038728261999999)",Unfall 9618 (2016) Kat:3, Licht: 1,9618,3,7,8,02,06,1,,1,0,0,0,0,0,1