WKT,Name,OBJECTID,UKATEGORIE,UTYP1,UART,UMONAT,USTUNDE,UWOCHENTAG,STRZUSTAND,ULICHTVERH,ISTRAD,ISTPKW,ISTFUSS,ISTKRAD,ISTGKFZ,ISTSONSTIG
"POINT (8.808544755000000 53.082914557999999)",Unfall 100106 (2016) Kat:2, Licht: 2,100106,2,3,5,02,21,5,,2,0,1,0,0,0,0
"POINT (8.870205464000000 53.097729919999999)",Unfall 100107 (2016) Kat:2, Licht: 0,100107,2,6,3,02,09,4,,0,1,0,0,0,0,0
"POINT (8.893358435000000 53.060297353000003)",Unfall 100109 (2016) Kat:3, Licht: 0,100109,3,4,6,02,10,4,,0,0,1,1,0,0,0
"POINT (8.800787023000000 53.071090712000000)",Unfall 100111 (2016) Kat:3, Licht: 2,100111,3,3,1,01,20,5,,2,0,1,0,1,0,0
"POINT (8.686120089999999 53.173022836000001)",Unfall 100112 (2016) Kat:3, Licht: 2,100112,3,4,6,01,06,6,,2,0,1,1,0,0,0
"POINT (8.753150402999999 53.119994824999999)",Unfall 100113 (2016) Kat:3, Licht: 0,100113,3,6,2,01,16,4,,0,0,1,0,0,0,0
"POINT (8.868731071999999 53.091274814999998)",Unfall 100114 (2016) Kat:2, Licht: 0,100114,2,7,0,02,13,6,,0,0,0,0,0,0,1
"POINT (8.756801271000001 53.110647497000002)",Unfall 100115 (2016) Kat:3, Licht: 2,100115,3,4,6,02,19,3,,2,0,1,1,0,0,0
"POINT (8.576810840000000 53.204486748000001)",Unfall 100116 (2016) Kat:3, Licht: 0,100116,3,4,6,02,10,7,,0,0,1,1,0,0,0
"POINT (8.804633990999999 53.085786331000001)",Unfall 100117 (2016) Kat:3, Licht: 0,100117,3,3,5,02,15,5,,0,1,1,0,0,0,0
"POINT (8.910232062000000 53.039533483000000)",Unfall 100119 (2016) Kat:3, Licht: 0,100119,3,4,6,03,12,3,,0,0,1,1,0,0,0
"POINT (8.870888002999999 53.098483205000001)",Unfall 100120 (2016) Kat:3, Licht: 0,100120,3,6,0,01,12,6,,0,0,1,0,1,0,0
"POINT (8.799567448000000 53.069959365999999)",Unfall 100121 (2016) Kat:3, Licht: 2,100121,3,7,9,01,19,5,,2,0,1,0,0,0,0
"POINT (8.714768121000001 53.136634907000001)",Unfall 100123 (2016) Kat:3, Licht: 2,100123,3,3,5,02,06,2,,2,0,1,0,0,0,0
"POINT (8.821383042000001 53.084218583999998)",Unfall 100124 (2016) Kat:3, Licht: 0,100124,3,6,2,02,15,5,,0,0,1,0,0,0,0
"POINT (8.838337218000000 53.081398897000000)",Unfall 100125 (2016) Kat:3, Licht: 2,100125,3,3,5,01,05,6,,2,0,1,0,0,0,0
"POINT (8.880867902000000 53.076783503000001)",Unfall 100126 (2016) Kat:3, Licht: 0,100126,3,7,0,03,08,6,,0,1,0,0,0,0,0
"POINT (8.701323367000001 53.139589962999999)",Unfall 100127 (2016) Kat:2, Licht: 0,100127,2,3,5,01,15,5,,0,0,1,0,0,1,0
"POINT (8.891776928000001 53.049381584000002)",Unfall 100128 (2016) Kat:3, Licht: 2,100128,3,2,5,02,21,1,,2,0,1,0,0,0,0
"POINT (8.797153769000000 53.076355026000002)",Unfall 100129 (2016) Kat:3, Licht: 0,100129,3,3,0,02,16,3,,0,0,1,0,0,0,1
"POINT (8.882997080999999 53.057203563000002)",Unfall 100130 (2016) Kat:3, Licht: 0,100130,3,6,2,01,16,5,,0,0,1,0,0,0,0
"POINT (8.906857949000001 53.126436753000000)",Unfall 100131 (2016) Kat:2, Licht: 2,100131,2,7,0,01,22,6,,2,1,0,0,0,0,0
"POINT (8.831325956000001 53.081267408999999)",Unfall 100132 (2016) Kat:3, Licht: 0,100132,3,4,6,01,15,4,,0,0,1,1,0,0,0
"POINT (8.802188514999999 53.067615068000002)",Unfall 100135 (2016) Kat:3, Licht: 2,100135,3,4,0,02,17,4,,2,1,0,1,0,0,0
"POINT (8.818105602999999 53.077724246999999)",Unfall 100136 (2016) Kat:3, Licht: 1,100136,3,4,6,02,16,3,,1,0,1,1,0,0,0
"POINT (8.827755375000001 53.068842158000002)",Unfall 100137 (2016) Kat:3, Licht: 0,100137,3,3,5,03,09,3,,0,1,1,0,0,0,0
"POINT (8.763508815000000 53.108928882000001)",Unfall 100138 (2016) Kat:3, Licht: 2,100138,3,2,4,02,18,1,,2,1,1,0,0,0,0
"POINT (8.864284138000000 53.062701410000003)",Unfall 100139 (2016) Kat:3, Licht: 0,100139,3,6,3,02,12,3,,0,0,1,0,0,0,0
"POINT (8.692519589000000 53.168253172000000)",Unfall 100140 (2016) Kat:2, Licht: 0,100140,2,7,1,01,11,5,,0,0,1,0,1,0,0
"POINT (8.836513966000000 53.083255328000000)",Unfall 100144 (2016) Kat:3, Licht: 0,100144,3,5,1,02,14,3,,0,1,1,0,0,0,0
"POINT (8.790934329000001 53.053671494000000)",Unfall 100145 (2016) Kat:3, Licht: 0,100145,3,3,5,02,10,3,,0,0,1,0,0,1,0
"POINT (8.800461911999999 53.078545738999999)",Unfall 100146 (2016) Kat:2, Licht: 0,100146,2,4,6,01,16,5,,0,0,0,1,0,0,1
"POINT (8.864614722000001 53.069164397999998)",Unfall 100148 (2016) Kat:3, Licht: 2,100148,3,4,6,01,23,3,,2,0,1,1,0,0,0
"POINT (8.806291638999999 53.084298967000002)",Unfall 100149 (2016) Kat:3, Licht: 2,100149,3,7,0,02,19,5,,2,0,1,0,0,0,0
"POINT (8.794903222000000 53.093939896000002)",Unfall 100150 (2016) Kat:3, Licht: 2,100150,3,3,5,02,18,4,,2,1,1,0,0,0,0
"POINT (8.720926457999999 53.084426162000000)",Unfall 100151 (2016) Kat:3, Licht: 0,100151,3,6,2,02,09,4,,0,0,1,0,0,1,0
"POINT (8.867779119000000 53.072669372999997)",Unfall 100152 (2016) Kat:3, Licht: 0,100152,3,3,5,02,08,3,,0,1,1,0,0,0,0
"POINT (8.899978426000001 53.052661931999999)",Unfall 100153 (2016) Kat:3, Licht: 2,100153,3,4,6,03,18,3,,2,0,1,1,0,0,0
"POINT (8.885359082000001 53.050335238000002)",Unfall 100154 (2016) Kat:3, Licht: 0,100154,3,6,2,02,11,1,,0,0,1,0,0,0,0
"POINT (8.885378027000000 53.050330709000001)",Unfall 100155 (2016) Kat:3, Licht: 0,100155,3,6,2,02,14,3,,0,0,1,0,0,0,0
"POINT (8.886224742000000 53.060685145999997)",Unfall 100156 (2016) Kat:3, Licht: 1,100156,3,4,6,01,16,3,,1,0,1,1,0,0,0
"POINT (8.794819471000000 53.065723247999998)",Unfall 100157 (2016) Kat:3, Licht: 2,100157,3,3,0,02,19,4,,2,0,1,0,1,0,0
"POINT (8.918054614000001 53.040506163000003)",Unfall 100158 (2016) Kat:3, Licht: 0,100158,3,4,6,01,09,4,,0,0,1,0,0,0,1
"POINT (8.750379227000000 53.083811713999999)",Unfall 100159 (2016) Kat:3, Licht: 2,100159,3,3,5,02,05,3,,2,0,1,0,0,0,0
"POINT (8.817177552000000 53.078738620999999)",Unfall 100160 (2016) Kat:2, Licht: 0,100160,2,6,2,02,12,4,,0,0,1,0,0,0,0
"POINT (8.814506550000001 53.081426075000003)",Unfall 100161 (2016) Kat:3, Licht: 2,100161,3,3,5,02,22,4,,2,0,1,0,0,0,0
"POINT (8.738458444000001 53.047241096000000)",Unfall 100162 (2016) Kat:2, Licht: 0,100162,2,4,6,02,08,3,,0,0,1,1,0,0,0
"POINT (8.818860382000000 53.051219781999997)",Unfall 100163 (2016) Kat:3, Licht: 0,100163,3,5,1,03,15,3,,0,1,1,0,0,0,0
"POINT (8.952096481000000 53.065561166999998)",Unfall 100164 (2016) Kat:3, Licht: 0,100164,3,4,6,01,14,6,,0,0,1,1,0,0,0
"POINT (8.792173224000001 53.065407411999999)",Unfall 100165 (2016) Kat:3, Licht: 0,100165,3,7,0,01,13,3,,0,0,0,0,0,0,1
"POINT (8.786795701999999 53.100354383000003)",Unfall 100166 (2016) Kat:3, Licht: 0,100166,3,7,5,01,12,3,,0,0,1,0,0,0,1
"POINT (8.799832430000000 53.070460138000001)",Unfall 100167 (2016) Kat:3, Licht: 0,100167,3,3,5,02,14,3,,0,0,1,0,0,0,0
"POINT (8.767135231999999 53.111737521000002)",Unfall 100168 (2016) Kat:2, Licht: 2,100168,2,2,5,02,18,4,,2,1,1,0,0,0,0
"POINT (8.948615244000001 53.070627371999997)",Unfall 100169 (2016) Kat:3, Licht: 2,100169,3,6,2,02,21,4,,2,0,1,0,0,0,0
"POINT (8.936343896000000 53.073735696999996)",Unfall 100170 (2016) Kat:3, Licht: 2,100170,3,3,5,01,07,4,,2,1,1,0,0,0,0
"POINT (8.943495008999999 53.058316450000000)",Unfall 100172 (2016) Kat:3, Licht: 2,100172,3,1,9,02,06,3,,2,0,1,0,0,0,0
"POINT (8.899725647000000 53.091004009999999)",Unfall 100173 (2016) Kat:3, Licht: 2,100173,3,4,6,01,18,4,,2,0,1,1,0,0,0
"POINT (8.852508429000000 53.073611503999999)",Unfall 100176 (2016) Kat:3, Licht: 0,100176,3,6,2,02,17,5,,0,0,1,0,0,0,0
"POINT (8.951210891000001 53.065081679999999)",Unfall 100177 (2016) Kat:3, Licht: 0,100177,3,3,5,02,17,2,,0,1,1,0,0,0,0
"POINT (8.852274825000000 53.086008941000003)",Unfall 100180 (2016) Kat:3, Licht: 0,100180,3,4,6,02,16,2,,0,1,0,1,0,0,0
"POINT (8.789282226999999 53.071014359000003)",Unfall 100181 (2016) Kat:3, Licht: 0,100181,3,2,5,02,10,4,,0,0,1,0,0,0,1
"POINT (8.888109857000000 53.066530225000001)",Unfall 100183 (2016) Kat:3, Licht: 2,100183,3,2,5,01,18,4,,2,1,1,0,0,0,0
"POINT (8.817354240000000 53.098377296999999)",Unfall 100185 (2016) Kat:2, Licht: 0,100185,2,3,5,02,12,2,,0,1,1,0,0,0,0
"POINT (8.905480416000000 53.050590434999997)",Unfall 100186 (2016) Kat:3, Licht: 0,100186,3,3,5,01,14,4,,0,1,1,0,0,0,0
"POINT (8.831890494000000 53.071090132999998)",Unfall 100188 (2016) Kat:3, Licht: 0,100188,3,7,0,01,10,2,,0,0,1,0,0,0,1
"POINT (8.896792069000000 53.082402039999998)",Unfall 100189 (2016) Kat:3, Licht: 0,100189,3,6,2,02,14,5,,0,0,1,0,0,0,0
"POINT (8.847364511000000 53.085028285999996)",Unfall 100190 (2016) Kat:3, Licht: 0,100190,3,3,5,02,09,4,,0,1,1,0,0,0,0
"POINT (8.863536897000000 53.106407673000000)",Unfall 100192 (2016) Kat:3, Licht: 0,100192,3,4,6,02,10,2,,0,0,1,1,0,0,0
"POINT (8.698074596000000 53.179513620000002)",Unfall 100193 (2016) Kat:3, Licht: 2,100193,3,4,6,03,06,3,,2,0,1,1,0,0,0
"POINT (8.939804280000001 53.076929456999999)",Unfall 100194 (2016) Kat:3, Licht: 2,100194,3,4,6,02,21,7,,2,0,1,1,0,0,0
"POINT (8.793428594000000 53.073917887000000)",Unfall 100196 (2016) Kat:3, Licht: 0,100196,3,3,5,02,18,2,,0,1,1,0,0,0,0
"POINT (8.828852191999999 53.041836089000000)",Unfall 100197 (2016) Kat:3, Licht: 0,100197,3,3,5,03,07,3,,0,1,1,0,0,0,0
"POINT (8.856584673000000 53.064039802000003)",Unfall 100199 (2016) Kat:3, Licht: 0,100199,3,4,6,02,13,1,,0,0,0,1,0,0,1
"POINT (8.713935507000000 53.140458549999998)",Unfall 100200 (2016) Kat:3, Licht: 1,100200,3,6,2,02,07,2,,1,0,1,0,0,0,0
"POINT (8.806535920000000 53.087287949000000)",Unfall 100202 (2016) Kat:3, Licht: 1,100202,3,3,5,03,07,4,,1,1,1,0,0,0,0
"POINT (8.808913879000000 53.074163814000002)",Unfall 100203 (2016) Kat:2, Licht: 1,100203,2,5,1,01,08,2,,1,1,0,0,0,1,0
"POINT (8.781726892000000 53.086157817000000)",Unfall 100204 (2016) Kat:3, Licht: 2,100204,3,3,5,02,18,5,,2,0,1,0,0,0,0
"POINT (8.576781777000001 53.181488610999999)",Unfall 100205 (2016) Kat:3, Licht: 0,100205,3,6,2,02,10,3,,0,0,1,0,0,0,0
"POINT (8.562294806000001 53.192168823999999)",Unfall 100207 (2016) Kat:3, Licht: 0,100207,3,2,5,02,17,7,,0,0,1,0,0,0,0
"POINT (8.685003381000000 53.171077658999998)",Unfall 100208 (2016) Kat:3, Licht: 0,100208,3,6,2,03,12,3,,0,0,1,0,0,0,0
"POINT (8.599300784000000 53.179365287000003)",Unfall 100209 (2016) Kat:3, Licht: 0,100209,3,6,3,01,11,5,,0,1,1,0,0,0,0
"POINT (8.823737400000001 53.077940955000003)",Unfall 100211 (2016) Kat:3, Licht: 0,100211,3,6,2,02,08,2,,0,0,1,0,0,0,0
"POINT (8.865081568000001 53.082227222999997)",Unfall 100212 (2016) Kat:3, Licht: 2,100212,3,6,2,01,17,2,,2,0,1,0,0,0,0
"POINT (8.570281410000000 53.181193856000000)",Unfall 100214 (2016) Kat:2, Licht: 0,100214,2,4,6,02,14,1,,0,0,1,1,0,0,0
"POINT (8.892500332999999 53.079429625000003)",Unfall 100215 (2016) Kat:3, Licht: 0,100215,3,4,6,01,14,2,,0,0,1,1,0,0,0
"POINT (8.745598985000001 53.047706918000003)",Unfall 100216 (2016) Kat:3, Licht: 0,100216,3,4,6,02,17,5,,0,0,1,1,0,0,0
"POINT (8.847889608999999 53.066119905999997)",Unfall 100217 (2016) Kat:3, Licht: 2,100217,3,4,6,02,18,3,,2,0,1,1,0,0,0
"POINT (8.932147474000001 53.040040894000001)",Unfall 100220 (2016) Kat:3, Licht: 0,100220,3,3,5,01,13,5,,0,1,1,0,0,0,1
"POINT (8.822840770999999 53.082839755000002)",Unfall 100221 (2016) Kat:3, Licht: 0,100221,3,2,2,01,08,2,,0,1,1,0,0,0,0
"POINT (8.845621801000000 53.091368985000003)",Unfall 100222 (2016) Kat:3, Licht: 0,100222,3,7,0,01,08,2,,0,0,0,1,0,0,1
"POINT (8.892297724000001 53.079424697999997)",Unfall 100223 (2016) Kat:2, Licht: 0,100223,2,4,6,02,14,2,,0,0,1,1,0,0,0
"POINT (8.864158637999999 53.099120124000002)",Unfall 100224 (2016) Kat:3, Licht: 2,100224,3,3,0,02,19,3,,2,1,1,0,0,0,0
"POINT (8.784042183000000 53.075568840000003)",Unfall 100225 (2016) Kat:3, Licht: 2,100225,3,2,5,01,17,5,,2,1,1,0,0,0,0
"POINT (8.729096426000000 53.085685482999999)",Unfall 100226 (2016) Kat:2, Licht: 0,100226,2,3,5,02,14,3,,0,1,0,0,0,1,0
"POINT (8.832725236000000 53.077475696999997)",Unfall 100227 (2016) Kat:3, Licht: 2,100227,3,4,6,02,19,3,,2,0,1,1,0,0,0
"POINT (8.733834628000000 53.058466377000002)",Unfall 100228 (2016) Kat:3, Licht: 2,100228,3,6,2,02,17,3,,2,0,1,0,0,0,0
"POINT (8.782312350000000 53.097304903999998)",Unfall 100229 (2016) Kat:3, Licht: 2,100229,3,3,5,01,06,3,,2,0,1,0,0,0,1
"POINT (8.946480002000000 53.049811773999998)",Unfall 100230 (2016) Kat:3, Licht: 0,100230,3,7,0,02,13,6,,0,1,0,0,0,0,0
"POINT (8.566902638000000 53.194073531999997)",Unfall 100231 (2016) Kat:3, Licht: 0,100231,3,3,5,01,16,3,,0,0,1,0,0,0,0
"POINT (8.628419423000000 53.168588585000002)",Unfall 100232 (2016) Kat:3, Licht: 2,100232,3,2,5,01,08,5,,2,1,1,0,0,0,0
"POINT (8.752879975000001 53.112146166999999)",Unfall 100233 (2016) Kat:3, Licht: 0,100233,3,6,2,01,10,2,,0,0,1,0,0,0,0
"POINT (8.820559640000001 53.072683665000000)",Unfall 100234 (2016) Kat:3, Licht: 2,100234,3,4,6,02,23,7,,2,0,1,1,0,0,0
"POINT (8.904453109000000 53.078509048000001)",Unfall 100236 (2016) Kat:3, Licht: 2,100236,3,3,5,02,17,3,,2,1,1,0,0,0,0
"POINT (8.877636687000001 53.080278569999997)",Unfall 100237 (2016) Kat:3, Licht: 0,100237,3,3,5,03,17,3,,0,1,1,0,0,0,0
"POINT (8.744693291000001 53.122757329000002)",Unfall 100238 (2016) Kat:2, Licht: 2,100238,2,4,6,01,17,5,,2,0,1,1,0,0,0
"POINT (8.762502753000000 53.060271567999997)",Unfall 100239 (2016) Kat:3, Licht: 1,100239,3,1,0,03,17,1,,1,0,0,0,1,0,0
"POINT (8.605416861000000 53.178761422000001)",Unfall 100241 (2016) Kat:3, Licht: 0,100241,3,3,0,03,15,1,,0,1,1,0,0,0,0
"POINT (8.762269172000000 53.107408069000002)",Unfall 100243 (2016) Kat:3, Licht: 0,100243,3,2,5,04,07,4,,0,0,1,0,1,0,0
"POINT (8.862920381000000 53.090309472999998)",Unfall 100244 (2016) Kat:3, Licht: 0,100244,3,3,5,04,14,6,,0,1,1,0,0,0,0
"POINT (8.840652787000000 53.076150761000001)",Unfall 100245 (2016) Kat:3, Licht: 0,100245,3,7,5,03,10,5,,0,0,1,0,0,0,0
"POINT (8.675495965000000 53.173586747000002)",Unfall 100246 (2016) Kat:3, Licht: 0,100246,3,3,5,04,14,3,,0,1,1,0,0,0,0
"POINT (8.760828840000000 53.112974928000000)",Unfall 100247 (2016) Kat:3, Licht: 0,100247,3,2,5,03,09,4,,0,1,1,0,0,0,0
"POINT (8.956267167000000 53.066453750999997)",Unfall 100248 (2016) Kat:3, Licht: 0,100248,3,7,0,03,16,5,,0,1,0,0,0,0,0
"POINT (8.675242818999999 53.173603239000002)",Unfall 100249 (2016) Kat:3, Licht: 0,100249,3,3,5,04,08,2,,0,1,1,0,0,0,0
"POINT (8.848026556000001 53.050935324000001)",Unfall 100251 (2016) Kat:3, Licht: 2,100251,3,1,0,04,23,1,,2,1,0,0,0,0,0
"POINT (8.816043151000001 53.053802988000001)",Unfall 100252 (2016) Kat:3, Licht: 0,100252,3,6,3,03,07,3,,0,0,0,0,1,0,1
"POINT (8.691044265000000 53.176005801999999)",Unfall 100254 (2016) Kat:3, Licht: 0,100254,3,1,1,04,15,2,,0,0,1,0,0,0,0
"POINT (8.831580977000000 53.081154310000002)",Unfall 100255 (2016) Kat:3, Licht: 0,100255,3,6,2,04,18,3,,0,0,1,0,0,0,0
"POINT (8.836503945000001 53.083265627999999)",Unfall 100256 (2016) Kat:3, Licht: 0,100256,3,4,6,04,10,6,,0,0,1,1,0,0,0
"POINT (8.854229465000000 53.074720511999999)",Unfall 100257 (2016) Kat:3, Licht: 0,100257,3,4,6,03,16,5,,0,0,1,1,0,0,0
"POINT (8.626378464000000 53.184666618999998)",Unfall 100258 (2016) Kat:3, Licht: 0,100258,3,3,5,04,11,7,,0,0,1,0,0,0,0
"POINT (8.812179566999999 53.079093680000000)",Unfall 100259 (2016) Kat:3, Licht: 0,100259,3,3,5,03,08,4,,0,1,1,0,0,0,0
"POINT (8.837248374000000 53.069971062000000)",Unfall 100260 (2016) Kat:3, Licht: 0,100260,3,4,6,03,07,5,,0,0,1,1,0,0,0
"POINT (8.845333518000000 53.091101643999998)",Unfall 100262 (2016) Kat:3, Licht: 0,100262,3,3,5,04,18,1,,0,1,1,0,0,0,0
"POINT (8.728216482000001 53.045918387999997)",Unfall 100263 (2016) Kat:3, Licht: 0,100263,3,5,1,03,17,2,,0,0,1,0,1,0,0
"POINT (8.782554189000001 53.087111962000002)",Unfall 100264 (2016) Kat:3, Licht: 0,100264,3,6,2,04,14,1,,0,0,1,0,0,0,1
"POINT (8.800715894000000 53.078699339000003)",Unfall 100265 (2016) Kat:3, Licht: 0,100265,3,4,6,03,19,3,,0,0,1,1,0,0,0
"POINT (8.936444813000000 53.073797313000000)",Unfall 100266 (2016) Kat:3, Licht: 0,100266,3,2,5,04,19,3,,0,0,1,0,0,0,0
"POINT (8.777959410999999 53.064188842000000)",Unfall 100267 (2016) Kat:3, Licht: 0,100267,3,7,0,04,12,7,,0,0,0,0,0,0,1
"POINT (8.838011301000000 53.067867077000002)",Unfall 100268 (2016) Kat:3, Licht: 0,100268,3,3,5,03,13,4,,0,1,1,0,0,0,0
"POINT (8.743753944000000 53.129297684000001)",Unfall 100269 (2016) Kat:3, Licht: 0,100269,3,6,2,03,17,7,,0,0,1,0,0,0,0
"POINT (8.837167228000000 53.107344156000003)",Unfall 100270 (2016) Kat:3, Licht: 0,100270,3,6,4,04,14,1,,0,1,0,0,0,0,0
"POINT (8.781709611000000 53.092716564000000)",Unfall 100272 (2016) Kat:3, Licht: 0,100272,3,3,5,04,18,5,,0,0,1,0,0,0,1
"POINT (8.758386780000000 53.057058775999998)",Unfall 100273 (2016) Kat:3, Licht: 0,100273,3,3,5,04,19,1,,0,1,1,0,0,0,0
"POINT (8.864275790000001 53.098198005000000)",Unfall 100275 (2016) Kat:3, Licht: 0,100275,3,3,5,04,16,2,,0,1,1,0,0,0,0
"POINT (8.808939254000000 53.083176242000000)",Unfall 100276 (2016) Kat:3, Licht: 0,100276,3,3,5,03,18,3,,0,1,1,0,0,0,0
"POINT (8.901800849000001 53.075077333000003)",Unfall 100278 (2016) Kat:2, Licht: 0,100278,2,1,0,03,16,4,,0,1,0,0,0,0,0
"POINT (8.772738674999999 53.100526258999999)",Unfall 100279 (2016) Kat:3, Licht: 0,100279,3,1,0,03,11,5,,0,1,0,0,0,0,0
"POINT (8.597562898000000 53.184835917000001)",Unfall 100280 (2016) Kat:3, Licht: 2,100280,3,3,5,04,21,6,,2,0,1,0,0,0,0
"POINT (8.852299285999999 53.088893964999997)",Unfall 100282 (2016) Kat:3, Licht: 0,100282,3,7,0,03,16,7,,0,0,0,0,0,0,1
"POINT (8.703137511000000 53.162087333999999)",Unfall 100283 (2016) Kat:2, Licht: 2,100283,2,1,0,04,20,1,,2,1,0,0,0,0,0
"POINT (8.783546516000000 53.087825956000003)",Unfall 100284 (2016) Kat:3, Licht: 0,100284,3,6,2,03,08,3,,0,0,1,0,0,0,0
"POINT (8.932752082000000 53.065173403999999)",Unfall 100285 (2016) Kat:3, Licht: 2,100285,3,3,5,03,19,7,,2,1,0,0,0,0,1
"POINT (8.717234463000001 53.172910747000003)",Unfall 100286 (2016) Kat:3, Licht: 0,100286,3,3,5,04,16,4,,0,1,1,0,0,0,0
"POINT (8.849923736999999 53.112075996000002)",Unfall 100287 (2016) Kat:3, Licht: 0,100287,3,2,5,04,06,5,,0,0,1,0,1,0,0
"POINT (8.791117175000000 53.086090409000001)",Unfall 100288 (2016) Kat:3, Licht: 0,100288,3,6,2,04,17,6,,0,0,1,0,0,0,0
"POINT (8.802333186000000 53.090763668999998)",Unfall 100289 (2016) Kat:3, Licht: 0,100289,3,3,5,03,08,3,,0,1,1,0,0,0,0
"POINT (8.792368604000000 53.094116262999997)",Unfall 100290 (2016) Kat:3, Licht: 0,100290,3,1,8,04,18,3,,0,0,0,0,1,0,1
"POINT (8.806786670999999 53.060450340000003)",Unfall 100292 (2016) Kat:3, Licht: 0,100292,3,2,5,03,10,5,,0,0,1,0,0,0,0
"POINT (8.753729533000000 53.120577558000001)",Unfall 100293 (2016) Kat:3, Licht: 0,100293,3,6,3,04,15,4,,0,0,1,0,0,0,0
"POINT (8.946781517000000 53.069227298999998)",Unfall 100295 (2016) Kat:3, Licht: 0,100295,3,5,1,03,17,5,,0,0,1,0,0,0,0
"POINT (8.859738503999999 53.089648261999997)",Unfall 100296 (2016) Kat:3, Licht: 0,100296,3,6,3,04,13,4,,0,1,0,0,0,0,0
"POINT (8.864329909000000 53.071388071000001)",Unfall 100297 (2016) Kat:3, Licht: 0,100297,3,3,5,04,19,6,,0,0,1,0,0,0,0
"POINT (8.850046479000000 53.085079966000002)",Unfall 100298 (2016) Kat:3, Licht: 0,100298,3,2,5,03,12,7,,0,1,1,0,0,0,0
"POINT (8.742437254000000 53.062911419000002)",Unfall 100299 (2016) Kat:3, Licht: 0,100299,3,1,3,04,15,1,,0,1,1,0,0,0,0
"POINT (8.868034331000001 53.072993570000001)",Unfall 100300 (2016) Kat:3, Licht: 0,100300,3,6,2,03,15,3,,0,0,1,0,0,1,0
"POINT (8.819437836000001 53.072574695000000)",Unfall 100302 (2016) Kat:3, Licht: 0,100302,3,7,0,04,19,4,,0,1,0,0,0,0,0
"POINT (8.834228234999999 53.090176902000003)",Unfall 100303 (2016) Kat:3, Licht: 0,100303,3,1,1,04,07,4,,0,1,1,0,0,0,0
"POINT (8.870575177999999 53.087859629999997)",Unfall 100304 (2016) Kat:3, Licht: 0,100304,3,1,1,04,16,6,,0,0,1,0,0,0,0
"POINT (8.708465280000000 53.151837477999997)",Unfall 100305 (2016) Kat:2, Licht: 0,100305,2,2,5,03,10,5,,0,1,1,0,0,0,0
"POINT (8.702148537999999 53.168182758000000)",Unfall 100306 (2016) Kat:3, Licht: 0,100306,3,3,5,04,10,2,,0,1,1,0,0,0,0
"POINT (8.742968858999999 53.048496137000001)",Unfall 100307 (2016) Kat:3, Licht: 0,100307,3,4,6,03,10,5,,0,0,1,1,0,0,0
"POINT (8.819687246999999 53.038297647999997)",Unfall 100308 (2016) Kat:3, Licht: 0,100308,3,3,5,04,13,1,,0,1,1,0,0,0,0
"POINT (8.749870268000001 53.123927668999997)",Unfall 100309 (2016) Kat:3, Licht: 0,100309,3,3,5,03,13,2,,0,0,1,0,0,0,0
"POINT (8.817882461000000 53.072374957999997)",Unfall 100310 (2016) Kat:3, Licht: 2,100310,3,7,0,04,00,1,,2,1,0,0,0,0,0
"POINT (8.940559709000000 53.077595406999997)",Unfall 100313 (2016) Kat:3, Licht: 0,100313,3,3,5,04,15,2,,0,1,1,0,0,0,0
"POINT (8.691802551000000 53.168278129000001)",Unfall 100314 (2016) Kat:3, Licht: 0,100314,3,1,0,04,16,1,,0,1,0,0,0,0,0
"POINT (8.805024035000001 53.083712310000003)",Unfall 100315 (2016) Kat:3, Licht: 0,100315,3,3,5,03,16,2,,0,1,1,0,0,0,0
"POINT (8.930197755000000 53.070778619999999)",Unfall 100316 (2016) Kat:2, Licht: 0,100316,2,4,6,04,07,4,,0,0,1,1,0,0,0
"POINT (8.619192603000000 53.181644136000003)",Unfall 100317 (2016) Kat:3, Licht: 2,100317,3,6,2,03,19,6,,2,0,1,0,0,0,0
"POINT (8.802034801000000 53.063799582000001)",Unfall 100318 (2016) Kat:2, Licht: 2,100318,2,1,7,04,05,1,,2,1,0,0,0,0,1
"POINT (8.788976620000000 53.073130956999996)",Unfall 100321 (2016) Kat:3, Licht: 1,100321,3,3,5,03,18,6,,1,1,1,0,0,0,0
"POINT (8.879170670000001 53.076257495000000)",Unfall 100322 (2016) Kat:3, Licht: 0,100322,3,7,0,04,19,2,,0,1,1,0,0,0,0
"POINT (8.670138360999999 53.174602368999999)",Unfall 100324 (2016) Kat:3, Licht: 0,100324,3,3,5,04,15,6,,0,0,1,0,1,0,0
"POINT (8.928679078000000 53.087189434999999)",Unfall 100325 (2016) Kat:3, Licht: 0,100325,3,6,2,03,14,5,,0,0,1,0,0,0,0
"POINT (8.556101348000000 53.185224599999998)",Unfall 100326 (2016) Kat:3, Licht: 0,100326,3,6,1,04,16,1,,0,0,1,0,1,0,0
"POINT (8.853575116000000 53.064911971000001)",Unfall 100327 (2016) Kat:3, Licht: 0,100327,3,6,2,03,11,3,,0,0,1,0,0,0,0
"POINT (8.814918895000000 53.054748007999997)",Unfall 100328 (2016) Kat:3, Licht: 0,100328,3,6,2,04,14,6,,0,0,1,0,0,0,0
"POINT (8.889474715000000 53.061614413999997)",Unfall 100329 (2016) Kat:3, Licht: 0,100329,3,6,2,03,11,2,,0,0,1,0,0,0,0
"POINT (8.856585417000000 53.071355158000003)",Unfall 100330 (2016) Kat:2, Licht: 0,100330,2,2,5,04,14,4,,0,1,1,0,0,0,0