WKT,Name,OBJECTID,UKATEGORIE,UTYP1,UART,UMONAT,USTUNDE,UWOCHENTAG,STRZUSTAND,ULICHTVERH,ISTRAD,ISTPKW,ISTFUSS,ISTKRAD,ISTGKFZ,ISTSONSTIG
"POINT (8.709835067000000 53.056102138000000)",Unfall 100331 (2016) Kat:3, Licht: 0,100331,3,7,5,04,13,1,,0,0,1,0,0,0,0
"POINT (8.899802601999999 53.047335525999998)",Unfall 100332 (2016) Kat:3, Licht: 0,100332,3,6,4,04,08,2,,0,1,1,0,0,0,0
"POINT (8.526276091000000 53.199769299000003)",Unfall 100333 (2016) Kat:3, Licht: 0,100333,3,6,2,03,10,1,,0,0,1,0,0,0,0
"POINT (8.962334951000001 53.060288030000002)",Unfall 100334 (2016) Kat:3, Licht: 0,100334,3,6,2,04,16,3,,0,0,1,0,0,0,0
"POINT (8.830795963000000 53.074397578000003)",Unfall 100335 (2016) Kat:3, Licht: 0,100335,3,6,3,03,07,5,,0,1,1,0,0,0,0
"POINT (8.876245633000000 53.079352090000000)",Unfall 100336 (2016) Kat:3, Licht: 0,100336,3,7,1,04,13,3,,0,0,1,0,0,0,1
"POINT (8.821997548000001 53.072830996999997)",Unfall 100337 (2016) Kat:3, Licht: 0,100337,3,6,2,04,14,6,,0,1,1,0,0,0,0
"POINT (8.844819337000001 53.033690098999998)",Unfall 100338 (2016) Kat:3, Licht: 0,100338,3,3,5,04,12,7,,0,1,1,0,0,0,0
"POINT (8.818468445000001 53.046645710999996)",Unfall 100339 (2016) Kat:2, Licht: 0,100339,2,3,5,03,16,3,,0,0,1,0,1,0,0
"POINT (8.713956530000001 53.139312142000001)",Unfall 100340 (2016) Kat:3, Licht: 0,100340,3,3,5,03,15,6,,0,0,1,0,0,0,0
"POINT (8.943331120000000 53.066556112999997)",Unfall 100341 (2016) Kat:3, Licht: 1,100341,3,2,5,04,19,6,,1,0,1,0,0,0,0
"POINT (8.797532132000001 53.076077093999999)",Unfall 100342 (2016) Kat:3, Licht: 0,100342,3,7,5,04,06,4,,0,0,1,0,1,0,0
"POINT (8.796629315000001 53.089221404000000)",Unfall 100343 (2016) Kat:3, Licht: 0,100343,3,3,5,04,11,6,,0,1,0,0,0,0,1
"POINT (8.801308121000000 53.071498151000000)",Unfall 100344 (2016) Kat:3, Licht: 0,100344,3,6,3,04,09,2,,0,1,0,0,0,0,0
"POINT (8.888529980000000 53.058316699000002)",Unfall 100345 (2016) Kat:3, Licht: 0,100345,3,6,2,03,15,3,,0,0,1,0,0,0,0
"POINT (8.879200698000000 53.060924372000002)",Unfall 100347 (2016) Kat:3, Licht: 1,100347,3,5,1,04,19,6,,1,0,1,0,1,0,0
"POINT (8.737291418000000 53.134140502999998)",Unfall 100348 (2016) Kat:3, Licht: 1,100348,3,3,5,03,17,6,,1,1,1,0,0,0,0
"POINT (8.735067186000000 53.038056267000002)",Unfall 100349 (2016) Kat:3, Licht: 0,100349,3,7,6,03,14,7,,0,1,0,1,0,0,0
"POINT (8.883679321000001 53.048390951000002)",Unfall 100350 (2016) Kat:3, Licht: 0,100350,3,3,5,03,14,6,,0,0,1,0,0,0,0
"POINT (8.861814122000000 53.099352961000001)",Unfall 100351 (2016) Kat:3, Licht: 0,100351,3,6,2,04,09,4,,0,0,1,0,0,0,0
"POINT (8.872182192000000 53.099774596000003)",Unfall 100352 (2016) Kat:3, Licht: 0,100352,3,6,2,04,10,7,,0,0,1,0,0,0,0
"POINT (8.932735530000000 53.065132212999998)",Unfall 100353 (2016) Kat:3, Licht: 2,100353,3,4,6,03,21,3,,2,0,0,1,1,0,0
"POINT (8.789175762999999 53.068925489000002)",Unfall 100354 (2016) Kat:3, Licht: 2,100354,3,4,6,03,19,6,,2,0,1,1,0,0,0
"POINT (8.817172705000001 53.078740926000002)",Unfall 100355 (2016) Kat:3, Licht: 0,100355,3,6,2,04,12,6,,0,0,1,0,0,0,0
"POINT (8.810548366000001 53.075253183999997)",Unfall 100357 (2016) Kat:3, Licht: 0,100357,3,6,4,04,13,5,,0,1,0,0,0,0,0
"POINT (8.768206656000000 53.104375032999997)",Unfall 100358 (2016) Kat:3, Licht: 0,100358,3,2,5,03,15,7,,0,1,1,0,0,0,0
"POINT (8.952882044000001 53.056143890000001)",Unfall 100360 (2016) Kat:3, Licht: 0,100360,3,3,5,03,14,3,,0,0,1,0,0,0,0
"POINT (8.780675361000000 53.100722941000001)",Unfall 100362 (2016) Kat:3, Licht: 0,100362,3,7,1,03,16,1,,0,0,1,0,1,0,0
"POINT (8.801732350000000 53.067893620000000)",Unfall 100365 (2016) Kat:3, Licht: 2,100365,3,7,0,04,22,1,,2,1,0,0,0,0,0
"POINT (8.948412994000000 53.063843599999998)",Unfall 100366 (2016) Kat:3, Licht: 0,100366,3,6,2,03,11,7,,0,0,1,0,0,0,0
"POINT (8.826528399000001 53.072903556999997)",Unfall 100369 (2016) Kat:3, Licht: 0,100369,3,7,0,04,12,4,,0,1,0,0,0,0,0
"POINT (8.887635199000000 53.069705466000002)",Unfall 100370 (2016) Kat:2, Licht: 0,100370,2,3,5,04,10,6,,0,1,1,0,0,0,0
"POINT (8.837052828999999 53.076134175000000)",Unfall 100371 (2016) Kat:3, Licht: 0,100371,3,6,5,03,14,4,,0,0,1,0,1,0,0
"POINT (8.898191828000000 53.076221507000000)",Unfall 100372 (2016) Kat:3, Licht: 0,100372,3,5,1,04,17,4,,0,0,1,0,0,0,0
"POINT (8.838902809000000 53.067734987999998)",Unfall 100373 (2016) Kat:3, Licht: 0,100373,3,3,5,04,08,6,,0,0,1,0,1,0,0
"POINT (8.612186617000001 53.178596401000000)",Unfall 100374 (2016) Kat:3, Licht: 0,100374,3,7,0,03,18,7,,0,1,0,0,0,0,0
"POINT (8.810157802999999 53.062427004000000)",Unfall 100375 (2016) Kat:2, Licht: 2,100375,2,1,9,04,03,3,,2,0,1,0,0,0,0
"POINT (8.751472199000000 53.127535555000001)",Unfall 100377 (2016) Kat:3, Licht: 0,100377,3,1,9,03,08,4,,0,0,1,0,1,0,0
"POINT (8.778648305999999 53.064636350999997)",Unfall 100378 (2016) Kat:3, Licht: 0,100378,3,6,1,04,12,6,,0,0,1,0,0,0,0
"POINT (8.625220793000000 53.169772422000001)",Unfall 100379 (2016) Kat:3, Licht: 0,100379,3,6,2,03,13,1,,0,0,1,0,0,0,0
"POINT (8.842432224000000 53.067725089000000)",Unfall 100380 (2016) Kat:3, Licht: 0,100380,3,4,6,04,17,7,,0,1,0,1,0,0,0
"POINT (8.765834806999999 53.082152753000003)",Unfall 100381 (2016) Kat:3, Licht: 0,100381,3,7,0,04,19,6,,0,1,0,0,0,0,0
"POINT (8.803576955000001 53.076779123000001)",Unfall 100382 (2016) Kat:3, Licht: 0,100382,3,6,3,03,18,7,,0,0,1,0,0,0,0
"POINT (8.761221987000001 53.114930524999998)",Unfall 100383 (2016) Kat:3, Licht: 0,100383,3,6,3,03,12,5,,0,0,0,0,0,1,1
"POINT (8.835164395000000 53.091421877000002)",Unfall 100387 (2016) Kat:3, Licht: 0,100387,3,3,5,03,13,4,,0,0,1,0,0,0,1
"POINT (8.794090895000000 53.074349536000000)",Unfall 100388 (2016) Kat:3, Licht: 0,100388,3,1,0,04,12,1,,0,1,0,0,0,0,0
"POINT (8.910548828000000 53.082639067999999)",Unfall 100389 (2016) Kat:3, Licht: 0,100389,3,6,2,03,08,2,,0,0,1,0,0,0,0
"POINT (8.800539481000000 53.078594612000003)",Unfall 100392 (2016) Kat:3, Licht: 1,100392,3,2,5,04,19,2,,1,1,1,0,0,0,0
"POINT (8.827944128000000 53.079944798000000)",Unfall 100393 (2016) Kat:3, Licht: 1,100393,3,6,4,03,19,5,,1,1,0,0,0,0,0
"POINT (8.884184218000000 53.050349302000001)",Unfall 100395 (2016) Kat:3, Licht: 0,100395,3,6,0,04,18,7,,0,0,1,0,1,0,0
"POINT (8.809141779000001 53.083303913000002)",Unfall 100396 (2016) Kat:3, Licht: 0,100396,3,6,3,03,16,7,,0,0,1,0,0,0,1
"POINT (8.827693759000001 53.074766789999998)",Unfall 100397 (2016) Kat:3, Licht: 0,100397,3,7,0,04,16,3,,0,1,1,0,0,0,0
"POINT (8.868003393000000 53.072955690999997)",Unfall 100398 (2016) Kat:2, Licht: 0,100398,2,3,5,04,13,7,,0,0,1,0,0,0,0
"POINT (8.770162796999999 53.080355185000002)",Unfall 100399 (2016) Kat:2, Licht: 0,100399,2,4,6,03,08,2,,0,0,1,1,0,0,0
"POINT (8.765408624999999 53.084933272000001)",Unfall 100400 (2016) Kat:3, Licht: 0,100400,3,4,6,03,09,5,,0,1,0,1,0,0,0
"POINT (8.702028919000000 53.173133958000001)",Unfall 100401 (2016) Kat:3, Licht: 0,100401,3,1,8,03,16,5,,0,1,0,0,0,0,0
"POINT (8.567491781999999 53.194365630000000)",Unfall 100402 (2016) Kat:3, Licht: 0,100402,3,3,5,04,17,3,,0,0,1,0,0,0,0
"POINT (8.808628099000000 53.082898929999999)",Unfall 100403 (2016) Kat:3, Licht: 0,100403,3,2,5,04,16,5,,0,1,1,0,0,0,0
"POINT (8.816264784000000 53.073299118000001)",Unfall 100404 (2016) Kat:2, Licht: 0,100404,2,5,1,04,17,2,,0,1,1,0,0,0,0
"POINT (8.886288309999999 53.062670461000003)",Unfall 100405 (2016) Kat:3, Licht: 0,100405,3,6,2,04,10,4,,0,0,1,0,0,0,1
"POINT (8.704215721000001 53.160889406000003)",Unfall 100406 (2016) Kat:3, Licht: 0,100406,3,7,0,03,12,7,,0,0,1,0,0,0,1
"POINT (8.800560188000000 53.087007555000000)",Unfall 100408 (2016) Kat:3, Licht: 2,100408,3,6,3,03,20,2,,2,0,1,0,0,0,0
"POINT (8.851428735000001 53.073869948000002)",Unfall 100409 (2016) Kat:3, Licht: 0,100409,3,6,2,03,08,4,,0,0,1,0,0,0,0
"POINT (8.860624644000000 53.066172923000003)",Unfall 100410 (2016) Kat:3, Licht: 0,100410,3,2,5,04,13,7,,0,1,1,0,0,0,0
"POINT (8.880964898000000 53.064490034999999)",Unfall 100411 (2016) Kat:3, Licht: 0,100411,3,3,5,03,14,2,,0,1,1,0,0,0,0
"POINT (8.951779316000000 53.133476698999999)",Unfall 100412 (2016) Kat:3, Licht: 0,100412,3,6,2,03,09,5,,0,0,1,0,0,0,0
"POINT (8.561150791999999 53.190381285999997)",Unfall 100413 (2016) Kat:3, Licht: 0,100413,3,3,5,03,09,5,,0,1,1,0,0,0,0
"POINT (8.812399938000000 53.080944660999997)",Unfall 100414 (2016) Kat:3, Licht: 2,100414,3,3,6,03,04,6,,2,0,1,1,0,0,0
"POINT (8.805882612000000 53.073404224999997)",Unfall 100415 (2016) Kat:3, Licht: 0,100415,3,3,5,03,11,5,,0,1,1,0,0,0,0
"POINT (8.872179951000000 53.085960077000003)",Unfall 100416 (2016) Kat:3, Licht: 0,100416,3,6,1,04,15,3,,0,0,1,0,0,0,0
"POINT (8.801275258000000 53.086838630999999)",Unfall 100417 (2016) Kat:3, Licht: 0,100417,3,3,5,04,16,5,,0,1,1,0,0,0,0
"POINT (8.799865801999999 53.101977581000000)",Unfall 100418 (2016) Kat:3, Licht: 0,100418,3,6,2,04,13,5,,0,0,1,0,0,0,0
"POINT (8.799562912000001 53.102180232999999)",Unfall 100419 (2016) Kat:3, Licht: 0,100419,3,6,2,03,16,6,,0,0,1,0,0,0,0
"POINT (8.781601307000001 53.087638482000003)",Unfall 100420 (2016) Kat:3, Licht: 0,100420,3,5,1,04,18,3,,0,1,0,0,0,0,1
"POINT (8.898168066000000 53.132484427000001)",Unfall 100421 (2016) Kat:3, Licht: 2,100421,3,1,0,03,01,2,,2,0,0,0,1,0,0
"POINT (8.891754428000001 53.113047835000003)",Unfall 100422 (2016) Kat:3, Licht: 0,100422,3,6,2,03,15,4,,0,0,1,0,0,0,0
"POINT (8.738424582000000 53.134749446000001)",Unfall 100423 (2016) Kat:3, Licht: 0,100423,3,4,6,03,14,5,,0,0,1,1,0,0,0
"POINT (8.963442255000000 53.057644822999997)",Unfall 100424 (2016) Kat:3, Licht: 0,100424,3,1,0,03,15,7,,0,0,1,0,0,0,0
"POINT (8.755676965999999 53.118671411000001)",Unfall 100425 (2016) Kat:3, Licht: 0,100425,3,2,5,04,12,3,,0,0,1,0,0,0,1
"POINT (8.735646936000000 53.044309167000002)",Unfall 100426 (2016) Kat:3, Licht: 0,100426,3,4,6,03,14,5,,0,0,0,1,0,0,1
"POINT (8.860271882999999 53.049470002000000)",Unfall 100427 (2016) Kat:3, Licht: 0,100427,3,6,4,04,19,7,,0,1,0,1,0,0,0
"POINT (8.812747544000001 53.080916766999998)",Unfall 100428 (2016) Kat:3, Licht: 0,100428,3,3,5,03,09,2,,0,1,1,0,0,0,0
"POINT (8.802834206000000 53.069974866000003)",Unfall 100429 (2016) Kat:2, Licht: 0,100429,2,4,6,03,18,4,,0,1,0,1,0,0,0
"POINT (8.822043447000000 53.072833740999997)",Unfall 100430 (2016) Kat:3, Licht: 0,100430,3,5,1,04,17,3,,0,1,1,0,0,0,0
"POINT (8.886323665999999 53.071535881000003)",Unfall 100431 (2016) Kat:3, Licht: 0,100431,3,3,5,04,16,6,,0,1,1,0,0,0,0
"POINT (8.891932497000001 53.048089347000001)",Unfall 100432 (2016) Kat:2, Licht: 0,100432,2,3,5,03,10,5,,0,1,1,0,0,0,0
"POINT (8.624482188000000 53.177170762000003)",Unfall 100433 (2016) Kat:2, Licht: 2,100433,2,3,5,04,01,7,,2,0,1,0,0,0,0
"POINT (8.846852726000000 53.087989319000002)",Unfall 100434 (2016) Kat:2, Licht: 0,100434,2,5,1,03,01,6,,0,1,1,0,0,0,0
"POINT (8.516012687000000 53.205503935999999)",Unfall 100435 (2016) Kat:3, Licht: 0,100435,3,3,5,03,16,4,,0,0,1,0,0,0,0
"POINT (8.704761354000000 53.154354197000004)",Unfall 100436 (2016) Kat:3, Licht: 0,100436,3,3,5,04,09,3,,0,0,1,0,0,0,0
"POINT (8.566432624999999 53.196085429000000)",Unfall 100437 (2016) Kat:3, Licht: 0,100437,3,6,2,04,13,4,,0,0,1,0,0,0,0
"POINT (8.880106790999999 53.090631762000001)",Unfall 100438 (2016) Kat:3, Licht: 0,100438,3,5,1,04,15,5,,0,0,1,0,0,0,0
"POINT (8.817111675000000 53.078769950999998)",Unfall 100439 (2016) Kat:3, Licht: 0,100439,3,6,2,03,10,4,,0,0,1,0,0,0,0
"POINT (8.926628137000000 53.072955622000002)",Unfall 100440 (2016) Kat:2, Licht: 0,100440,2,4,6,04,09,2,,0,0,1,1,0,0,0
"POINT (8.812771904000000 53.074772754000001)",Unfall 100441 (2016) Kat:3, Licht: 0,100441,3,6,4,03,13,4,,0,0,1,0,0,0,0
"POINT (8.831971938000001 53.092612922000001)",Unfall 100442 (2016) Kat:3, Licht: 0,100442,3,2,3,03,08,5,,0,1,1,0,0,0,0
"POINT (8.618706995000000 53.184096951999997)",Unfall 100443 (2016) Kat:3, Licht: 0,100443,3,3,5,03,13,7,,0,0,1,0,1,0,0
"POINT (8.957200853000000 53.057459977000001)",Unfall 100444 (2016) Kat:3, Licht: 1,100444,3,4,6,04,06,7,,1,0,1,1,0,1,0
"POINT (8.848807285000000 53.067805024000002)",Unfall 100445 (2016) Kat:3, Licht: 2,100445,3,6,2,03,22,6,,2,1,1,0,0,0,0
"POINT (8.704928727000000 53.171046871000001)",Unfall 100446 (2016) Kat:2, Licht: 0,100446,2,3,5,03,12,4,,0,1,1,0,0,0,0
"POINT (8.738165972999999 53.134590377000002)",Unfall 100448 (2016) Kat:2, Licht: 0,100448,2,3,5,04,10,3,,0,1,0,0,0,0,1
"POINT (8.625425350000000 53.181329585999997)",Unfall 100449 (2016) Kat:3, Licht: 2,100449,3,6,2,04,21,5,,2,0,1,0,0,0,0
"POINT (8.779638764000000 53.068908776000001)",Unfall 100450 (2016) Kat:3, Licht: 0,100450,3,6,2,03,15,5,,0,0,1,0,0,0,0
"POINT (8.823312056000001 53.078097589999999)",Unfall 100451 (2016) Kat:3, Licht: 0,100451,3,6,2,03,14,6,,0,0,1,0,0,0,0
"POINT (8.793023380999999 53.066730831000001)",Unfall 100452 (2016) Kat:3, Licht: 0,100452,3,4,6,03,15,4,,0,1,0,1,0,0,0
"POINT (8.790523967000000 53.096014035000003)",Unfall 100455 (2016) Kat:3, Licht: 0,100455,3,4,6,04,09,5,,0,0,1,1,0,0,0
"POINT (8.884719346000001 53.082784717000003)",Unfall 100456 (2016) Kat:3, Licht: 0,100456,3,6,2,03,14,4,,0,0,1,0,1,0,0
"POINT (8.579819896000000 53.211163499999998)",Unfall 100457 (2016) Kat:3, Licht: 0,100457,3,3,5,04,11,1,,0,0,1,0,0,0,0
"POINT (8.809182653000001 53.078848757000003)",Unfall 100458 (2016) Kat:3, Licht: 2,100458,3,3,5,03,06,1,,2,0,1,0,0,0,0
"POINT (8.570504243000000 53.204827555000001)",Unfall 100459 (2016) Kat:2, Licht: 0,100459,2,1,0,03,19,5,,0,0,0,0,1,0,0
"POINT (8.775867254000000 53.098661112000002)",Unfall 100460 (2016) Kat:3, Licht: 0,100460,3,6,1,03,15,7,,0,0,1,0,0,0,0
"POINT (8.960975189999999 53.060451456000003)",Unfall 100461 (2016) Kat:3, Licht: 2,100461,3,4,6,04,22,7,,2,0,1,1,0,0,0
"POINT (8.816506079000000 53.080608196999997)",Unfall 100463 (2016) Kat:3, Licht: 0,100463,3,4,6,04,09,3,,0,0,1,1,0,0,0
"POINT (8.715703479000000 53.054169025999997)",Unfall 100464 (2016) Kat:2, Licht: 0,100464,2,3,5,04,15,7,,0,0,1,0,0,0,0
"POINT (8.715583728000000 53.135345158000000)",Unfall 100465 (2016) Kat:3, Licht: 0,100465,3,2,9,03,17,1,,0,0,1,0,0,0,0
"POINT (8.794004776000000 53.074293410000003)",Unfall 100466 (2016) Kat:3, Licht: 0,100466,3,4,6,03,18,4,,0,1,0,1,0,0,0
"POINT (8.740082978000000 53.051410945999997)",Unfall 100468 (2016) Kat:3, Licht: 0,100468,3,1,0,03,08,3,,0,1,0,0,0,0,0
"POINT (8.870557917999999 53.091363311000002)",Unfall 100469 (2016) Kat:2, Licht: 0,100469,2,3,5,04,19,7,,0,1,1,0,0,0,0
"POINT (8.788453590000000 53.098416477999997)",Unfall 100470 (2016) Kat:3, Licht: 2,100470,3,5,2,03,20,7,,2,1,1,0,0,0,0
"POINT (8.702227518000001 53.168977364000000)",Unfall 100473 (2016) Kat:3, Licht: 0,100473,3,6,2,04,15,3,,0,0,1,0,1,0,0
"POINT (8.681857502000000 53.174234396999999)",Unfall 100474 (2016) Kat:3, Licht: 0,100474,3,3,5,04,12,6,,0,0,1,0,0,0,0
"POINT (8.576165386000000 53.190346190000000)",Unfall 100475 (2016) Kat:3, Licht: 0,100475,3,1,0,04,19,2,,0,1,0,0,0,0,0
"POINT (8.851139441000001 53.072028711000002)",Unfall 100476 (2016) Kat:3, Licht: 0,100476,3,7,0,03,18,7,,0,0,1,0,0,0,0
"POINT (8.820790312000000 53.051226325999998)",Unfall 100477 (2016) Kat:3, Licht: 0,100477,3,1,0,03,07,3,,0,1,0,0,0,0,0
"POINT (8.838741332000000 53.082251468000003)",Unfall 100478 (2016) Kat:3, Licht: 2,100478,3,6,1,04,05,6,,2,0,1,0,0,0,0
"POINT (8.797055925000000 53.071639863999998)",Unfall 100479 (2016) Kat:3, Licht: 0,100479,3,3,5,03,16,6,,0,1,1,0,0,0,0
"POINT (8.803519050000000 53.092870711000003)",Unfall 100480 (2016) Kat:3, Licht: 0,100480,3,6,4,03,15,4,,0,1,1,0,0,0,0
"POINT (8.878348688999999 53.111778792000003)",Unfall 100481 (2016) Kat:3, Licht: 0,100481,3,3,1,03,08,4,,0,0,1,0,0,0,0
"POINT (8.811076633000001 53.071824956000000)",Unfall 100482 (2016) Kat:3, Licht: 0,100482,3,2,4,03,15,5,,0,0,1,0,0,0,0
"POINT (8.809804464999999 53.062861974000000)",Unfall 100483 (2016) Kat:3, Licht: 0,100483,3,7,0,03,15,4,,0,0,0,0,0,0,1
"POINT (8.865487388000000 53.097113612000001)",Unfall 100484 (2016) Kat:2, Licht: 0,100484,2,7,0,04,15,3,,0,1,0,0,0,0,0
"POINT (8.932729987000000 53.065118419999997)",Unfall 100486 (2016) Kat:3, Licht: 0,100486,3,6,2,04,16,5,,0,0,1,0,0,0,1
"POINT (8.886420777000000 53.071612080999998)",Unfall 100487 (2016) Kat:3, Licht: 0,100487,3,6,2,03,12,5,,0,0,1,0,0,0,0
"POINT (8.923333567000000 53.059412248999998)",Unfall 100488 (2016) Kat:3, Licht: 0,100488,3,2,5,04,14,3,,0,1,1,0,0,0,0
"POINT (8.841222963000000 53.069286327999997)",Unfall 100489 (2016) Kat:3, Licht: 0,100489,3,2,4,04,18,5,,0,1,1,0,0,0,0
"POINT (8.884952435000001 53.056193972999999)",Unfall 100491 (2016) Kat:3, Licht: 0,100491,3,6,2,03,13,6,,0,0,1,0,0,0,0
"POINT (8.908018996999999 53.078455552000001)",Unfall 100493 (2016) Kat:3, Licht: 1,100493,3,7,5,04,06,3,,1,0,1,0,0,0,1
"POINT (8.826258078000000 53.079319546999997)",Unfall 100494 (2016) Kat:3, Licht: 0,100494,3,2,5,03,08,3,,0,1,1,0,0,0,0
"POINT (8.856529946000000 53.089873861999997)",Unfall 100495 (2016) Kat:3, Licht: 0,100495,3,3,5,04,09,7,,0,1,1,0,0,0,0
"POINT (8.827916351000001 53.085041906000001)",Unfall 100496 (2016) Kat:3, Licht: 0,100496,3,1,0,03,12,5,,0,0,0,0,1,0,0
"POINT (8.785406599000000 53.088752018000001)",Unfall 100497 (2016) Kat:3, Licht: 2,100497,3,6,2,03,05,3,,2,0,1,0,1,1,0
"POINT (8.715595305000001 53.135335879000003)",Unfall 100498 (2016) Kat:3, Licht: 0,100498,3,2,4,04,13,3,,0,0,1,0,0,0,0
"POINT (8.804127476000000 53.072404601000002)",Unfall 100499 (2016) Kat:3, Licht: 0,100499,3,4,6,04,14,4,,0,0,0,1,0,0,1
"POINT (8.914310925000001 53.065326016999997)",Unfall 100500 (2016) Kat:3, Licht: 1,100500,3,6,2,04,05,5,,1,0,1,0,0,0,0
"POINT (8.804866571000000 53.080976702999997)",Unfall 100502 (2016) Kat:3, Licht: 0,100502,3,6,2,04,15,2,,0,0,1,0,0,0,0
"POINT (8.819160161999999 53.051726295999998)",Unfall 100503 (2016) Kat:3, Licht: 0,100503,3,4,0,03,10,2,,0,0,0,1,0,0,1
"POINT (8.583864019000000 53.214689208999999)",Unfall 100504 (2016) Kat:3, Licht: 0,100504,3,6,2,03,17,4,,0,0,1,0,0,0,0
"POINT (8.758040397000000 53.058190580999998)",Unfall 100505 (2016) Kat:3, Licht: 1,100505,3,3,5,03,18,6,,1,1,1,0,0,0,0
"POINT (8.794229578000000 53.057190374000001)",Unfall 100506 (2016) Kat:3, Licht: 0,100506,3,3,5,04,15,3,,0,0,1,0,0,0,0
"POINT (8.867994968000000 53.069593930000003)",Unfall 100508 (2016) Kat:3, Licht: 0,100508,3,7,2,03,07,2,,0,1,0,0,0,0,1
"POINT (8.846630502000000 53.108044931999999)",Unfall 100509 (2016) Kat:3, Licht: 0,100509,3,3,5,03,17,4,,0,0,1,0,0,0,0
"POINT (8.818998058000000 53.080217263000002)",Unfall 100510 (2016) Kat:3, Licht: 0,100510,3,1,0,03,07,6,,0,1,0,0,0,0,0
"POINT (8.930216007000000 53.072110129999999)",Unfall 100511 (2016) Kat:3, Licht: 0,100511,3,7,0,04,07,7,,0,1,0,0,0,0,0
"POINT (8.870114653000000 53.096852544999997)",Unfall 100512 (2016) Kat:3, Licht: 0,100512,3,7,0,03,11,4,,0,0,0,0,0,0,1
"POINT (8.946894795000000 53.069321440000003)",Unfall 100513 (2016) Kat:3, Licht: 0,100513,3,3,5,03,07,5,,0,0,1,0,0,0,0
"POINT (8.940117216000001 53.058494066999998)",Unfall 100514 (2016) Kat:3, Licht: 0,100514,3,7,0,03,16,3,,0,0,0,0,1,0,1
"POINT (8.794144148999999 53.103046079999999)",Unfall 100517 (2016) Kat:2, Licht: 0,100517,2,2,5,04,16,5,,0,0,1,0,0,0,1
"POINT (8.870273117000000 53.068401105000000)",Unfall 100518 (2016) Kat:3, Licht: 0,100518,3,6,2,03,15,2,,0,0,1,0,0,0,1
"POINT (8.853474984000000 53.064905897999999)",Unfall 100519 (2016) Kat:3, Licht: 0,100519,3,2,3,04,11,1,,0,1,1,0,0,0,0
"POINT (8.862881653000001 53.065278698000000)",Unfall 100520 (2016) Kat:3, Licht: 0,100520,3,3,5,03,16,5,,0,1,0,0,0,0,0
"POINT (8.900679287000001 53.078975403999998)",Unfall 100521 (2016) Kat:3, Licht: 0,100521,3,2,5,03,17,4,,0,0,1,0,0,0,1
"POINT (8.849310925999999 53.071379661000002)",Unfall 100522 (2016) Kat:3, Licht: 2,100522,3,3,5,03,19,6,,2,1,1,0,0,0,0
"POINT (8.879360790000000 53.112454909999997)",Unfall 100523 (2016) Kat:3, Licht: 0,100523,3,5,1,04,11,3,,0,0,1,0,0,0,1
"POINT (8.799886639000000 53.070436696999998)",Unfall 100528 (2016) Kat:3, Licht: 0,100528,3,6,4,03,15,4,,0,1,0,0,0,0,0
"POINT (8.798832933000000 53.065846024000003)",Unfall 100529 (2016) Kat:3, Licht: 0,100529,3,3,5,04,08,3,,0,1,0,0,0,0,0
"POINT (8.881044393000000 53.102276664999998)",Unfall 100531 (2016) Kat:3, Licht: 2,100531,3,1,0,04,23,7,,2,1,0,0,0,0,0
"POINT (8.800750159000000 53.086628795000003)",Unfall 100532 (2016) Kat:3, Licht: 0,100532,3,3,5,03,16,5,,0,0,1,0,0,0,0
"POINT (8.900224635000001 53.123960451999999)",Unfall 100533 (2016) Kat:1, Licht: 0,100533,1,4,6,03,08,3,,0,0,1,1,0,0,0
"POINT (8.704495272999999 53.155632451000002)",Unfall 100534 (2016) Kat:3, Licht: 1,100534,3,2,5,03,06,4,,1,1,1,0,0,0,0
"POINT (8.786775851000000 53.095293525000002)",Unfall 100536 (2016) Kat:3, Licht: 0,100536,3,3,5,04,13,5,,0,1,1,0,0,0,0
"POINT (8.837229995000000 53.076896071000000)",Unfall 100537 (2016) Kat:3, Licht: 2,100537,3,2,5,04,20,2,,2,1,1,0,0,0,0
"POINT (8.737571341000001 53.046378140000002)",Unfall 100538 (2016) Kat:2, Licht: 0,100538,2,4,6,03,08,5,,0,0,0,1,0,1,0
"POINT (8.776670523000000 53.097552139999998)",Unfall 100539 (2016) Kat:3, Licht: 0,100539,3,3,5,03,07,2,,0,1,1,0,0,0,0
"POINT (8.809364152000001 53.031668277000001)",Unfall 100540 (2016) Kat:3, Licht: 0,100540,3,6,2,04,13,2,,0,0,1,0,0,0,0
"POINT (8.891892427000000 53.081034232999997)",Unfall 100541 (2016) Kat:2, Licht: 0,100541,2,2,5,04,15,6,,0,0,1,0,0,0,0
"POINT (8.904358984000000 53.072690199999997)",Unfall 100542 (2016) Kat:3, Licht: 0,100542,3,5,1,03,16,5,,0,1,1,0,0,0,0
"POINT (8.648207739000000 53.182341538999999)",Unfall 100543 (2016) Kat:3, Licht: 2,100543,3,1,0,03,19,2,,2,1,0,0,0,0,0
"POINT (8.723457858000000 53.043731280000003)",Unfall 100544 (2016) Kat:2, Licht: 0,100544,2,7,0,04,16,7,,0,0,0,0,0,0,1
"POINT (8.805600889999999 53.065546652999998)",Unfall 100545 (2016) Kat:2, Licht: 0,100545,2,6,3,03,08,5,,0,1,1,0,0,0,0