WKT,Name,OBJECTID,UKATEGORIE,UTYP1,UART,UMONAT,USTUNDE,UWOCHENTAG,STRZUSTAND,ULICHTVERH,ISTRAD,ISTPKW,ISTFUSS,ISTKRAD,ISTGKFZ,ISTSONSTIG
"POINT (8.961180958000000 53.050774824000001)",Unfall 100547 (2016) Kat:3, Licht: 0,100547,3,6,3,03,17,4,,0,0,1,0,0,1,0
"POINT (8.899797361999999 53.099416187000003)",Unfall 100549 (2016) Kat:3, Licht: 0,100549,3,1,0,04,11,2,,0,0,1,0,0,0,0
"POINT (8.887928197999999 53.034555226000002)",Unfall 100550 (2016) Kat:3, Licht: 0,100550,3,3,5,04,16,5,,0,1,1,0,0,0,0
"POINT (8.800587979000000 53.078656014000003)",Unfall 100551 (2016) Kat:3, Licht: 0,100551,3,2,5,03,13,4,,0,0,0,0,0,1,1
"POINT (8.812794133000001 53.073321307999997)",Unfall 100552 (2016) Kat:3, Licht: 0,100552,3,1,0,04,09,3,,0,0,0,0,1,0,0
"POINT (8.841900626999999 53.083234929000000)",Unfall 100553 (2016) Kat:3, Licht: 0,100553,3,2,5,03,09,5,,0,1,1,0,0,0,0
"POINT (8.890372826000000 53.057314411000000)",Unfall 100554 (2016) Kat:2, Licht: 0,100554,2,4,6,03,09,2,,0,1,0,1,0,0,0
"POINT (8.961176474000000 53.050761727000001)",Unfall 100555 (2016) Kat:3, Licht: 0,100555,3,6,2,03,17,6,,0,0,1,0,0,0,0
"POINT (8.752584776999999 53.119597579000001)",Unfall 100557 (2016) Kat:3, Licht: 1,100557,3,6,2,05,19,2,,1,0,1,0,0,0,1
"POINT (8.741718735999999 53.047208062999999)",Unfall 100558 (2016) Kat:3, Licht: 0,100558,3,4,6,05,10,3,,0,0,1,1,0,0,0
"POINT (8.814083678999999 53.081465061000003)",Unfall 100559 (2016) Kat:3, Licht: 2,100559,3,3,5,05,03,2,,2,0,1,0,0,0,1
"POINT (8.794553097000000 53.077658907999997)",Unfall 100563 (2016) Kat:3, Licht: 0,100563,3,5,0,06,18,2,,0,0,1,0,1,0,0
"POINT (8.733715525999999 53.131650419000003)",Unfall 100565 (2016) Kat:3, Licht: 0,100565,3,4,6,05,08,6,,0,0,0,1,0,0,1
"POINT (8.827361071000000 53.072652779999999)",Unfall 100567 (2016) Kat:3, Licht: 0,100567,3,1,0,06,16,4,,0,1,0,0,0,0,0
"POINT (8.945265323999999 53.065586504000002)",Unfall 100568 (2016) Kat:3, Licht: 2,100568,3,2,5,05,23,3,,2,1,1,0,0,0,0
"POINT (8.846902224000001 53.048271026999998)",Unfall 100569 (2016) Kat:3, Licht: 0,100569,3,3,5,05,14,6,,0,0,1,0,0,0,0
"POINT (8.847860240999999 53.066067388999997)",Unfall 100570 (2016) Kat:3, Licht: 0,100570,3,3,5,05,20,6,,0,1,1,0,0,0,0
"POINT (8.839119884000001 53.069649148000003)",Unfall 100571 (2016) Kat:3, Licht: 0,100571,3,1,0,04,11,6,,0,1,0,0,0,0,0
"POINT (8.876149278000000 53.081883042999998)",Unfall 100572 (2016) Kat:3, Licht: 0,100572,3,6,2,05,13,6,,0,0,1,0,0,0,0
"POINT (8.800501604000001 53.078571275999998)",Unfall 100573 (2016) Kat:3, Licht: 0,100573,3,4,6,05,09,3,,0,0,1,1,0,0,0
"POINT (8.798671363000000 53.077524081999996)",Unfall 100574 (2016) Kat:3, Licht: 0,100574,3,6,3,05,17,2,,0,0,1,0,0,1,0
"POINT (8.808908756999999 53.069834376000003)",Unfall 100575 (2016) Kat:3, Licht: 0,100575,3,7,1,05,16,7,,0,1,1,0,0,0,0
"POINT (8.879043890000000 53.101399589000003)",Unfall 100576 (2016) Kat:3, Licht: 0,100576,3,2,5,04,07,4,,0,1,0,0,0,0,1
"POINT (8.807521238000000 53.094423673999998)",Unfall 100579 (2016) Kat:3, Licht: 0,100579,3,7,0,06,15,3,,0,1,0,0,0,0,0
"POINT (8.804076496000000 53.072634882000003)",Unfall 100580 (2016) Kat:3, Licht: 0,100580,3,3,5,05,19,6,,0,1,1,0,0,0,0
"POINT (8.774127520000000 53.095373842000001)",Unfall 100581 (2016) Kat:3, Licht: 0,100581,3,3,5,05,07,3,,0,1,0,0,0,0,1
"POINT (8.792093012000001 53.068585691000003)",Unfall 100582 (2016) Kat:3, Licht: 0,100582,3,5,1,05,08,3,,0,1,1,0,0,0,0
"POINT (8.757615338000001 53.125864950000000)",Unfall 100583 (2016) Kat:3, Licht: 0,100583,3,7,0,06,14,1,,0,0,1,0,0,0,0
"POINT (8.759007902000001 53.117733553000001)",Unfall 100584 (2016) Kat:3, Licht: 0,100584,3,5,1,06,13,3,,0,1,1,0,0,0,0
"POINT (8.810622379000000 53.081871114999998)",Unfall 100585 (2016) Kat:3, Licht: 0,100585,3,2,5,05,12,6,,0,1,1,0,0,0,0
"POINT (8.829522874000000 53.080519096000003)",Unfall 100586 (2016) Kat:3, Licht: 0,100586,3,6,2,06,14,4,,0,0,1,0,0,0,0
"POINT (8.878449947000000 53.079100840000002)",Unfall 100588 (2016) Kat:2, Licht: 0,100588,2,4,6,04,17,6,,0,0,1,1,0,0,0
"POINT (8.825175810999999 53.073050379999998)",Unfall 100590 (2016) Kat:3, Licht: 2,100590,3,7,0,05,23,3,,2,1,0,0,0,0,0
"POINT (8.785700565999999 53.074856885999999)",Unfall 100591 (2016) Kat:3, Licht: 0,100591,3,2,5,04,18,4,,0,1,1,0,0,0,0
"POINT (8.818153169000000 53.074805589999997)",Unfall 100592 (2016) Kat:3, Licht: 0,100592,3,7,0,06,15,7,,0,1,1,0,0,0,0
"POINT (8.575070001000000 53.181465903000003)",Unfall 100594 (2016) Kat:3, Licht: 0,100594,3,4,6,05,10,3,,0,0,1,1,0,0,0
"POINT (8.829219849999999 53.072035108000001)",Unfall 100595 (2016) Kat:3, Licht: 0,100595,3,7,2,05,20,2,,0,1,0,0,1,0,0
"POINT (8.795133621000000 53.065582898000002)",Unfall 100596 (2016) Kat:3, Licht: 0,100596,3,7,0,05,18,5,,0,0,1,1,0,0,0
"POINT (8.791305054000000 53.075245936000002)",Unfall 100598 (2016) Kat:3, Licht: 0,100598,3,6,2,04,11,4,,0,0,1,0,0,0,1
"POINT (8.814810960999999 53.054826450000000)",Unfall 100599 (2016) Kat:3, Licht: 0,100599,3,4,6,05,12,5,,0,0,1,1,0,0,0
"POINT (8.852107665000000 53.085967021999998)",Unfall 100600 (2016) Kat:3, Licht: 0,100600,3,6,2,05,13,6,,0,0,1,0,0,1,0
"POINT (8.741847038000000 53.139641638000001)",Unfall 100601 (2016) Kat:3, Licht: 0,100601,3,6,3,05,18,7,,0,0,1,0,1,0,0
"POINT (8.880340319000000 53.082418398999998)",Unfall 100602 (2016) Kat:3, Licht: 0,100602,3,3,5,05,09,3,,0,1,1,0,0,0,0
"POINT (8.627532618000000 53.170919064000003)",Unfall 100603 (2016) Kat:3, Licht: 0,100603,3,7,0,04,10,4,,0,1,0,0,0,0,1
"POINT (8.831467143999999 53.081194023000002)",Unfall 100604 (2016) Kat:3, Licht: 0,100604,3,3,5,06,14,7,,0,0,1,0,0,0,1
"POINT (8.625492207000001 53.181326048000003)",Unfall 100605 (2016) Kat:2, Licht: 0,100605,2,3,5,05,10,3,,0,1,1,0,0,0,0
"POINT (8.826109391999999 53.072981366000000)",Unfall 100606 (2016) Kat:3, Licht: 2,100606,3,7,0,05,03,6,,2,1,0,0,0,0,0
"POINT (8.564861402000000 53.193269596000000)",Unfall 100607 (2016) Kat:3, Licht: 0,100607,3,3,5,05,08,2,,0,1,0,0,0,1,0
"POINT (8.710348766999999 53.094429392999999)",Unfall 100609 (2016) Kat:2, Licht: 0,100609,2,3,5,05,12,2,,0,0,0,0,0,1,1
"POINT (8.831957344999999 53.080975293000002)",Unfall 100610 (2016) Kat:3, Licht: 0,100610,3,7,0,05,06,5,,0,0,1,0,0,0,0
"POINT (8.831344594000001 53.081259506999999)",Unfall 100611 (2016) Kat:2, Licht: 0,100611,2,4,6,05,17,3,,0,0,1,1,0,0,0
"POINT (8.808451430000000 53.088067920999997)",Unfall 100612 (2016) Kat:2, Licht: 0,100612,2,3,5,05,15,2,,0,0,1,0,1,0,0
"POINT (8.836180690999999 53.077042390000003)",Unfall 100613 (2016) Kat:3, Licht: 0,100613,3,6,2,05,16,6,,0,0,1,0,0,0,0
"POINT (8.902912251000000 53.087159045000000)",Unfall 100614 (2016) Kat:3, Licht: 0,100614,3,3,5,04,17,4,,0,0,1,0,0,0,1
"POINT (8.817486075000000 53.078590095000003)",Unfall 100616 (2016) Kat:3, Licht: 0,100616,3,6,2,05,10,3,,0,0,1,0,0,0,0
"POINT (8.806724835000001 53.064878606000001)",Unfall 100617 (2016) Kat:3, Licht: 0,100617,3,5,1,06,14,6,,0,1,1,0,0,0,0
"POINT (8.796880115000000 53.083040543000003)",Unfall 100618 (2016) Kat:3, Licht: 0,100618,3,1,0,06,08,4,,0,1,0,0,0,0,0
"POINT (8.791491115000000 53.064990156999997)",Unfall 100620 (2016) Kat:3, Licht: 2,100620,3,3,5,05,22,5,,2,0,1,0,0,0,0
"POINT (8.789852615999999 53.071497833000002)",Unfall 100621 (2016) Kat:2, Licht: 0,100621,2,2,5,06,17,7,,0,0,1,0,1,0,0
"POINT (8.685356037000000 53.176816838000001)",Unfall 100622 (2016) Kat:3, Licht: 1,100622,3,5,1,06,21,5,,1,1,1,0,0,0,0
"POINT (8.815319977000000 53.055828769000001)",Unfall 100624 (2016) Kat:3, Licht: 2,100624,3,5,1,05,21,5,,2,0,1,0,0,0,1
"POINT (8.809591776000000 53.095357128000003)",Unfall 100625 (2016) Kat:3, Licht: 0,100625,3,2,5,05,18,6,,0,1,1,0,0,0,0
"POINT (8.794720171000000 53.117904152000001)",Unfall 100626 (2016) Kat:3, Licht: 0,100626,3,1,8,05,11,1,,0,0,1,0,0,0,0
"POINT (8.779293200000000 53.100205217000003)",Unfall 100627 (2016) Kat:3, Licht: 0,100627,3,2,5,05,08,2,,0,1,1,0,0,0,0
"POINT (8.852347790000000 53.073675301999998)",Unfall 100630 (2016) Kat:3, Licht: 0,100630,3,2,5,05,17,2,,0,1,1,0,0,0,0
"POINT (8.837586253000000 53.077451586000002)",Unfall 100631 (2016) Kat:3, Licht: 0,100631,3,4,6,05,12,6,,0,0,1,1,0,0,0
"POINT (8.800378581000000 53.083331586000000)",Unfall 100632 (2016) Kat:3, Licht: 0,100632,3,6,3,04,15,4,,0,1,1,0,0,0,0
"POINT (8.666022838000000 53.175457518999998)",Unfall 100633 (2016) Kat:2, Licht: 0,100633,2,3,5,05,16,2,,0,1,1,0,0,0,0
"POINT (8.877097092000000 53.080864048000002)",Unfall 100634 (2016) Kat:3, Licht: 0,100634,3,3,5,06,13,2,,0,1,1,0,0,0,0
"POINT (8.714025827000000 53.139242342999999)",Unfall 100636 (2016) Kat:2, Licht: 0,100636,2,2,5,05,13,5,,0,0,1,0,0,0,0
"POINT (8.901957752000000 53.071502375000001)",Unfall 100637 (2016) Kat:2, Licht: 0,100637,2,7,2,06,15,4,,0,0,1,0,0,0,0
"POINT (8.848323218999999 53.113570256999999)",Unfall 100638 (2016) Kat:3, Licht: 0,100638,3,6,4,05,14,5,,0,1,0,0,0,0,0
"POINT (8.956934073999999 53.057466630999997)",Unfall 100639 (2016) Kat:3, Licht: 0,100639,3,7,0,05,11,5,,0,0,0,1,0,0,1
"POINT (8.786906911999999 53.090499987000001)",Unfall 100640 (2016) Kat:2, Licht: 0,100640,2,7,0,04,08,6,,0,1,0,1,0,0,0
"POINT (8.800241388000000 53.102973996999999)",Unfall 100641 (2016) Kat:3, Licht: 0,100641,3,2,2,05,15,5,,0,0,1,0,0,0,0
"POINT (8.636236044000000 53.184636234000003)",Unfall 100642 (2016) Kat:2, Licht: 0,100642,2,3,5,05,09,2,,0,1,1,0,0,0,0
"POINT (8.739807720000000 53.050245973999999)",Unfall 100643 (2016) Kat:3, Licht: 0,100643,3,6,2,05,15,2,,0,0,1,0,0,0,0
"POINT (8.835724172000001 53.068269553999997)",Unfall 100644 (2016) Kat:3, Licht: 0,100644,3,3,5,05,09,7,,0,0,1,0,0,0,0
"POINT (8.815479196000000 53.088828585000002)",Unfall 100645 (2016) Kat:3, Licht: 2,100645,3,1,0,05,23,5,,2,1,0,0,0,0,0
"POINT (8.576432779999999 53.190080414000001)",Unfall 100647 (2016) Kat:3, Licht: 0,100647,3,7,0,05,16,6,,0,0,0,0,0,0,1
"POINT (8.817649023000000 53.038948832000003)",Unfall 100649 (2016) Kat:3, Licht: 0,100649,3,3,5,05,16,5,,0,0,1,0,0,0,0
"POINT (8.845549640000000 53.106315291000001)",Unfall 100650 (2016) Kat:3, Licht: 0,100650,3,2,5,05,16,5,,0,1,1,0,0,0,0
"POINT (8.724668935000000 53.176679808000003)",Unfall 100651 (2016) Kat:3, Licht: 0,100651,3,1,0,05,18,2,,0,1,0,0,0,0,0
"POINT (8.961143954000001 53.050541709000001)",Unfall 100654 (2016) Kat:3, Licht: 0,100654,3,7,0,04,13,4,,0,0,0,0,0,0,1
"POINT (8.572133458000000 53.181387718000003)",Unfall 100655 (2016) Kat:3, Licht: 0,100655,3,6,2,05,10,2,,0,0,1,0,0,0,0
"POINT (8.573438999000000 53.181465828000000)",Unfall 100656 (2016) Kat:3, Licht: 0,100656,3,3,5,06,13,1,,0,0,1,0,1,0,0
"POINT (8.883436507000001 53.110581199999999)",Unfall 100657 (2016) Kat:3, Licht: 0,100657,3,6,2,06,17,3,,0,0,1,0,0,0,0
"POINT (8.891829875999999 53.049400235999997)",Unfall 100658 (2016) Kat:3, Licht: 0,100658,3,2,5,05,19,5,,0,1,1,0,0,0,0
"POINT (8.894632069000000 53.059715038000000)",Unfall 100659 (2016) Kat:3, Licht: 0,100659,3,6,1,05,08,3,,0,1,0,0,0,0,0
"POINT (8.780928477000000 53.105186842999998)",Unfall 100660 (2016) Kat:3, Licht: 0,100660,3,6,2,05,11,2,,0,0,1,0,0,0,0
"POINT (8.851275160000000 53.104810028999999)",Unfall 100661 (2016) Kat:3, Licht: 0,100661,3,6,2,05,15,5,,0,1,0,0,0,0,0
"POINT (8.874201857999999 53.083138466000001)",Unfall 100663 (2016) Kat:3, Licht: 0,100663,3,4,6,05,19,5,,0,0,1,1,0,0,0
"POINT (8.807204342000000 53.082079344000000)",Unfall 100664 (2016) Kat:3, Licht: 0,100664,3,2,5,05,11,5,,0,1,1,0,0,0,0
"POINT (8.554020176000000 53.186603079999998)",Unfall 100665 (2016) Kat:3, Licht: 0,100665,3,7,0,05,11,7,,0,1,0,0,0,0,0
"POINT (8.900728739000000 53.099658558000002)",Unfall 100666 (2016) Kat:3, Licht: 0,100666,3,1,0,05,10,1,,0,1,0,0,0,0,0
"POINT (8.618803644000000 53.188468577000002)",Unfall 100668 (2016) Kat:2, Licht: 0,100668,2,1,7,06,12,7,,0,0,1,0,0,0,0
"POINT (8.785624399000000 53.070968078999996)",Unfall 100669 (2016) Kat:3, Licht: 1,100669,3,4,6,05,21,5,,1,1,0,1,0,0,0
"POINT (8.578244954000001 53.181541097999997)",Unfall 100670 (2016) Kat:3, Licht: 0,100670,3,2,5,04,17,3,,0,1,1,0,0,0,0
"POINT (8.614753200000001 53.184255688999997)",Unfall 100671 (2016) Kat:2, Licht: 0,100671,2,2,5,05,10,1,,0,0,1,0,1,0,0
"POINT (8.750942736000001 53.064685425000000)",Unfall 100673 (2016) Kat:3, Licht: 2,100673,3,1,8,06,23,2,,2,0,1,0,0,0,0
"POINT (8.704627273000000 53.171353105000001)",Unfall 100674 (2016) Kat:3, Licht: 0,100674,3,7,0,05,09,3,,0,1,0,0,0,1,0
"POINT (8.763539727000000 53.108969905999999)",Unfall 100675 (2016) Kat:3, Licht: 0,100675,3,3,5,05,12,2,,0,1,1,0,0,0,0
"POINT (8.948634713000001 53.036026982000003)",Unfall 100676 (2016) Kat:3, Licht: 0,100676,3,6,2,05,12,1,,0,0,1,0,0,0,0
"POINT (8.822840149999999 53.074062058999999)",Unfall 100677 (2016) Kat:2, Licht: 1,100677,2,1,0,05,21,5,,1,1,0,0,0,0,0
"POINT (8.817713943999999 53.038965032000000)",Unfall 100678 (2016) Kat:3, Licht: 0,100678,3,6,2,05,13,5,,0,0,1,0,0,0,0
"POINT (8.831619705000000 53.081135889999999)",Unfall 100679 (2016) Kat:3, Licht: 2,100679,3,4,6,04,22,3,,2,0,1,1,0,0,0
"POINT (8.950532474999999 53.064771714999999)",Unfall 100680 (2016) Kat:3, Licht: 0,100680,3,3,5,04,08,3,,0,0,1,0,0,0,1
"POINT (8.569737664000000 53.195280797000002)",Unfall 100681 (2016) Kat:2, Licht: 0,100681,2,3,5,06,11,7,,0,1,1,0,0,0,0
"POINT (8.940568879000001 53.077604325999999)",Unfall 100683 (2016) Kat:3, Licht: 0,100683,3,2,5,05,13,2,,0,1,1,0,0,0,0
"POINT (8.850303246999999 53.094989728999998)",Unfall 100684 (2016) Kat:3, Licht: 2,100684,3,1,0,05,21,5,,2,1,0,0,0,0,0
"POINT (8.782676926000001 53.104358701999999)",Unfall 100685 (2016) Kat:2, Licht: 0,100685,2,7,0,05,05,2,,0,1,0,0,0,0,0
"POINT (8.807057187000000 53.159958414999998)",Unfall 100686 (2016) Kat:3, Licht: 0,100686,3,6,4,05,18,1,,0,0,1,1,0,0,0
"POINT (8.821004098000000 53.045323838000002)",Unfall 100687 (2016) Kat:2, Licht: 0,100687,2,3,5,05,09,1,,0,1,1,0,0,0,0
"POINT (8.847637516000001 53.093111196000002)",Unfall 100688 (2016) Kat:2, Licht: 0,100688,2,1,0,05,12,1,,0,1,0,0,0,0,0
"POINT (8.871058597999999 53.067089672000002)",Unfall 100689 (2016) Kat:3, Licht: 0,100689,3,3,5,05,13,5,,0,1,0,0,0,0,1
"POINT (8.796192985999999 53.068030878999998)",Unfall 100690 (2016) Kat:3, Licht: 0,100690,3,6,3,05,11,2,,0,1,0,0,0,0,0
"POINT (8.874525974000001 53.102248097999997)",Unfall 100691 (2016) Kat:3, Licht: 0,100691,3,7,1,05,14,2,,0,1,1,0,0,0,0
"POINT (8.843141331000000 53.055526186999998)",Unfall 100692 (2016) Kat:3, Licht: 0,100692,3,5,1,05,15,1,,0,1,1,0,0,0,0
"POINT (8.795186303000000 53.075217150999997)",Unfall 100693 (2016) Kat:3, Licht: 0,100693,3,1,0,05,05,5,,0,1,0,0,0,0,0
"POINT (8.857577976000000 53.080460592000001)",Unfall 100694 (2016) Kat:3, Licht: 0,100694,3,4,6,05,13,5,,0,1,0,1,0,0,0
"POINT (8.887750771000000 53.034614789000003)",Unfall 100695 (2016) Kat:2, Licht: 0,100695,2,3,5,04,14,3,,0,0,1,0,0,1,0
"POINT (8.777678040000000 53.064014555999997)",Unfall 100696 (2016) Kat:2, Licht: 0,100696,2,3,5,05,18,1,,0,1,1,0,0,0,0
"POINT (8.791754550000000 53.103967990999998)",Unfall 100697 (2016) Kat:3, Licht: 0,100697,3,3,5,06,13,6,,0,1,1,0,0,0,0
"POINT (8.847893774999999 53.050740842000003)",Unfall 100698 (2016) Kat:3, Licht: 0,100698,3,6,2,06,15,5,,0,0,1,0,0,1,0
"POINT (8.852212814000000 53.111362239000002)",Unfall 100699 (2016) Kat:3, Licht: 0,100699,3,3,5,05,11,2,,0,1,0,0,0,0,1
"POINT (8.756040608999999 53.114524535000001)",Unfall 100702 (2016) Kat:3, Licht: 0,100702,3,7,1,05,18,5,,0,0,1,0,0,0,0
"POINT (8.833507227000000 53.094430586000001)",Unfall 100703 (2016) Kat:3, Licht: 0,100703,3,4,6,05,19,1,,0,0,1,1,0,0,0
"POINT (8.808287491000000 53.088247699000000)",Unfall 100704 (2016) Kat:3, Licht: 0,100704,3,2,5,05,18,5,,0,1,1,0,0,0,0
"POINT (8.778736645000000 53.094663058999998)",Unfall 100706 (2016) Kat:3, Licht: 0,100706,3,6,2,04,12,7,,0,0,1,0,0,0,0
"POINT (8.889367570999999 53.034490742999999)",Unfall 100707 (2016) Kat:3, Licht: 0,100707,3,2,5,05,14,6,,0,0,1,0,0,0,0
"POINT (8.805053539999999 53.081843986999999)",Unfall 100708 (2016) Kat:3, Licht: 0,100708,3,5,1,04,14,3,,0,1,1,0,0,0,0
"POINT (8.616082077000000 53.174936045999999)",Unfall 100709 (2016) Kat:3, Licht: 2,100709,3,1,0,05,04,1,,2,1,0,0,0,0,0
"POINT (8.801885607999999 53.076713022000000)",Unfall 100710 (2016) Kat:3, Licht: 0,100710,3,6,4,06,14,1,,0,1,0,0,0,0,0
"POINT (8.797513631999999 53.080670472000001)",Unfall 100711 (2016) Kat:3, Licht: 0,100711,3,3,5,06,17,3,,0,1,1,0,0,0,0
"POINT (8.827059929000001 53.042721923000002)",Unfall 100713 (2016) Kat:3, Licht: 0,100713,3,3,5,04,09,3,,0,1,1,0,0,0,0
"POINT (8.801524111000001 53.071417007999997)",Unfall 100714 (2016) Kat:2, Licht: 1,100714,2,1,0,05,20,1,,1,0,0,0,1,0,0
"POINT (8.811257980000001 53.073803415999997)",Unfall 100716 (2016) Kat:3, Licht: 0,100716,3,6,4,06,13,2,,0,1,0,0,0,0,0
"POINT (8.818886646999999 53.111729117000003)",Unfall 100717 (2016) Kat:3, Licht: 0,100717,3,3,5,06,08,4,,0,0,1,0,0,0,1
"POINT (8.783084226000000 53.067331299000003)",Unfall 100718 (2016) Kat:3, Licht: 0,100718,3,6,2,06,15,6,,0,0,1,0,0,0,0
"POINT (8.761273354000000 53.114880622000001)",Unfall 100719 (2016) Kat:3, Licht: 0,100719,3,2,5,06,18,4,,0,0,1,0,0,0,1
"POINT (8.696777189000001 53.174843613999997)",Unfall 100720 (2016) Kat:2, Licht: 0,100720,2,7,0,05,14,2,,0,1,0,0,0,0,0
"POINT (8.888888460000000 53.108956683000002)",Unfall 100721 (2016) Kat:3, Licht: 0,100721,3,5,1,05,11,4,,0,0,1,0,0,0,0
"POINT (8.611766470999999 53.177870200000001)",Unfall 100722 (2016) Kat:3, Licht: 0,100722,3,6,4,05,17,5,,0,1,0,0,0,0,0
"POINT (8.826888151000000 53.034361822999998)",Unfall 100723 (2016) Kat:3, Licht: 0,100723,3,2,5,04,13,5,,0,1,1,0,0,0,0
"POINT (8.702167963999999 53.168491021999998)",Unfall 100724 (2016) Kat:3, Licht: 0,100724,3,7,6,05,18,5,,0,1,0,1,0,0,0
"POINT (8.619290361999999 53.185233306000001)",Unfall 100725 (2016) Kat:3, Licht: 0,100725,3,3,5,05,16,5,,0,1,1,0,0,0,0
"POINT (8.821538686000000 53.084230644999998)",Unfall 100726 (2016) Kat:3, Licht: 2,100726,3,6,2,05,22,7,,2,0,1,0,0,0,0
"POINT (8.817023786000000 53.080827081000002)",Unfall 100727 (2016) Kat:3, Licht: 0,100727,3,3,5,04,14,7,,0,1,1,0,0,0,0
"POINT (8.850817183000000 53.084424114999997)",Unfall 100728 (2016) Kat:3, Licht: 0,100728,3,2,5,05,13,6,,0,1,1,0,0,0,0
"POINT (8.785635967999999 53.101848036000000)",Unfall 100729 (2016) Kat:3, Licht: 0,100729,3,3,5,04,16,3,,0,0,1,0,0,0,0
"POINT (8.564858688999999 53.197630064999998)",Unfall 100731 (2016) Kat:2, Licht: 1,100731,2,4,6,06,19,1,,1,0,1,1,0,0,0
"POINT (8.827193049000000 53.084869660999999)",Unfall 100732 (2016) Kat:3, Licht: 0,100732,3,2,5,06,09,3,,0,1,1,0,0,0,0
"POINT (8.804923162000000 53.081004507999999)",Unfall 100733 (2016) Kat:3, Licht: 0,100733,3,4,6,05,13,4,,0,1,0,1,0,0,0
"POINT (8.861768007000000 53.088141209000000)",Unfall 100734 (2016) Kat:3, Licht: 0,100734,3,7,0,05,11,3,,0,1,0,0,0,1,0
"POINT (8.835478299000000 53.077129735000000)",Unfall 100735 (2016) Kat:3, Licht: 0,100735,3,6,2,05,14,2,,0,0,1,0,0,0,0
"POINT (8.797020578000000 53.076427162999998)",Unfall 100736 (2016) Kat:3, Licht: 1,100736,3,2,0,05,20,5,,1,0,1,0,0,0,1
"POINT (8.860761835000000 53.066156954000000)",Unfall 100737 (2016) Kat:3, Licht: 0,100737,3,2,4,05,09,5,,0,1,1,0,0,0,0
"POINT (8.856902774000000 53.072662682999997)",Unfall 100738 (2016) Kat:3, Licht: 0,100738,3,7,0,06,15,4,,0,0,1,0,0,0,1
"POINT (8.806437860999999 53.065048404999999)",Unfall 100739 (2016) Kat:3, Licht: 0,100739,3,5,1,05,13,5,,0,1,1,0,0,0,0
"POINT (8.760709539000001 53.115168699999998)",Unfall 100740 (2016) Kat:3, Licht: 0,100740,3,6,2,04,15,5,,0,0,1,0,1,0,0
"POINT (8.802725782000000 53.079869993000003)",Unfall 100741 (2016) Kat:3, Licht: 0,100741,3,6,2,05,14,5,,0,0,1,0,0,0,0
"POINT (8.824616746000000 53.068911960000001)",Unfall 100742 (2016) Kat:3, Licht: 2,100742,3,3,5,05,00,7,,2,1,1,0,0,0,0
"POINT (8.845243361000000 53.068590421000003)",Unfall 100743 (2016) Kat:3, Licht: 0,100743,3,5,1,04,18,3,,0,0,1,0,0,0,1
"POINT (8.899429043000000 53.062114551999997)",Unfall 100744 (2016) Kat:3, Licht: 0,100744,3,5,1,06,12,7,,0,1,1,0,0,0,0
"POINT (8.824467277000000 53.084530624999999)",Unfall 100745 (2016) Kat:3, Licht: 0,100745,3,6,2,06,19,2,,0,0,1,0,0,0,0
"POINT (8.799038991000000 53.101919686999999)",Unfall 100747 (2016) Kat:3, Licht: 0,100747,3,6,2,05,15,2,,0,0,1,0,0,0,0
"POINT (8.844197026000000 53.075363608000004)",Unfall 100748 (2016) Kat:3, Licht: 1,100748,3,1,0,04,06,7,,1,0,1,0,0,0,0
"POINT (8.697562398000001 53.173783884999999)",Unfall 100749 (2016) Kat:3, Licht: 0,100749,3,3,5,05,09,5,,0,0,1,0,0,0,0
"POINT (8.705369578000001 53.174375495000000)",Unfall 100750 (2016) Kat:3, Licht: 0,100750,3,3,5,05,15,5,,0,1,1,0,0,0,0
"POINT (8.798988644000000 53.105623590999997)",Unfall 100751 (2016) Kat:3, Licht: 0,100751,3,6,2,04,08,2,,0,0,1,0,0,1,0
"POINT (8.624479647999999 53.177170570999998)",Unfall 100752 (2016) Kat:3, Licht: 0,100752,3,2,2,04,16,2,,0,1,1,0,0,0,0
"POINT (8.797177118000001 53.076337647000003)",Unfall 100753 (2016) Kat:2, Licht: 0,100753,2,2,5,06,17,7,,0,0,1,0,1,0,0
"POINT (8.923337409000000 53.059131065999999)",Unfall 100754 (2016) Kat:3, Licht: 0,100754,3,3,5,06,13,5,,0,1,1,0,0,0,0
"POINT (8.963519696000001 53.058045298000003)",Unfall 100755 (2016) Kat:3, Licht: 0,100755,3,4,6,05,16,7,,0,0,1,1,0,0,0
"POINT (8.825436367000000 53.073034751000002)",Unfall 100756 (2016) Kat:3, Licht: 0,100756,3,1,1,04,08,2,,0,1,1,0,0,0,0
"POINT (8.904397988000000 53.126596739999997)",Unfall 100757 (2016) Kat:3, Licht: 2,100757,3,1,1,06,22,7,,2,1,1,0,0,0,0
"POINT (8.854265475000000 53.073269054000001)",Unfall 100758 (2016) Kat:3, Licht: 0,100758,3,6,2,05,15,2,,0,0,1,0,0,0,0
"POINT (8.737858946999999 53.132995671000003)",Unfall 100759 (2016) Kat:3, Licht: 0,100759,3,4,6,05,16,4,,0,0,1,1,0,0,0
"POINT (8.898973411000000 53.129361514999999)",Unfall 100760 (2016) Kat:3, Licht: 0,100760,3,6,2,05,17,2,,0,0,1,0,0,0,0