WKT,Name,OBJECTID,UKATEGORIE,UTYP1,UART,UMONAT,USTUNDE,UWOCHENTAG,STRZUSTAND,ULICHTVERH,ISTRAD,ISTPKW,ISTFUSS,ISTKRAD,ISTGKFZ,ISTSONSTIG
"POINT (8.797197818000001 53.072454450000002)",Unfall 100761 (2016) Kat:3, Licht: 0,100761,3,3,5,05,07,2,,0,1,1,0,0,0,0
"POINT (8.718523487000001 53.045818040000000)",Unfall 100762 (2016) Kat:3, Licht: 0,100762,3,2,5,04,09,7,,0,0,1,0,0,0,0
"POINT (8.805750693000000 53.081391123000003)",Unfall 100766 (2016) Kat:3, Licht: 0,100766,3,3,5,05,16,5,,0,1,0,0,0,0,0
"POINT (8.717515719000000 53.176273780000002)",Unfall 100767 (2016) Kat:3, Licht: 0,100767,3,3,5,04,10,2,,0,1,1,0,0,0,0
"POINT (8.946518347000000 53.076582043999998)",Unfall 100770 (2016) Kat:3, Licht: 0,100770,3,3,5,06,14,6,,0,1,0,0,1,0,0
"POINT (8.832024082000000 53.068648009000000)",Unfall 100772 (2016) Kat:3, Licht: 0,100772,3,2,2,05,09,2,,0,0,1,0,1,0,0
"POINT (8.796898824000000 53.068634682999999)",Unfall 100773 (2016) Kat:3, Licht: 0,100773,3,1,8,05,15,4,,0,0,1,0,0,0,0
"POINT (8.742040080000001 53.130791940999998)",Unfall 100775 (2016) Kat:3, Licht: 0,100775,3,6,2,04,08,5,,0,0,1,0,0,0,0
"POINT (8.804866571000000 53.080976702999997)",Unfall 100777 (2016) Kat:3, Licht: 0,100777,3,2,5,04,15,6,,0,1,1,0,0,0,0
"POINT (8.562315319000000 53.192208463999997)",Unfall 100778 (2016) Kat:3, Licht: 0,100778,3,3,2,05,13,5,,0,0,1,0,0,0,0
"POINT (8.921065693999999 53.085231823000001)",Unfall 100779 (2016) Kat:3, Licht: 0,100779,3,3,5,05,18,1,,0,0,1,0,0,0,0
"POINT (8.674197744000001 53.173803829000001)",Unfall 100780 (2016) Kat:3, Licht: 0,100780,3,7,0,05,14,4,,0,0,1,0,0,0,0
"POINT (8.698982577000001 53.141136158999998)",Unfall 100783 (2016) Kat:2, Licht: 0,100783,2,3,5,04,15,6,,0,0,1,0,0,0,0
"POINT (8.858665977999999 53.048922384999997)",Unfall 100784 (2016) Kat:3, Licht: 0,100784,3,7,0,05,09,5,,0,1,0,0,0,0,0
"POINT (8.951578396000000 53.057871423999998)",Unfall 100785 (2016) Kat:3, Licht: 0,100785,3,6,2,05,17,6,,0,0,1,0,0,0,0
"POINT (8.961795426000000 53.066684391000003)",Unfall 100786 (2016) Kat:2, Licht: 0,100786,2,4,6,04,18,6,,0,0,1,1,0,0,0
"POINT (8.901515182000001 53.077042055000000)",Unfall 100788 (2016) Kat:3, Licht: 0,100788,3,3,5,04,13,2,,0,1,1,0,0,0,0
"POINT (8.844220435000000 53.045921382000003)",Unfall 100790 (2016) Kat:3, Licht: 0,100790,3,1,9,06,20,2,,0,0,1,0,1,0,0
"POINT (8.795566914000000 53.067615439000001)",Unfall 100792 (2016) Kat:3, Licht: 2,100792,3,3,5,05,23,4,,2,0,1,0,0,0,0
"POINT (8.785966999999999 53.070759612000003)",Unfall 100794 (2016) Kat:3, Licht: 0,100794,3,4,6,06,17,4,,0,0,1,1,0,0,0
"POINT (8.737605783999999 53.046411466999999)",Unfall 100795 (2016) Kat:3, Licht: 0,100795,3,6,3,05,14,4,,0,0,1,0,0,0,0
"POINT (8.841758253000000 53.070378492000003)",Unfall 100797 (2016) Kat:3, Licht: 0,100797,3,7,1,04,07,5,,0,1,1,0,0,0,0
"POINT (8.703324463000000 53.161238717000003)",Unfall 100798 (2016) Kat:3, Licht: 0,100798,3,6,2,05,15,5,,0,0,1,0,0,0,0
"POINT (8.895727883999999 53.115597841000003)",Unfall 100799 (2016) Kat:3, Licht: 0,100799,3,6,4,05,17,6,,0,1,1,0,0,0,0
"POINT (8.802558035000001 53.079777708000002)",Unfall 100800 (2016) Kat:3, Licht: 0,100800,3,3,5,04,08,6,,0,1,1,0,0,0,0
"POINT (8.574761812000000 53.192749847999998)",Unfall 100801 (2016) Kat:3, Licht: 0,100801,3,6,2,05,18,6,,0,0,1,0,0,0,0
"POINT (8.542777149000001 53.190091698000003)",Unfall 100802 (2016) Kat:3, Licht: 0,100802,3,7,0,04,16,2,,0,0,0,0,0,0,1
"POINT (8.891960117000000 53.047939120999999)",Unfall 100803 (2016) Kat:3, Licht: 0,100803,3,2,5,05,14,7,,0,1,1,0,0,0,0
"POINT (8.799808418000000 53.078367831999998)",Unfall 100805 (2016) Kat:3, Licht: 0,100805,3,6,4,06,11,2,,0,1,0,0,0,0,0
"POINT (8.837399971000000 53.069915191000000)",Unfall 100807 (2016) Kat:3, Licht: 0,100807,3,1,8,05,20,6,,0,1,0,0,0,0,0
"POINT (8.732518604999999 53.040300631000001)",Unfall 100808 (2016) Kat:3, Licht: 0,100808,3,4,6,04,14,6,,0,0,1,1,0,0,0
"POINT (8.829884764999999 53.071776448999998)",Unfall 100809 (2016) Kat:3, Licht: 0,100809,3,1,0,05,19,6,,0,1,0,0,0,0,0
"POINT (8.819877547999999 53.049036244000000)",Unfall 100810 (2016) Kat:3, Licht: 0,100810,3,2,5,04,07,2,,0,1,0,0,0,1,0
"POINT (8.804618228000001 53.085793178000003)",Unfall 100811 (2016) Kat:3, Licht: 0,100811,3,3,7,05,09,7,,0,0,0,0,0,0,1
"POINT (8.862526625999999 53.099287576999998)",Unfall 100812 (2016) Kat:3, Licht: 0,100812,3,3,5,06,10,1,,0,1,1,0,0,0,0
"POINT (8.750065715000000 53.123768112000000)",Unfall 100813 (2016) Kat:3, Licht: 0,100813,3,6,2,06,10,3,,0,0,1,0,0,0,0
"POINT (8.824395295000000 53.084380107000001)",Unfall 100814 (2016) Kat:2, Licht: 0,100814,2,3,5,05,14,4,,0,1,0,0,0,0,1
"POINT (8.815959446000001 53.043124034999998)",Unfall 100815 (2016) Kat:3, Licht: 0,100815,3,3,5,05,19,3,,0,1,1,0,0,0,0
"POINT (8.868173691999999 53.073164202000001)",Unfall 100817 (2016) Kat:3, Licht: 0,100817,3,6,2,05,14,4,,0,0,1,0,0,0,0
"POINT (8.833423788999999 53.081687746999997)",Unfall 100818 (2016) Kat:3, Licht: 0,100818,3,2,5,04,10,5,,0,1,1,0,0,0,0
"POINT (8.789902427000000 53.071416651000000)",Unfall 100819 (2016) Kat:3, Licht: 0,100819,3,3,5,05,17,5,,0,1,1,0,0,0,0
"POINT (8.806093905999999 53.079664585000003)",Unfall 100820 (2016) Kat:3, Licht: 0,100820,3,6,4,05,16,6,,0,0,1,0,0,0,0
"POINT (8.813303776000000 53.080481394000003)",Unfall 100821 (2016) Kat:3, Licht: 0,100821,3,6,2,04,18,2,,0,0,1,0,0,0,0
"POINT (8.856877414000000 53.072419521999997)",Unfall 100822 (2016) Kat:3, Licht: 0,100822,3,3,5,06,13,7,,0,1,1,0,0,0,0
"POINT (8.817255819000000 53.079019107000001)",Unfall 100823 (2016) Kat:3, Licht: 0,100823,3,6,2,05,13,2,,0,1,1,0,0,0,0
"POINT (8.827286545000000 53.072678650000000)",Unfall 100824 (2016) Kat:3, Licht: 0,100824,3,1,0,05,13,7,,0,1,0,0,0,0,0
"POINT (8.865142460000000 53.066822254000002)",Unfall 100825 (2016) Kat:3, Licht: 0,100825,3,3,5,04,14,6,,0,0,1,0,1,0,0
"POINT (8.797020578000000 53.076427162999998)",Unfall 100826 (2016) Kat:3, Licht: 0,100826,3,2,5,05,13,4,,0,0,1,0,0,0,1
"POINT (8.860375132000000 53.065109587999999)",Unfall 100827 (2016) Kat:3, Licht: 0,100827,3,1,1,05,15,4,,0,1,1,0,0,0,0
"POINT (8.950215490000000 53.062832497999999)",Unfall 100828 (2016) Kat:3, Licht: 0,100828,3,2,5,05,13,3,,0,0,1,0,0,0,1
"POINT (8.951424839000000 53.067950373999999)",Unfall 100829 (2016) Kat:3, Licht: 2,100829,3,4,6,05,11,7,,2,0,0,1,0,0,1
"POINT (8.892335210000001 53.079529000000001)",Unfall 100830 (2016) Kat:3, Licht: 1,100830,3,3,5,05,21,4,,1,1,1,0,0,0,0
"POINT (8.850032927999999 53.112042584999998)",Unfall 100831 (2016) Kat:3, Licht: 2,100831,3,3,5,04,21,5,,2,0,1,0,0,0,0
"POINT (8.775860873999999 53.098674526000003)",Unfall 100832 (2016) Kat:3, Licht: 0,100832,3,6,2,05,07,4,,0,0,1,0,0,0,0
"POINT (8.673152710000000 53.174000290999999)",Unfall 100833 (2016) Kat:3, Licht: 0,100833,3,7,0,04,10,2,,0,0,0,0,0,0,1
"POINT (8.869683487000000 53.064165723999999)",Unfall 100834 (2016) Kat:3, Licht: 0,100834,3,1,0,04,14,2,,0,0,0,0,1,0,0
"POINT (8.954866256000001 53.075190577000001)",Unfall 100835 (2016) Kat:3, Licht: 2,100835,3,1,0,06,22,7,,2,1,0,0,0,0,0
"POINT (8.748835476000000 53.124855842000002)",Unfall 100836 (2016) Kat:3, Licht: 0,100836,3,3,5,05,11,7,,0,0,1,0,0,0,1
"POINT (8.819087071000000 53.096412639999997)",Unfall 100837 (2016) Kat:3, Licht: 0,100837,3,6,2,05,13,3,,0,0,0,0,0,0,1
"POINT (8.837326366999999 53.076800935000001)",Unfall 100838 (2016) Kat:3, Licht: 0,100838,3,2,5,05,18,2,,0,1,1,0,0,0,0
"POINT (8.557449211000000 53.189549415000002)",Unfall 100839 (2016) Kat:3, Licht: 0,100839,3,3,5,05,12,7,,0,0,1,0,1,0,0
"POINT (8.913363829000000 53.057031776000002)",Unfall 100840 (2016) Kat:3, Licht: 0,100840,3,3,5,04,08,6,,0,0,1,0,0,0,0
"POINT (8.834391014000000 53.081938831999999)",Unfall 100841 (2016) Kat:3, Licht: 0,100841,3,1,0,05,09,4,,0,1,0,0,0,0,0
"POINT (8.578240661000001 53.186256968000002)",Unfall 100842 (2016) Kat:3, Licht: 0,100842,3,3,5,05,19,6,,0,1,1,0,0,0,0
"POINT (8.757907691000000 53.121362607999998)",Unfall 100843 (2016) Kat:3, Licht: 0,100843,3,7,0,04,15,5,,0,1,1,0,0,0,0
"POINT (8.787979306000000 53.087240706000003)",Unfall 100844 (2016) Kat:2, Licht: 0,100844,2,7,0,05,17,4,,0,0,0,0,0,1,0
"POINT (8.894231915000001 53.050743595000000)",Unfall 100845 (2016) Kat:2, Licht: 0,100845,2,2,5,04,07,2,,0,1,1,0,0,0,0
"POINT (8.714203606000000 53.180246488999998)",Unfall 100846 (2016) Kat:3, Licht: 2,100846,3,3,5,05,21,7,,2,0,1,0,0,0,0
"POINT (8.837380200000000 53.037848910000001)",Unfall 100847 (2016) Kat:3, Licht: 0,100847,3,3,5,05,15,6,,0,1,1,0,0,0,0
"POINT (8.752533144999999 53.112270029000001)",Unfall 100848 (2016) Kat:3, Licht: 0,100848,3,3,5,06,14,2,,0,1,1,0,0,0,0
"POINT (8.944883755999999 53.038666259999999)",Unfall 100849 (2016) Kat:3, Licht: 0,100849,3,7,4,05,14,4,,0,1,0,0,0,0,0
"POINT (8.918784389000001 53.059612604000002)",Unfall 100850 (2016) Kat:2, Licht: 0,100850,2,2,5,04,15,1,,0,0,1,0,1,0,0
"POINT (8.635731992000000 53.184841085999999)",Unfall 100852 (2016) Kat:3, Licht: 0,100852,3,1,0,06,09,5,,0,1,0,0,0,0,0
"POINT (8.815123755000000 53.070504835000001)",Unfall 100853 (2016) Kat:3, Licht: 2,100853,3,7,0,05,21,7,,2,1,0,0,0,0,0
"POINT (8.772496872000000 53.109091192000001)",Unfall 100854 (2016) Kat:3, Licht: 0,100854,3,3,0,05,10,3,,0,0,0,0,1,0,1
"POINT (8.788683164000000 53.094020206000003)",Unfall 100855 (2016) Kat:3, Licht: 0,100855,3,1,0,05,15,4,,0,1,0,0,0,0,0
"POINT (8.888897428000000 53.098893197000002)",Unfall 100856 (2016) Kat:3, Licht: 0,100856,3,1,0,04,17,5,,0,1,0,0,0,0,0
"POINT (8.942146784000000 53.086187529999997)",Unfall 100857 (2016) Kat:2, Licht: 0,100857,2,7,0,05,13,5,,0,0,0,0,0,1,0
"POINT (8.817084274000001 53.078782982000000)",Unfall 100858 (2016) Kat:3, Licht: 0,100858,3,3,5,05,07,6,,0,1,1,0,0,0,0
"POINT (8.790817526000000 53.074279771999997)",Unfall 100859 (2016) Kat:3, Licht: 0,100859,3,1,0,04,07,5,,0,0,0,0,1,0,0
"POINT (8.866094249000000 53.070292791000000)",Unfall 100860 (2016) Kat:3, Licht: 0,100860,3,3,5,05,08,4,,0,1,1,0,0,0,0
"POINT (8.782136553000001 53.095852608999998)",Unfall 100862 (2016) Kat:3, Licht: 0,100862,3,1,1,05,19,7,,0,1,0,0,0,0,1
"POINT (8.831583854000000 53.037084671000002)",Unfall 100863 (2016) Kat:3, Licht: 0,100863,3,3,5,06,11,1,,0,0,1,0,0,0,0
"POINT (8.707920756000000 53.176423604000000)",Unfall 100865 (2016) Kat:3, Licht: 0,100865,3,6,2,05,13,3,,0,0,1,0,0,0,0
"POINT (8.957984268000001 53.048846914999999)",Unfall 100866 (2016) Kat:3, Licht: 0,100866,3,6,2,06,11,4,,0,0,1,0,0,0,0
"POINT (8.704632186000000 53.154922124000002)",Unfall 100867 (2016) Kat:3, Licht: 0,100867,3,3,5,05,06,3,,0,1,1,0,0,0,0
"POINT (8.628515862000000 53.187521091999997)",Unfall 100868 (2016) Kat:3, Licht: 0,100868,3,6,4,05,08,4,,0,1,1,0,0,0,0
"POINT (8.793219957000000 53.066087631000002)",Unfall 100869 (2016) Kat:3, Licht: 0,100869,3,6,2,04,17,5,,0,0,1,0,0,0,0
"POINT (8.795433219000000 53.075143001000001)",Unfall 100870 (2016) Kat:3, Licht: 0,100870,3,3,5,06,07,6,,0,1,1,0,0,0,0
"POINT (8.806233687000001 53.084325262000000)",Unfall 100871 (2016) Kat:3, Licht: 0,100871,3,3,5,06,12,4,,0,1,1,0,0,0,0
"POINT (8.834104768000000 53.086557999000000)",Unfall 100872 (2016) Kat:3, Licht: 0,100872,3,7,0,05,19,7,,0,1,0,0,0,0,0
"POINT (8.805951012000000 53.087741592999997)",Unfall 100873 (2016) Kat:3, Licht: 0,100873,3,3,5,05,19,3,,0,1,1,0,0,0,0
"POINT (8.829477646999999 53.080502334999998)",Unfall 100874 (2016) Kat:2, Licht: 0,100874,2,2,5,05,17,4,,0,1,1,0,0,0,0
"POINT (8.922319586000000 53.037683534000003)",Unfall 100875 (2016) Kat:3, Licht: 0,100875,3,6,2,04,13,5,,0,0,1,0,0,0,0
"POINT (8.933806991000001 53.068007293999997)",Unfall 100876 (2016) Kat:3, Licht: 0,100876,3,6,2,05,16,5,,0,0,1,0,0,0,0
"POINT (8.868168040000001 53.063127295999998)",Unfall 100877 (2016) Kat:3, Licht: 0,100877,3,3,5,05,14,4,,0,0,1,0,0,0,1
"POINT (8.886658259000001 53.079206239999998)",Unfall 100878 (2016) Kat:2, Licht: 0,100878,2,3,5,05,12,6,,0,1,1,0,0,0,0
"POINT (8.761728628000000 53.114647802000000)",Unfall 100879 (2016) Kat:3, Licht: 0,100879,3,6,2,04,11,5,,0,0,1,0,0,0,1
"POINT (8.899544464000000 53.079163774999998)",Unfall 100880 (2016) Kat:3, Licht: 0,100880,3,6,2,05,12,6,,0,0,1,0,0,0,0
"POINT (8.785775026000000 53.064654466000000)",Unfall 100881 (2016) Kat:2, Licht: 0,100881,2,3,5,04,19,7,,0,1,1,0,0,0,0
"POINT (8.716370572000001 53.056461753999997)",Unfall 100882 (2016) Kat:3, Licht: 0,100882,3,2,5,05,13,7,,0,0,1,0,1,0,0
"POINT (8.833697297000001 53.071045921000000)",Unfall 100883 (2016) Kat:3, Licht: 0,100883,3,4,6,06,14,1,,0,0,0,1,0,0,1
"POINT (8.872178687000000 53.098364093999997)",Unfall 100884 (2016) Kat:3, Licht: 0,100884,3,5,1,06,08,3,,0,1,1,0,0,0,0
"POINT (8.712149153000000 53.145687459999998)",Unfall 100885 (2016) Kat:3, Licht: 0,100885,3,1,0,05,07,3,,0,0,0,0,1,0,0
"POINT (8.828593306000000 53.068803367000001)",Unfall 100886 (2016) Kat:2, Licht: 0,100886,2,1,1,05,08,3,,0,0,1,0,0,0,0
"POINT (8.852735152999999 53.104547076999999)",Unfall 100888 (2016) Kat:2, Licht: 0,100888,2,3,5,05,19,3,,0,1,0,0,0,0,1
"POINT (8.788407510000001 53.098475538999999)",Unfall 100889 (2016) Kat:3, Licht: 1,100889,3,2,5,04,20,4,,1,1,1,0,0,0,0
"POINT (8.890909505000000 53.116934520999997)",Unfall 100890 (2016) Kat:3, Licht: 0,100890,3,4,6,05,16,4,,0,0,1,1,0,0,0
"POINT (8.901696780000000 53.109060464000002)",Unfall 100891 (2016) Kat:3, Licht: 0,100891,3,3,5,05,08,5,,0,1,1,0,0,0,0
"POINT (8.806098186000000 53.065275411000002)",Unfall 100892 (2016) Kat:3, Licht: 0,100892,3,3,5,05,18,6,,0,1,0,0,0,0,0
"POINT (8.824814003000000 53.075128992000003)",Unfall 100893 (2016) Kat:3, Licht: 0,100893,3,7,0,04,17,7,,0,1,0,0,0,0,0
"POINT (8.830961080000000 53.071423848000002)",Unfall 100895 (2016) Kat:3, Licht: 1,100895,3,2,5,05,20,6,,1,1,1,0,0,0,0
"POINT (8.767529034000001 53.061069334000003)",Unfall 100896 (2016) Kat:3, Licht: 0,100896,3,3,5,04,13,7,,0,1,1,0,0,0,0
"POINT (8.834726425000000 53.108005386000002)",Unfall 100897 (2016) Kat:3, Licht: 2,100897,3,4,6,05,21,7,,2,0,1,1,0,0,0
"POINT (8.757074820000000 53.115938966999998)",Unfall 100898 (2016) Kat:3, Licht: 0,100898,3,4,6,06,20,7,,0,0,1,1,0,0,0
"POINT (8.840334873000000 53.085513190999997)",Unfall 100899 (2016) Kat:3, Licht: 0,100899,3,1,1,06,18,2,,0,1,1,0,0,0,0
"POINT (8.788826895000000 53.104222297000000)",Unfall 100902 (2016) Kat:3, Licht: 0,100902,3,3,5,04,12,5,,0,1,1,0,0,0,0
"POINT (8.719583617000000 53.045416336000002)",Unfall 100903 (2016) Kat:3, Licht: 1,100903,3,4,6,05,20,3,,1,0,1,1,0,0,0
"POINT (8.796830632000001 53.094679986000003)",Unfall 100905 (2016) Kat:3, Licht: 0,100905,3,7,0,04,16,7,,0,1,0,0,0,0,1
"POINT (8.718580498000000 53.178552172000003)",Unfall 100906 (2016) Kat:2, Licht: 2,100906,2,4,6,04,00,7,,2,0,1,1,0,0,0
"POINT (8.740723901999999 53.162611609999999)",Unfall 100907 (2016) Kat:3, Licht: 0,100907,3,7,8,06,12,7,,0,1,0,0,0,0,0
"POINT (8.758826879000001 53.119225520999997)",Unfall 100910 (2016) Kat:3, Licht: 0,100910,3,3,5,05,07,2,,0,1,1,0,0,0,0
"POINT (8.858637406000000 53.048912709000000)",Unfall 100913 (2016) Kat:3, Licht: 0,100913,3,7,0,06,18,7,,0,1,0,0,0,0,0
"POINT (8.789653043000000 53.103219193000001)",Unfall 100915 (2016) Kat:3, Licht: 1,100915,3,7,0,05,19,2,,1,1,1,0,0,0,0
"POINT (8.788613551999999 53.103428272000002)",Unfall 100916 (2016) Kat:3, Licht: 0,100916,3,2,5,05,13,2,,0,0,1,0,1,0,0
"POINT (8.557579261000001 53.189609587000000)",Unfall 100918 (2016) Kat:3, Licht: 1,100918,3,1,0,04,07,5,,1,0,0,0,1,0,0
"POINT (8.811116738999999 53.061054763999998)",Unfall 100919 (2016) Kat:3, Licht: 0,100919,3,3,5,05,16,3,,0,1,0,0,0,0,0
"POINT (8.709517365000000 53.167856884999999)",Unfall 100920 (2016) Kat:3, Licht: 0,100920,3,6,0,04,15,5,,0,0,1,0,0,0,1
"POINT (8.833855567000001 53.071177763999998)",Unfall 100921 (2016) Kat:3, Licht: 0,100921,3,3,5,05,17,3,,0,0,1,0,0,0,1
"POINT (8.887840597000000 53.109039651000003)",Unfall 100922 (2016) Kat:3, Licht: 0,100922,3,2,5,04,16,6,,0,1,1,0,0,0,0
"POINT (8.801867932000000 53.067809889999999)",Unfall 100923 (2016) Kat:3, Licht: 0,100923,3,4,6,05,11,6,,0,0,1,1,0,0,0
"POINT (8.738609043000000 53.055649563000003)",Unfall 100924 (2016) Kat:3, Licht: 0,100924,3,6,2,06,10,6,,0,0,1,0,0,0,1
"POINT (8.860928409000000 53.049712605000003)",Unfall 100925 (2016) Kat:3, Licht: 0,100925,3,3,5,06,10,5,,0,1,1,0,0,0,0
"POINT (8.780460630000000 53.069639660000000)",Unfall 100926 (2016) Kat:2, Licht: 0,100926,2,6,2,05,09,6,,0,0,1,0,0,1,0
"POINT (8.847831579999999 53.066038898000002)",Unfall 100927 (2016) Kat:3, Licht: 0,100927,3,4,6,05,18,2,,0,0,1,1,0,0,0
"POINT (8.703619266000001 53.169341003000000)",Unfall 100928 (2016) Kat:2, Licht: 0,100928,2,1,0,04,10,4,,0,0,1,0,0,0,0
"POINT (8.896297610000000 53.079216266000003)",Unfall 100929 (2016) Kat:3, Licht: 0,100929,3,3,5,05,16,7,,0,1,1,0,0,0,0
"POINT (8.696555420999999 53.177379498000001)",Unfall 100930 (2016) Kat:3, Licht: 0,100930,3,6,4,07,16,1,,0,0,1,0,0,0,0
"POINT (8.732628768000000 53.172806635999997)",Unfall 100931 (2016) Kat:3, Licht: 0,100931,3,1,0,07,17,6,,0,1,0,0,0,0,0
"POINT (8.667722897000001 53.175107345000001)",Unfall 100932 (2016) Kat:3, Licht: 0,100932,3,7,2,06,11,2,,0,0,1,0,0,0,1
"POINT (8.636254698000000 53.184594546000000)",Unfall 100933 (2016) Kat:3, Licht: 0,100933,3,6,2,06,10,6,,0,0,1,0,0,0,0
"POINT (8.706080440999999 53.158371875999997)",Unfall 100934 (2016) Kat:3, Licht: 0,100934,3,3,5,07,15,3,,0,0,1,0,1,0,0
"POINT (8.798528676000000 53.079146752000000)",Unfall 100935 (2016) Kat:3, Licht: 0,100935,3,3,5,06,08,2,,0,1,1,0,0,0,0
"POINT (8.852418079000000 53.070826199999999)",Unfall 100936 (2016) Kat:3, Licht: 1,100936,3,3,5,06,20,6,,1,0,1,0,0,0,0
"POINT (8.810066971000000 53.084024990000003)",Unfall 100938 (2016) Kat:3, Licht: 0,100938,3,3,5,06,09,4,,0,0,1,0,0,0,0
"POINT (8.759315618000001 53.115885216999999)",Unfall 100939 (2016) Kat:3, Licht: 1,100939,3,3,5,06,21,5,,1,0,1,0,1,0,0
"POINT (8.832434153000000 53.033536945000002)",Unfall 100940 (2016) Kat:3, Licht: 0,100940,3,3,5,06,12,7,,0,1,1,0,0,0,0
"POINT (8.855659270000000 53.069614207999997)",Unfall 100941 (2016) Kat:3, Licht: 0,100941,3,2,5,06,11,5,,0,1,1,0,0,0,0
"POINT (8.703012009000000 53.171805552999999)",Unfall 100942 (2016) Kat:3, Licht: 0,100942,3,1,1,06,14,4,,0,1,1,0,0,0,0
"POINT (8.778054443000000 53.106326578999997)",Unfall 100943 (2016) Kat:3, Licht: 0,100943,3,6,2,07,15,6,,0,0,1,0,0,0,0
"POINT (8.756343704000001 53.118409315999997)",Unfall 100945 (2016) Kat:3, Licht: 0,100945,3,2,2,06,16,5,,0,0,1,0,0,0,0
"POINT (8.808350744000000 53.094749337000003)",Unfall 100946 (2016) Kat:3, Licht: 0,100946,3,2,5,06,09,5,,0,1,1,0,0,0,0
"POINT (8.794787045000000 53.074802429000002)",Unfall 100947 (2016) Kat:3, Licht: 0,100947,3,6,2,06,08,2,,0,0,1,0,0,0,0
"POINT (8.552991511000000 53.194389094999998)",Unfall 100948 (2016) Kat:3, Licht: 0,100948,3,1,5,06,13,3,,0,1,1,0,0,0,0
"POINT (8.835151467999999 53.091454949000003)",Unfall 100949 (2016) Kat:3, Licht: 0,100949,3,2,5,06,12,4,,0,1,1,0,0,0,0
"POINT (8.799509957000000 53.084730248000000)",Unfall 100950 (2016) Kat:3, Licht: 0,100950,3,3,5,07,13,6,,0,1,1,0,0,0,0
"POINT (8.773635576000000 53.080919717000000)",Unfall 100952 (2016) Kat:3, Licht: 0,100952,3,6,2,06,19,6,,0,0,1,0,0,0,0
"POINT (8.902636922999999 53.126683485000001)",Unfall 100953 (2016) Kat:3, Licht: 0,100953,3,4,6,06,09,5,,0,0,1,1,0,0,0
"POINT (8.769023742000000 53.082879110999997)",Unfall 100954 (2016) Kat:3, Licht: 0,100954,3,1,6,07,18,3,,0,0,1,1,0,0,0
"POINT (8.571790264000001 53.189899466999996)",Unfall 100956 (2016) Kat:2, Licht: 0,100956,2,3,5,06,19,3,,0,0,1,0,0,0,0
"POINT (8.762957093000001 53.060134308999999)",Unfall 100958 (2016) Kat:3, Licht: 0,100958,3,2,5,06,11,2,,0,0,1,0,0,1,0
"POINT (8.741191654000000 53.126719555000001)",Unfall 100959 (2016) Kat:3, Licht: 0,100959,3,1,1,07,20,4,,0,1,1,0,0,0,0
"POINT (8.756121158999999 53.115473989999998)",Unfall 100960 (2016) Kat:3, Licht: 1,100960,3,5,1,06,22,3,,1,0,1,0,0,0,0
"POINT (8.800899829000001 53.068424800000003)",Unfall 100963 (2016) Kat:3, Licht: 0,100963,3,3,5,07,11,5,,0,1,1,0,0,0,0
"POINT (8.799697477000001 53.060566952000002)",Unfall 100964 (2016) Kat:3, Licht: 0,100964,3,4,6,06,16,5,,0,0,1,1,0,0,0
"POINT (8.957744933000001 53.051500664999999)",Unfall 100966 (2016) Kat:3, Licht: 0,100966,3,7,0,06,12,4,,0,1,1,0,0,0,0
"POINT (8.801093616999999 53.078857022999998)",Unfall 100968 (2016) Kat:3, Licht: 0,100968,3,2,3,07,09,2,,0,1,1,0,0,0,0
"POINT (8.589945694000001 53.183265495000001)",Unfall 100969 (2016) Kat:3, Licht: 0,100969,3,6,3,07,08,7,,0,0,1,0,0,0,0
"POINT (8.962007830999999 53.060340101999998)",Unfall 100971 (2016) Kat:3, Licht: 0,100971,3,3,5,06,11,6,,0,1,1,0,0,0,0
"POINT (8.951556547999999 53.055366178000000)",Unfall 100972 (2016) Kat:2, Licht: 0,100972,2,4,6,07,12,4,,0,1,0,1,0,0,0
"POINT (8.853529149000000 53.064894588000001)",Unfall 100973 (2016) Kat:3, Licht: 0,100973,3,3,5,06,08,2,,0,0,1,0,0,0,0
"POINT (8.776227155999999 53.071636429000002)",Unfall 100974 (2016) Kat:3, Licht: 0,100974,3,7,1,06,19,6,,0,1,1,0,0,0,0
"POINT (8.733460744000000 53.087369739000003)",Unfall 100976 (2016) Kat:3, Licht: 0,100976,3,3,5,06,16,2,,0,0,1,0,0,0,1
"POINT (8.827628000000001 53.086623498000002)",Unfall 100977 (2016) Kat:3, Licht: 0,100977,3,2,5,06,08,4,,0,1,1,0,0,0,0
"POINT (8.808847393000001 53.083111613000000)",Unfall 100978 (2016) Kat:3, Licht: 2,100978,3,2,4,06,02,1,,2,1,1,0,0,0,0
"POINT (8.805827727000001 53.073338642000003)",Unfall 100979 (2016) Kat:3, Licht: 0,100979,3,7,0,07,16,1,,0,1,0,0,0,0,0
"POINT (8.881365880000001 53.102497812000003)",Unfall 100980 (2016) Kat:3, Licht: 0,100980,3,6,2,06,16,2,,0,0,0,0,0,0,1
"POINT (8.768078027000000 53.112389270000001)",Unfall 100981 (2016) Kat:3, Licht: 0,100981,3,5,1,07,18,6,,0,1,1,0,0,0,0
"POINT (8.772952241000001 53.126800232999997)",Unfall 100982 (2016) Kat:2, Licht: 2,100982,2,7,0,06,02,1,,2,1,0,0,0,0,0
"POINT (8.831989089000000 53.108708432000000)",Unfall 100983 (2016) Kat:3, Licht: 0,100983,3,3,5,06,18,5,,0,1,0,0,0,0,0