WKT,Name,OBJECTID,UKATEGORIE,UTYP1,UART,UMONAT,USTUNDE,UWOCHENTAG,STRZUSTAND,ULICHTVERH,ISTRAD,ISTPKW,ISTFUSS,ISTKRAD,ISTGKFZ,ISTSONSTIG
"POINT (8.816258492999999 53.079160178999999)",Unfall 100985 (2016) Kat:2, Licht: 0,100985,2,6,2,06,18,6,,0,0,1,0,0,0,0
"POINT (8.828213241000000 53.078195366999999)",Unfall 100986 (2016) Kat:3, Licht: 0,100986,3,2,3,06,16,3,,0,1,1,0,0,0,0
"POINT (8.626605667000000 53.169677204000003)",Unfall 100987 (2016) Kat:2, Licht: 0,100987,2,4,6,06,19,4,,0,0,1,1,0,0,0
"POINT (8.802706375000000 53.067295023000000)",Unfall 100988 (2016) Kat:3, Licht: 0,100988,3,4,6,06,08,4,,0,0,1,1,0,0,0
"POINT (8.825860757999999 53.078858353999998)",Unfall 100990 (2016) Kat:3, Licht: 0,100990,3,6,2,06,15,4,,0,0,1,0,0,0,0
"POINT (8.948520136000001 53.070568477000002)",Unfall 100992 (2016) Kat:3, Licht: 0,100992,3,5,1,06,07,5,,0,0,1,0,0,0,0
"POINT (8.926351207000000 53.043992152000001)",Unfall 100993 (2016) Kat:3, Licht: 2,100993,3,1,1,06,00,4,,2,0,1,0,0,0,0
"POINT (8.818122956000000 53.072402871999998)",Unfall 100994 (2016) Kat:3, Licht: 2,100994,3,7,5,06,01,1,,2,1,1,0,0,0,0
"POINT (8.820562088999999 53.076957204000003)",Unfall 100995 (2016) Kat:3, Licht: 2,100995,3,7,8,06,02,7,,2,0,1,0,0,0,0
"POINT (8.930582405999999 53.087653461000002)",Unfall 100997 (2016) Kat:3, Licht: 0,100997,3,2,5,06,09,4,,0,1,1,0,0,0,0
"POINT (8.883380458000000 53.110524902999998)",Unfall 100998 (2016) Kat:3, Licht: 0,100998,3,6,2,07,09,6,,0,0,1,0,0,0,0
"POINT (8.914404725000001 53.038388085999998)",Unfall 100999 (2016) Kat:3, Licht: 0,100999,3,3,5,07,17,4,,0,1,1,0,0,0,0
"POINT (8.877860100000000 53.037269109999997)",Unfall 101000 (2016) Kat:2, Licht: 0,101000,2,7,0,06,16,5,,0,1,0,0,0,0,0
"POINT (8.823074565000001 53.078545188000000)",Unfall 101001 (2016) Kat:2, Licht: 0,101001,2,4,6,06,09,2,,0,0,0,1,0,0,1
"POINT (8.877933957000000 53.101386574000003)",Unfall 101002 (2016) Kat:3, Licht: 0,101002,3,3,5,06,11,3,,0,1,1,0,0,0,0
"POINT (8.872914173000000 53.100532923000003)",Unfall 101003 (2016) Kat:1, Licht: 0,101003,1,6,3,06,16,3,,0,1,0,0,0,0,0
"POINT (8.557455693000000 53.189578847000000)",Unfall 101004 (2016) Kat:3, Licht: 0,101004,3,3,0,07,06,6,,0,0,1,0,1,0,0
"POINT (8.891908743000000 53.082473710999999)",Unfall 101005 (2016) Kat:3, Licht: 1,101005,3,7,0,06,04,7,,1,0,1,0,0,0,0
"POINT (8.888461518000000 53.061949190999997)",Unfall 101007 (2016) Kat:3, Licht: 0,101007,3,3,5,06,17,6,,0,0,0,0,0,0,1
"POINT (8.852416074000001 53.070814300999999)",Unfall 101008 (2016) Kat:3, Licht: 0,101008,3,3,5,06,13,5,,0,1,1,0,0,0,0
"POINT (8.827819489000000 53.079899560000001)",Unfall 101010 (2016) Kat:2, Licht: 0,101010,2,3,5,07,08,3,,0,1,1,0,0,0,0
"POINT (8.731209179000000 53.041048996000001)",Unfall 101011 (2016) Kat:3, Licht: 0,101011,3,3,5,06,19,4,,0,0,1,0,1,0,0
"POINT (8.809563289000000 53.058441448000004)",Unfall 101012 (2016) Kat:3, Licht: 0,101012,3,6,2,07,16,6,,0,0,1,0,0,0,0
"POINT (8.801518697000001 53.086807724000003)",Unfall 101013 (2016) Kat:3, Licht: 0,101013,3,3,5,07,17,3,,0,1,1,0,0,0,0
"POINT (8.912741375000000 53.042706913000004)",Unfall 101014 (2016) Kat:3, Licht: 0,101014,3,6,4,07,15,3,,0,0,1,0,0,0,0
"POINT (8.789272330999999 53.071019776000000)",Unfall 101015 (2016) Kat:2, Licht: 0,101015,2,3,5,06,12,3,,0,1,1,0,0,0,0
"POINT (8.949355070999999 53.061779891999997)",Unfall 101016 (2016) Kat:3, Licht: 0,101016,3,7,0,07,16,2,,0,0,1,1,0,0,0
"POINT (8.710113707000000 53.174889839999999)",Unfall 101017 (2016) Kat:2, Licht: 0,101017,2,3,5,07,18,5,,0,1,1,0,0,0,0
"POINT (8.764563158000000 53.113164527999999)",Unfall 101018 (2016) Kat:3, Licht: 0,101018,3,7,0,06,10,7,,0,0,0,0,0,0,1
"POINT (8.830495602999999 53.034038711000001)",Unfall 101020 (2016) Kat:3, Licht: 0,101020,3,4,6,06,08,2,,0,0,1,1,0,0,0
"POINT (8.797495573000001 53.080584223999999)",Unfall 101021 (2016) Kat:3, Licht: 0,101021,3,6,2,06,15,4,,0,0,1,0,0,0,0
"POINT (8.818525343999999 53.077111825000003)",Unfall 101022 (2016) Kat:3, Licht: 1,101022,3,6,2,07,19,2,,1,0,1,0,0,1,0
"POINT (8.860928409000000 53.049712605000003)",Unfall 101023 (2016) Kat:3, Licht: 0,101023,3,7,0,07,12,1,,0,1,0,1,0,0,0
"POINT (8.960325576000001 53.050641097000003)",Unfall 101025 (2016) Kat:3, Licht: 0,101025,3,6,2,06,14,7,,0,0,1,0,0,0,0
"POINT (8.812387079000001 53.080951552999998)",Unfall 101026 (2016) Kat:3, Licht: 0,101026,3,7,0,07,11,2,,0,0,0,0,0,0,1
"POINT (8.908086111999999 53.078395481999998)",Unfall 101027 (2016) Kat:3, Licht: 0,101027,3,3,5,06,06,3,,0,1,1,0,0,0,0
"POINT (8.722637984000000 53.044149929000000)",Unfall 101029 (2016) Kat:3, Licht: 2,101029,3,3,5,06,00,7,,2,0,1,0,0,0,0
"POINT (8.804836398999999 53.080961879000000)",Unfall 101030 (2016) Kat:3, Licht: 0,101030,3,1,0,07,11,4,,0,0,0,0,1,0,0
"POINT (8.810917446000000 53.072253744000001)",Unfall 101031 (2016) Kat:3, Licht: 0,101031,3,2,5,06,12,2,,0,1,1,0,0,0,0
"POINT (8.896996504000001 53.044624143999997)",Unfall 101032 (2016) Kat:2, Licht: 0,101032,2,3,5,06,20,7,,0,0,1,0,0,0,0
"POINT (8.793406791000001 53.092474711999998)",Unfall 101033 (2016) Kat:3, Licht: 0,101033,3,2,5,06,07,4,,0,1,1,0,0,0,0
"POINT (8.793124693999999 53.073713056999999)",Unfall 101034 (2016) Kat:3, Licht: 0,101034,3,4,6,06,13,3,,0,1,0,1,0,0,0
"POINT (8.576521417000000 53.204002781000000)",Unfall 101036 (2016) Kat:3, Licht: 0,101036,3,3,5,07,15,7,,0,0,1,0,0,0,0
"POINT (8.825152692000000 53.084318416000002)",Unfall 101037 (2016) Kat:3, Licht: 0,101037,3,2,5,06,09,1,,0,1,1,0,0,0,0
"POINT (8.630764987999999 53.172583086000003)",Unfall 101038 (2016) Kat:3, Licht: 0,101038,3,3,5,07,09,6,,0,0,1,0,1,0,0
"POINT (8.846565573000000 53.066330460000003)",Unfall 101040 (2016) Kat:3, Licht: 0,101040,3,4,6,06,13,5,,0,0,0,1,0,0,1
"POINT (8.789930056999999 53.106901207000000)",Unfall 101041 (2016) Kat:3, Licht: 0,101041,3,5,0,06,11,6,,0,1,1,0,0,0,0
"POINT (8.847117566000000 53.087011724000000)",Unfall 101043 (2016) Kat:3, Licht: 0,101043,3,2,5,06,12,2,,0,1,0,0,0,1,0
"POINT (8.903564850000000 53.099553368000002)",Unfall 101044 (2016) Kat:3, Licht: 0,101044,3,3,5,06,10,6,,0,0,1,0,0,0,0
"POINT (8.873800519000000 53.101297377999998)",Unfall 101046 (2016) Kat:3, Licht: 0,101046,3,3,5,06,07,3,,0,1,1,0,0,0,0
"POINT (8.901161095999999 53.089449520000002)",Unfall 101047 (2016) Kat:3, Licht: 0,101047,3,3,5,06,08,5,,0,1,1,0,0,0,0
"POINT (8.820018231000001 53.030147925000001)",Unfall 101048 (2016) Kat:3, Licht: 0,101048,3,3,5,06,11,7,,0,1,1,0,0,0,0
"POINT (8.788543037000000 53.091225784999999)",Unfall 101049 (2016) Kat:3, Licht: 0,101049,3,7,1,06,19,4,,0,1,1,0,0,0,0
"POINT (8.849189855000001 53.071400060999999)",Unfall 101050 (2016) Kat:3, Licht: 0,101050,3,7,1,06,16,4,,0,1,0,0,0,1,0
"POINT (8.793686892000000 53.066393806000001)",Unfall 101051 (2016) Kat:3, Licht: 0,101051,3,3,5,07,15,6,,0,1,1,0,0,0,0
"POINT (8.744458592999999 53.130227548000001)",Unfall 101052 (2016) Kat:3, Licht: 0,101052,3,2,0,07,17,4,,0,1,1,0,0,0,0
"POINT (8.571908096000000 53.188640149000001)",Unfall 101053 (2016) Kat:3, Licht: 0,101053,3,7,0,06,13,5,,0,1,0,0,0,0,0
"POINT (8.926165022999999 53.073419633999997)",Unfall 101054 (2016) Kat:3, Licht: 0,101054,3,2,5,06,15,3,,0,0,0,0,0,0,1
"POINT (8.927518793000001 53.072629003999999)",Unfall 101055 (2016) Kat:2, Licht: 0,101055,2,6,2,07,19,6,,0,0,1,0,0,0,1
"POINT (8.869356608000000 53.074859035999999)",Unfall 101056 (2016) Kat:2, Licht: 0,101056,2,3,5,06,12,6,,0,1,1,0,0,0,0
"POINT (8.900968678000000 53.089482134000001)",Unfall 101060 (2016) Kat:3, Licht: 0,101060,3,3,5,06,18,3,,0,1,1,0,0,0,0
"POINT (8.855819186000000 53.081591934999999)",Unfall 101061 (2016) Kat:2, Licht: 1,101061,2,3,5,07,20,6,,1,1,1,0,0,0,0
"POINT (8.825053397000000 53.084579984999998)",Unfall 101062 (2016) Kat:3, Licht: 0,101062,3,2,2,06,16,5,,0,0,1,0,0,0,0
"POINT (8.824055389000000 53.079233887999997)",Unfall 101063 (2016) Kat:3, Licht: 0,101063,3,7,3,06,11,6,,0,1,1,0,0,0,0
"POINT (8.825113421999999 53.084187307000001)",Unfall 101064 (2016) Kat:2, Licht: 0,101064,2,3,5,06,18,5,,0,1,1,0,0,0,0
"POINT (8.754007153000000 53.120333098000003)",Unfall 101065 (2016) Kat:3, Licht: 0,101065,3,7,0,07,14,3,,0,1,0,0,0,0,0
"POINT (8.814985884000000 53.054704616000002)",Unfall 101067 (2016) Kat:3, Licht: 0,101067,3,3,5,06,16,3,,0,1,1,0,0,0,0
"POINT (8.818040161000001 53.086225057999997)",Unfall 101069 (2016) Kat:3, Licht: 0,101069,3,6,3,06,17,6,,0,1,0,0,0,0,0
"POINT (8.853552906999999 53.064850651999997)",Unfall 101070 (2016) Kat:3, Licht: 0,101070,3,6,2,07,20,4,,0,0,1,0,1,0,0
"POINT (8.805854432000000 53.073550130000001)",Unfall 101071 (2016) Kat:3, Licht: 0,101071,3,2,5,06,19,2,,0,1,1,0,0,0,0
"POINT (8.805187972000001 53.061391903999997)",Unfall 101072 (2016) Kat:3, Licht: 0,101072,3,5,5,06,20,4,,0,1,1,0,0,0,0
"POINT (8.870007583000000 53.064773719000002)",Unfall 101073 (2016) Kat:3, Licht: 2,101073,3,1,1,07,00,5,,2,0,1,0,0,0,0
"POINT (8.891406269000001 53.082572513999999)",Unfall 101074 (2016) Kat:3, Licht: 0,101074,3,6,2,06,11,3,,0,0,1,0,0,0,0
"POINT (8.817177552000000 53.078738620999999)",Unfall 101075 (2016) Kat:3, Licht: 0,101075,3,5,1,06,11,4,,0,0,1,0,0,0,0
"POINT (8.773698910000000 53.087717496000003)",Unfall 101077 (2016) Kat:3, Licht: 0,101077,3,1,1,07,14,2,,0,0,1,0,0,0,0
"POINT (8.866054974000001 53.070437486000003)",Unfall 101078 (2016) Kat:3, Licht: 0,101078,3,2,2,06,15,3,,0,0,1,0,0,0,0
"POINT (8.814513921000000 53.081433965000002)",Unfall 101080 (2016) Kat:3, Licht: 0,101080,3,7,0,06,15,6,,0,0,0,0,0,0,1
"POINT (8.823415913000000 53.076618019999998)",Unfall 101081 (2016) Kat:3, Licht: 2,101081,3,1,0,06,23,6,,2,1,0,0,0,0,0
"POINT (8.846571965000001 53.074863325000003)",Unfall 101082 (2016) Kat:3, Licht: 0,101082,3,1,0,07,17,4,,0,1,0,0,0,0,0
"POINT (8.863403468000000 53.068424397000001)",Unfall 101083 (2016) Kat:3, Licht: 0,101083,3,3,5,06,11,2,,0,1,1,0,0,0,0
"POINT (8.844556226000000 53.045267172000003)",Unfall 101085 (2016) Kat:3, Licht: 0,101085,3,6,2,06,14,4,,0,0,1,0,1,0,0
"POINT (8.836962759000000 53.099263950000001)",Unfall 101086 (2016) Kat:3, Licht: 0,101086,3,2,5,06,16,3,,0,1,1,0,0,0,0
"POINT (8.794076256000000 53.074339995999999)",Unfall 101087 (2016) Kat:3, Licht: 0,101087,3,1,0,06,07,6,,0,1,0,0,0,0,0
"POINT (8.861491919000001 53.102822189000001)",Unfall 101090 (2016) Kat:3, Licht: 0,101090,3,4,6,06,08,4,,0,0,1,1,0,0,0
"POINT (8.855861113000000 53.081868438999997)",Unfall 101091 (2016) Kat:3, Licht: 0,101091,3,6,2,06,18,6,,0,0,1,0,0,0,0
"POINT (8.794152520999999 53.103100455000003)",Unfall 101092 (2016) Kat:2, Licht: 0,101092,2,2,5,07,14,1,,0,0,1,0,1,0,0
"POINT (8.963704870000001 53.057492293000003)",Unfall 101093 (2016) Kat:3, Licht: 0,101093,3,6,2,06,15,2,,0,0,1,0,0,0,0
"POINT (8.824965411999999 53.084568853999997)",Unfall 101094 (2016) Kat:2, Licht: 0,101094,2,7,0,07,14,6,,0,1,1,0,0,0,0
"POINT (8.738908681000000 53.047691530999998)",Unfall 101095 (2016) Kat:3, Licht: 0,101095,3,2,0,06,15,6,,0,0,1,0,1,0,0
"POINT (8.810653136000001 53.061739344999999)",Unfall 101097 (2016) Kat:3, Licht: 0,101097,3,7,0,06,19,1,,0,1,0,1,0,0,0
"POINT (8.772545738000000 53.109119530000001)",Unfall 101098 (2016) Kat:3, Licht: 0,101098,3,2,5,06,09,6,,0,1,1,0,0,0,0
"POINT (8.847727470000001 53.093154296000002)",Unfall 101099 (2016) Kat:2, Licht: 0,101099,2,2,5,06,13,3,,0,1,0,0,0,1,0
"POINT (8.791795780999999 53.074992932999997)",Unfall 101100 (2016) Kat:2, Licht: 0,101100,2,2,5,06,09,3,,0,0,1,0,1,0,0
"POINT (8.802055106999999 53.085221963000002)",Unfall 101103 (2016) Kat:3, Licht: 0,101103,3,7,2,06,18,4,,0,0,1,0,0,0,1
"POINT (8.795198503000000 53.057707585999999)",Unfall 101104 (2016) Kat:3, Licht: 0,101104,3,3,5,06,18,4,,0,1,1,0,0,0,0
"POINT (8.804074397999999 53.093223625000000)",Unfall 101105 (2016) Kat:3, Licht: 0,101105,3,7,0,07,08,6,,0,0,0,0,0,0,1
"POINT (8.854111091000000 53.082249322000003)",Unfall 101106 (2016) Kat:3, Licht: 0,101106,3,2,5,06,17,4,,0,0,1,0,0,0,0
"POINT (8.800543356000000 53.078698695999996)",Unfall 101109 (2016) Kat:2, Licht: 0,101109,2,3,5,06,16,5,,0,0,1,0,1,0,0
"POINT (8.842527858000000 53.106019590999999)",Unfall 101110 (2016) Kat:3, Licht: 0,101110,3,6,2,06,18,2,,0,0,1,0,1,0,0
"POINT (8.807500574000001 53.099273470000000)",Unfall 101111 (2016) Kat:2, Licht: 0,101111,2,1,0,06,08,3,,0,1,0,0,0,0,1
"POINT (8.920306127000000 53.071947582000000)",Unfall 101112 (2016) Kat:3, Licht: 0,101112,3,1,0,06,17,3,,0,0,1,0,0,0,0
"POINT (8.787242045999999 53.056291447000000)",Unfall 101113 (2016) Kat:3, Licht: 1,101113,3,6,4,07,05,6,,1,1,0,0,0,0,0
"POINT (8.878934854000001 53.101398310000000)",Unfall 101114 (2016) Kat:3, Licht: 0,101114,3,6,2,06,13,5,,0,0,1,0,0,0,0
"POINT (8.812689303999999 53.081087085000000)",Unfall 101116 (2016) Kat:2, Licht: 0,101116,2,2,5,06,08,6,,0,1,1,0,0,0,0
"POINT (8.571510758000001 53.191074098999998)",Unfall 101117 (2016) Kat:3, Licht: 0,101117,3,3,5,06,15,5,,0,1,1,0,0,0,0
"POINT (8.799997830000001 53.065232530000003)",Unfall 101118 (2016) Kat:3, Licht: 0,101118,3,7,0,07,21,3,,0,0,1,0,1,0,0
"POINT (8.841696224000000 53.075927983000000)",Unfall 101119 (2016) Kat:3, Licht: 0,101119,3,7,5,07,17,2,,0,1,1,0,0,0,0
"POINT (8.580086110000000 53.200962119000003)",Unfall 101120 (2016) Kat:3, Licht: 0,101120,3,5,1,06,17,3,,0,1,1,0,0,0,0
"POINT (8.824347691000000 53.069905964999997)",Unfall 101121 (2016) Kat:3, Licht: 2,101121,3,1,1,07,01,1,,2,1,1,0,0,0,0
"POINT (8.850743475000000 53.104934276000002)",Unfall 101122 (2016) Kat:3, Licht: 0,101122,3,1,0,07,11,3,,0,0,0,0,1,0,0
"POINT (8.942276837000000 53.055539560000000)",Unfall 101123 (2016) Kat:3, Licht: 0,101123,3,3,5,06,09,3,,0,0,1,0,0,0,0
"POINT (8.736204128000001 53.133411823000003)",Unfall 101124 (2016) Kat:3, Licht: 0,101124,3,1,0,07,18,2,,0,1,0,0,0,0,0
"POINT (8.788947763000000 53.069054489000003)",Unfall 101125 (2016) Kat:2, Licht: 0,101125,2,4,6,06,18,3,,0,0,1,1,0,0,0
"POINT (8.786561660000000 53.100631573000001)",Unfall 101127 (2016) Kat:3, Licht: 0,101127,3,3,5,06,16,6,,0,1,1,0,0,0,0
"POINT (8.722571501999999 53.053478566999999)",Unfall 101128 (2016) Kat:3, Licht: 0,101128,3,6,2,07,15,5,,0,0,1,0,0,0,0
"POINT (8.810993953000001 53.073904306999999)",Unfall 101129 (2016) Kat:1, Licht: 0,101129,1,4,6,06,15,2,,0,0,0,1,0,0,1
"POINT (8.877621059999999 53.101382903000001)",Unfall 101130 (2016) Kat:3, Licht: 0,101130,3,6,2,06,12,4,,0,0,1,0,0,0,1
"POINT (8.819153431000000 53.080299580999998)",Unfall 101131 (2016) Kat:3, Licht: 0,101131,3,6,3,07,16,2,,0,0,1,0,0,1,0
"POINT (8.565960189000000 53.187470021999999)",Unfall 101132 (2016) Kat:3, Licht: 2,101132,3,4,6,07,00,1,,2,0,1,1,0,0,0
"POINT (8.790870121999999 53.098990041000000)",Unfall 101133 (2016) Kat:3, Licht: 0,101133,3,6,2,07,13,7,,0,0,1,0,0,0,0
"POINT (8.962698822000000 53.055224178000003)",Unfall 101134 (2016) Kat:3, Licht: 0,101134,3,6,3,06,16,6,,0,0,1,0,0,0,1
"POINT (8.823685522000000 53.078210271000003)",Unfall 101135 (2016) Kat:3, Licht: 1,101135,3,1,0,06,04,6,,1,0,1,0,0,0,0
"POINT (8.819997638000000 53.075762390000001)",Unfall 101136 (2016) Kat:3, Licht: 0,101136,3,1,0,07,15,4,,0,1,0,0,0,0,0
"POINT (8.794066059000000 53.074388603000003)",Unfall 101137 (2016) Kat:3, Licht: 0,101137,3,3,5,06,07,6,,0,1,0,0,0,0,1
"POINT (8.782831690000000 53.055104608999997)",Unfall 101138 (2016) Kat:3, Licht: 0,101138,3,3,5,07,17,4,,0,0,1,0,0,0,0
"POINT (8.769236046000000 53.110768424000000)",Unfall 101139 (2016) Kat:3, Licht: 0,101139,3,6,2,06,18,2,,0,0,1,0,0,0,0
"POINT (8.736353372000000 53.045471562000003)",Unfall 101140 (2016) Kat:3, Licht: 0,101140,3,1,0,06,20,7,,0,1,0,0,0,0,0
"POINT (8.917463837000000 53.122121558000003)",Unfall 101141 (2016) Kat:3, Licht: 0,101141,3,6,4,06,17,4,,0,1,0,0,0,0,0
"POINT (8.811352416000000 53.081454291999997)",Unfall 101142 (2016) Kat:3, Licht: 0,101142,3,2,6,06,08,6,,0,0,0,1,0,0,1
"POINT (8.819412815000000 53.048044771999997)",Unfall 101143 (2016) Kat:3, Licht: 2,101143,3,2,2,07,00,1,,2,0,1,0,0,0,0
"POINT (8.799132563000001 53.069449179999999)",Unfall 101144 (2016) Kat:3, Licht: 0,101144,3,2,5,06,15,1,,0,1,1,0,0,0,0
"POINT (8.799132563000001 53.069449179999999)",Unfall 101145 (2016) Kat:3, Licht: 0,101145,3,2,5,07,08,6,,0,1,1,0,0,0,0
"POINT (8.802453582000000 53.071725915999998)",Unfall 101146 (2016) Kat:2, Licht: 1,101146,2,7,0,06,21,6,,1,1,0,0,0,0,0
"POINT (8.797153769000000 53.076355026000002)",Unfall 101147 (2016) Kat:3, Licht: 0,101147,3,2,5,06,17,5,,0,0,1,0,0,0,0
"POINT (8.886743762000000 53.051526862999999)",Unfall 101148 (2016) Kat:3, Licht: 0,101148,3,3,5,06,16,7,,0,0,1,0,0,0,0
"POINT (8.778746931000001 53.094651480000003)",Unfall 101149 (2016) Kat:1, Licht: 1,101149,1,4,7,06,21,6,,1,0,0,1,1,0,0
"POINT (8.609719515000000 53.173257935999999)",Unfall 101150 (2016) Kat:3, Licht: 0,101150,3,3,5,06,16,3,,0,1,1,0,0,0,0
"POINT (8.795725883999999 53.056166603999998)",Unfall 101151 (2016) Kat:3, Licht: 0,101151,3,3,5,06,08,4,,0,1,1,0,0,0,0
"POINT (8.729156819000000 53.128648884000000)",Unfall 101153 (2016) Kat:3, Licht: 0,101153,3,3,5,07,05,6,,0,0,1,0,0,0,0
"POINT (8.866464506000000 53.066905185000003)",Unfall 101154 (2016) Kat:3, Licht: 0,101154,3,6,3,06,10,2,,0,1,0,0,0,0,1
"POINT (8.825657272000001 53.078911288999997)",Unfall 101155 (2016) Kat:3, Licht: 0,101155,3,6,2,06,12,6,,0,0,1,0,0,1,0
"POINT (8.887743459999999 53.069050957000002)",Unfall 101157 (2016) Kat:3, Licht: 0,101157,3,3,5,06,15,2,,0,1,1,0,0,0,0
"POINT (8.742187446999999 53.048509957999997)",Unfall 101158 (2016) Kat:3, Licht: 0,101158,3,7,0,06,13,5,,0,0,0,0,0,0,1
"POINT (8.857681105999999 53.085855561999999)",Unfall 101159 (2016) Kat:3, Licht: 0,101159,3,3,5,06,17,7,,0,0,1,0,0,0,0
"POINT (8.795929720000000 53.065124357999998)",Unfall 101160 (2016) Kat:3, Licht: 0,101160,3,3,5,06,14,4,,0,0,1,0,1,0,0
"POINT (8.702178755000000 53.168618625999997)",Unfall 101161 (2016) Kat:3, Licht: 0,101161,3,2,5,06,17,4,,0,0,0,0,1,0,0
"POINT (8.863420123999999 53.068439173000002)",Unfall 101162 (2016) Kat:3, Licht: 0,101162,3,3,5,07,14,6,,0,0,1,0,0,0,0
"POINT (8.825524836000000 53.078945740000002)",Unfall 101163 (2016) Kat:3, Licht: 0,101163,3,3,5,07,10,4,,0,1,1,0,0,0,0
"POINT (8.778794740000000 53.064650544000003)",Unfall 101164 (2016) Kat:3, Licht: 0,101164,3,2,5,06,09,5,,0,1,1,0,0,0,0
"POINT (8.757431226000000 53.117350989000002)",Unfall 101165 (2016) Kat:3, Licht: 0,101165,3,7,0,06,17,3,,0,1,1,1,0,0,0
"POINT (8.577099131000001 53.188405879999998)",Unfall 101166 (2016) Kat:3, Licht: 0,101166,3,3,5,06,09,2,,0,1,1,0,0,0,0
"POINT (8.877043169000000 53.115433795000001)",Unfall 101167 (2016) Kat:2, Licht: 0,101167,2,6,3,07,13,6,,0,0,1,0,0,1,0
"POINT (8.889404116000000 53.034488445000001)",Unfall 101169 (2016) Kat:3, Licht: 0,101169,3,6,1,07,16,5,,0,0,1,0,0,1,0
"POINT (8.787242907000000 53.056290828000002)",Unfall 101170 (2016) Kat:3, Licht: 0,101170,3,4,6,06,07,6,,0,0,1,1,0,0,0
"POINT (8.814110165000001 53.081257674000000)",Unfall 101171 (2016) Kat:3, Licht: 0,101171,3,2,5,06,17,4,,0,1,1,0,0,0,0
"POINT (8.875887441000000 53.081779674000003)",Unfall 101172 (2016) Kat:3, Licht: 0,101172,3,3,5,06,09,5,,0,1,1,0,0,0,0
"POINT (8.531001762000001 53.196549894999997)",Unfall 101174 (2016) Kat:3, Licht: 0,101174,3,6,5,06,12,4,,0,0,1,0,1,0,0
"POINT (8.740294412000001 53.062939647999997)",Unfall 101175 (2016) Kat:3, Licht: 0,101175,3,1,0,06,16,5,,0,1,0,0,0,0,0
"POINT (8.803413687000001 53.076924382000001)",Unfall 101176 (2016) Kat:3, Licht: 0,101176,3,4,6,07,17,3,,0,1,0,1,0,0,0
"POINT (8.837615950000000 53.077525403000003)",Unfall 101178 (2016) Kat:3, Licht: 1,101178,3,2,5,06,21,3,,1,1,1,0,0,0,0
"POINT (8.812778773000000 53.080900771000003)",Unfall 101180 (2016) Kat:3, Licht: 0,101180,3,2,3,07,15,5,,0,0,1,0,1,0,0
"POINT (8.583287620000000 53.181937218999998)",Unfall 101182 (2016) Kat:3, Licht: 0,101182,3,3,5,07,20,4,,0,1,1,0,0,0,0
"POINT (8.835052910000000 53.082110153999999)",Unfall 101183 (2016) Kat:1, Licht: 0,101183,1,7,6,06,08,2,,0,0,1,1,0,0,0
"POINT (8.983194998000000 53.125618078999999)",Unfall 101184 (2016) Kat:3, Licht: 0,101184,3,7,0,06,16,4,,0,1,0,0,0,0,0
"POINT (8.758778834999999 53.111770331000002)",Unfall 101185 (2016) Kat:3, Licht: 0,101185,3,7,0,06,16,4,,0,0,0,0,0,0,1
"POINT (8.850454944999999 53.041625105000001)",Unfall 101186 (2016) Kat:3, Licht: 0,101186,3,3,5,07,19,2,,0,1,1,0,0,0,0
"POINT (8.640966864999999 53.173162861000002)",Unfall 101187 (2016) Kat:3, Licht: 0,101187,3,6,2,06,14,5,,0,0,1,0,1,0,0
"POINT (8.962666879000000 53.055130427999998)",Unfall 101188 (2016) Kat:3, Licht: 0,101188,3,5,1,07,16,3,,0,0,1,0,0,0,0
"POINT (8.893624077000000 53.098382245000003)",Unfall 101189 (2016) Kat:3, Licht: 0,101189,3,3,5,07,09,2,,0,0,1,0,0,0,0
"POINT (8.835211586000000 53.084529369999998)",Unfall 101190 (2016) Kat:3, Licht: 0,101190,3,2,5,06,08,3,,0,1,1,0,0,0,0
"POINT (8.794248708000000 53.084583821000003)",Unfall 101192 (2016) Kat:3, Licht: 0,101192,3,3,5,06,16,5,,0,1,1,0,0,0,0
"POINT (8.807246769000001 53.076054880000001)",Unfall 101193 (2016) Kat:2, Licht: 0,101193,2,3,5,07,21,4,,0,1,0,0,0,0,1
"POINT (8.827099032000000 53.086343655999997)",Unfall 101194 (2016) Kat:3, Licht: 0,101194,3,6,0,06,18,2,,0,1,1,0,0,0,0
"POINT (8.827689906000000 53.072555215000001)",Unfall 101196 (2016) Kat:3, Licht: 2,101196,3,1,0,06,22,4,,2,1,0,0,0,0,0
"POINT (8.612980053999999 53.182669707999999)",Unfall 101197 (2016) Kat:3, Licht: 0,101197,3,3,5,06,07,2,,0,1,0,0,0,0,0
"POINT (8.927595674999999 53.072603248000000)",Unfall 101198 (2016) Kat:3, Licht: 0,101198,3,6,2,07,10,7,,0,0,1,0,0,0,0
"POINT (8.790159866000000 53.064164814000002)",Unfall 101199 (2016) Kat:3, Licht: 2,101199,3,3,5,06,23,1,,2,1,1,0,0,0,0
"POINT (8.704910751000000 53.171039856999997)",Unfall 101200 (2016) Kat:3, Licht: 1,101200,3,3,5,07,20,6,,1,1,0,0,0,0,0
"POINT (8.797172254000000 53.056479895999999)",Unfall 101201 (2016) Kat:3, Licht: 0,101201,3,6,2,06,18,4,,0,0,1,0,1,0,0