WKT,Name,OBJECTID,UKATEGORIE,UTYP1,UART,UMONAT,USTUNDE,UWOCHENTAG,STRZUSTAND,ULICHTVERH,ISTRAD,ISTPKW,ISTFUSS,ISTKRAD,ISTGKFZ,ISTSONSTIG
"POINT (8.751972898000000 53.122103877000001)",Unfall 101202 (2016) Kat:3, Licht: 0,101202,3,6,3,06,18,5,,0,1,0,0,0,0,0
"POINT (8.959604705000000 53.039826120999997)",Unfall 101203 (2016) Kat:3, Licht: 0,101203,3,6,3,07,18,5,,0,0,1,0,1,0,0
"POINT (8.623340750000001 53.181540556000002)",Unfall 101204 (2016) Kat:3, Licht: 2,101204,3,1,1,07,00,7,,2,0,1,0,0,0,0
"POINT (8.729971742000000 53.040023068000004)",Unfall 101207 (2016) Kat:3, Licht: 0,101207,3,3,5,08,13,5,,0,0,1,0,0,0,0
"POINT (8.845395784999999 53.084337083000001)",Unfall 101208 (2016) Kat:2, Licht: 0,101208,2,6,2,08,18,4,,0,0,1,0,0,0,0
"POINT (8.853821046000000 53.082414640000003)",Unfall 101210 (2016) Kat:3, Licht: 0,101210,3,6,2,07,19,1,,0,0,1,0,0,0,0
"POINT (8.820045851000000 53.049906903000000)",Unfall 101212 (2016) Kat:2, Licht: 0,101212,2,3,5,07,15,6,,0,1,0,0,0,0,1
"POINT (8.817352877999999 53.079138413999999)",Unfall 101213 (2016) Kat:3, Licht: 0,101213,3,5,1,08,16,3,,0,1,1,0,0,0,0
"POINT (8.852513574000000 53.086265847000000)",Unfall 101214 (2016) Kat:2, Licht: 0,101214,2,1,0,08,18,6,,0,1,0,0,0,0,0
"POINT (8.854161746999999 53.082218040999997)",Unfall 101215 (2016) Kat:3, Licht: 0,101215,3,1,0,07,06,3,,0,1,0,0,0,0,0
"POINT (8.789158474000001 53.082912110000002)",Unfall 101216 (2016) Kat:3, Licht: 0,101216,3,3,5,08,18,2,,0,1,1,0,0,0,0
"POINT (8.823406186000000 53.078411762999998)",Unfall 101217 (2016) Kat:3, Licht: 0,101217,3,6,2,07,16,2,,0,0,1,0,0,0,0
"POINT (8.795634095000001 53.085759998000000)",Unfall 101218 (2016) Kat:3, Licht: 0,101218,3,6,3,07,18,4,,0,0,1,0,0,1,0
"POINT (8.860261929000000 53.105862999999999)",Unfall 101219 (2016) Kat:3, Licht: 0,101219,3,6,2,08,07,6,,0,0,1,0,0,0,0
"POINT (8.807317338000001 53.082404320999999)",Unfall 101222 (2016) Kat:3, Licht: 1,101222,3,3,5,08,21,3,,1,0,1,0,0,0,1
"POINT (8.764725571000000 53.107962536999999)",Unfall 101223 (2016) Kat:3, Licht: 0,101223,3,6,2,07,15,7,,0,0,1,0,0,0,1
"POINT (8.789852615999999 53.071497833000002)",Unfall 101224 (2016) Kat:3, Licht: 0,101224,3,1,2,08,13,2,,0,0,1,0,0,0,1
"POINT (8.740792206000000 53.046972117999999)",Unfall 101225 (2016) Kat:3, Licht: 0,101225,3,7,5,08,09,3,,0,1,1,0,0,0,0
"POINT (8.762260503000000 53.122726638000003)",Unfall 101226 (2016) Kat:3, Licht: 0,101226,3,6,2,07,07,6,,0,0,1,0,1,0,0
"POINT (8.801738157000001 53.067890018000000)",Unfall 101228 (2016) Kat:3, Licht: 0,101228,3,7,0,08,12,6,,0,1,1,0,0,0,0
"POINT (8.757905614000000 53.122920688000001)",Unfall 101229 (2016) Kat:3, Licht: 0,101229,3,3,5,07,13,2,,0,1,1,0,0,0,0
"POINT (8.618598070999999 53.174190932999998)",Unfall 101230 (2016) Kat:3, Licht: 0,101230,3,3,5,08,07,7,,0,0,1,0,0,0,0
"POINT (8.890507669000000 53.083509323000001)",Unfall 101232 (2016) Kat:3, Licht: 0,101232,3,6,2,08,13,4,,0,0,1,0,0,0,0
"POINT (8.711608247999999 53.146999364999999)",Unfall 101233 (2016) Kat:3, Licht: 0,101233,3,6,2,07,13,6,,0,0,1,0,0,0,0
"POINT (8.559786449000001 53.190779597999999)",Unfall 101234 (2016) Kat:3, Licht: 0,101234,3,3,5,08,14,1,,0,1,1,0,0,0,0
"POINT (8.833378024000000 53.070660009000001)",Unfall 101235 (2016) Kat:3, Licht: 0,101235,3,3,5,07,14,1,,0,0,1,0,1,0,0
"POINT (8.781739140000001 53.086151727000001)",Unfall 101236 (2016) Kat:3, Licht: 0,101236,3,3,5,08,11,5,,0,1,1,0,0,0,0
"POINT (8.802719118000001 53.077213098999998)",Unfall 101237 (2016) Kat:3, Licht: 0,101237,3,3,5,08,16,6,,0,1,1,0,0,0,0
"POINT (8.793916457000000 53.074235850000001)",Unfall 101238 (2016) Kat:2, Licht: 0,101238,2,7,0,08,13,2,,0,1,0,0,0,0,0
"POINT (8.831992072000000 53.071057869000001)",Unfall 101239 (2016) Kat:2, Licht: 0,101239,2,1,0,08,09,3,,0,1,0,0,0,0,0
"POINT (8.730016407999999 53.042683175000001)",Unfall 101240 (2016) Kat:3, Licht: 0,101240,3,5,1,08,15,2,,0,1,1,0,0,0,0
"POINT (8.547913213999999 53.188401659000000)",Unfall 101241 (2016) Kat:3, Licht: 0,101241,3,4,6,08,10,5,,0,0,1,1,0,0,0
"POINT (8.812920394000001 53.098703608000001)",Unfall 101242 (2016) Kat:3, Licht: 1,101242,3,1,0,08,06,7,,1,0,1,0,0,0,0
"POINT (8.875996975000000 53.082133591999998)",Unfall 101243 (2016) Kat:3, Licht: 0,101243,3,2,5,07,08,6,,0,1,1,0,0,0,0
"POINT (8.704675894999999 53.154724492000000)",Unfall 101244 (2016) Kat:3, Licht: 2,101244,3,1,0,08,22,5,,2,1,0,0,0,0,0
"POINT (8.625196160000000 53.169780318999997)",Unfall 101245 (2016) Kat:3, Licht: 0,101245,3,3,0,08,14,5,,0,0,1,0,1,0,0
"POINT (8.556152537999999 53.185155430999998)",Unfall 101246 (2016) Kat:3, Licht: 0,101246,3,7,1,08,17,3,,0,0,1,0,1,0,0
"POINT (8.825356330000000 53.103404755000000)",Unfall 101247 (2016) Kat:3, Licht: 2,101247,3,5,1,07,22,6,,2,1,1,0,0,0,0
"POINT (8.575850039000001 53.183420349999999)",Unfall 101248 (2016) Kat:3, Licht: 0,101248,3,2,8,07,16,7,,0,1,1,0,0,0,0
"POINT (8.872563828000001 53.083002802999999)",Unfall 101250 (2016) Kat:3, Licht: 0,101250,3,5,4,07,07,4,,0,1,1,0,0,0,0
"POINT (8.623675053000000 53.169913995999998)",Unfall 101252 (2016) Kat:2, Licht: 0,101252,2,3,5,08,14,4,,0,0,1,0,1,0,0
"POINT (8.824500216000001 53.043871838999998)",Unfall 101254 (2016) Kat:3, Licht: 2,101254,3,6,2,08,02,2,,2,1,1,0,0,0,0
"POINT (8.844348194000000 53.094093000999997)",Unfall 101255 (2016) Kat:3, Licht: 0,101255,3,7,0,08,16,5,,0,1,1,0,0,0,0
"POINT (8.796309778000000 53.076823029000003)",Unfall 101256 (2016) Kat:3, Licht: 2,101256,3,4,6,08,22,2,,2,1,0,1,0,0,0
"POINT (8.807129105000000 53.082526626000003)",Unfall 101257 (2016) Kat:3, Licht: 0,101257,3,6,4,08,08,4,,0,1,0,0,0,0,0
"POINT (8.662007650000000 53.175222859000002)",Unfall 101258 (2016) Kat:3, Licht: 0,101258,3,7,0,08,19,1,,0,0,0,0,0,0,1
"POINT (8.837152679000001 53.071766300000000)",Unfall 101260 (2016) Kat:3, Licht: 0,101260,3,3,5,07,12,4,,0,1,1,0,0,0,0
"POINT (8.827190744999999 53.079677050999997)",Unfall 101261 (2016) Kat:3, Licht: 0,101261,3,5,1,07,06,7,,0,0,1,0,0,0,0
"POINT (8.789852615999999 53.071497833000002)",Unfall 101263 (2016) Kat:2, Licht: 0,101263,2,2,5,08,18,4,,0,0,0,0,1,0,1
"POINT (8.960646677000000 53.041993355999999)",Unfall 101264 (2016) Kat:2, Licht: 0,101264,2,3,5,07,08,4,,0,1,0,0,0,0,1
"POINT (8.880681714000000 53.078969938000000)",Unfall 101265 (2016) Kat:3, Licht: 0,101265,3,3,5,08,07,4,,0,1,1,0,0,0,0
"POINT (8.933294331999999 53.041760543000002)",Unfall 101266 (2016) Kat:3, Licht: 0,101266,3,6,4,08,10,3,,0,0,1,0,1,0,0
"POINT (8.808814496000000 53.083108357000000)",Unfall 101267 (2016) Kat:3, Licht: 2,101267,3,3,5,07,21,1,,2,0,1,0,0,0,0
"POINT (8.941881098000000 53.072508886999998)",Unfall 101269 (2016) Kat:3, Licht: 0,101269,3,4,6,08,16,3,,0,0,1,1,0,0,0
"POINT (8.953116789999999 53.038118466000000)",Unfall 101270 (2016) Kat:3, Licht: 0,101270,3,5,1,07,18,6,,0,1,1,0,0,0,0
"POINT (8.756317341999999 53.118400375000000)",Unfall 101271 (2016) Kat:3, Licht: 0,101271,3,2,5,08,08,3,,0,0,1,0,0,0,1
"POINT (8.835392720000000 53.073436729000001)",Unfall 101272 (2016) Kat:3, Licht: 0,101272,3,3,5,08,14,6,,0,1,1,0,0,0,0
"POINT (8.840731243000001 53.076252719999999)",Unfall 101274 (2016) Kat:2, Licht: 0,101274,2,7,9,08,16,1,,0,0,1,0,0,0,0
"POINT (8.716022219999999 53.110330752000003)",Unfall 101275 (2016) Kat:3, Licht: 0,101275,3,1,9,07,11,2,,0,0,1,0,0,0,0
"POINT (8.791441587000000 53.101969637000003)",Unfall 101276 (2016) Kat:3, Licht: 0,101276,3,2,3,08,16,4,,0,1,0,0,0,0,1
"POINT (8.803587578000000 53.066756439000002)",Unfall 101280 (2016) Kat:3, Licht: 0,101280,3,5,1,07,13,3,,0,1,1,0,0,0,0
"POINT (8.874239693000000 53.078447224000001)",Unfall 101281 (2016) Kat:3, Licht: 0,101281,3,3,5,08,09,2,,0,1,1,0,0,0,0
"POINT (8.750011646000001 53.092896148000001)",Unfall 101282 (2016) Kat:2, Licht: 0,101282,2,7,5,07,12,2,,0,1,1,0,0,0,0
"POINT (8.811673281999999 53.081646956999997)",Unfall 101284 (2016) Kat:3, Licht: 0,101284,3,3,5,08,14,6,,0,1,1,0,0,0,0
"POINT (8.832300801000001 53.040245673999998)",Unfall 101285 (2016) Kat:3, Licht: 0,101285,3,2,5,08,14,5,,0,0,1,0,1,0,0
"POINT (8.739693246000000 53.054940709000000)",Unfall 101286 (2016) Kat:3, Licht: 0,101286,3,6,2,08,12,3,,0,0,1,0,0,0,0
"POINT (8.804361997999999 53.075652374000001)",Unfall 101287 (2016) Kat:1, Licht: 0,101287,1,3,6,07,15,7,,0,1,0,1,0,0,0
"POINT (8.616267582000001 53.175381750000000)",Unfall 101288 (2016) Kat:3, Licht: 0,101288,3,6,2,08,17,2,,0,0,1,0,0,0,0
"POINT (8.767877837000000 53.109705306000002)",Unfall 101289 (2016) Kat:2, Licht: 2,101289,2,4,6,08,22,3,,2,0,0,1,0,0,1
"POINT (8.898193939000000 53.133861815000003)",Unfall 101291 (2016) Kat:3, Licht: 0,101291,3,1,0,08,18,2,,0,0,0,0,1,0,0
"POINT (8.732884432000001 53.058378036000001)",Unfall 101292 (2016) Kat:3, Licht: 0,101292,3,3,5,08,14,6,,0,1,1,0,0,0,0
"POINT (8.876541087000000 53.081044036000002)",Unfall 101293 (2016) Kat:3, Licht: 0,101293,3,3,5,08,12,7,,0,1,1,0,0,0,0
"POINT (8.861784999999999 53.099194546000000)",Unfall 101294 (2016) Kat:3, Licht: 0,101294,3,1,0,07,10,2,,0,1,0,0,0,0,0
"POINT (8.738988080000000 53.055368604999998)",Unfall 101295 (2016) Kat:3, Licht: 0,101295,3,5,1,07,19,6,,0,1,1,0,0,0,0
"POINT (8.864846164999999 53.095651185999998)",Unfall 101297 (2016) Kat:3, Licht: 0,101297,3,6,0,08,16,5,,0,1,1,0,0,0,0
"POINT (8.751892056999999 53.122175552999998)",Unfall 101300 (2016) Kat:2, Licht: 0,101300,2,7,0,08,09,6,,0,0,0,0,1,0,0
"POINT (8.548514389999999 53.188169709999997)",Unfall 101301 (2016) Kat:2, Licht: 0,101301,2,2,4,08,10,4,,0,1,1,0,0,0,0
"POINT (8.792308607000001 53.056177093999999)",Unfall 101302 (2016) Kat:3, Licht: 0,101302,3,3,5,07,09,7,,0,0,1,0,0,0,0
"POINT (8.638113782000000 53.173241363000002)",Unfall 101303 (2016) Kat:3, Licht: 0,101303,3,6,2,08,17,1,,0,0,1,0,0,0,0
"POINT (8.959274456999999 53.041807255000002)",Unfall 101304 (2016) Kat:3, Licht: 0,101304,3,3,5,07,13,2,,0,0,1,0,0,0,0
"POINT (8.799274749000000 53.071417443999998)",Unfall 101305 (2016) Kat:3, Licht: 0,101305,3,6,3,08,07,2,,0,1,0,0,0,0,0
"POINT (8.792019493000000 53.094500197000002)",Unfall 101306 (2016) Kat:3, Licht: 0,101306,3,3,5,08,08,5,,0,1,1,0,0,0,0
"POINT (8.891917080000001 53.048883312999997)",Unfall 101307 (2016) Kat:3, Licht: 0,101307,3,3,5,08,19,6,,0,1,1,0,0,0,0
"POINT (8.814814216000000 53.054824056999998)",Unfall 101308 (2016) Kat:3, Licht: 0,101308,3,6,2,08,14,5,,0,0,1,0,1,0,0
"POINT (8.831386126000000 53.071224909000001)",Unfall 101309 (2016) Kat:3, Licht: 0,101309,3,1,0,08,11,5,,0,1,0,0,0,0,0
"POINT (8.704593258999999 53.159403322000003)",Unfall 101310 (2016) Kat:3, Licht: 0,101310,3,4,6,08,10,3,,0,0,0,1,0,0,1
"POINT (8.959420486000001 53.040946062000003)",Unfall 101311 (2016) Kat:3, Licht: 0,101311,3,6,2,07,18,5,,0,0,1,0,0,0,0
"POINT (8.827880342000000 53.072496661000002)",Unfall 101312 (2016) Kat:3, Licht: 2,101312,3,1,0,07,22,7,,2,1,0,0,0,0,0
"POINT (8.769274265000000 53.082591495000003)",Unfall 101314 (2016) Kat:3, Licht: 0,101314,3,5,1,07,12,6,,0,1,1,0,0,0,0
"POINT (8.786300124000000 53.069200088000002)",Unfall 101315 (2016) Kat:3, Licht: 0,101315,3,6,2,08,17,7,,0,0,1,0,0,0,0
"POINT (8.799607769000000 53.094643433999998)",Unfall 101316 (2016) Kat:3, Licht: 2,101316,3,7,0,07,01,1,,2,1,0,0,0,0,0
"POINT (8.886085021000000 53.051886834999998)",Unfall 101317 (2016) Kat:3, Licht: 2,101317,3,1,8,08,01,5,,2,0,1,0,0,0,0
"POINT (8.866744036000000 53.070145039000003)",Unfall 101318 (2016) Kat:3, Licht: 0,101318,3,5,1,08,07,6,,0,1,1,0,0,0,0
"POINT (8.828005014000000 53.070132923999999)",Unfall 101320 (2016) Kat:3, Licht: 0,101320,3,1,0,08,15,4,,0,1,0,0,0,0,0
"POINT (8.776195761000000 53.098657592000002)",Unfall 101321 (2016) Kat:3, Licht: 0,101321,3,3,5,08,14,2,,0,1,0,0,0,0,1
"POINT (8.914170484000000 53.068520966999998)",Unfall 101322 (2016) Kat:3, Licht: 2,101322,3,6,4,08,21,4,,2,1,1,0,0,0,0
"POINT (8.880338664000000 53.082428399999998)",Unfall 101324 (2016) Kat:3, Licht: 0,101324,3,3,5,08,09,4,,0,1,1,0,0,0,0
"POINT (8.782311511000000 53.100189894000003)",Unfall 101325 (2016) Kat:3, Licht: 0,101325,3,4,6,08,09,7,,0,0,1,1,0,0,0
"POINT (8.777329483000001 53.106648413999999)",Unfall 101326 (2016) Kat:3, Licht: 0,101326,3,6,2,07,10,4,,0,0,1,0,0,0,0
"POINT (8.941154711999999 53.058428401000000)",Unfall 101327 (2016) Kat:3, Licht: 0,101327,3,6,2,07,15,4,,0,0,1,0,0,0,0
"POINT (8.783603357000001 53.075521911000003)",Unfall 101328 (2016) Kat:3, Licht: 0,101328,3,6,4,07,12,6,,0,1,0,0,0,0,0
"POINT (8.740514245000000 53.054235554000002)",Unfall 101329 (2016) Kat:3, Licht: 0,101329,3,3,5,08,19,2,,0,1,1,0,0,0,0
"POINT (8.956811595000000 53.051137783000001)",Unfall 101330 (2016) Kat:3, Licht: 0,101330,3,7,0,07,10,2,,0,0,0,0,0,0,1
"POINT (8.752643737000000 53.119518462999999)",Unfall 101332 (2016) Kat:3, Licht: 0,101332,3,6,2,07,20,3,,0,0,1,0,0,0,0
"POINT (8.823085122000000 53.078038872000000)",Unfall 101334 (2016) Kat:3, Licht: 0,101334,3,7,2,08,16,4,,0,0,1,0,0,0,0
"POINT (8.804364926000000 53.075645839000003)",Unfall 101336 (2016) Kat:3, Licht: 0,101336,3,1,8,08,19,2,,0,0,0,0,1,0,0
"POINT (8.575320132000000 53.192180200000003)",Unfall 101337 (2016) Kat:3, Licht: 0,101337,3,3,5,08,07,4,,0,1,1,0,0,0,0
"POINT (8.793628617000000 53.066408549000002)",Unfall 101338 (2016) Kat:3, Licht: 0,101338,3,2,5,07,18,5,,0,1,1,0,0,0,0
"POINT (8.790259110999999 53.086097645000002)",Unfall 101340 (2016) Kat:3, Licht: 0,101340,3,1,1,08,15,6,,0,0,1,0,0,1,0
"POINT (8.916459128000000 53.071289028000002)",Unfall 101341 (2016) Kat:3, Licht: 0,101341,3,3,5,07,14,3,,0,1,1,0,0,0,0
"POINT (8.843716243999999 53.088290137000001)",Unfall 101342 (2016) Kat:3, Licht: 0,101342,3,3,5,08,07,2,,0,1,1,0,0,0,0
"POINT (8.702132439000000 53.167995646999998)",Unfall 101343 (2016) Kat:3, Licht: 0,101343,3,2,5,07,08,2,,0,1,1,0,0,0,0
"POINT (8.954492941000000 53.045121463999998)",Unfall 101344 (2016) Kat:2, Licht: 0,101344,2,7,0,07,11,3,,0,1,0,0,0,0,1
"POINT (8.807435525000001 53.094380420000000)",Unfall 101345 (2016) Kat:3, Licht: 0,101345,3,2,5,08,12,6,,0,1,1,0,0,0,0
"POINT (8.822741223000000 53.082889821000002)",Unfall 101346 (2016) Kat:3, Licht: 0,101346,3,6,3,08,17,5,,0,1,1,0,0,0,0
"POINT (8.799488616000000 53.071521046999997)",Unfall 101348 (2016) Kat:3, Licht: 0,101348,3,3,5,08,08,2,,0,1,0,0,1,0,0
"POINT (8.845567723000000 53.071596595000003)",Unfall 101349 (2016) Kat:3, Licht: 0,101349,3,4,6,08,20,3,,0,1,0,1,0,0,0
"POINT (8.870831134000000 53.091366909000001)",Unfall 101350 (2016) Kat:3, Licht: 0,101350,3,6,3,08,16,2,,0,0,1,0,0,1,0
"POINT (8.788520263000001 53.070584336000003)",Unfall 101351 (2016) Kat:3, Licht: 2,101351,3,7,1,08,23,6,,2,0,1,0,1,0,0
"POINT (8.806253771000000 53.084236980999997)",Unfall 101352 (2016) Kat:3, Licht: 0,101352,3,7,6,08,17,3,,0,1,0,1,0,0,0
"POINT (8.830892241999999 53.081463214000003)",Unfall 101353 (2016) Kat:2, Licht: 0,101353,2,1,0,07,14,7,,0,1,0,0,0,0,0
"POINT (8.779329571000000 53.078664682000003)",Unfall 101355 (2016) Kat:3, Licht: 1,101355,3,2,5,08,21,3,,1,1,1,0,0,0,0
"POINT (8.801075836000001 53.068310054999998)",Unfall 101356 (2016) Kat:3, Licht: 0,101356,3,5,1,07,19,5,,0,1,1,0,0,0,0
"POINT (8.898528152000001 53.119941808999997)",Unfall 101357 (2016) Kat:3, Licht: 0,101357,3,3,5,08,14,3,,0,1,1,0,0,0,0
"POINT (8.833770714000000 53.081828287000000)",Unfall 101358 (2016) Kat:3, Licht: 0,101358,3,1,0,08,08,6,,0,1,0,0,0,0,0
"POINT (8.886391602000000 53.034605700000000)",Unfall 101359 (2016) Kat:2, Licht: 2,101359,2,3,5,07,22,2,,2,1,1,0,0,0,0
"POINT (8.833550579000001 53.082147020000001)",Unfall 101360 (2016) Kat:3, Licht: 0,101360,3,6,2,08,15,7,,0,1,1,0,0,0,0
"POINT (8.941644875000000 53.060418376000001)",Unfall 101361 (2016) Kat:3, Licht: 0,101361,3,3,5,08,14,6,,0,1,1,0,0,0,0
"POINT (8.836314966000000 53.074763279000003)",Unfall 101362 (2016) Kat:3, Licht: 0,101362,3,2,2,08,10,4,,0,0,1,0,0,0,0
"POINT (8.788948434000000 53.076161327000001)",Unfall 101363 (2016) Kat:3, Licht: 0,101363,3,6,3,07,17,6,,0,0,1,0,0,0,0
"POINT (8.853244213000000 53.086840580000001)",Unfall 101364 (2016) Kat:3, Licht: 0,101364,3,4,6,08,19,1,,0,1,0,1,0,0,0
"POINT (8.810589352999999 53.039247017999998)",Unfall 101365 (2016) Kat:3, Licht: 0,101365,3,6,5,07,16,2,,0,1,1,0,0,0,0
"POINT (8.797153769000000 53.076355026000002)",Unfall 101366 (2016) Kat:3, Licht: 0,101366,3,2,3,08,10,5,,0,0,1,0,0,0,1
"POINT (8.876992992000000 53.101379401999999)",Unfall 101367 (2016) Kat:3, Licht: 0,101367,3,7,0,08,17,6,,0,0,0,0,0,0,1
"POINT (8.773387840000000 53.091692258999998)",Unfall 101368 (2016) Kat:2, Licht: 0,101368,2,3,0,08,11,5,,0,1,1,0,0,0,0
"POINT (8.835701519000001 53.073888156000002)",Unfall 101369 (2016) Kat:3, Licht: 0,101369,3,7,0,08,19,5,,0,0,1,0,1,0,0
"POINT (8.759853363000000 53.113487515999999)",Unfall 101370 (2016) Kat:3, Licht: 0,101370,3,2,5,08,12,7,,0,1,0,0,0,0,0
"POINT (8.619074583000000 53.180499785000002)",Unfall 101371 (2016) Kat:3, Licht: 0,101371,3,3,5,08,13,6,,0,1,1,0,0,0,0
"POINT (8.899364518000001 53.059266405999999)",Unfall 101372 (2016) Kat:2, Licht: 0,101372,2,6,2,08,06,5,,0,0,1,0,0,1,0
"POINT (8.880009305000000 53.090647601999997)",Unfall 101373 (2016) Kat:2, Licht: 0,101373,2,3,5,08,11,5,,0,1,1,0,0,0,0
"POINT (8.886746948000001 53.051523432000003)",Unfall 101374 (2016) Kat:2, Licht: 0,101374,2,6,4,08,07,3,,0,1,0,0,0,0,0
"POINT (8.870883436000000 53.098483528999999)",Unfall 101375 (2016) Kat:2, Licht: 0,101375,2,6,2,07,12,6,,0,0,1,0,0,0,0
"POINT (8.902580694999999 53.100260689999999)",Unfall 101376 (2016) Kat:3, Licht: 0,101376,3,7,5,08,12,7,,0,0,1,0,1,0,0
"POINT (8.830436667000001 53.085655977999998)",Unfall 101378 (2016) Kat:3, Licht: 0,101378,3,2,5,08,14,5,,0,1,1,0,0,0,0
"POINT (8.751984088000000 53.122093954000000)",Unfall 101379 (2016) Kat:3, Licht: 0,101379,3,6,2,07,13,3,,0,0,1,0,0,0,0
"POINT (8.792184796000001 53.065414486999998)",Unfall 101380 (2016) Kat:2, Licht: 0,101380,2,4,6,08,15,6,,0,0,1,1,0,0,0
"POINT (8.883418704000000 53.058037595999998)",Unfall 101381 (2016) Kat:3, Licht: 0,101381,3,6,3,08,06,4,,0,0,1,0,1,0,0
"POINT (8.932646685000000 53.038881398999997)",Unfall 101382 (2016) Kat:3, Licht: 0,101382,3,7,0,08,06,4,,0,0,0,0,1,0,1
"POINT (8.886716121999999 53.051556636999997)",Unfall 101383 (2016) Kat:3, Licht: 0,101383,3,6,4,08,14,2,,0,1,0,0,1,0,0
"POINT (8.799423844000000 53.070182994000000)",Unfall 101384 (2016) Kat:3, Licht: 0,101384,3,6,3,08,13,4,,0,1,0,0,0,0,0
"POINT (8.626030857000000 53.166729465000003)",Unfall 101385 (2016) Kat:3, Licht: 0,101385,3,1,4,07,14,5,,0,1,0,0,0,0,0
"POINT (8.789326083000001 53.093047239999997)",Unfall 101387 (2016) Kat:3, Licht: 0,101387,3,1,6,08,10,7,,0,1,0,1,0,0,0
"POINT (8.870369073000001 53.068352521000001)",Unfall 101388 (2016) Kat:3, Licht: 0,101388,3,6,2,07,15,4,,0,0,1,0,0,0,0
"POINT (8.807690350000000 53.082407592999999)",Unfall 101390 (2016) Kat:3, Licht: 0,101390,3,3,5,08,16,2,,0,1,0,0,0,0,0
"POINT (8.908675979000000 53.110219215999997)",Unfall 101391 (2016) Kat:3, Licht: 0,101391,3,1,8,08,07,4,,0,0,1,0,0,0,0
"POINT (8.912666774000000 53.055381218999997)",Unfall 101392 (2016) Kat:3, Licht: 0,101392,3,3,5,08,15,2,,0,1,0,0,0,0,0
"POINT (8.758906288000000 53.091790365000001)",Unfall 101393 (2016) Kat:3, Licht: 0,101393,3,6,4,07,07,5,,0,1,1,0,0,0,0
"POINT (8.952107681999999 53.065573479999998)",Unfall 101394 (2016) Kat:3, Licht: 0,101394,3,6,2,07,13,4,,0,0,1,0,0,0,0
"POINT (8.627879891999999 53.171888140000000)",Unfall 101395 (2016) Kat:3, Licht: 0,101395,3,2,3,07,12,7,,0,1,1,0,0,0,0
"POINT (8.832841014000000 53.070808735999996)",Unfall 101397 (2016) Kat:3, Licht: 0,101397,3,3,5,07,11,3,,0,1,0,0,0,0,1
"POINT (8.716149955000001 53.178206074000002)",Unfall 101398 (2016) Kat:3, Licht: 0,101398,3,3,5,08,16,4,,0,0,1,0,0,0,0
"POINT (8.835907564999999 53.038559227000000)",Unfall 101399 (2016) Kat:3, Licht: 0,101399,3,6,2,08,13,3,,0,0,1,0,0,0,0
"POINT (8.896295348000001 53.082419536000003)",Unfall 101400 (2016) Kat:3, Licht: 1,101400,3,7,0,07,22,1,,1,1,0,0,0,0,0
"POINT (8.791019792000000 53.095509266999997)",Unfall 101401 (2016) Kat:3, Licht: 0,101401,3,2,5,08,08,3,,0,1,1,0,0,0,0
"POINT (8.753891450999999 53.120434691000000)",Unfall 101402 (2016) Kat:3, Licht: 0,101402,3,6,2,07,18,5,,0,0,1,0,0,0,0
"POINT (8.782798012000001 53.101460926999998)",Unfall 101403 (2016) Kat:3, Licht: 0,101403,3,6,2,08,06,3,,0,0,1,0,0,0,0
"POINT (8.826999172000001 53.072778405999998)",Unfall 101404 (2016) Kat:3, Licht: 0,101404,3,1,0,08,18,6,,0,1,0,0,0,0,0
"POINT (8.902083638000001 53.071491184999999)",Unfall 101405 (2016) Kat:2, Licht: 0,101405,2,2,5,07,13,3,,0,0,1,0,1,0,0
"POINT (8.855044402000001 53.078751255000000)",Unfall 101406 (2016) Kat:3, Licht: 0,101406,3,3,0,08,10,1,,0,1,1,0,0,0,0
"POINT (8.954507596999999 53.045126709999998)",Unfall 101408 (2016) Kat:2, Licht: 0,101408,2,7,0,07,11,3,,0,1,0,0,0,0,1
"POINT (8.857001925000001 53.082486805000002)",Unfall 101409 (2016) Kat:3, Licht: 0,101409,3,7,0,08,12,6,,0,0,0,0,0,0,1
"POINT (8.826633670000000 53.068847464999997)",Unfall 101410 (2016) Kat:3, Licht: 0,101410,3,6,2,08,15,2,,0,0,1,0,0,0,0
"POINT (8.832126863999999 53.108670506999999)",Unfall 101411 (2016) Kat:3, Licht: 0,101411,3,1,7,07,12,1,,0,1,0,0,0,0,1
"POINT (8.940731033000001 53.078166209999999)",Unfall 101412 (2016) Kat:3, Licht: 0,101412,3,3,5,07,14,3,,0,0,1,0,1,0,0
"POINT (8.880177935000001 53.101501702999997)",Unfall 101413 (2016) Kat:2, Licht: 0,101413,2,3,0,08,09,5,,0,1,0,0,0,0,1
"POINT (8.945217430000000 53.058211581999998)",Unfall 101414 (2016) Kat:3, Licht: 0,101414,3,6,1,08,18,3,,0,0,1,0,0,0,0
"POINT (8.799766012999999 53.054952839999999)",Unfall 101415 (2016) Kat:3, Licht: 0,101415,3,2,4,07,16,7,,0,0,1,0,0,0,0
"POINT (8.789794551000000 53.079280486000002)",Unfall 101416 (2016) Kat:3, Licht: 0,101416,3,6,3,08,13,2,,0,0,1,0,0,1,0
"POINT (8.842354063000000 53.069089351999999)",Unfall 101417 (2016) Kat:3, Licht: 0,101417,3,4,6,08,09,3,,0,0,1,1,0,0,0