WKT,Name,OBJECTID,UKATEGORIE,UTYP1,UART,UMONAT,USTUNDE,UWOCHENTAG,STRZUSTAND,ULICHTVERH,ISTRAD,ISTPKW,ISTFUSS,ISTKRAD,ISTGKFZ,ISTSONSTIG
"POINT (8.695698070000001 53.168705866000003)",Unfall 101634 (2016) Kat:3, Licht: 0,101634,3,7,5,09,07,4,,0,1,0,0,0,0,1
"POINT (8.835546098000000 53.035347633999997)",Unfall 101635 (2016) Kat:3, Licht: 2,101635,3,2,5,09,06,4,,2,0,1,0,1,0,0
"POINT (8.796598059000001 53.099708268999997)",Unfall 101636 (2016) Kat:3, Licht: 0,101636,3,7,2,09,07,6,,0,0,1,0,0,0,0
"POINT (8.604095689999999 53.184623215999999)",Unfall 101637 (2016) Kat:2, Licht: 0,101637,2,7,1,09,07,2,,0,0,1,0,0,0,0
"POINT (8.817188445999999 53.078733440000001)",Unfall 101638 (2016) Kat:3, Licht: 0,101638,3,6,2,08,09,3,,0,0,1,0,0,0,0
"POINT (8.872205784000000 53.064131244000002)",Unfall 101639 (2016) Kat:3, Licht: 0,101639,3,1,1,09,11,6,,0,1,0,0,0,0,1
"POINT (8.892679595000001 53.129241235999999)",Unfall 101641 (2016) Kat:3, Licht: 0,101641,3,3,5,09,10,7,,0,1,1,0,0,0,0
"POINT (8.777135836999999 53.106621775999997)",Unfall 101645 (2016) Kat:2, Licht: 0,101645,2,7,0,09,14,3,,0,0,1,1,0,0,0
"POINT (8.899246936000001 53.134485013000003)",Unfall 101646 (2016) Kat:2, Licht: 0,101646,2,5,1,09,16,2,,0,1,1,0,0,0,0
"POINT (8.737495302999999 53.143980704000001)",Unfall 101647 (2016) Kat:3, Licht: 0,101647,3,6,4,09,16,5,,0,0,1,0,0,0,0
"POINT (8.892522895000001 53.098447958999998)",Unfall 101648 (2016) Kat:3, Licht: 0,101648,3,6,2,08,17,2,,0,0,1,0,0,0,0
"POINT (8.821247072000000 53.077540857999999)",Unfall 101649 (2016) Kat:3, Licht: 2,101649,3,1,8,10,18,1,,2,0,1,0,0,0,1
"POINT (8.736640534999999 53.045318651999999)",Unfall 101650 (2016) Kat:3, Licht: 0,101650,3,3,5,09,15,3,,0,1,1,0,0,0,0
"POINT (8.754795907000000 53.119762067000003)",Unfall 101651 (2016) Kat:3, Licht: 0,101651,3,3,5,09,16,6,,0,1,1,0,0,0,0
"POINT (8.804397235000000 53.072617344999998)",Unfall 101652 (2016) Kat:3, Licht: 0,101652,3,1,0,09,17,1,,0,1,0,0,0,0,0
"POINT (8.733601223999999 53.165501779000003)",Unfall 101653 (2016) Kat:3, Licht: 0,101653,3,7,0,08,08,2,,0,1,1,0,0,0,0
"POINT (8.844339739000001 53.083995127999998)",Unfall 101654 (2016) Kat:3, Licht: 0,101654,3,3,5,09,07,3,,0,1,1,0,0,0,0
"POINT (8.794972547000000 53.067222886000003)",Unfall 101655 (2016) Kat:3, Licht: 0,101655,3,6,3,09,10,6,,0,1,0,0,1,0,0
"POINT (8.834910653000000 53.082073241000003)",Unfall 101656 (2016) Kat:3, Licht: 0,101656,3,2,5,09,07,5,,0,1,1,0,0,0,0
"POINT (8.901473401000001 53.059425666999999)",Unfall 101657 (2016) Kat:3, Licht: 0,101657,3,3,5,09,16,4,,0,1,1,0,0,0,0
"POINT (8.731882717000000 53.044030761000002)",Unfall 101658 (2016) Kat:3, Licht: 0,101658,3,7,2,09,17,3,,0,0,1,0,1,0,0
"POINT (8.577781544000001 53.206103341999999)",Unfall 101659 (2016) Kat:3, Licht: 2,101659,3,3,5,09,05,1,,2,0,1,0,1,0,0
"POINT (8.528682530999999 53.193908159999999)",Unfall 101661 (2016) Kat:3, Licht: 0,101661,3,7,7,09,12,2,,0,1,0,0,0,0,0
"POINT (8.578511857000001 53.207133251999998)",Unfall 101663 (2016) Kat:3, Licht: 2,101663,3,6,1,08,04,4,,2,0,1,0,1,0,0
"POINT (8.803606712000001 53.080140983000000)",Unfall 101664 (2016) Kat:3, Licht: 0,101664,3,6,1,08,15,4,,0,0,1,0,0,0,0
"POINT (8.845053990000000 53.046137614999999)",Unfall 101665 (2016) Kat:3, Licht: 0,101665,3,6,2,08,16,1,,0,0,1,0,0,0,0
"POINT (8.944661013999999 53.065888921999999)",Unfall 101667 (2016) Kat:3, Licht: 1,101667,3,6,2,10,17,7,,1,0,1,0,0,0,0
"POINT (8.827093866000000 53.086337012000001)",Unfall 101668 (2016) Kat:3, Licht: 2,101668,3,1,0,08,23,5,,2,1,0,0,0,0,0
"POINT (8.717383453000000 53.107360976000002)",Unfall 101669 (2016) Kat:3, Licht: 0,101669,3,1,9,09,11,7,,0,0,1,0,0,0,0
"POINT (8.880798873000000 53.076801613999997)",Unfall 101670 (2016) Kat:3, Licht: 0,101670,3,6,2,09,16,2,,0,0,1,0,0,0,0
"POINT (8.943732261999999 53.037997316999999)",Unfall 101671 (2016) Kat:3, Licht: 0,101671,3,4,6,09,14,6,,0,1,1,1,0,0,0
"POINT (8.832109977000000 53.068643295999998)",Unfall 101673 (2016) Kat:2, Licht: 0,101673,2,3,5,09,12,4,,0,1,1,0,0,0,0
"POINT (8.859026864000001 53.062545090999997)",Unfall 101675 (2016) Kat:3, Licht: 2,101675,3,1,7,09,22,7,,2,0,1,0,0,0,0
"POINT (8.873966216000000 53.101336209000003)",Unfall 101676 (2016) Kat:3, Licht: 0,101676,3,3,5,08,09,4,,0,1,1,0,0,0,0
"POINT (8.739033751999999 53.078681658999997)",Unfall 101677 (2016) Kat:3, Licht: 0,101677,3,1,9,09,13,1,,0,0,0,0,1,0,0
"POINT (8.837098014000000 53.068047028000002)",Unfall 101678 (2016) Kat:3, Licht: 0,101678,3,6,2,09,10,5,,0,0,1,0,0,0,0
"POINT (8.829774269000000 53.071821409999998)",Unfall 101680 (2016) Kat:2, Licht: 0,101680,2,7,8,08,09,7,,0,1,0,0,0,0,0
"POINT (8.827792837000001 53.048716710999997)",Unfall 101681 (2016) Kat:3, Licht: 0,101681,3,7,0,09,10,6,,0,1,0,0,0,0,1
"POINT (8.863781315000001 53.071381486000000)",Unfall 101682 (2016) Kat:3, Licht: 0,101682,3,6,2,08,07,5,,0,0,1,0,0,0,0
"POINT (8.796185653000000 53.081572909999998)",Unfall 101684 (2016) Kat:3, Licht: 2,101684,3,1,0,09,03,6,,2,0,1,0,0,0,0
"POINT (8.761857506000000 53.115408934999998)",Unfall 101685 (2016) Kat:3, Licht: 0,101685,3,3,5,09,08,4,,0,1,0,0,0,0,1
"POINT (8.859622973000001 53.102814678000001)",Unfall 101686 (2016) Kat:3, Licht: 0,101686,3,6,3,09,09,3,,0,1,1,0,0,0,0
"POINT (8.769685043000001 53.110541574999999)",Unfall 101687 (2016) Kat:3, Licht: 0,101687,3,6,2,09,09,2,,0,0,1,0,0,0,0
"POINT (8.755204106000001 53.127701285000001)",Unfall 101688 (2016) Kat:3, Licht: 0,101688,3,6,2,09,11,6,,0,0,1,0,0,0,0
"POINT (8.710335356000000 53.094426622000000)",Unfall 101690 (2016) Kat:2, Licht: 0,101690,2,3,5,09,11,4,,0,0,1,0,0,1,0
"POINT (8.870011266000001 53.064777372000002)",Unfall 101692 (2016) Kat:3, Licht: 0,101692,3,3,5,09,12,1,,0,0,1,0,0,0,0
"POINT (8.801606934000001 53.077586914999998)",Unfall 101693 (2016) Kat:3, Licht: 0,101693,3,7,1,09,07,3,,0,0,1,0,1,0,0
"POINT (8.945673119000000 53.058132991999997)",Unfall 101695 (2016) Kat:3, Licht: 0,101695,3,3,5,08,09,4,,0,1,1,0,0,0,0
"POINT (8.791481294000000 53.068195490000001)",Unfall 101696 (2016) Kat:3, Licht: 2,101696,3,5,1,09,20,7,,2,1,1,0,0,0,0
"POINT (8.941396076000000 53.058413569999999)",Unfall 101697 (2016) Kat:3, Licht: 0,101697,3,4,6,09,07,5,,0,0,1,1,0,0,0
"POINT (8.613372530000000 53.174638223999999)",Unfall 101698 (2016) Kat:3, Licht: 0,101698,3,6,3,08,17,3,,0,1,1,0,0,0,0
"POINT (8.838002695000000 53.067873542999997)",Unfall 101699 (2016) Kat:3, Licht: 0,101699,3,3,5,08,09,6,,0,1,1,0,0,0,0
"POINT (8.794148793000000 53.089119466000000)",Unfall 101700 (2016) Kat:3, Licht: 0,101700,3,7,5,09,16,5,,0,1,1,0,1,0,0
"POINT (8.603486808000000 53.184642547000003)",Unfall 101701 (2016) Kat:3, Licht: 0,101701,3,6,2,09,17,5,,0,0,1,0,1,0,0
"POINT (8.964611784000001 53.057582093999997)",Unfall 101702 (2016) Kat:3, Licht: 0,101702,3,3,5,09,17,4,,0,1,1,0,0,0,0
"POINT (8.789253354000000 53.093008660999999)",Unfall 101703 (2016) Kat:3, Licht: 0,101703,3,3,0,09,15,3,,0,0,0,0,1,0,1
"POINT (8.808024515000000 53.082607283999998)",Unfall 101704 (2016) Kat:3, Licht: 0,101704,3,3,5,09,13,6,,0,1,1,0,0,0,0
"POINT (8.808989950000001 53.076416664000000)",Unfall 101705 (2016) Kat:1, Licht: 0,101705,1,7,6,09,13,1,,0,1,0,1,0,0,0
"POINT (8.789420563000000 53.078625825000003)",Unfall 101707 (2016) Kat:3, Licht: 0,101707,3,7,2,09,18,3,,0,0,1,0,0,0,0
"POINT (8.819236932000001 53.083896748999997)",Unfall 101709 (2016) Kat:3, Licht: 0,101709,3,7,6,09,10,4,,0,1,0,0,0,0,1
"POINT (8.635629563000000 53.179114155000001)",Unfall 101710 (2016) Kat:2, Licht: 0,101710,2,5,1,09,12,5,,0,0,1,0,0,1,0
"POINT (8.795190607000000 53.087551486999999)",Unfall 101712 (2016) Kat:3, Licht: 0,101712,3,3,5,09,14,7,,0,0,1,0,0,0,0
"POINT (8.962343656000000 53.057404929000000)",Unfall 101713 (2016) Kat:3, Licht: 0,101713,3,2,3,08,09,6,,0,1,1,0,0,0,0
"POINT (8.625547042999999 53.181244089000003)",Unfall 101714 (2016) Kat:3, Licht: 0,101714,3,3,5,09,13,5,,0,1,1,0,0,0,0
"POINT (8.878094108000001 53.082300660999998)",Unfall 101715 (2016) Kat:3, Licht: 0,101715,3,2,5,09,16,6,,0,1,1,0,0,0,0
"POINT (8.870692608000001 53.091083265000002)",Unfall 101716 (2016) Kat:3, Licht: 0,101716,3,7,0,09,12,5,,0,0,0,1,0,0,1
"POINT (8.810982424000001 53.061879158000004)",Unfall 101717 (2016) Kat:3, Licht: 0,101717,3,6,3,09,18,3,,0,1,0,1,0,0,0
"POINT (8.658982136000001 53.174872835000002)",Unfall 101718 (2016) Kat:3, Licht: 0,101718,3,6,2,09,17,3,,0,0,1,0,0,0,0
"POINT (8.709033147000000 53.053308884000003)",Unfall 101719 (2016) Kat:3, Licht: 2,101719,3,7,9,09,00,5,,2,1,0,0,0,0,0
"POINT (8.923970743000000 53.037988687000002)",Unfall 101720 (2016) Kat:3, Licht: 0,101720,3,1,1,09,13,1,,0,0,1,0,0,0,0
"POINT (8.812287016999999 53.095697440999999)",Unfall 101721 (2016) Kat:3, Licht: 0,101721,3,3,5,08,08,2,,0,0,1,0,0,0,0
"POINT (8.871266605000001 53.077386361999999)",Unfall 101723 (2016) Kat:3, Licht: 0,101723,3,3,5,09,12,3,,0,1,1,0,0,0,0
"POINT (8.820020758000000 53.030358667000002)",Unfall 101724 (2016) Kat:3, Licht: 0,101724,3,7,0,09,18,2,,0,1,0,0,0,0,0
"POINT (8.943719899000000 53.082799338000001)",Unfall 101725 (2016) Kat:3, Licht: 0,101725,3,7,0,09,13,6,,0,0,0,1,0,0,1
"POINT (8.807058469999999 53.082128253999997)",Unfall 101726 (2016) Kat:2, Licht: 0,101726,2,4,6,09,15,5,,0,1,0,1,0,0,1
"POINT (8.918068033999999 53.073815572000001)",Unfall 101727 (2016) Kat:3, Licht: 0,101727,3,7,1,09,08,4,,0,1,1,0,0,0,0
"POINT (8.837003441000000 53.075367043999996)",Unfall 101730 (2016) Kat:3, Licht: 0,101730,3,7,5,08,15,4,,0,1,1,0,0,0,0
"POINT (8.886729525000000 53.051542198999996)",Unfall 101732 (2016) Kat:2, Licht: 2,101732,2,2,5,09,06,5,,2,0,1,0,1,0,0
"POINT (8.807119306000001 53.082016459999998)",Unfall 101733 (2016) Kat:3, Licht: 0,101733,3,3,5,08,19,4,,0,1,1,0,0,0,0
"POINT (8.806884801000001 53.081988289999998)",Unfall 101734 (2016) Kat:3, Licht: 0,101734,3,2,5,08,08,4,,0,1,0,0,0,0,1
"POINT (8.844719791999999 53.076654920999999)",Unfall 101735 (2016) Kat:3, Licht: 0,101735,3,3,5,09,10,3,,0,1,1,0,0,0,0
"POINT (8.579585951000000 53.182785623000001)",Unfall 101736 (2016) Kat:3, Licht: 0,101736,3,7,0,09,10,2,,0,0,0,1,0,0,1
"POINT (8.914289200000001 53.062677958999998)",Unfall 101737 (2016) Kat:3, Licht: 0,101737,3,7,8,09,07,6,,0,0,1,0,0,0,0
"POINT (8.823120385999999 53.044320312000004)",Unfall 101738 (2016) Kat:3, Licht: 0,101738,3,4,6,09,12,5,,0,0,0,1,0,0,1
"POINT (8.788127626000000 53.098850601000002)",Unfall 101739 (2016) Kat:3, Licht: 0,101739,3,6,3,08,15,4,,0,1,1,0,0,0,0
"POINT (8.788607215000001 53.103369889000000)",Unfall 101740 (2016) Kat:3, Licht: 0,101740,3,2,5,08,07,2,,0,1,1,0,0,0,0
"POINT (8.962850195000000 53.060194301999999)",Unfall 101741 (2016) Kat:3, Licht: 0,101741,3,1,9,10,17,7,,0,0,1,0,0,0,0
"POINT (8.549669478000000 53.193547555000002)",Unfall 101743 (2016) Kat:3, Licht: 2,101743,3,1,8,09,22,1,,2,0,1,0,0,0,0
"POINT (8.875474277000000 53.082132283999997)",Unfall 101744 (2016) Kat:3, Licht: 2,101744,3,7,2,09,22,4,,2,0,1,0,0,0,0
"POINT (8.800696443000000 53.078687610000003)",Unfall 101745 (2016) Kat:3, Licht: 0,101745,3,2,5,09,14,4,,0,1,1,0,0,0,0
"POINT (8.830725203000000 53.071477852999998)",Unfall 101746 (2016) Kat:3, Licht: 0,101746,3,1,0,09,18,2,,0,1,0,0,0,0,0
"POINT (8.809050725000001 53.095048859000002)",Unfall 101747 (2016) Kat:2, Licht: 0,101747,2,3,5,09,09,7,,0,1,1,1,0,0,0
"POINT (8.877108133000000 53.080852063999998)",Unfall 101748 (2016) Kat:3, Licht: 0,101748,3,6,2,08,16,4,,0,0,1,0,0,0,0
"POINT (8.761728177000000 53.114648031999998)",Unfall 101749 (2016) Kat:3, Licht: 0,101749,3,5,1,09,19,1,,0,1,1,0,0,0,0
"POINT (8.678193975999999 53.173554451999998)",Unfall 101750 (2016) Kat:3, Licht: 0,101750,3,6,2,09,07,5,,0,0,1,0,0,0,0
"POINT (8.900443280999999 53.041014779999998)",Unfall 101754 (2016) Kat:3, Licht: 0,101754,3,5,1,08,15,5,,0,1,1,0,0,0,0
"POINT (8.824431740000000 53.084304119999999)",Unfall 101755 (2016) Kat:3, Licht: 2,101755,3,6,2,09,20,6,,2,0,1,0,0,0,1
"POINT (8.630234002000000 53.192383294000003)",Unfall 101756 (2016) Kat:3, Licht: 0,101756,3,3,6,09,11,5,,0,0,1,1,0,0,0
"POINT (8.556937379000001 53.184611132999997)",Unfall 101759 (2016) Kat:3, Licht: 0,101759,3,6,2,08,14,5,,0,0,1,0,0,0,0
"POINT (8.759071120000000 53.118315639999999)",Unfall 101760 (2016) Kat:3, Licht: 0,101760,3,4,6,09,15,7,,0,0,1,1,0,0,1
"POINT (8.852305615000001 53.057182363000003)",Unfall 101761 (2016) Kat:2, Licht: 2,101761,2,7,0,09,01,4,,2,1,0,0,0,0,0
"POINT (8.808998165000000 53.095059499000001)",Unfall 101762 (2016) Kat:3, Licht: 0,101762,3,3,5,09,12,3,,0,1,1,0,0,0,0
"POINT (8.894606811999999 53.046216268000002)",Unfall 101763 (2016) Kat:3, Licht: 0,101763,3,6,2,09,15,1,,0,0,1,0,0,0,0
"POINT (8.939106573000000 53.076445085000003)",Unfall 101764 (2016) Kat:3, Licht: 0,101764,3,3,8,09,17,2,,0,1,0,0,0,0,1
"POINT (8.757341552000000 53.110538128000002)",Unfall 101765 (2016) Kat:3, Licht: 2,101765,3,6,2,09,22,6,,2,0,1,0,0,0,0
"POINT (8.823741034999999 53.077911430000000)",Unfall 101766 (2016) Kat:3, Licht: 0,101766,3,6,6,08,12,4,,0,1,0,1,0,0,0
"POINT (8.731388760000000 53.041217555999999)",Unfall 101767 (2016) Kat:3, Licht: 2,101767,3,6,2,09,20,7,,2,0,1,0,0,0,0
"POINT (8.826799893000001 53.042846918999999)",Unfall 101768 (2016) Kat:3, Licht: 0,101768,3,2,5,09,19,4,,0,0,1,0,0,0,0
"POINT (8.713004411000000 53.143608815999997)",Unfall 101769 (2016) Kat:3, Licht: 0,101769,3,7,0,09,18,7,,0,0,0,0,0,0,1
"POINT (8.791454035999999 53.090986086999997)",Unfall 101770 (2016) Kat:3, Licht: 0,101770,3,3,5,08,08,3,,0,1,1,0,0,0,0
"POINT (8.914310495000001 53.065156948000002)",Unfall 101771 (2016) Kat:3, Licht: 1,101771,3,3,5,08,05,6,,1,1,1,0,0,0,0
"POINT (8.803220678000001 53.072218579000001)",Unfall 101772 (2016) Kat:3, Licht: 0,101772,3,3,5,09,12,5,,0,1,1,0,0,0,0
"POINT (8.820223232000000 53.112057798000002)",Unfall 101773 (2016) Kat:3, Licht: 0,101773,3,3,5,09,16,5,,0,0,1,0,1,0,0
"POINT (8.808515583000000 53.059243299999999)",Unfall 101775 (2016) Kat:3, Licht: 0,101775,3,3,5,09,18,3,,0,1,1,0,0,0,0
"POINT (8.870949795000000 53.087521680999998)",Unfall 101776 (2016) Kat:3, Licht: 0,101776,3,1,5,09,13,6,,0,1,1,0,0,0,0
"POINT (8.808273929000000 53.094727075999998)",Unfall 101777 (2016) Kat:3, Licht: 0,101777,3,2,5,09,17,1,,0,1,1,0,0,0,0
"POINT (8.796653450999999 53.056766082999999)",Unfall 101778 (2016) Kat:3, Licht: 0,101778,3,6,4,08,09,2,,0,1,1,0,0,0,0
"POINT (8.830025363000001 53.080704468999997)",Unfall 101779 (2016) Kat:3, Licht: 0,101779,3,6,2,09,16,4,,0,0,1,0,0,0,0
"POINT (8.867267059000000 53.091107194999999)",Unfall 101780 (2016) Kat:3, Licht: 0,101780,3,2,5,09,08,4,,0,1,1,0,0,0,0
"POINT (8.790203004000000 53.082852252999999)",Unfall 101781 (2016) Kat:2, Licht: 2,101781,2,6,3,09,03,2,,2,1,0,0,0,0,0
"POINT (8.916272510000001 53.071139537999997)",Unfall 101782 (2016) Kat:3, Licht: 0,101782,3,2,5,08,10,3,,0,1,1,0,0,0,0
"POINT (8.797760077000000 53.083440701999997)",Unfall 101783 (2016) Kat:3, Licht: 0,101783,3,2,5,09,12,6,,0,1,1,0,0,0,0
"POINT (8.776358668000000 53.092805998000003)",Unfall 101784 (2016) Kat:3, Licht: 0,101784,3,3,5,08,17,4,,0,1,1,0,0,0,0
"POINT (8.811076092000000 53.076376586999999)",Unfall 101785 (2016) Kat:3, Licht: 0,101785,3,5,1,09,18,6,,0,0,1,0,0,0,0
"POINT (8.844352931000000 53.075346105999998)",Unfall 101786 (2016) Kat:3, Licht: 0,101786,3,7,0,09,17,4,,0,0,1,0,0,0,0
"POINT (8.628420781999999 53.168587211999998)",Unfall 101787 (2016) Kat:2, Licht: 0,101787,2,3,5,09,16,7,,0,0,1,0,1,0,0
"POINT (8.794288999999999 53.074478513000003)",Unfall 101789 (2016) Kat:3, Licht: 2,101789,3,2,5,09,21,6,,2,1,1,0,0,0,0
"POINT (8.931689790000000 53.062199157000002)",Unfall 101790 (2016) Kat:3, Licht: 0,101790,3,3,5,09,10,5,,0,1,1,0,0,0,0
"POINT (8.811217068000000 53.074914382999999)",Unfall 101791 (2016) Kat:3, Licht: 0,101791,3,2,5,09,11,3,,0,1,1,0,0,0,0
"POINT (8.843063113000000 53.081090058000001)",Unfall 101793 (2016) Kat:3, Licht: 0,101793,3,2,2,09,07,5,,0,0,1,0,0,0,0
"POINT (8.876777830000000 53.052247498000000)",Unfall 101794 (2016) Kat:2, Licht: 0,101794,2,1,8,08,16,2,,0,0,1,0,0,0,0
"POINT (8.870184984000000 53.097116808000003)",Unfall 101795 (2016) Kat:3, Licht: 0,101795,3,2,5,10,14,1,,0,0,1,0,0,0,0
"POINT (8.901608654000000 53.059354294000002)",Unfall 101796 (2016) Kat:3, Licht: 2,101796,3,2,5,09,05,3,,2,1,1,0,0,0,0
"POINT (8.751193603999999 53.111038432000001)",Unfall 101797 (2016) Kat:3, Licht: 2,101797,3,4,6,09,20,2,,2,0,0,1,1,0,0
"POINT (8.613271605000000 53.184250956000000)",Unfall 101798 (2016) Kat:3, Licht: 0,101798,3,3,5,09,15,6,,0,0,1,0,0,0,0
"POINT (8.628023446000000 53.168352483000000)",Unfall 101799 (2016) Kat:3, Licht: 0,101799,3,4,0,09,10,3,,0,0,1,1,0,0,0
"POINT (8.879143305000000 53.078714040000001)",Unfall 101800 (2016) Kat:3, Licht: 0,101800,3,6,2,09,14,6,,0,0,1,0,0,0,0
"POINT (8.826547974000000 53.072886183999998)",Unfall 101801 (2016) Kat:3, Licht: 0,101801,3,4,6,09,10,5,,0,0,1,1,0,0,0
"POINT (8.803260444999999 53.069600717999997)",Unfall 101802 (2016) Kat:3, Licht: 0,101802,3,4,6,09,12,4,,0,1,0,1,0,0,0
"POINT (8.801721169000000 53.079231780999997)",Unfall 101803 (2016) Kat:3, Licht: 1,101803,3,4,6,09,19,3,,1,1,0,1,0,0,0
"POINT (8.783935420000001 53.075720163000000)",Unfall 101804 (2016) Kat:2, Licht: 0,101804,2,3,5,09,14,2,,0,1,1,0,0,0,0
"POINT (8.856558958000001 53.082453203999997)",Unfall 101806 (2016) Kat:3, Licht: 0,101806,3,2,2,08,11,4,,0,0,1,0,1,0,0
"POINT (8.819741976000000 53.083986234000001)",Unfall 101807 (2016) Kat:2, Licht: 0,101807,2,1,0,08,16,4,,0,1,0,0,0,0,0
"POINT (8.845048199000001 53.046128488999997)",Unfall 101808 (2016) Kat:3, Licht: 0,101808,3,7,2,08,16,1,,0,0,1,0,0,0,0
"POINT (8.661214442000000 53.176433037999999)",Unfall 101809 (2016) Kat:3, Licht: 2,101809,3,1,0,08,01,1,,2,1,0,0,0,0,0
"POINT (8.846633418000000 53.071590983999997)",Unfall 101810 (2016) Kat:3, Licht: 0,101810,3,7,0,10,18,7,,0,1,0,0,0,0,0
"POINT (8.867908253000000 53.062100897999997)",Unfall 101811 (2016) Kat:3, Licht: 2,101811,3,3,5,09,22,2,,2,0,1,0,0,0,0
"POINT (8.814503493000000 53.081422803000002)",Unfall 101812 (2016) Kat:3, Licht: 0,101812,3,6,4,09,15,7,,0,0,0,0,0,0,1
"POINT (8.810990556000000 53.061256336000000)",Unfall 101813 (2016) Kat:3, Licht: 0,101813,3,4,6,09,16,4,,0,1,0,1,0,0,0
"POINT (8.891743082000000 53.098485668999999)",Unfall 101815 (2016) Kat:3, Licht: 0,101815,3,2,5,09,17,2,,0,1,1,0,0,0,0
"POINT (8.715438484000000 53.135300856999997)",Unfall 101816 (2016) Kat:3, Licht: 0,101816,3,1,1,09,07,3,,0,0,1,0,0,1,0
"POINT (8.575974027999999 53.203162704999997)",Unfall 101817 (2016) Kat:3, Licht: 0,101817,3,3,5,09,10,7,,0,0,1,0,0,0,0
"POINT (8.755502524000001 53.081278619999999)",Unfall 101818 (2016) Kat:3, Licht: 0,101818,3,2,5,08,17,4,,0,0,1,0,1,0,0
"POINT (8.896879958000000 53.059085246000002)",Unfall 101820 (2016) Kat:3, Licht: 0,101820,3,2,5,09,16,5,,0,1,0,0,0,0,1
"POINT (8.914376283999999 53.059780033000003)",Unfall 101821 (2016) Kat:3, Licht: 2,101821,3,3,5,09,22,4,,2,1,1,0,0,0,0
"POINT (8.800898007000001 53.065732500000003)",Unfall 101824 (2016) Kat:3, Licht: 0,101824,3,5,1,08,20,4,,0,1,1,0,0,0,0
"POINT (8.782489192000000 53.094943039000000)",Unfall 101825 (2016) Kat:3, Licht: 0,101825,3,3,5,09,17,1,,0,1,1,0,0,0,0
"POINT (8.763962179000000 53.113109031000000)",Unfall 101826 (2016) Kat:3, Licht: 0,101826,3,6,4,09,13,5,,0,1,1,0,0,0,0
"POINT (8.892758797000001 53.082524536000001)",Unfall 101828 (2016) Kat:3, Licht: 0,101828,3,7,2,08,16,7,,0,0,1,0,0,0,1
"POINT (8.751251864000000 53.082276788000001)",Unfall 101829 (2016) Kat:2, Licht: 0,101829,2,1,1,09,07,6,,0,0,0,0,0,0,1
"POINT (8.789800036000001 53.079287725999997)",Unfall 101830 (2016) Kat:3, Licht: 0,101830,3,6,3,08,16,5,,0,0,1,0,0,1,0
"POINT (8.583483260000000 53.214340063999998)",Unfall 101832 (2016) Kat:3, Licht: 0,101832,3,7,9,09,07,6,,0,0,1,0,0,0,0
"POINT (8.794912738000001 53.093951885000003)",Unfall 101833 (2016) Kat:3, Licht: 0,101833,3,3,5,09,14,4,,0,1,1,0,0,0,0
"POINT (8.805878757000000 53.073427938000002)",Unfall 101834 (2016) Kat:3, Licht: 0,101834,3,2,5,09,16,3,,0,1,1,0,0,0,0
"POINT (8.756948953000000 53.117925130000003)",Unfall 101835 (2016) Kat:3, Licht: 1,101835,3,2,5,09,18,2,,1,1,1,0,0,0,0
"POINT (8.740888587000001 53.053064331999998)",Unfall 101836 (2016) Kat:3, Licht: 0,101836,3,3,5,09,15,6,,0,1,1,0,0,0,0
"POINT (8.814461970000000 53.101160792000002)",Unfall 101837 (2016) Kat:3, Licht: 0,101837,3,2,3,08,13,4,,0,1,1,0,0,0,0
"POINT (8.730022275000000 53.056017687999997)",Unfall 101839 (2016) Kat:3, Licht: 0,101839,3,3,5,09,07,4,,0,1,0,0,0,0,1
"POINT (8.798342355000001 53.080006945000001)",Unfall 101840 (2016) Kat:2, Licht: 2,101840,2,4,6,09,21,7,,2,0,1,1,0,0,0
"POINT (8.782382003000000 53.153007447999997)",Unfall 101841 (2016) Kat:2, Licht: 0,101841,2,6,4,08,15,3,,0,1,0,0,0,0,1
"POINT (8.809955998000000 53.074341701999998)",Unfall 101842 (2016) Kat:3, Licht: 0,101842,3,6,4,08,12,6,,0,1,0,0,0,0,0
"POINT (8.703706177999999 53.159486770000001)",Unfall 101843 (2016) Kat:2, Licht: 0,101843,2,7,4,09,07,5,,0,0,1,0,0,0,0
"POINT (8.851726035000000 53.086496996999998)",Unfall 101844 (2016) Kat:3, Licht: 0,101844,3,7,1,09,18,5,,0,1,1,0,0,0,0
"POINT (8.828348675999999 53.078164325000003)",Unfall 101845 (2016) Kat:3, Licht: 2,101845,3,3,5,09,20,5,,2,1,1,0,0,0,0
"POINT (8.842092401000000 53.085854869999999)",Unfall 101846 (2016) Kat:3, Licht: 0,101846,3,3,5,08,15,3,,0,1,0,0,0,0,0
"POINT (8.929197436000001 53.064295010999999)",Unfall 101847 (2016) Kat:3, Licht: 0,101847,3,1,0,08,17,6,,0,1,0,0,0,0,0
"POINT (8.814968874000000 53.079723545000000)",Unfall 101848 (2016) Kat:2, Licht: 2,101848,2,3,5,09,20,5,,2,1,1,0,0,0,0
"POINT (8.849980430000001 53.112039862000003)",Unfall 101849 (2016) Kat:3, Licht: 2,101849,3,3,5,09,21,6,,2,0,1,0,0,0,0
"POINT (8.767226038000000 53.081003809000002)",Unfall 101850 (2016) Kat:3, Licht: 0,101850,3,6,3,09,15,5,,0,1,0,0,0,0,0
"POINT (8.938879147000000 53.081009977999997)",Unfall 101851 (2016) Kat:3, Licht: 0,101851,3,3,5,09,07,4,,0,1,1,0,0,0,0