WKT,Name,OBJECTID,UKATEGORIE,UTYP1,UART,UMONAT,USTUNDE,UWOCHENTAG,STRZUSTAND,ULICHTVERH,ISTRAD,ISTPKW,ISTFUSS,ISTKRAD,ISTGKFZ,ISTSONSTIG
"POINT (8.767430295000001 53.080816249999998)",Unfall 101852 (2016) Kat:3, Licht: 0,101852,3,7,0,09,15,4,,0,1,0,0,0,0,0
"POINT (8.796826087000000 53.056693920000001)",Unfall 101853 (2016) Kat:3, Licht: 0,101853,3,3,5,09,09,6,,0,1,1,0,0,0,0
"POINT (8.886227983000000 53.060695811999999)",Unfall 101854 (2016) Kat:3, Licht: 0,101854,3,4,6,09,09,2,,0,0,0,1,0,0,1
"POINT (8.571935233000000 53.203262197999997)",Unfall 101855 (2016) Kat:3, Licht: 0,101855,3,5,1,08,07,3,,0,1,1,0,0,0,0
"POINT (8.789408991000000 53.090190688000000)",Unfall 101856 (2016) Kat:2, Licht: 2,101856,2,5,1,09,05,6,,2,1,1,0,0,0,0
"POINT (8.810720788999999 53.071820013000000)",Unfall 101858 (2016) Kat:2, Licht: 0,101858,2,2,5,09,18,7,,0,1,1,0,0,0,0
"POINT (8.786131620999999 53.096910065000003)",Unfall 101859 (2016) Kat:3, Licht: 0,101859,3,7,0,09,13,4,,0,0,1,0,0,0,0
"POINT (8.810554059999999 53.074072587000003)",Unfall 101862 (2016) Kat:3, Licht: 0,101862,3,3,5,09,08,3,,0,1,0,0,0,0,1
"POINT (8.788155806000001 53.076462274000001)",Unfall 101863 (2016) Kat:3, Licht: 0,101863,3,2,5,09,14,3,,0,1,0,0,0,1,0
"POINT (8.877441137000000 53.080490671000000)",Unfall 101864 (2016) Kat:3, Licht: 0,101864,3,3,5,09,12,2,,0,1,1,0,0,0,0
"POINT (8.748332227000001 53.125318679000003)",Unfall 101865 (2016) Kat:3, Licht: 0,101865,3,6,2,09,14,6,,0,0,1,0,0,0,0
"POINT (8.714968387000001 53.162594738999999)",Unfall 101866 (2016) Kat:3, Licht: 0,101866,3,7,0,09,10,3,,0,1,0,0,0,0,1
"POINT (8.928970399000001 53.059098192000000)",Unfall 101867 (2016) Kat:2, Licht: 0,101867,2,1,4,09,12,3,,0,0,1,0,0,0,0
"POINT (8.613013547000000 53.184324785000001)",Unfall 101868 (2016) Kat:3, Licht: 0,101868,3,2,2,09,17,5,,0,0,1,0,0,0,0
"POINT (8.755681807000000 53.118894814000001)",Unfall 101869 (2016) Kat:3, Licht: 0,101869,3,3,5,09,17,1,,0,1,1,0,0,0,0
"POINT (8.579832424999999 53.211136559000003)",Unfall 101870 (2016) Kat:3, Licht: 0,101870,3,7,6,08,17,2,,0,0,1,1,0,0,0
"POINT (8.886263348000000 53.061065945999999)",Unfall 101871 (2016) Kat:3, Licht: 0,101871,3,3,0,10,15,2,,0,1,0,0,0,0,1
"POINT (8.828730626000001 53.080229199999998)",Unfall 101872 (2016) Kat:2, Licht: 0,101872,2,6,2,09,13,3,,0,0,1,0,0,0,0
"POINT (8.759007671999999 53.116146327999999)",Unfall 101873 (2016) Kat:3, Licht: 0,101873,3,2,5,09,13,6,,0,0,1,0,0,0,1
"POINT (8.730919097999999 53.040787453999997)",Unfall 101874 (2016) Kat:3, Licht: 0,101874,3,7,1,09,16,5,,0,1,0,0,0,1,0
"POINT (8.827859355999999 53.072503359999999)",Unfall 101875 (2016) Kat:3, Licht: 2,101875,3,1,0,09,23,4,,2,1,0,0,0,0,0
"POINT (8.716573994999999 53.110023832000003)",Unfall 101877 (2016) Kat:3, Licht: 0,101877,3,1,9,09,16,1,,0,0,1,0,0,0,0
"POINT (8.842441944999999 53.088763985999996)",Unfall 101878 (2016) Kat:3, Licht: 0,101878,3,3,5,08,12,4,,0,0,1,0,0,0,1
"POINT (8.818254905000000 53.079919611999998)",Unfall 101879 (2016) Kat:2, Licht: 0,101879,2,5,0,09,16,2,,0,1,1,0,0,0,0
"POINT (8.739959642000001 53.132488934000001)",Unfall 101880 (2016) Kat:3, Licht: 0,101880,3,2,5,09,10,5,,0,0,1,0,0,0,1
"POINT (8.812877632999999 53.056195930000001)",Unfall 101881 (2016) Kat:2, Licht: 0,101881,2,7,1,08,06,4,,0,0,1,0,1,0,0
"POINT (8.762309534000000 53.087134720999998)",Unfall 101882 (2016) Kat:3, Licht: 0,101882,3,2,5,08,17,4,,0,1,1,0,0,0,0
"POINT (8.798137649999999 53.055919692000003)",Unfall 101883 (2016) Kat:2, Licht: 2,101883,2,7,0,08,21,1,,2,0,1,1,0,0,0
"POINT (8.893215186999999 53.111342444999998)",Unfall 101885 (2016) Kat:3, Licht: 0,101885,3,2,5,10,09,7,,0,1,1,0,0,0,0
"POINT (8.820590783000000 53.086325264000003)",Unfall 101886 (2016) Kat:3, Licht: 0,101886,3,6,2,09,10,7,,0,0,1,0,0,0,0
"POINT (8.862656181000000 53.067565643000002)",Unfall 101887 (2016) Kat:3, Licht: 1,101887,3,4,6,10,07,2,,1,0,0,1,0,0,1
"POINT (8.851267953000001 53.104811466999998)",Unfall 101888 (2016) Kat:3, Licht: 1,101888,3,3,5,10,07,4,,1,1,0,0,0,0,1
"POINT (8.777758814000000 53.099449659999998)",Unfall 101889 (2016) Kat:3, Licht: 0,101889,3,2,5,11,12,4,,0,1,0,0,0,0,1
"POINT (8.772515139999999 53.109101785000000)",Unfall 101891 (2016) Kat:3, Licht: 0,101891,3,7,5,10,10,6,,0,0,1,0,0,0,1
"POINT (8.801406367000000 53.109231227000002)",Unfall 101892 (2016) Kat:3, Licht: 2,101892,3,1,0,11,16,4,,2,1,0,0,0,0,0
"POINT (8.838691452999999 53.082753167000000)",Unfall 101894 (2016) Kat:3, Licht: 0,101894,3,6,2,10,14,2,,0,0,1,0,0,0,0
"POINT (8.804857544000001 53.065988234000002)",Unfall 101895 (2016) Kat:3, Licht: 0,101895,3,7,0,10,14,1,,0,1,0,0,0,0,0
"POINT (8.860678645000000 53.079172194000002)",Unfall 101898 (2016) Kat:3, Licht: 0,101898,3,3,5,10,08,3,,0,1,0,0,0,0,1
"POINT (8.784084799000000 53.089518171000002)",Unfall 101899 (2016) Kat:3, Licht: 0,101899,3,3,5,11,15,5,,0,1,1,0,0,0,0
"POINT (8.789855056000000 53.071499430999999)",Unfall 101900 (2016) Kat:3, Licht: 2,101900,3,6,2,11,20,1,,2,0,1,0,0,0,0
"POINT (8.869915030000000 53.064169665999998)",Unfall 101901 (2016) Kat:3, Licht: 0,101901,3,6,2,10,16,7,,0,0,1,0,0,0,0
"POINT (8.864949693000000 53.095776604000001)",Unfall 101902 (2016) Kat:3, Licht: 2,101902,3,7,3,10,22,3,,2,1,0,0,0,0,0
"POINT (8.587685789000000 53.182755364000002)",Unfall 101904 (2016) Kat:3, Licht: 0,101904,3,6,3,10,16,7,,0,0,1,0,0,0,0
"POINT (8.819504858000000 53.080538617999999)",Unfall 101905 (2016) Kat:3, Licht: 0,101905,3,3,5,10,13,6,,0,1,1,0,0,0,0
"POINT (8.623010152000001 53.168849045000002)",Unfall 101906 (2016) Kat:3, Licht: 1,101906,3,2,5,11,16,3,,1,0,1,0,1,0,0
"POINT (8.799263042000000 53.083900428000000)",Unfall 101907 (2016) Kat:3, Licht: 0,101907,3,6,2,11,07,3,,0,0,1,0,0,0,0
"POINT (8.649599253000000 53.176740395000003)",Unfall 101908 (2016) Kat:3, Licht: 2,101908,3,1,0,10,04,1,,2,1,0,0,0,0,0
"POINT (8.797118318000001 53.076331279999998)",Unfall 101909 (2016) Kat:3, Licht: 0,101909,3,7,0,11,07,2,,0,1,0,0,0,0,0
"POINT (8.800979867000001 53.068372621000002)",Unfall 101911 (2016) Kat:2, Licht: 0,101911,2,6,3,10,17,7,,0,1,0,0,0,0,1
"POINT (8.635998634000000 53.171277441000001)",Unfall 101912 (2016) Kat:3, Licht: 0,101912,3,3,5,10,15,5,,0,1,1,0,0,0,0
"POINT (8.824397981000001 53.084366177000000)",Unfall 101913 (2016) Kat:3, Licht: 2,101913,3,3,5,10,20,6,,2,0,1,0,0,0,1
"POINT (8.788625428000000 53.088131429999997)",Unfall 101914 (2016) Kat:3, Licht: 0,101914,3,3,5,10,07,3,,0,1,1,0,0,0,0
"POINT (8.717512287000000 53.062334569999997)",Unfall 101915 (2016) Kat:3, Licht: 2,101915,3,6,3,10,21,3,,2,1,1,0,0,0,0
"POINT (8.870150729000001 53.097121090999998)",Unfall 101917 (2016) Kat:3, Licht: 0,101917,3,2,5,11,13,7,,0,0,1,0,0,0,0
"POINT (8.799820376000000 53.072765361999998)",Unfall 101918 (2016) Kat:3, Licht: 0,101918,3,6,4,11,10,6,,0,1,0,0,0,0,0
"POINT (8.875584678999999 53.080148809000001)",Unfall 101919 (2016) Kat:2, Licht: 0,101919,2,4,0,10,08,6,,0,1,0,0,0,0,1
"POINT (8.761159703000001 53.114886896999998)",Unfall 101921 (2016) Kat:3, Licht: 0,101921,3,2,5,11,12,3,,0,0,1,0,0,0,1
"POINT (8.884397937999999 53.072734947000001)",Unfall 101922 (2016) Kat:3, Licht: 0,101922,3,2,5,10,14,2,,0,1,1,0,0,0,0
"POINT (8.835557970000000 53.035357013999999)",Unfall 101923 (2016) Kat:3, Licht: 0,101923,3,6,2,10,13,7,,0,0,1,0,0,0,1
"POINT (8.832003747000000 53.077522690999999)",Unfall 101927 (2016) Kat:3, Licht: 0,101927,3,6,2,10,15,5,,0,0,1,0,0,0,0
"POINT (8.949535230000000 53.035567807000000)",Unfall 101929 (2016) Kat:3, Licht: 0,101929,3,5,0,11,13,6,,0,0,1,0,0,0,1
"POINT (8.818524521000001 53.082670010000001)",Unfall 101930 (2016) Kat:3, Licht: 2,101930,3,4,6,11,17,5,,2,1,0,1,0,0,0
"POINT (8.765514618999999 53.060755571000001)",Unfall 101932 (2016) Kat:3, Licht: 0,101932,3,1,0,10,14,6,,0,0,0,0,1,0,0
"POINT (8.840695111000001 53.046527292000000)",Unfall 101933 (2016) Kat:3, Licht: 0,101933,3,6,2,10,08,3,,0,0,1,0,0,0,0
"POINT (8.934431755000000 53.069347497000003)",Unfall 101934 (2016) Kat:2, Licht: 0,101934,2,3,5,11,11,3,,0,0,1,0,0,0,0
"POINT (8.780440454000001 53.063581274000001)",Unfall 101935 (2016) Kat:3, Licht: 0,101935,3,3,5,11,12,7,,0,0,1,0,0,0,0
"POINT (8.773464535000001 53.091655584999998)",Unfall 101936 (2016) Kat:3, Licht: 2,101936,3,6,2,11,19,5,,2,0,1,0,0,0,0
"POINT (8.814197306000001 53.100709019999996)",Unfall 101939 (2016) Kat:3, Licht: 0,101939,3,6,2,11,09,3,,0,0,1,0,0,0,0
"POINT (8.717616135000000 53.176130315999998)",Unfall 101940 (2016) Kat:2, Licht: 2,101940,2,4,6,10,19,3,,2,0,1,1,0,0,0
"POINT (8.823287608999999 53.029294915999998)",Unfall 101941 (2016) Kat:3, Licht: 0,101941,3,5,1,10,08,2,,0,0,1,0,0,0,0
"POINT (8.778267014000001 53.069192743999999)",Unfall 101942 (2016) Kat:3, Licht: 0,101942,3,6,2,10,14,6,,0,0,1,0,0,0,0
"POINT (8.793353237000000 53.092956137000002)",Unfall 101945 (2016) Kat:3, Licht: 2,101945,3,6,3,10,19,2,,2,0,1,0,1,0,0
"POINT (8.780263245000000 53.068960701000002)",Unfall 101946 (2016) Kat:3, Licht: 0,101946,3,6,3,10,09,5,,0,0,1,0,0,1,0
"POINT (8.807251144000000 53.082266799999999)",Unfall 101947 (2016) Kat:3, Licht: 2,101947,3,3,5,11,20,4,,2,1,1,0,0,0,0
"POINT (8.890932663999999 53.082949350000000)",Unfall 101948 (2016) Kat:3, Licht: 0,101948,3,4,6,11,11,6,,0,0,1,1,0,0,0
"POINT (8.862114988000000 53.067786986999998)",Unfall 101950 (2016) Kat:3, Licht: 0,101950,3,7,0,11,11,4,,0,0,0,0,0,0,1
"POINT (8.869246152000001 53.074787774999997)",Unfall 101951 (2016) Kat:3, Licht: 0,101951,3,7,0,10,13,4,,0,0,0,0,0,0,1
"POINT (8.824797395999999 53.084603573999999)",Unfall 101952 (2016) Kat:3, Licht: 0,101952,3,2,2,10,08,2,,0,0,1,0,0,0,0
"POINT (8.787474197000000 53.103368977000002)",Unfall 101953 (2016) Kat:2, Licht: 0,101953,2,4,6,10,14,1,,0,1,0,1,0,0,0
"POINT (8.823031768000000 53.036642665999999)",Unfall 101954 (2016) Kat:3, Licht: 0,101954,3,3,5,10,08,6,,0,0,1,0,1,0,0
"POINT (8.817140900000000 53.028660723999998)",Unfall 101955 (2016) Kat:3, Licht: 0,101955,3,7,0,10,16,3,,0,1,0,0,0,0,1
"POINT (8.790561973999999 53.086186110000000)",Unfall 101956 (2016) Kat:3, Licht: 2,101956,3,6,2,10,18,6,,2,0,1,0,0,0,0
"POINT (8.961159537000000 53.050303475000000)",Unfall 101957 (2016) Kat:3, Licht: 2,101957,3,6,2,11,19,6,,2,0,1,0,0,0,0
"POINT (8.807244354000000 53.082108323000000)",Unfall 101958 (2016) Kat:3, Licht: 0,101958,3,6,2,11,09,2,,0,0,1,0,0,0,0
"POINT (8.792286552000000 53.082797292000002)",Unfall 101959 (2016) Kat:3, Licht: 2,101959,3,3,5,11,00,7,,2,0,1,0,0,0,0
"POINT (8.767665768000001 53.114827421000001)",Unfall 101960 (2016) Kat:3, Licht: 0,101960,3,6,2,10,16,2,,0,0,1,0,0,0,0
"POINT (8.921112886000000 53.085244299999999)",Unfall 101961 (2016) Kat:3, Licht: 2,101961,3,6,2,10,20,1,,2,0,1,0,0,0,0
"POINT (8.793845526000000 53.088345392000001)",Unfall 101962 (2016) Kat:3, Licht: 0,101962,3,6,2,10,20,4,,0,0,1,0,0,0,0
"POINT (8.831295849000000 53.085878235999999)",Unfall 101964 (2016) Kat:3, Licht: 2,101964,3,4,6,11,22,4,,2,1,0,1,0,0,0
"POINT (8.870604297000000 53.090316272000003)",Unfall 101965 (2016) Kat:3, Licht: 0,101965,3,2,5,11,12,5,,0,1,1,0,0,0,0
"POINT (8.831076426999999 53.085828505999999)",Unfall 101967 (2016) Kat:2, Licht: 0,101967,2,1,0,11,11,4,,0,1,0,0,0,0,0
"POINT (8.521771790000001 53.205056669000001)",Unfall 101968 (2016) Kat:3, Licht: 0,101968,3,2,3,10,17,2,,0,0,1,0,0,0,0
"POINT (8.805760540000000 53.081384536999998)",Unfall 101969 (2016) Kat:3, Licht: 0,101969,3,3,5,10,11,7,,0,0,1,0,0,0,1
"POINT (8.808958150000001 53.072161272000002)",Unfall 101970 (2016) Kat:3, Licht: 0,101970,3,6,2,10,17,5,,0,0,1,0,0,0,0
"POINT (8.797953222000000 53.101018390999997)",Unfall 101971 (2016) Kat:3, Licht: 2,101971,3,6,2,10,06,6,,2,0,1,0,0,0,0
"POINT (8.789146190000000 53.073122578000003)",Unfall 101973 (2016) Kat:3, Licht: 0,101973,3,2,5,10,18,3,,0,1,1,0,0,0,0
"POINT (8.817390272000001 53.083503039999997)",Unfall 101974 (2016) Kat:3, Licht: 0,101974,3,3,5,11,08,4,,0,1,0,1,0,0,0
"POINT (8.757012169999999 53.110576115000001)",Unfall 101975 (2016) Kat:3, Licht: 0,101975,3,6,2,11,13,1,,0,0,1,0,0,0,0
"POINT (8.716196762999999 53.134900115999997)",Unfall 101976 (2016) Kat:3, Licht: 1,101976,3,3,5,11,15,6,,1,0,1,0,0,0,0
"POINT (8.810942289000000 53.092534444999998)",Unfall 101977 (2016) Kat:3, Licht: 0,101977,3,7,0,10,15,6,,0,0,1,1,0,0,0
"POINT (8.879647671000001 53.035220164000002)",Unfall 101978 (2016) Kat:3, Licht: 0,101978,3,3,5,10,14,3,,0,0,1,0,0,0,1
"POINT (8.894759285999999 53.046116265999999)",Unfall 101980 (2016) Kat:3, Licht: 0,101980,3,7,0,10,12,7,,0,0,1,0,0,0,0
"POINT (8.810281982999999 53.082049675999997)",Unfall 101981 (2016) Kat:3, Licht: 0,101981,3,6,2,10,09,4,,0,0,1,0,0,0,0
"POINT (8.776356392000000 53.092804833999999)",Unfall 101982 (2016) Kat:3, Licht: 0,101982,3,5,1,10,07,3,,0,0,1,0,0,0,0
"POINT (8.571847289000001 53.196121322000003)",Unfall 101984 (2016) Kat:3, Licht: 2,101984,3,3,5,11,22,1,,2,0,1,0,0,0,0
"POINT (8.746363691999999 53.127040217999998)",Unfall 101985 (2016) Kat:3, Licht: 0,101985,3,6,2,10,12,7,,0,0,1,0,0,0,0
"POINT (8.766452245000000 53.084311687000003)",Unfall 101986 (2016) Kat:3, Licht: 1,101986,3,3,5,10,07,3,,1,0,1,0,0,0,1
"POINT (8.901938590000000 53.073717393999999)",Unfall 101987 (2016) Kat:3, Licht: 0,101987,3,6,2,11,13,4,,0,0,1,0,0,0,0
"POINT (8.568824770999999 53.181331620000002)",Unfall 101988 (2016) Kat:3, Licht: 2,101988,3,2,4,10,20,6,,2,1,1,0,0,0,0
"POINT (8.863794017000000 53.064898962000001)",Unfall 101989 (2016) Kat:2, Licht: 1,101989,2,1,0,10,18,5,,1,1,0,0,0,0,0
"POINT (8.605510210000000 53.175074930000001)",Unfall 101990 (2016) Kat:3, Licht: 1,101990,3,3,5,11,06,3,,1,1,1,0,0,0,0
"POINT (8.834374716999999 53.081934695999998)",Unfall 101991 (2016) Kat:3, Licht: 0,101991,3,3,5,11,10,3,,0,1,1,0,0,0,0
"POINT (8.810942289000000 53.092534444999998)",Unfall 101992 (2016) Kat:3, Licht: 2,101992,3,5,1,10,04,2,,2,0,1,0,0,0,0
"POINT (8.902085757000000 53.071538797000002)",Unfall 101993 (2016) Kat:3, Licht: 0,101993,3,7,5,10,16,7,,0,0,1,0,0,0,0
"POINT (8.902346152000000 53.126806453999997)",Unfall 101994 (2016) Kat:3, Licht: 1,101994,3,1,0,10,07,5,,1,0,0,0,1,0,0
"POINT (8.816548259999999 53.084126953000002)",Unfall 101995 (2016) Kat:3, Licht: 0,101995,3,7,0,10,15,6,,0,0,1,1,0,0,0
"POINT (8.856615110000000 53.071463262999998)",Unfall 101996 (2016) Kat:3, Licht: 0,101996,3,6,2,10,14,3,,0,0,1,0,0,0,0
"POINT (8.837975293000000 53.082651380999998)",Unfall 101997 (2016) Kat:3, Licht: 0,101997,3,7,2,10,07,3,,0,0,0,0,1,0,1
"POINT (8.694248271999999 53.168795371999998)",Unfall 101998 (2016) Kat:3, Licht: 0,101998,3,6,2,11,15,3,,0,0,1,0,0,0,1
"POINT (8.837385048000000 53.037846588999997)",Unfall 101999 (2016) Kat:3, Licht: 0,101999,3,2,5,11,12,7,,0,1,1,0,0,0,0
"POINT (8.741180520000000 53.134174651999999)",Unfall 102000 (2016) Kat:3, Licht: 0,102000,3,2,5,11,12,6,,0,0,1,0,0,0,1
"POINT (8.787422535999999 53.089971280999997)",Unfall 102001 (2016) Kat:3, Licht: 0,102001,3,6,2,10,16,5,,0,0,1,0,1,0,0
"POINT (8.893067377000000 53.082222825000002)",Unfall 102002 (2016) Kat:3, Licht: 0,102002,3,7,0,10,16,6,,0,1,1,0,0,0,0
"POINT (8.769251392999999 53.082608864000001)",Unfall 102003 (2016) Kat:3, Licht: 2,102003,3,1,4,10,04,7,,2,0,1,0,0,1,0
"POINT (8.733870920999999 53.043161185000002)",Unfall 102004 (2016) Kat:2, Licht: 0,102004,2,6,2,10,12,2,,0,0,1,0,0,0,1
"POINT (8.878505498999999 53.101393278000003)",Unfall 102005 (2016) Kat:3, Licht: 1,102005,3,3,5,11,17,3,,1,1,1,0,0,0,0
"POINT (8.785501700999999 53.096731001000002)",Unfall 102006 (2016) Kat:3, Licht: 2,102006,3,3,5,10,17,2,,2,1,1,0,0,0,0
"POINT (8.810048767000000 53.081643442999997)",Unfall 102007 (2016) Kat:3, Licht: 2,102007,3,4,6,10,20,7,,2,0,1,1,0,0,0
"POINT (8.943543433000000 53.066499380000003)",Unfall 102008 (2016) Kat:3, Licht: 2,102008,3,4,6,11,21,1,,2,0,1,1,0,0,0
"POINT (8.807593968000001 53.099729641000003)",Unfall 102009 (2016) Kat:3, Licht: 0,102009,3,1,0,10,16,5,,0,0,1,0,1,0,0
"POINT (8.742947389999999 53.048493071000003)",Unfall 102010 (2016) Kat:3, Licht: 0,102010,3,7,0,11,14,2,,0,0,0,0,0,0,1
"POINT (8.899711028000001 53.044744702999999)",Unfall 102011 (2016) Kat:2, Licht: 0,102011,2,4,6,11,14,3,,0,0,1,1,0,0,0
"POINT (8.838031836000001 53.067851644999998)",Unfall 102012 (2016) Kat:2, Licht: 2,102012,2,7,7,10,19,7,,2,1,0,0,0,0,0
"POINT (8.792594998000000 53.082711386000000)",Unfall 102013 (2016) Kat:3, Licht: 0,102013,3,7,5,11,12,2,,0,0,1,0,0,0,1
"POINT (8.865859849000000 53.097491959999999)",Unfall 102014 (2016) Kat:3, Licht: 0,102014,3,5,1,10,09,3,,0,1,1,0,0,0,0
"POINT (8.825497196000001 53.037245622000000)",Unfall 102015 (2016) Kat:3, Licht: 0,102015,3,3,5,10,13,6,,0,0,1,0,0,0,0
"POINT (8.739756558000000 53.136579351999998)",Unfall 102016 (2016) Kat:3, Licht: 2,102016,3,6,1,10,23,6,,2,0,1,0,0,0,0
"POINT (8.794762212000000 53.094979813000002)",Unfall 102017 (2016) Kat:3, Licht: 0,102017,3,6,2,11,09,2,,0,0,1,0,0,0,1
"POINT (8.739365605000000 53.135794130999997)",Unfall 102018 (2016) Kat:3, Licht: 1,102018,3,3,5,11,18,5,,1,0,1,0,0,0,0
"POINT (8.805609107000000 53.065541904000000)",Unfall 102020 (2016) Kat:3, Licht: 0,102020,3,6,3,11,07,5,,0,1,0,0,0,1,0
"POINT (8.796408375000000 53.087037254000002)",Unfall 102022 (2016) Kat:3, Licht: 1,102022,3,7,5,11,08,3,,1,0,1,0,0,0,1
"POINT (8.875181520000000 53.082430092999999)",Unfall 102023 (2016) Kat:3, Licht: 2,102023,3,3,5,10,20,3,,2,1,1,0,0,0,0
"POINT (8.625262433000000 53.180283453999998)",Unfall 102024 (2016) Kat:2, Licht: 2,102024,2,3,5,10,06,2,,2,1,1,0,0,0,0
"POINT (8.878388974000000 53.079063537000003)",Unfall 102025 (2016) Kat:3, Licht: 0,102025,3,1,0,10,14,6,,0,1,0,0,0,0,0
"POINT (8.719441813000000 53.173793590000002)",Unfall 102026 (2016) Kat:3, Licht: 0,102026,3,4,6,11,10,6,,0,0,0,1,0,0,1
"POINT (8.887912109000000 53.109136939000003)",Unfall 102027 (2016) Kat:3, Licht: 0,102027,3,6,2,11,08,7,,0,0,1,0,0,0,0
"POINT (8.903496285999999 53.047822467000003)",Unfall 102028 (2016) Kat:3, Licht: 2,102028,3,2,4,10,06,2,,2,1,0,0,0,0,0
"POINT (8.740889191999999 53.053022167000002)",Unfall 102029 (2016) Kat:3, Licht: 0,102029,3,3,5,10,12,5,,0,0,1,0,0,0,0
"POINT (8.863098978000000 53.071417035000003)",Unfall 102030 (2016) Kat:3, Licht: 2,102030,3,4,6,11,17,4,,2,0,1,1,0,0,0
"POINT (8.835625733000001 53.073780147999997)",Unfall 102031 (2016) Kat:3, Licht: 0,102031,3,3,5,11,07,6,,0,1,0,0,0,0,1
"POINT (8.802157885000000 53.063803022999998)",Unfall 102032 (2016) Kat:3, Licht: 0,102032,3,3,5,10,14,2,,0,1,0,0,0,0,1
"POINT (8.803699470000000 53.101702803999999)",Unfall 102033 (2016) Kat:3, Licht: 0,102033,3,5,0,10,16,5,,0,1,0,0,0,0,1
"POINT (8.939816678000000 53.076939322999998)",Unfall 102034 (2016) Kat:3, Licht: 0,102034,3,7,0,10,11,5,,0,0,0,0,0,0,1
"POINT (8.726497477000001 53.129421905000001)",Unfall 102035 (2016) Kat:3, Licht: 1,102035,3,6,2,11,17,4,,1,0,1,0,0,1,0
"POINT (8.752464133000000 53.119776362000003)",Unfall 102036 (2016) Kat:3, Licht: 2,102036,3,3,5,11,05,6,,2,0,1,0,0,0,1
"POINT (8.699267574000000 53.168181177999998)",Unfall 102037 (2016) Kat:3, Licht: 2,102037,3,3,5,11,18,5,,2,0,1,0,1,0,0
"POINT (8.806307456000001 53.084131296999999)",Unfall 102038 (2016) Kat:3, Licht: 2,102038,3,1,0,10,20,4,,2,1,0,0,0,0,0
"POINT (8.549387232999999 53.189862177999998)",Unfall 102039 (2016) Kat:2, Licht: 0,102039,2,1,8,10,17,3,,0,0,1,1,0,0,0
"POINT (8.800283947000001 53.078935762000000)",Unfall 102040 (2016) Kat:3, Licht: 2,102040,3,6,2,10,19,1,,2,0,1,0,0,0,0
"POINT (8.804912463000001 53.088549123000000)",Unfall 102041 (2016) Kat:3, Licht: 0,102041,3,3,5,10,13,6,,0,1,1,0,0,0,0
"POINT (8.824969723000001 53.084567362000001)",Unfall 102043 (2016) Kat:3, Licht: 0,102043,3,3,5,10,13,3,,0,1,1,0,0,0,0
"POINT (8.619028106000000 53.179984728000001)",Unfall 102044 (2016) Kat:3, Licht: 2,102044,3,4,6,11,16,6,,2,0,1,1,0,0,0
"POINT (8.800612371000000 53.094594469000000)",Unfall 102045 (2016) Kat:2, Licht: 2,102045,2,3,5,11,19,2,,2,1,0,0,0,0,0
"POINT (8.824750675000001 53.084162597000002)",Unfall 102046 (2016) Kat:3, Licht: 2,102046,3,3,5,11,20,6,,2,1,1,0,0,0,0
"POINT (8.686084571000000 53.173313335000003)",Unfall 102049 (2016) Kat:2, Licht: 0,102049,2,3,5,10,15,4,,0,1,1,0,0,0,0
"POINT (8.799303541000001 53.083891055000002)",Unfall 102051 (2016) Kat:3, Licht: 0,102051,3,2,4,11,10,4,,0,1,1,0,0,0,0
"POINT (8.920219872000001 53.059570186000002)",Unfall 102052 (2016) Kat:3, Licht: 0,102052,3,3,5,10,16,6,,0,0,1,0,0,0,0
"POINT (8.883180965999999 53.074754124999998)",Unfall 102053 (2016) Kat:3, Licht: 1,102053,3,6,2,10,18,5,,1,0,1,0,0,0,0
"POINT (8.835147735000000 53.091456258000001)",Unfall 102054 (2016) Kat:3, Licht: 0,102054,3,2,5,11,15,4,,0,0,1,0,0,0,0
"POINT (8.837144695999999 53.082586161000002)",Unfall 102055 (2016) Kat:3, Licht: 0,102055,3,3,5,10,14,5,,0,1,1,0,0,0,0
"POINT (8.555556191999999 53.190858067000001)",Unfall 102056 (2016) Kat:2, Licht: 2,102056,2,3,5,11,18,4,,2,0,1,0,0,0,0
"POINT (8.835455274999999 53.097159714000000)",Unfall 102058 (2016) Kat:3, Licht: 0,102058,3,2,5,10,15,2,,0,1,1,0,0,0,0
"POINT (8.728656732999999 53.038809514000000)",Unfall 102059 (2016) Kat:3, Licht: 2,102059,3,3,5,10,22,1,,2,0,1,0,0,0,0
"POINT (8.837451393000000 53.037814814999997)",Unfall 102061 (2016) Kat:3, Licht: 0,102061,3,2,6,10,09,4,,0,0,1,1,0,0,0
"POINT (8.808488154999999 53.059262746000002)",Unfall 102062 (2016) Kat:3, Licht: 0,102062,3,6,2,10,11,3,,0,0,1,0,0,0,0
"POINT (8.630235587000000 53.167078347999997)",Unfall 102063 (2016) Kat:3, Licht: 0,102063,3,1,0,11,10,5,,0,1,0,0,0,0,0
"POINT (8.796404156000000 53.068975029999997)",Unfall 102064 (2016) Kat:3, Licht: 2,102064,3,3,5,11,21,1,,2,1,1,0,0,0,0
"POINT (8.926232695000000 53.097604787999998)",Unfall 102065 (2016) Kat:3, Licht: 0,102065,3,7,0,10,16,7,,0,1,0,0,0,0,0
"POINT (8.577716314000000 53.187136356000003)",Unfall 102066 (2016) Kat:3, Licht: 2,102066,3,2,5,10,06,3,,2,0,1,0,0,0,0