WKT,Name,OBJECTID,UKATEGORIE,UTYP1,UART,UMONAT,USTUNDE,UWOCHENTAG,STRZUSTAND,ULICHTVERH,ISTRAD,ISTPKW,ISTFUSS,ISTKRAD,ISTGKFZ,ISTSONSTIG
"POINT (8.797710806000000 53.076732931999999)",Unfall 102068 (2016) Kat:3, Licht: 0,102068,3,6,2,10,09,6,,0,0,1,0,0,0,0
"POINT (8.893889910000000 53.079456620999999)",Unfall 102070 (2016) Kat:2, Licht: 2,102070,2,4,6,11,17,3,,2,0,0,1,1,0,0
"POINT (8.882765646999999 53.074709730999999)",Unfall 102071 (2016) Kat:3, Licht: 2,102071,3,3,5,11,22,3,,2,0,1,0,0,0,0
"POINT (8.820246287000000 53.084041434000000)",Unfall 102072 (2016) Kat:3, Licht: 2,102072,3,2,5,10,17,1,,2,1,1,0,0,0,0
"POINT (8.810615651000001 53.081874609000003)",Unfall 102074 (2016) Kat:3, Licht: 0,102074,3,1,0,10,15,6,,0,1,0,0,0,0,0
"POINT (8.800978681000000 53.081030574000003)",Unfall 102075 (2016) Kat:3, Licht: 0,102075,3,3,5,10,09,3,,0,1,1,0,0,0,0
"POINT (8.964033675000000 53.061793586999997)",Unfall 102076 (2016) Kat:3, Licht: 0,102076,3,3,5,11,08,3,,0,1,0,0,0,0,1
"POINT (8.755089602000000 53.088499616000000)",Unfall 102077 (2016) Kat:3, Licht: 0,102077,3,5,1,11,13,7,,0,1,1,0,0,0,0
"POINT (8.875278419000001 53.082437689000002)",Unfall 102079 (2016) Kat:3, Licht: 0,102079,3,2,5,10,15,7,,0,0,1,0,1,0,0
"POINT (8.960369437000001 53.048377356000003)",Unfall 102080 (2016) Kat:3, Licht: 0,102080,3,7,5,10,13,5,,0,0,1,0,0,0,1
"POINT (8.821691212999999 53.082188404000000)",Unfall 102081 (2016) Kat:3, Licht: 2,102081,3,3,5,10,18,6,,2,1,1,0,0,0,0
"POINT (8.804841840000000 53.080964551999998)",Unfall 102082 (2016) Kat:3, Licht: 2,102082,3,2,5,10,05,3,,2,1,1,0,0,0,0
"POINT (8.772008935000001 53.071641519000003)",Unfall 102083 (2016) Kat:3, Licht: 0,102083,3,7,1,10,13,3,,0,1,1,0,0,0,0
"POINT (8.897650483000000 53.058945762000000)",Unfall 102084 (2016) Kat:3, Licht: 2,102084,3,3,5,11,16,4,,2,1,1,0,0,0,0
"POINT (8.740507618000001 53.054247144000001)",Unfall 102086 (2016) Kat:3, Licht: 0,102086,3,3,5,11,09,6,,0,0,1,0,0,0,1
"POINT (8.856893719000000 53.072541303000001)",Unfall 102087 (2016) Kat:2, Licht: 1,102087,2,1,0,10,18,6,,1,0,0,0,1,0,0
"POINT (8.852612274000000 53.104449219999999)",Unfall 102089 (2016) Kat:2, Licht: 0,102089,2,2,5,11,10,3,,0,1,0,0,0,0,1
"POINT (8.796972397999999 53.068586684000003)",Unfall 102090 (2016) Kat:3, Licht: 2,102090,3,3,5,11,17,2,,2,1,1,0,0,0,0
"POINT (8.736131179999999 53.044759751999997)",Unfall 102092 (2016) Kat:3, Licht: 0,102092,3,7,1,10,11,7,,0,0,1,0,0,0,1
"POINT (8.949730143000000 53.064211567000001)",Unfall 102093 (2016) Kat:3, Licht: 2,102093,3,3,0,11,17,2,,2,1,1,0,0,0,0
"POINT (8.828546616000001 53.085202367999997)",Unfall 102096 (2016) Kat:3, Licht: 0,102096,3,7,0,10,10,6,,0,1,0,0,0,0,0
"POINT (8.871350801000000 53.097101240999997)",Unfall 102097 (2016) Kat:3, Licht: 0,102097,3,4,6,11,13,5,,0,0,1,1,0,0,0
"POINT (8.809025447000000 53.088335031000000)",Unfall 102098 (2016) Kat:3, Licht: 2,102098,3,2,5,11,17,6,,2,0,1,0,0,0,0
"POINT (8.739480892000000 53.048794049000001)",Unfall 102099 (2016) Kat:3, Licht: 0,102099,3,3,5,11,09,5,,0,1,0,0,0,0,1
"POINT (8.617754675000001 53.191939013999999)",Unfall 102101 (2016) Kat:2, Licht: 0,102101,2,1,9,11,14,3,,0,0,1,0,0,0,0
"POINT (8.819770863000001 53.049489827000002)",Unfall 102102 (2016) Kat:3, Licht: 2,102102,3,3,5,10,06,3,,2,1,1,0,0,0,0
"POINT (8.851000054000000 53.045321735000002)",Unfall 102103 (2016) Kat:3, Licht: 1,102103,3,2,5,10,07,2,,1,1,1,0,0,0,0
"POINT (8.822239131000000 53.034105511999996)",Unfall 102104 (2016) Kat:3, Licht: 0,102104,3,7,0,10,15,5,,0,1,0,0,0,0,0
"POINT (8.798137649999999 53.055919692000003)",Unfall 102105 (2016) Kat:2, Licht: 1,102105,2,3,5,10,18,1,,1,0,1,0,0,0,0
"POINT (8.902452890999999 53.049181607000001)",Unfall 102106 (2016) Kat:2, Licht: 2,102106,2,7,0,11,05,3,,2,1,0,0,0,0,0
"POINT (8.886893758999999 53.059709904000002)",Unfall 102108 (2016) Kat:3, Licht: 0,102108,3,1,0,10,15,2,,0,1,0,0,0,0,0
"POINT (8.850746604999999 53.027528517999997)",Unfall 102109 (2016) Kat:3, Licht: 0,102109,3,2,2,10,14,6,,0,0,1,0,0,0,0
"POINT (8.791866489000000 53.065219880999997)",Unfall 102111 (2016) Kat:3, Licht: 2,102111,3,6,2,10,20,2,,2,0,1,0,0,0,0
"POINT (8.853825723000000 53.082415628000000)",Unfall 102112 (2016) Kat:3, Licht: 0,102112,3,6,2,10,15,5,,0,0,1,0,0,0,0
"POINT (8.873253809000000 53.067168043999999)",Unfall 102113 (2016) Kat:3, Licht: 0,102113,3,3,5,10,15,5,,0,1,1,0,0,0,0
"POINT (8.805726731000000 53.081407153000001)",Unfall 102114 (2016) Kat:3, Licht: 0,102114,3,1,0,11,13,4,,0,1,0,0,0,0,0
"POINT (8.753129869000000 53.121106662000003)",Unfall 102115 (2016) Kat:3, Licht: 2,102115,3,6,2,11,19,6,,2,0,1,0,0,0,0
"POINT (8.775013789000001 53.100135313999999)",Unfall 102117 (2016) Kat:3, Licht: 2,102117,3,6,2,11,17,4,,2,0,1,0,0,0,0
"POINT (8.867608175999999 53.062093920999999)",Unfall 102118 (2016) Kat:3, Licht: 2,102118,3,1,8,10,06,4,,2,0,0,0,1,0,0
"POINT (8.784086287999999 53.075625731999999)",Unfall 102120 (2016) Kat:2, Licht: 0,102120,2,6,4,10,13,1,,0,1,0,0,0,0,0
"POINT (8.890474888000000 53.063491966999997)",Unfall 102121 (2016) Kat:3, Licht: 2,102121,3,3,5,10,07,6,,2,0,1,0,0,0,0
"POINT (8.838033734000000 53.067850219000000)",Unfall 102122 (2016) Kat:3, Licht: 2,102122,3,3,5,10,18,4,,2,1,1,0,0,0,0
"POINT (8.748893002999999 53.124796742000001)",Unfall 102123 (2016) Kat:3, Licht: 0,102123,3,4,6,10,16,3,,0,0,1,1,0,0,0
"POINT (8.936280259000000 53.066850719999998)",Unfall 102124 (2016) Kat:3, Licht: 0,102124,3,7,1,11,12,6,,0,1,1,0,0,0,0
"POINT (8.944676219000000 53.065881341999997)",Unfall 102127 (2016) Kat:3, Licht: 2,102127,3,3,0,10,18,7,,2,0,1,0,1,0,0
"POINT (8.843718321000001 53.066859538000003)",Unfall 102128 (2016) Kat:3, Licht: 0,102128,3,7,0,10,15,6,,0,0,0,0,1,0,0
"POINT (8.783275997000001 53.069726152000001)",Unfall 102129 (2016) Kat:3, Licht: 0,102129,3,3,5,11,07,6,,0,1,1,0,0,0,0
"POINT (8.819093713999999 53.087046512000001)",Unfall 102130 (2016) Kat:2, Licht: 0,102130,2,2,5,11,08,2,,0,1,1,0,0,0,0
"POINT (8.577742362000000 53.187101718000001)",Unfall 102131 (2016) Kat:2, Licht: 2,102131,2,4,6,11,20,7,,2,0,1,1,0,0,0
"POINT (8.832333023000000 53.040230567999998)",Unfall 102132 (2016) Kat:3, Licht: 0,102132,3,6,1,10,13,2,,0,0,1,0,0,0,0
"POINT (8.777118402999999 53.106599244000002)",Unfall 102133 (2016) Kat:3, Licht: 0,102133,3,6,2,10,14,1,,0,1,0,0,0,0,0
"POINT (8.789962431999999 53.086407264000002)",Unfall 102134 (2016) Kat:3, Licht: 0,102134,3,3,5,10,11,4,,0,0,1,0,0,0,0
"POINT (8.851856525000001 53.088671583999997)",Unfall 102135 (2016) Kat:3, Licht: 0,102135,3,6,2,11,14,4,,0,1,0,0,0,0,0
"POINT (8.792135972000001 53.075238036999998)",Unfall 102136 (2016) Kat:3, Licht: 2,102136,3,3,5,11,17,5,,2,1,1,0,0,0,0
"POINT (8.809168264000000 53.078835362000000)",Unfall 102138 (2016) Kat:3, Licht: 2,102138,3,2,3,11,17,4,,2,1,1,0,0,0,0
"POINT (8.580040430000000 53.180281012999998)",Unfall 102139 (2016) Kat:3, Licht: 2,102139,3,3,5,10,06,2,,2,1,1,0,0,0,0
"POINT (8.891846580999999 53.048530874000001)",Unfall 102141 (2016) Kat:3, Licht: 2,102141,3,2,5,10,22,5,,2,1,1,0,0,0,0
"POINT (8.807838884000001 53.064219338999997)",Unfall 102143 (2016) Kat:3, Licht: 0,102143,3,5,1,10,11,3,,0,1,1,0,0,0,0
"POINT (8.819471619000000 53.075858586000003)",Unfall 102144 (2016) Kat:3, Licht: 0,102144,3,3,5,11,12,5,,0,1,0,0,0,0,0
"POINT (8.871069040000000 53.098467696999997)",Unfall 102145 (2016) Kat:2, Licht: 0,102145,2,3,5,11,10,1,,0,0,1,0,0,0,0
"POINT (8.824991634000000 53.081148636000002)",Unfall 102146 (2016) Kat:3, Licht: 0,102146,3,3,5,11,13,6,,0,1,1,0,0,0,0
"POINT (8.634127039999999 53.170104711999997)",Unfall 102147 (2016) Kat:3, Licht: 2,102147,3,1,8,10,01,7,,2,0,1,0,0,0,1
"POINT (8.886352275000000 53.090444349000002)",Unfall 102148 (2016) Kat:3, Licht: 1,102148,3,1,9,10,16,3,,1,0,1,0,0,0,0
"POINT (8.856903633000000 53.072674200000002)",Unfall 102150 (2016) Kat:3, Licht: 0,102150,3,2,5,10,15,6,,0,1,1,0,0,0,0
"POINT (8.861763977000001 53.102822519000000)",Unfall 102151 (2016) Kat:3, Licht: 0,102151,3,2,5,10,15,4,,0,0,1,0,1,0,0
"POINT (8.930552538000001 53.059125379000001)",Unfall 102152 (2016) Kat:3, Licht: 0,102152,3,6,2,11,13,3,,0,0,1,0,0,1,0
"POINT (8.932652277000001 53.064805456999999)",Unfall 102153 (2016) Kat:3, Licht: 2,102153,3,4,6,11,17,3,,2,0,1,1,0,0,0
"POINT (8.804618228000001 53.085793178000003)",Unfall 102154 (2016) Kat:3, Licht: 1,102154,3,6,0,10,18,3,,1,0,1,0,1,0,0
"POINT (8.789158474000001 53.082912110000002)",Unfall 102155 (2016) Kat:3, Licht: 1,102155,3,3,5,11,16,4,,1,1,1,0,0,0,0
"POINT (8.819116854000001 53.080277621999997)",Unfall 102156 (2016) Kat:3, Licht: 2,102156,3,6,4,10,20,6,,2,1,1,0,0,0,0
"POINT (8.803619210000001 53.072225218000000)",Unfall 102157 (2016) Kat:3, Licht: 0,102157,3,2,5,10,16,4,,0,1,0,0,0,0,1
"POINT (8.735091441000000 53.043963732000002)",Unfall 102158 (2016) Kat:3, Licht: 0,102158,3,7,0,11,11,3,,0,1,1,0,0,0,0
"POINT (8.933880072999999 53.038640745000002)",Unfall 102159 (2016) Kat:3, Licht: 0,102159,3,1,8,10,09,2,,0,0,1,0,0,0,0
"POINT (8.810932277999999 53.057552323000003)",Unfall 102160 (2016) Kat:3, Licht: 1,102160,3,3,5,10,17,7,,1,0,1,0,0,0,0
"POINT (8.864821429999999 53.070861039999997)",Unfall 102161 (2016) Kat:3, Licht: 0,102161,3,2,0,10,13,5,,0,1,0,0,0,0,1
"POINT (8.802228738000000 53.105290359999998)",Unfall 102162 (2016) Kat:3, Licht: 2,102162,3,6,2,10,06,6,,2,0,1,0,0,0,0
"POINT (8.825143856000000 53.084428570000000)",Unfall 102163 (2016) Kat:3, Licht: 2,102163,3,1,0,10,19,3,,2,1,0,0,0,0,0
"POINT (8.881170239999999 53.064407273000000)",Unfall 102164 (2016) Kat:3, Licht: 0,102164,3,3,5,10,16,3,,0,0,1,0,0,0,1
"POINT (8.893126151000001 53.097097902999998)",Unfall 102165 (2016) Kat:3, Licht: 0,102165,3,7,1,11,13,3,,0,0,1,0,1,0,0
"POINT (8.808962223000000 53.063546230000000)",Unfall 102166 (2016) Kat:3, Licht: 0,102166,3,1,1,11,10,7,,0,0,1,0,1,0,0
"POINT (8.795482534000000 53.056331057999998)",Unfall 102167 (2016) Kat:2, Licht: 0,102167,2,3,5,11,10,6,,0,0,1,0,0,0,0
"POINT (8.702511393000000 53.170102808000003)",Unfall 102168 (2016) Kat:3, Licht: 2,102168,3,4,6,10,06,5,,2,1,0,1,0,0,0
"POINT (8.770659542000001 53.078542982000002)",Unfall 102169 (2016) Kat:3, Licht: 0,102169,3,6,1,10,15,6,,0,0,1,0,0,0,0
"POINT (8.746867870999999 53.121831004999997)",Unfall 102170 (2016) Kat:3, Licht: 2,102170,3,2,5,10,05,2,,2,1,1,0,0,0,0
"POINT (8.802228835999999 53.069846390999999)",Unfall 102171 (2016) Kat:3, Licht: 0,102171,3,7,3,11,10,3,,0,1,1,0,0,0,0
"POINT (8.801159279000000 53.078305096000001)",Unfall 102172 (2016) Kat:3, Licht: 2,102172,3,7,1,10,06,2,,2,1,0,1,0,0,0
"POINT (8.962850195000000 53.060194301999999)",Unfall 102173 (2016) Kat:3, Licht: 2,102173,3,6,4,10,19,7,,2,0,1,0,0,0,0
"POINT (8.564833730000000 53.193259814999998)",Unfall 102174 (2016) Kat:3, Licht: 1,102174,3,2,5,11,16,1,,1,1,1,0,0,0,0
"POINT (8.835220426999999 53.084532617000001)",Unfall 102175 (2016) Kat:3, Licht: 1,102175,3,7,2,10,19,2,,1,1,1,0,0,0,0
"POINT (8.809527945999999 53.077307126999997)",Unfall 102176 (2016) Kat:3, Licht: 2,102176,3,2,6,10,19,5,,2,0,1,1,0,0,0
"POINT (8.830918448000000 53.074384109000000)",Unfall 102177 (2016) Kat:3, Licht: 2,102177,3,3,5,10,20,5,,2,1,1,0,0,0,0
"POINT (8.823174003000000 53.079259811000000)",Unfall 102178 (2016) Kat:3, Licht: 2,102178,3,1,9,10,19,1,,2,0,1,0,0,0,0
"POINT (8.897421758000000 53.058587461999998)",Unfall 102179 (2016) Kat:3, Licht: 0,102179,3,3,5,11,08,2,,0,1,1,0,0,0,0
"POINT (8.794974405000000 53.074140966999998)",Unfall 102180 (2016) Kat:3, Licht: 1,102180,3,3,5,10,17,6,,1,0,1,0,0,0,1
"POINT (8.811036143999999 53.076879679000001)",Unfall 102181 (2016) Kat:3, Licht: 2,102181,3,1,8,10,20,6,,2,0,1,0,0,0,0
"POINT (8.769665398000001 53.082442325999999)",Unfall 102182 (2016) Kat:3, Licht: 0,102182,3,1,0,10,13,3,,0,1,0,0,0,0,0
"POINT (8.873903322000000 53.066847674000002)",Unfall 102183 (2016) Kat:3, Licht: 2,102183,3,6,2,10,22,3,,2,0,1,0,0,0,0
"POINT (8.775359683000000 53.101970485000002)",Unfall 102184 (2016) Kat:3, Licht: 2,102184,3,7,0,11,16,3,,2,0,0,1,0,0,1
"POINT (8.891526818000001 53.082487256000000)",Unfall 102185 (2016) Kat:3, Licht: 0,102185,3,6,2,11,13,5,,0,0,1,0,0,0,0
"POINT (8.817160933000000 53.078746524000003)",Unfall 102187 (2016) Kat:2, Licht: 2,102187,2,6,2,11,17,5,,2,0,1,0,0,0,0
"POINT (8.887365814000001 53.109291902999999)",Unfall 102189 (2016) Kat:3, Licht: 0,102189,3,6,2,11,16,3,,0,0,1,0,0,0,0
"POINT (8.816386646000000 53.083221627000000)",Unfall 102190 (2016) Kat:3, Licht: 0,102190,3,2,5,10,18,3,,0,0,1,0,0,0,1
"POINT (8.624885523000000 53.173019775000000)",Unfall 102191 (2016) Kat:2, Licht: 0,102191,2,4,6,10,11,2,,0,1,0,1,0,0,0
"POINT (8.740126029000001 53.051412440000000)",Unfall 102192 (2016) Kat:3, Licht: 0,102192,3,3,5,10,15,6,,0,1,1,0,0,0,0
"POINT (8.788533365999999 53.070593297000002)",Unfall 102193 (2016) Kat:3, Licht: 0,102193,3,5,1,11,14,6,,0,1,1,0,0,0,0
"POINT (8.961906990999999 53.053203336000003)",Unfall 102194 (2016) Kat:3, Licht: 2,102194,3,6,2,11,18,7,,2,0,1,0,0,0,0
"POINT (8.872321865000000 53.067339601999997)",Unfall 102195 (2016) Kat:3, Licht: 0,102195,3,3,5,10,11,2,,0,1,1,0,0,0,0
"POINT (8.760197596999999 53.087962523999998)",Unfall 102196 (2016) Kat:3, Licht: 0,102196,3,7,0,10,16,5,,0,0,0,0,0,0,1
"POINT (8.816855544999999 53.078623782000001)",Unfall 102197 (2016) Kat:3, Licht: 0,102197,3,6,2,11,12,4,,0,0,1,0,0,0,0
"POINT (8.845521676000001 53.046614505000001)",Unfall 102198 (2016) Kat:3, Licht: 0,102198,3,6,3,11,12,6,,0,1,0,0,0,0,0
"POINT (8.842321917000000 53.145929652000000)",Unfall 102199 (2016) Kat:2, Licht: 0,102199,2,4,6,10,13,4,,0,0,0,1,1,0,0
"POINT (8.866764622000000 53.090946025000001)",Unfall 102200 (2016) Kat:3, Licht: 2,102200,3,2,5,11,17,4,,2,1,1,0,0,0,0
"POINT (8.735091441000000 53.043963732000002)",Unfall 102201 (2016) Kat:3, Licht: 0,102201,3,2,5,10,14,4,,0,1,1,1,0,0,0
"POINT (8.899359200999999 53.059266303999998)",Unfall 102202 (2016) Kat:3, Licht: 2,102202,3,3,5,11,20,4,,2,0,1,0,0,0,1
"POINT (8.806736087999999 53.073140176999999)",Unfall 102203 (2016) Kat:3, Licht: 2,102203,3,3,5,11,21,6,,2,0,1,0,0,0,0
"POINT (8.739195678000000 53.135399012999997)",Unfall 102204 (2016) Kat:3, Licht: 1,102204,3,2,5,11,07,5,,1,1,1,0,0,0,0
"POINT (8.721049363000001 53.048833406000000)",Unfall 102205 (2016) Kat:3, Licht: 2,102205,3,7,0,10,07,4,,2,1,0,0,0,0,0
"POINT (8.781718363000000 53.086162055999999)",Unfall 102206 (2016) Kat:3, Licht: 0,102206,3,3,5,10,08,3,,0,0,1,0,0,0,0
"POINT (8.874262120999999 53.078426847000003)",Unfall 102207 (2016) Kat:3, Licht: 1,102207,3,3,5,10,07,2,,1,1,1,0,0,0,0
"POINT (8.949886322999999 53.035368988999998)",Unfall 102208 (2016) Kat:3, Licht: 0,102208,3,3,5,10,14,6,,0,1,0,0,0,0,0
"POINT (8.818891197999999 53.111715709999999)",Unfall 102209 (2016) Kat:3, Licht: 1,102209,3,3,5,11,07,6,,1,0,1,0,0,0,0
"POINT (8.784682525999999 53.072291319999998)",Unfall 102210 (2016) Kat:3, Licht: 2,102210,3,6,2,11,18,2,,2,0,1,0,0,0,0
"POINT (8.956825265999999 53.051143097999997)",Unfall 102211 (2016) Kat:3, Licht: 0,102211,3,7,2,11,13,7,,0,0,1,0,0,0,0
"POINT (8.789745283000000 53.071498269000003)",Unfall 102212 (2016) Kat:2, Licht: 2,102212,2,4,6,10,19,2,,2,0,1,1,0,0,0
"POINT (8.807286956000000 53.060097396000003)",Unfall 102214 (2016) Kat:3, Licht: 0,102214,3,2,3,10,15,4,,0,1,1,0,0,0,0
"POINT (8.739141917000000 53.132819325000000)",Unfall 102216 (2016) Kat:2, Licht: 0,102216,2,4,6,11,11,4,,0,0,1,1,0,0,0
"POINT (8.800813658999999 53.068469852000000)",Unfall 102217 (2016) Kat:3, Licht: 0,102217,3,6,3,11,15,5,,0,1,0,0,0,0,1
"POINT (8.772552856000001 53.109031422000001)",Unfall 102218 (2016) Kat:3, Licht: 0,102218,3,6,2,10,13,4,,0,0,1,0,0,0,0
"POINT (8.780250616000000 53.078267947000001)",Unfall 102219 (2016) Kat:3, Licht: 2,102219,3,3,5,11,17,4,,2,1,0,0,0,0,1
"POINT (8.940560527000001 53.077596202000002)",Unfall 102220 (2016) Kat:3, Licht: 0,102220,3,3,5,10,11,2,,0,1,0,0,0,0,1
"POINT (8.574665338999999 53.192838928999997)",Unfall 102221 (2016) Kat:3, Licht: 0,102221,3,5,1,10,13,7,,0,0,1,0,0,0,0
"POINT (8.940180597000000 53.077261901999996)",Unfall 102222 (2016) Kat:3, Licht: 0,102222,3,3,5,10,13,5,,0,0,1,0,1,0,0
"POINT (8.825788515999999 53.035735569000003)",Unfall 102223 (2016) Kat:2, Licht: 0,102223,2,4,6,10,10,6,,0,0,1,1,0,0,0
"POINT (8.953817664000001 53.034081968000002)",Unfall 102226 (2016) Kat:3, Licht: 0,102226,3,2,5,11,09,4,,0,0,1,0,0,1,0
"POINT (8.856377472000000 53.088814284999998)",Unfall 102227 (2016) Kat:3, Licht: 0,102227,3,1,0,10,13,2,,0,1,0,0,0,0,0
"POINT (8.811766225000000 53.083159567000003)",Unfall 102228 (2016) Kat:3, Licht: 0,102228,3,4,6,10,17,1,,0,0,1,1,0,0,0
"POINT (8.676459904000000 53.169488631999997)",Unfall 102230 (2016) Kat:3, Licht: 2,102230,3,1,0,10,19,4,,2,0,1,0,0,0,0
"POINT (8.836550578000001 53.114971932000003)",Unfall 102231 (2016) Kat:3, Licht: 0,102231,3,3,5,10,14,2,,0,1,1,0,0,0,0
"POINT (8.619417273000000 53.184068465999999)",Unfall 102232 (2016) Kat:3, Licht: 0,102232,3,2,5,11,15,5,,0,0,1,0,0,0,0
"POINT (8.730687383999999 53.040582307999998)",Unfall 102233 (2016) Kat:3, Licht: 2,102233,3,6,4,11,22,1,,2,0,1,0,0,0,0
"POINT (8.916290763999999 53.071287525000002)",Unfall 102234 (2016) Kat:3, Licht: 2,102234,3,2,4,10,18,7,,2,0,1,0,0,0,0
"POINT (8.822886489000000 53.075764186000001)",Unfall 102235 (2016) Kat:3, Licht: 0,102235,3,6,2,10,16,3,,0,0,1,0,0,0,0
"POINT (8.910556435000000 53.082629187999999)",Unfall 102236 (2016) Kat:3, Licht: 1,102236,3,2,5,11,16,4,,1,0,1,0,0,0,0
"POINT (8.836656161000001 53.068122242999998)",Unfall 102237 (2016) Kat:3, Licht: 0,102237,3,6,2,10,15,6,,0,0,1,0,0,0,0
"POINT (8.737277070999999 53.133438325000000)",Unfall 102238 (2016) Kat:2, Licht: 1,102238,2,4,6,10,18,4,,1,0,1,1,0,0,0
"POINT (8.884300647000000 53.079100283000002)",Unfall 102239 (2016) Kat:3, Licht: 2,102239,3,6,2,11,17,3,,2,0,1,0,0,0,0
"POINT (8.900942565999999 53.059289810000003)",Unfall 102240 (2016) Kat:3, Licht: 1,102240,3,2,5,11,06,3,,1,1,1,0,0,0,0
"POINT (8.896328236000000 53.079425141999998)",Unfall 102243 (2016) Kat:3, Licht: 0,102243,3,1,0,10,11,6,,0,1,0,0,0,0,0
"POINT (8.842881437000001 53.095292698000002)",Unfall 102244 (2016) Kat:3, Licht: 1,102244,3,5,1,10,08,3,,1,1,1,0,0,0,0
"POINT (8.962850112000000 53.057435322000003)",Unfall 102245 (2016) Kat:3, Licht: 0,102245,3,6,2,10,17,2,,0,0,1,0,0,0,0
"POINT (8.773537400000000 53.110751913000001)",Unfall 102246 (2016) Kat:2, Licht: 2,102246,2,3,5,11,18,3,,2,1,1,0,0,0,0
"POINT (8.900889104000001 53.124376603000002)",Unfall 102247 (2016) Kat:2, Licht: 2,102247,2,1,8,11,01,7,,2,0,1,0,0,0,0
"POINT (8.831986411000001 53.077475116999999)",Unfall 102248 (2016) Kat:3, Licht: 2,102248,3,6,4,11,19,6,,2,1,1,0,0,0,0
"POINT (8.734257141000001 53.039985975000000)",Unfall 102249 (2016) Kat:3, Licht: 2,102249,3,3,5,10,06,5,,2,1,1,0,0,0,0
"POINT (8.567041814000000 53.181911042999999)",Unfall 102250 (2016) Kat:3, Licht: 0,102250,3,3,0,10,17,6,,0,1,1,0,0,0,0
"POINT (8.825152692000000 53.084318416000002)",Unfall 102251 (2016) Kat:3, Licht: 0,102251,3,2,5,10,12,1,,0,1,1,0,0,0,0
"POINT (8.837050438000000 53.087290281000001)",Unfall 102252 (2016) Kat:3, Licht: 2,102252,3,4,6,11,16,3,,2,1,0,1,0,0,0
"POINT (8.790134257000000 53.079577485000002)",Unfall 102253 (2016) Kat:3, Licht: 0,102253,3,6,3,10,12,2,,0,0,1,0,0,1,0
"POINT (8.615622500000001 53.194420663000002)",Unfall 102254 (2016) Kat:2, Licht: 2,102254,2,1,9,11,16,1,,2,0,1,0,0,0,0
"POINT (8.893384367000000 53.097096112000003)",Unfall 102255 (2016) Kat:3, Licht: 0,102255,3,6,3,11,13,6,,0,1,1,0,0,0,0
"POINT (8.795298232000000 53.087495539000003)",Unfall 102256 (2016) Kat:3, Licht: 0,102256,3,3,5,10,12,6,,0,1,0,0,0,0,0
"POINT (8.883657185000001 53.048413693000001)",Unfall 102257 (2016) Kat:3, Licht: 1,102257,3,3,5,10,06,3,,1,0,0,0,1,0,1
"POINT (8.841269498000001 53.089182225999998)",Unfall 102258 (2016) Kat:3, Licht: 0,102258,3,6,2,11,15,3,,0,0,1,0,0,0,0
"POINT (8.808512287999999 53.082896734999999)",Unfall 102259 (2016) Kat:3, Licht: 0,102259,3,6,3,10,17,3,,0,0,1,0,0,0,1
"POINT (8.820242110000001 53.084031234000001)",Unfall 102260 (2016) Kat:3, Licht: 0,102260,3,3,5,11,08,2,,0,1,1,0,0,0,0
"POINT (8.847482274000001 53.066147043999997)",Unfall 102262 (2016) Kat:3, Licht: 0,102262,3,4,6,10,17,7,,0,0,1,0,0,0,1
"POINT (8.763299609000001 53.116509729000001)",Unfall 102263 (2016) Kat:3, Licht: 0,102263,3,3,5,11,10,2,,0,1,1,0,0,0,0
"POINT (8.713020255000000 53.153151280000003)",Unfall 102264 (2016) Kat:3, Licht: 0,102264,3,2,5,10,14,3,,0,1,1,0,0,0,0
"POINT (8.795591521000000 53.067590854999999)",Unfall 102266 (2016) Kat:1, Licht: 0,102266,1,6,2,10,11,6,,0,0,1,0,1,0,0
"POINT (8.828712860000000 53.072222087999997)",Unfall 102267 (2016) Kat:3, Licht: 2,102267,3,2,5,11,18,2,,2,1,1,0,0,0,0
"POINT (8.814958947999999 53.079728809999999)",Unfall 102268 (2016) Kat:3, Licht: 2,102268,3,6,2,11,06,5,,2,0,1,0,0,0,1
"POINT (8.794459405000000 53.069706209000003)",Unfall 102269 (2016) Kat:3, Licht: 0,102269,3,3,5,11,12,6,,0,1,1,0,0,0,0
"POINT (8.789677707999999 53.078974584999997)",Unfall 102270 (2016) Kat:3, Licht: 0,102270,3,6,2,11,11,5,,0,0,1,0,0,0,0
"POINT (8.891941201000000 53.081052016000001)",Unfall 102272 (2016) Kat:3, Licht: 2,102272,3,2,2,11,17,3,,2,0,1,0,0,0,0
"POINT (8.916597929000000 53.044006422000002)",Unfall 102273 (2016) Kat:3, Licht: 0,102273,3,2,5,10,16,3,,0,1,1,0,0,0,0
"POINT (8.739275200000000 53.135590968999999)",Unfall 102274 (2016) Kat:3, Licht: 0,102274,3,7,0,10,09,2,,0,0,0,0,0,0,1
"POINT (8.892477077000001 53.049685588999999)",Unfall 102275 (2016) Kat:3, Licht: 2,102275,3,3,5,10,06,6,,2,1,1,0,0,0,0
"POINT (8.899791540000001 53.116457603999997)",Unfall 102276 (2016) Kat:3, Licht: 0,102276,3,1,4,10,12,6,,0,1,1,0,0,0,0
"POINT (8.850788533999999 53.105571369000003)",Unfall 102277 (2016) Kat:3, Licht: 0,102277,3,1,0,11,15,6,,0,1,0,0,0,0,0