WKT,Name,OBJECTID,UKATEGORIE,UTYP1,UART,UMONAT,USTUNDE,UWOCHENTAG,STRZUSTAND,ULICHTVERH,ISTRAD,ISTPKW,ISTFUSS,ISTKRAD,ISTGKFZ,ISTSONSTIG
"POINT (8.725389351000001 53.057164481000001)",Unfall 102278 (2016) Kat:3, Licht: 0,102278,3,6,3,11,16,2,,0,0,1,0,0,0,1
"POINT (8.782427952000001 53.094919877000002)",Unfall 102279 (2016) Kat:3, Licht: 2,102279,3,4,6,11,05,7,,2,0,0,1,0,0,1
"POINT (8.760193251000001 53.087963938000001)",Unfall 102280 (2016) Kat:3, Licht: 1,102280,3,3,0,10,18,6,,1,0,1,0,1,0,0
"POINT (8.740888087000000 53.053073898999997)",Unfall 102282 (2016) Kat:2, Licht: 0,102282,2,3,5,10,09,2,,0,1,1,0,0,0,0
"POINT (8.793369856000000 53.103131495000000)",Unfall 102283 (2016) Kat:3, Licht: 0,102283,3,2,5,10,16,5,,0,0,1,0,0,0,0
"POINT (8.814997118000001 53.093666866000000)",Unfall 102284 (2016) Kat:3, Licht: 0,102284,3,2,5,10,11,5,,0,1,1,0,0,0,0
"POINT (8.808823863000001 53.095783613000002)",Unfall 102285 (2016) Kat:3, Licht: 0,102285,3,4,6,11,10,4,,0,1,0,1,0,0,0
"POINT (8.754778603000000 53.119754090999997)",Unfall 102286 (2016) Kat:3, Licht: 0,102286,3,3,5,11,08,6,,0,1,1,0,0,0,0
"POINT (8.856218109000000 53.082474826000002)",Unfall 102288 (2016) Kat:3, Licht: 1,102288,3,6,1,10,07,4,,1,0,1,0,0,0,0
"POINT (8.824386041000000 53.084428125999999)",Unfall 102289 (2016) Kat:2, Licht: 2,102289,2,4,6,10,19,3,,2,0,1,1,0,0,0
"POINT (8.860928409000000 53.049712605000003)",Unfall 102290 (2016) Kat:3, Licht: 0,102290,3,3,0,10,13,1,,0,0,1,1,0,0,0
"POINT (8.845809896000000 53.091295262000003)",Unfall 102291 (2016) Kat:3, Licht: 0,102291,3,6,3,10,16,6,,0,1,0,0,0,0,0
"POINT (8.797246393000000 53.086443000999999)",Unfall 102292 (2016) Kat:3, Licht: 1,102292,3,3,5,10,08,4,,1,1,1,0,0,0,0
"POINT (8.760071643000000 53.045842520000001)",Unfall 102293 (2016) Kat:2, Licht: 0,102293,2,1,0,10,15,2,,0,0,0,0,1,0,0
"POINT (8.845855465000000 53.106949903000000)",Unfall 102294 (2016) Kat:3, Licht: 0,102294,3,2,2,11,14,6,,0,0,1,0,0,0,1
"POINT (8.847202969000000 53.087048695999997)",Unfall 102295 (2016) Kat:3, Licht: 0,102295,3,7,0,11,09,2,,0,1,0,0,0,0,0
"POINT (8.864453635000000 53.071009398999998)",Unfall 102300 (2016) Kat:3, Licht: 0,102300,3,6,2,11,13,4,,0,0,1,0,0,0,0
"POINT (8.809025447000000 53.088335031000000)",Unfall 102301 (2016) Kat:3, Licht: 2,102301,3,6,0,10,19,7,,2,1,0,0,0,0,0
"POINT (8.848886053999999 53.067945756000000)",Unfall 102303 (2016) Kat:3, Licht: 2,102303,3,1,8,12,03,1,,2,0,1,0,0,0,0
"POINT (8.793055532000000 53.082762271999997)",Unfall 102304 (2016) Kat:3, Licht: 1,102304,3,7,5,11,16,4,,1,0,1,0,0,0,1
"POINT (8.611115262000000 53.180480168000003)",Unfall 102305 (2016) Kat:2, Licht: 0,102305,2,1,0,12,13,6,,0,1,0,0,0,0,0
"POINT (8.698607050000000 53.168279753000000)",Unfall 102307 (2016) Kat:3, Licht: 2,102307,3,4,6,11,18,6,,2,0,1,1,0,0,0
"POINT (8.902084472000000 53.071475411999998)",Unfall 102308 (2016) Kat:3, Licht: 2,102308,3,2,5,12,18,6,,2,0,1,0,0,0,0
"POINT (8.818455641000000 53.077265300999997)",Unfall 102310 (2016) Kat:3, Licht: 0,102310,3,3,5,12,09,2,,0,1,1,0,0,0,0
"POINT (8.712392762000000 53.145098908999998)",Unfall 102311 (2016) Kat:3, Licht: 0,102311,3,6,2,12,11,6,,0,0,1,0,0,0,1
"POINT (8.578028808999999 53.206372412000000)",Unfall 102312 (2016) Kat:3, Licht: 1,102312,3,4,6,12,16,3,,1,0,1,1,0,0,0
"POINT (8.814593272000000 53.081518893000002)",Unfall 102313 (2016) Kat:3, Licht: 2,102313,3,3,6,11,18,2,,2,0,1,1,0,0,0
"POINT (8.714441195999999 53.180176215000003)",Unfall 102317 (2016) Kat:3, Licht: 2,102317,3,4,6,11,18,3,,2,0,1,1,0,0,0
"POINT (8.800481767000001 53.078558512999997)",Unfall 102319 (2016) Kat:3, Licht: 1,102319,3,4,9,11,16,2,,1,1,0,1,0,0,0
"POINT (8.889923408000000 53.096902606000000)",Unfall 102320 (2016) Kat:3, Licht: 1,102320,3,6,4,11,07,6,,1,1,0,0,0,0,0
"POINT (8.869473351000000 53.064215758000003)",Unfall 102321 (2016) Kat:3, Licht: 2,102321,3,3,5,12,07,6,,2,0,1,0,0,1,0
"POINT (8.793017168000000 53.082763786000001)",Unfall 102322 (2016) Kat:3, Licht: 2,102322,3,2,5,12,01,7,,2,0,1,0,0,0,1
"POINT (8.567522157000001 53.194379880000000)",Unfall 102323 (2016) Kat:3, Licht: 2,102323,3,3,5,12,01,1,,2,0,1,0,0,0,0
"POINT (8.790904611000000 53.053691331000003)",Unfall 102324 (2016) Kat:3, Licht: 0,102324,3,2,5,12,08,5,,0,1,1,0,0,0,0
"POINT (8.959230408000000 53.041879450000003)",Unfall 102325 (2016) Kat:3, Licht: 0,102325,3,2,5,12,15,4,,0,1,0,0,0,1,0
"POINT (8.841748608000000 53.040766240000004)",Unfall 102326 (2016) Kat:3, Licht: 2,102326,3,2,5,12,17,3,,2,0,1,0,0,0,0
"POINT (8.802526286000001 53.105899278999999)",Unfall 102327 (2016) Kat:3, Licht: 0,102327,3,6,3,11,11,2,,0,0,1,0,0,1,0
"POINT (8.712528725000000 53.169559178999997)",Unfall 102330 (2016) Kat:3, Licht: 2,102330,3,3,5,11,07,6,,2,0,0,0,1,0,0
"POINT (8.959420486000001 53.040946062000003)",Unfall 102331 (2016) Kat:3, Licht: 2,102331,3,6,2,12,16,5,,2,0,1,0,0,0,0
"POINT (8.822987707999999 53.073652621000001)",Unfall 102332 (2016) Kat:3, Licht: 2,102332,3,1,0,11,19,2,,2,1,0,0,0,0,0
"POINT (8.827118453000001 53.078468229000002)",Unfall 102333 (2016) Kat:3, Licht: 2,102333,3,5,1,12,16,3,,2,1,1,0,0,0,0
"POINT (8.844818264000001 53.045649787000002)",Unfall 102334 (2016) Kat:3, Licht: 2,102334,3,2,5,12,17,5,,2,1,1,0,0,0,0
"POINT (8.788159693000001 53.076469121000002)",Unfall 102335 (2016) Kat:3, Licht: 0,102335,3,2,5,12,14,2,,0,0,1,0,0,0,0
"POINT (8.807986164000001 53.083216542000002)",Unfall 102336 (2016) Kat:3, Licht: 2,102336,3,6,2,12,17,2,,2,0,1,0,0,0,0
"POINT (8.733879185999999 53.043166262000000)",Unfall 102337 (2016) Kat:3, Licht: 2,102337,3,7,5,12,23,5,,2,0,1,0,0,0,0
"POINT (8.703566683000000 53.160144897000002)",Unfall 102340 (2016) Kat:3, Licht: 2,102340,3,6,2,11,21,6,,2,0,1,0,0,0,0
"POINT (8.893797907000000 53.050461359000003)",Unfall 102341 (2016) Kat:3, Licht: 2,102341,3,1,5,12,18,6,,2,1,1,0,0,0,0
"POINT (8.816514051000000 53.070166921000002)",Unfall 102342 (2016) Kat:3, Licht: 0,102342,3,3,5,12,12,3,,0,0,1,0,0,0,0
"POINT (8.882367142000000 53.082677334000003)",Unfall 102343 (2016) Kat:3, Licht: 0,102343,3,1,9,12,12,3,,0,0,1,0,0,0,0
"POINT (8.864695223000000 53.106292879999998)",Unfall 102346 (2016) Kat:2, Licht: 2,102346,2,3,5,11,17,6,,2,1,1,0,0,0,0
"POINT (8.796341173000000 53.094548906000000)",Unfall 102347 (2016) Kat:3, Licht: 2,102347,3,7,9,12,23,7,,2,0,0,0,1,0,0
"POINT (8.906336057000001 53.071362751000002)",Unfall 102348 (2016) Kat:3, Licht: 0,102348,3,4,6,11,15,2,,0,0,1,1,0,0,0
"POINT (8.925839049000000 53.090447070000003)",Unfall 102349 (2016) Kat:3, Licht: 2,102349,3,6,4,12,17,2,,2,0,1,0,0,0,0
"POINT (8.956810582999999 53.051137388999997)",Unfall 102350 (2016) Kat:3, Licht: 2,102350,3,7,6,12,21,5,,2,0,1,1,0,0,0
"POINT (8.848890183000000 53.067953135000003)",Unfall 102353 (2016) Kat:3, Licht: 0,102353,3,3,5,12,11,2,,0,0,1,0,0,0,0
"POINT (8.704101530000001 53.173015628999998)",Unfall 102354 (2016) Kat:3, Licht: 2,102354,3,7,0,11,17,4,,2,0,0,0,1,0,0
"POINT (8.796903471000000 53.086551063000002)",Unfall 102357 (2016) Kat:3, Licht: 0,102357,3,3,5,11,09,6,,0,0,1,0,0,0,0
"POINT (8.763803962000001 53.113560356999997)",Unfall 102358 (2016) Kat:3, Licht: 2,102358,3,6,2,12,18,6,,2,0,1,0,0,0,0
"POINT (8.711628853000001 53.146948199999997)",Unfall 102359 (2016) Kat:3, Licht: 0,102359,3,4,6,12,14,4,,0,0,1,1,0,0,0
"POINT (8.697296462000001 53.168486831999999)",Unfall 102361 (2016) Kat:3, Licht: 0,102361,3,3,5,12,14,6,,0,1,0,0,1,0,0
"POINT (8.832110324000000 53.086088642000000)",Unfall 102362 (2016) Kat:3, Licht: 0,102362,3,3,5,12,08,5,,0,1,0,0,0,0,0
"POINT (8.801784993000000 53.077946640999997)",Unfall 102363 (2016) Kat:3, Licht: 1,102363,3,7,1,12,15,6,,1,0,1,0,0,0,0
"POINT (8.910371628000000 53.071235291000001)",Unfall 102366 (2016) Kat:3, Licht: 2,102366,3,7,0,12,19,7,,2,1,0,0,0,0,0
"POINT (8.800502594999999 53.084348060000003)",Unfall 102367 (2016) Kat:3, Licht: 0,102367,3,4,6,12,11,6,,0,0,1,1,0,0,0
"POINT (8.792213248000000 53.088514007999997)",Unfall 102368 (2016) Kat:3, Licht: 1,102368,3,7,0,11,07,4,,1,1,1,0,0,0,0
"POINT (8.869641127000000 53.064333230000003)",Unfall 102369 (2016) Kat:3, Licht: 2,102369,3,3,5,11,06,4,,2,0,1,0,0,0,0
"POINT (8.845539539000001 53.106292813000003)",Unfall 102370 (2016) Kat:3, Licht: 0,102370,3,1,0,12,10,6,,0,1,0,0,0,0,0
"POINT (8.569845251000000 53.204548389999999)",Unfall 102372 (2016) Kat:3, Licht: 2,102372,3,1,8,11,21,6,,2,0,1,0,0,0,0
"POINT (8.923292695000001 53.059412885000000)",Unfall 102373 (2016) Kat:3, Licht: 0,102373,3,2,5,12,14,3,,0,1,1,0,0,0,0
"POINT (8.716714777000000 53.172694686000000)",Unfall 102374 (2016) Kat:3, Licht: 0,102374,3,7,0,12,14,2,,0,0,0,0,0,0,1
"POINT (8.833373164999999 53.077371198999998)",Unfall 102376 (2016) Kat:3, Licht: 2,102376,3,6,2,12,17,4,,2,0,1,0,0,0,0
"POINT (8.815661297000000 53.055458317999999)",Unfall 102377 (2016) Kat:3, Licht: 2,102377,3,2,5,12,08,3,,2,1,1,0,0,0,0
"POINT (8.946280057999999 53.039350247999998)",Unfall 102378 (2016) Kat:3, Licht: 0,102378,3,3,5,11,13,2,,0,0,1,0,0,0,0
"POINT (8.764531457000000 53.078711188000000)",Unfall 102381 (2016) Kat:3, Licht: 0,102381,3,3,5,11,14,6,,0,0,1,0,1,0,0
"POINT (8.850153745000000 53.071237646000000)",Unfall 102382 (2016) Kat:3, Licht: 2,102382,3,2,0,12,20,5,,2,1,1,0,0,0,0
"POINT (8.892736702000001 53.054856266999998)",Unfall 102383 (2016) Kat:2, Licht: 0,102383,2,4,6,11,14,3,,0,0,1,1,0,0,0
"POINT (8.709332970000000 53.151302876000003)",Unfall 102384 (2016) Kat:3, Licht: 0,102384,3,4,6,12,12,4,,0,0,1,1,0,0,0
"POINT (8.765950030999999 53.115692664999997)",Unfall 102385 (2016) Kat:2, Licht: 0,102385,2,6,4,11,14,2,,0,0,1,0,0,0,0
"POINT (8.852112423000000 53.073725150999998)",Unfall 102386 (2016) Kat:3, Licht: 0,102386,3,6,2,12,09,4,,0,0,1,0,0,0,0
"POINT (8.819661872999999 53.038307087000000)",Unfall 102387 (2016) Kat:2, Licht: 0,102387,2,3,5,11,09,2,,0,1,1,0,0,0,0
"POINT (8.875503493000000 53.082113722000003)",Unfall 102390 (2016) Kat:3, Licht: 0,102390,3,1,0,12,08,6,,0,0,0,0,0,0,1
"POINT (8.843991780000000 53.068802431000002)",Unfall 102391 (2016) Kat:3, Licht: 2,102391,3,2,4,11,17,3,,2,1,1,0,0,0,0
"POINT (8.827872269000000 53.079918716999998)",Unfall 102392 (2016) Kat:2, Licht: 2,102392,2,4,6,12,07,5,,2,0,0,1,0,0,1
"POINT (8.802381445000000 53.105584464000003)",Unfall 102393 (2016) Kat:3, Licht: 1,102393,3,6,2,11,07,2,,1,0,1,0,0,0,0
"POINT (8.887926578000000 53.066877101999999)",Unfall 102394 (2016) Kat:3, Licht: 0,102394,3,3,0,11,08,6,,0,1,1,0,0,0,0
"POINT (8.782142285000001 53.069020694999999)",Unfall 102395 (2016) Kat:2, Licht: 0,102395,2,6,2,12,14,7,,0,0,1,0,0,0,0
"POINT (8.937277184999999 53.090935934000001)",Unfall 102396 (2016) Kat:3, Licht: 2,102396,3,3,5,12,20,7,,2,0,1,0,0,0,0
"POINT (8.788531345000001 53.098331819999999)",Unfall 102397 (2016) Kat:3, Licht: 0,102397,3,6,2,12,15,5,,0,0,1,0,0,0,0
"POINT (8.811305421000000 53.081517333999997)",Unfall 102398 (2016) Kat:3, Licht: 2,102398,3,4,6,12,16,3,,2,0,1,1,0,0,0
"POINT (8.901779018999999 53.075077145999998)",Unfall 102399 (2016) Kat:3, Licht: 2,102399,3,4,6,12,06,3,,2,0,1,1,0,0,0
"POINT (8.774026262000000 53.075775495999999)",Unfall 102400 (2016) Kat:3, Licht: 0,102400,3,5,1,11,15,2,,0,0,0,0,0,1,1
"POINT (8.792971723999999 53.103041920999999)",Unfall 102403 (2016) Kat:3, Licht: 0,102403,3,7,0,11,14,6,,0,0,0,1,0,0,1
"POINT (8.788274222000000 53.072624957999999)",Unfall 102404 (2016) Kat:3, Licht: 0,102404,3,4,6,12,12,1,,0,0,1,1,0,0,0
"POINT (8.624516702999999 53.177226816000001)",Unfall 102405 (2016) Kat:3, Licht: 2,102405,3,4,6,12,18,5,,2,0,1,1,0,0,0
"POINT (8.798451241000000 53.067961285000003)",Unfall 102406 (2016) Kat:3, Licht: 0,102406,3,7,1,11,13,2,,0,0,1,0,0,0,0
"POINT (8.784809080000001 53.102598264999997)",Unfall 102407 (2016) Kat:3, Licht: 0,102407,3,6,2,11,10,2,,0,0,1,0,0,0,1
"POINT (8.808357235000001 53.074370051999999)",Unfall 102408 (2016) Kat:3, Licht: 2,102408,3,1,0,12,19,3,,2,1,0,0,0,0,0
"POINT (8.804850372000001 53.065992545000000)",Unfall 102409 (2016) Kat:3, Licht: 0,102409,3,3,5,12,09,5,,0,1,1,0,0,0,0
"POINT (8.792086207000001 53.058794397000000)",Unfall 102411 (2016) Kat:3, Licht: 2,102411,3,2,2,12,17,6,,2,0,1,0,0,0,0
"POINT (8.803489028000000 53.066815191000003)",Unfall 102412 (2016) Kat:2, Licht: 2,102412,2,4,6,12,17,3,,2,0,1,1,0,0,0
"POINT (8.958255921999999 53.049580708999997)",Unfall 102413 (2016) Kat:3, Licht: 2,102413,3,4,6,12,16,3,,2,0,1,1,0,0,0
"POINT (8.852631104000000 53.067339691999997)",Unfall 102414 (2016) Kat:3, Licht: 2,102414,3,3,5,12,17,5,,2,1,1,0,0,0,0
"POINT (8.646903110000000 53.160855664000003)",Unfall 102418 (2016) Kat:3, Licht: 0,102418,3,7,0,11,15,5,,0,0,0,0,1,0,1
"POINT (8.610508681000001 53.175406436000003)",Unfall 102419 (2016) Kat:3, Licht: 0,102419,3,3,5,12,14,7,,0,1,1,0,0,0,0
"POINT (8.803412544000000 53.084838337999997)",Unfall 102420 (2016) Kat:3, Licht: 2,102420,3,6,2,12,21,2,,2,0,1,0,0,0,0
"POINT (8.555914868000000 53.185689691000000)",Unfall 102421 (2016) Kat:3, Licht: 2,102421,3,4,6,12,17,5,,2,0,1,1,0,0,0
"POINT (8.806353698000001 53.078823208000003)",Unfall 102422 (2016) Kat:3, Licht: 0,102422,3,4,6,12,11,4,,0,0,1,1,0,0,0
"POINT (8.821679194000000 53.027085718000002)",Unfall 102424 (2016) Kat:2, Licht: 2,102424,2,1,9,12,01,1,,2,0,1,0,0,0,0
"POINT (8.816836677000000 53.072992345000003)",Unfall 102425 (2016) Kat:3, Licht: 0,102425,3,3,5,11,12,4,,0,0,1,0,1,0,0
"POINT (8.770815304999999 53.063462166000001)",Unfall 102426 (2016) Kat:3, Licht: 2,102426,3,1,0,12,21,6,,2,0,1,0,0,0,0
"POINT (8.875695986000000 53.082081516999999)",Unfall 102428 (2016) Kat:3, Licht: 0,102428,3,3,5,12,10,2,,0,0,1,0,0,0,0
"POINT (8.841354581999999 53.035523613000002)",Unfall 102429 (2016) Kat:3, Licht: 1,102429,3,2,4,12,16,2,,1,0,1,0,0,0,0
"POINT (8.622229550000000 53.171384914000001)",Unfall 102433 (2016) Kat:3, Licht: 0,102433,3,4,0,11,09,5,,0,1,0,1,0,0,0
"POINT (8.685422659000000 53.174989984000000)",Unfall 102434 (2016) Kat:3, Licht: 0,102434,3,6,3,12,13,6,,0,0,1,0,1,0,0
"POINT (8.799858518000001 53.070448857000002)",Unfall 102435 (2016) Kat:3, Licht: 0,102435,3,3,5,12,11,4,,0,1,1,0,0,0,0
"POINT (8.738588499000001 53.047358488999997)",Unfall 102436 (2016) Kat:3, Licht: 0,102436,3,4,6,12,14,3,,0,0,0,1,0,0,1
"POINT (8.810270536000001 53.081495900999997)",Unfall 102437 (2016) Kat:3, Licht: 0,102437,3,7,0,12,13,6,,0,1,1,0,0,0,0
"POINT (8.618951415000000 53.179101349000000)",Unfall 102439 (2016) Kat:3, Licht: 0,102439,3,3,5,11,14,1,,0,0,1,0,0,0,0
"POINT (8.514479706000000 53.209335031000002)",Unfall 102442 (2016) Kat:3, Licht: 0,102442,3,1,0,12,11,7,,0,0,0,0,1,0,0
"POINT (8.751317836000000 53.064854984999997)",Unfall 102443 (2016) Kat:3, Licht: 2,102443,3,6,4,12,17,6,,2,1,0,0,0,0,0
"POINT (8.625972998000000 53.182822485000003)",Unfall 102444 (2016) Kat:2, Licht: 0,102444,2,6,2,11,15,4,,0,0,1,0,0,0,0
"POINT (8.823547120000001 53.083456234000003)",Unfall 102447 (2016) Kat:3, Licht: 0,102447,3,6,2,11,10,2,,0,0,1,0,0,0,0
"POINT (8.737491743000000 53.143974155000002)",Unfall 102448 (2016) Kat:3, Licht: 0,102448,3,6,1,11,08,5,,0,0,1,0,0,0,1
"POINT (8.856715200000000 53.071394091000002)",Unfall 102449 (2016) Kat:3, Licht: 2,102449,3,3,5,11,19,5,,2,1,1,0,0,0,0
"POINT (8.940067655000000 53.067865925000000)",Unfall 102450 (2016) Kat:3, Licht: 2,102450,3,3,5,12,17,6,,2,1,1,0,0,0,0
"POINT (8.843043659999999 53.081090811999999)",Unfall 102451 (2016) Kat:3, Licht: 0,102451,3,2,5,12,11,4,,0,1,1,0,0,0,0
"POINT (8.825139160999999 53.084516553999997)",Unfall 102452 (2016) Kat:2, Licht: 1,102452,2,3,5,12,08,2,,1,1,1,0,0,0,0
"POINT (8.787848271000000 53.073779897999998)",Unfall 102453 (2016) Kat:3, Licht: 2,102453,3,7,2,12,07,6,,2,0,1,0,0,1,0
"POINT (8.740027395000000 53.054726510999998)",Unfall 102455 (2016) Kat:3, Licht: 0,102455,3,7,0,11,14,7,,0,0,0,0,0,0,1
"POINT (8.787128514999999 53.075621005999999)",Unfall 102459 (2016) Kat:3, Licht: 0,102459,3,6,4,11,16,3,,0,1,0,0,0,0,0
"POINT (8.879497308000000 53.101379262999998)",Unfall 102461 (2016) Kat:3, Licht: 0,102461,3,6,2,11,11,2,,0,0,1,0,0,0,0
"POINT (8.806317969000000 53.073449033000003)",Unfall 102462 (2016) Kat:3, Licht: 0,102462,3,6,2,11,10,5,,0,0,1,0,0,1,0
"POINT (8.775339691999999 53.111367612000002)",Unfall 102463 (2016) Kat:3, Licht: 0,102463,3,7,1,12,10,6,,0,0,1,0,1,0,0
"POINT (8.790007031000000 53.082861168000001)",Unfall 102464 (2016) Kat:3, Licht: 2,102464,3,6,2,12,17,7,,2,0,1,0,0,0,0
"POINT (8.835798192000000 53.036685798000001)",Unfall 102465 (2016) Kat:3, Licht: 2,102465,3,6,2,12,17,3,,2,0,1,0,0,0,0
"POINT (8.880341659999999 53.082410299000003)",Unfall 102466 (2016) Kat:3, Licht: 0,102466,3,3,5,12,11,3,,0,1,1,0,0,0,0
"POINT (8.508794794000000 53.221208482999998)",Unfall 102469 (2016) Kat:3, Licht: 2,102469,3,1,8,11,19,5,,2,0,1,0,0,0,0
"POINT (8.809410228999999 53.077622253000001)",Unfall 102471 (2016) Kat:3, Licht: 0,102471,3,7,5,12,10,5,,0,1,0,0,0,0,1
"POINT (8.956836901000001 53.051147622000002)",Unfall 102472 (2016) Kat:3, Licht: 2,102472,3,6,2,12,20,4,,2,0,1,0,0,0,0
"POINT (8.794164885000001 53.103373992000002)",Unfall 102473 (2016) Kat:3, Licht: 0,102473,3,4,6,12,15,3,,0,0,1,1,0,0,0
"POINT (8.685422659000000 53.174989984000000)",Unfall 102474 (2016) Kat:3, Licht: 0,102474,3,4,6,11,15,7,,0,0,1,1,0,0,0
"POINT (8.800655957000000 53.078606278000002)",Unfall 102478 (2016) Kat:3, Licht: 2,102478,3,6,2,12,18,5,,2,0,1,0,0,0,0
"POINT (8.800916931000000 53.061733038000000)",Unfall 102480 (2016) Kat:3, Licht: 2,102480,3,6,2,12,19,3,,2,0,1,0,0,0,0
"POINT (8.811831709000000 53.058745612999999)",Unfall 102483 (2016) Kat:3, Licht: 0,102483,3,4,6,12,15,2,,0,0,1,1,0,0,0
"POINT (8.889453345000000 53.055703321000003)",Unfall 102485 (2016) Kat:3, Licht: 0,102485,3,7,0,12,08,5,,0,0,1,0,0,0,0
"POINT (8.797037281000000 53.073573527999997)",Unfall 102491 (2016) Kat:3, Licht: 2,102491,3,3,5,12,16,5,,2,0,1,0,0,0,0
"POINT (8.850670636000000 53.038340474000002)",Unfall 102493 (2016) Kat:3, Licht: 0,102493,3,3,5,11,13,2,,0,1,1,0,0,0,0
"POINT (8.843038014999999 53.088524600000000)",Unfall 102496 (2016) Kat:3, Licht: 0,102496,3,3,5,12,10,5,,0,0,1,0,0,0,0
"POINT (8.792022410000000 53.073076516000000)",Unfall 102498 (2016) Kat:3, Licht: 2,102498,3,3,5,12,06,2,,2,1,0,0,0,0,1
"POINT (8.907813199000000 53.082153929000000)",Unfall 102499 (2016) Kat:3, Licht: 1,102499,3,1,8,12,14,1,,1,0,1,0,0,0,0
"POINT (8.910586725000000 53.082589853000002)",Unfall 102501 (2016) Kat:3, Licht: 2,102501,3,2,5,12,18,7,,2,0,1,0,0,0,0
"POINT (8.811218204999999 53.080114999000003)",Unfall 102504 (2016) Kat:3, Licht: 0,102504,3,3,5,12,14,6,,0,1,1,0,0,0,0
"POINT (8.783906805000001 53.067792783000002)",Unfall 102505 (2016) Kat:3, Licht: 0,102505,3,4,3,12,13,4,,0,1,1,1,0,0,0
"POINT (8.910550410999999 53.047448176000003)",Unfall 102507 (2016) Kat:3, Licht: 2,102507,3,2,5,12,04,6,,2,1,1,0,0,0,0
"POINT (8.721696014000001 53.137184267999999)",Unfall 102508 (2016) Kat:3, Licht: 0,102508,3,3,5,12,11,4,,0,0,1,0,0,0,1
"POINT (8.807326148000000 53.082318594999997)",Unfall 102509 (2016) Kat:2, Licht: 2,102509,2,2,5,11,20,7,,2,1,1,0,0,0,0
"POINT (8.622771674999999 53.177048321999997)",Unfall 102512 (2016) Kat:3, Licht: 0,102512,3,2,5,12,07,6,,0,1,1,0,0,0,0
"POINT (8.927438125000000 53.097029714999998)",Unfall 102513 (2016) Kat:3, Licht: 1,102513,3,6,3,12,16,6,,1,1,1,0,0,0,0
"POINT (8.796188920000001 53.065642267999998)",Unfall 102517 (2016) Kat:2, Licht: 1,102517,2,1,0,12,16,7,,1,1,0,1,0,0,0
"POINT (8.819718808999999 53.049701636999998)",Unfall 102518 (2016) Kat:3, Licht: 0,102518,3,3,5,12,09,6,,0,1,1,0,0,0,0
"POINT (8.786045974000000 53.061622931000002)",Unfall 102519 (2016) Kat:3, Licht: 0,102519,3,3,5,11,15,4,,0,1,1,0,0,0,0
"POINT (8.751084641000000 53.111428787000001)",Unfall 102520 (2016) Kat:3, Licht: 2,102520,3,7,5,12,17,6,,2,0,1,0,0,0,0
"POINT (8.710331109000000 53.094425743999999)",Unfall 102523 (2016) Kat:3, Licht: 0,102523,3,3,5,12,15,3,,0,0,0,0,0,1,1
"POINT (8.775537878000000 53.076821653000003)",Unfall 102524 (2016) Kat:3, Licht: 0,102524,3,3,5,12,12,2,,0,1,1,0,0,0,0
"POINT (8.798253701000000 53.073252416999999)",Unfall 102525 (2016) Kat:3, Licht: 2,102525,3,2,5,12,17,6,,2,0,1,0,0,0,1
"POINT (8.837520926000000 53.079926702999998)",Unfall 102526 (2016) Kat:3, Licht: 0,102526,3,3,5,12,13,3,,0,0,1,0,0,0,0
"POINT (8.815241107000000 53.084701746999997)",Unfall 102527 (2016) Kat:3, Licht: 0,102527,3,4,6,11,11,7,,0,0,1,1,0,0,0
"POINT (8.791253627000000 53.091519161999997)",Unfall 102530 (2016) Kat:3, Licht: 0,102530,3,2,5,11,14,4,,0,1,0,0,0,0,1
"POINT (8.753814975999999 53.120502166999998)",Unfall 102532 (2016) Kat:3, Licht: 1,102532,3,6,2,11,08,3,,1,0,0,0,0,0,1
"POINT (8.781888581000001 53.067274075999997)",Unfall 102533 (2016) Kat:3, Licht: 0,102533,3,3,5,12,13,4,,0,1,1,0,0,0,0
"POINT (8.726627809000000 53.129340612999997)",Unfall 102535 (2016) Kat:3, Licht: 1,102535,3,1,0,11,16,4,,1,0,0,0,0,0,1
"POINT (8.823785705000001 53.077548575999998)",Unfall 102537 (2016) Kat:3, Licht: 2,102537,3,1,1,12,01,5,,2,1,1,0,0,0,0
"POINT (8.728260397000000 53.044277901999997)",Unfall 102539 (2016) Kat:2, Licht: 0,102539,2,6,1,11,08,4,,0,1,0,0,0,0,0
"POINT (8.843021251000000 53.068950258000001)",Unfall 102540 (2016) Kat:3, Licht: 0,102540,3,3,5,12,15,7,,0,1,1,0,0,0,0
"POINT (8.817984531000001 53.052673517000002)",Unfall 102541 (2016) Kat:3, Licht: 0,102541,3,2,0,12,14,7,,0,0,1,0,0,0,1
"POINT (8.575713567999999 53.191205091000000)",Unfall 102542 (2016) Kat:3, Licht: 2,102542,3,3,5,12,16,5,,2,1,1,0,0,0,0
"POINT (8.778504664000000 53.058769124999998)",Unfall 102544 (2016) Kat:3, Licht: 2,102544,3,3,5,12,20,3,,2,0,1,0,0,0,0
"POINT (8.800904400000000 53.061724781000002)",Unfall 102545 (2016) Kat:3, Licht: 2,102545,3,7,0,11,05,7,,2,1,0,0,0,0,0
"POINT (8.854762514000001 53.082133671000001)",Unfall 102548 (2016) Kat:2, Licht: 2,102548,2,4,6,11,17,4,,2,0,1,1,0,0,0
"POINT (8.730586449000001 53.135460985000002)",Unfall 102549 (2016) Kat:3, Licht: 2,102549,3,1,9,12,00,1,,2,0,1,0,0,0,0