WKT,Name,OBJECTID,UKATEGORIE,UTYP1,UART,UMONAT,USTUNDE,UWOCHENTAG,STRZUSTAND,ULICHTVERH,ISTRAD,ISTPKW,ISTFUSS,ISTKRAD,ISTGKFZ,ISTSONSTIG
"POINT (8.736679090999999 53.045291476000003)",Unfall 102550 (2016) Kat:3, Licht: 1,102550,3,4,6,12,17,5,,1,0,1,1,0,0,0
"POINT (8.848097677000000 53.074554223000000)",Unfall 102551 (2016) Kat:3, Licht: 0,102551,3,6,1,11,14,2,,0,0,1,0,0,0,1
"POINT (8.797049247000000 53.088108570000003)",Unfall 102552 (2016) Kat:3, Licht: 2,102552,3,6,2,12,21,3,,2,0,1,0,0,0,0
"POINT (8.797512891000000 53.083381221000003)",Unfall 102553 (2016) Kat:3, Licht: 2,102553,3,1,9,12,21,5,,2,0,1,0,0,0,0
"POINT (8.835479406999999 53.038821644000002)",Unfall 102554 (2016) Kat:2, Licht: 0,102554,2,3,5,12,14,2,,0,1,1,0,0,0,0
"POINT (8.805028707000000 53.088457949000002)",Unfall 102555 (2016) Kat:3, Licht: 0,102555,3,1,0,12,09,2,,0,1,0,0,0,0,0
"POINT (8.932411137000001 53.064176174000004)",Unfall 102557 (2016) Kat:3, Licht: 2,102557,3,3,0,12,13,6,,2,0,1,0,0,0,0
"POINT (8.831419301000000 53.083767512999998)",Unfall 102558 (2016) Kat:2, Licht: 0,102558,2,3,5,12,12,3,,0,0,1,0,1,0,0
"POINT (8.929327813000000 53.071747100000003)",Unfall 102559 (2016) Kat:3, Licht: 2,102559,3,6,2,12,18,5,,2,0,1,0,0,0,0
"POINT (8.804841935000001 53.088604441000001)",Unfall 102560 (2016) Kat:3, Licht: 0,102560,3,6,2,12,10,3,,0,1,1,0,0,0,0
"POINT (8.808396250000000 53.083005980999999)",Unfall 102561 (2016) Kat:3, Licht: 2,102561,3,3,5,11,22,7,,2,0,1,0,0,0,0
"POINT (8.899000159000000 53.126872057000000)",Unfall 102565 (2016) Kat:3, Licht: 0,102565,3,1,8,11,11,4,,0,1,0,0,0,0,0
"POINT (8.799469885000001 53.070168264000003)",Unfall 102566 (2016) Kat:3, Licht: 0,102566,3,4,6,12,14,7,,0,1,0,1,0,0,0
"POINT (8.870597417000001 53.090225504000003)",Unfall 102567 (2016) Kat:3, Licht: 2,102567,3,1,0,12,02,2,,2,1,0,0,0,0,0
"POINT (8.863347607000000 53.024436764999997)",Unfall 102568 (2016) Kat:3, Licht: 1,102568,3,7,3,12,15,5,,1,0,0,0,0,0,1
"POINT (8.826602511999999 53.085603565000000)",Unfall 102569 (2016) Kat:3, Licht: 0,102569,3,6,3,12,09,4,,0,1,0,0,0,0,0
"POINT (8.576000093999999 53.190520587999998)",Unfall 102571 (2016) Kat:3, Licht: 0,102571,3,6,2,12,09,2,,0,0,1,0,0,0,0
"POINT (8.517825259000000 53.210372390000003)",Unfall 102572 (2016) Kat:3, Licht: 0,102572,3,2,5,11,11,4,,0,1,0,0,0,0,1
"POINT (8.870546419000000 53.096022812000001)",Unfall 102575 (2016) Kat:3, Licht: 0,102575,3,2,5,11,16,4,,0,1,1,0,0,0,0
"POINT (8.823342957000000 53.072980286000004)",Unfall 102576 (2016) Kat:3, Licht: 2,102576,3,5,1,12,20,6,,2,1,1,0,0,0,0
"POINT (8.831936427000001 53.080985243000001)",Unfall 102579 (2016) Kat:3, Licht: 2,102579,3,5,1,11,17,3,,2,1,1,0,0,0,0
"POINT (8.781587836000000 53.100983980999999)",Unfall 102580 (2016) Kat:3, Licht: 2,102580,3,3,5,12,17,6,,2,0,1,0,0,0,1
"POINT (8.758383250000000 53.115611096999999)",Unfall 102582 (2016) Kat:3, Licht: 2,102582,3,4,6,12,16,3,,2,0,1,1,0,0,0
"POINT (8.855141234000000 53.076421430000003)",Unfall 102583 (2016) Kat:3, Licht: 2,102583,3,3,5,12,17,6,,2,1,1,0,0,0,0
"POINT (8.923634130000000 53.060427646999997)",Unfall 102586 (2016) Kat:3, Licht: 0,102586,3,5,0,12,12,7,,0,1,1,0,0,0,0
"POINT (8.878347509999999 53.079204830000002)",Unfall 102587 (2016) Kat:3, Licht: 0,102587,3,2,2,12,07,6,,0,0,1,0,0,0,0
"POINT (8.809505617999999 53.063181040000003)",Unfall 102588 (2016) Kat:3, Licht: 2,102588,3,7,0,11,18,4,,2,1,0,0,0,1,0
"POINT (8.800876235000001 53.094595855999998)",Unfall 102592 (2016) Kat:3, Licht: 1,102592,3,3,5,11,16,3,,1,1,0,0,0,0,1
"POINT (8.778751829000001 53.099003044000000)",Unfall 102593 (2016) Kat:3, Licht: 0,102593,3,5,1,12,12,3,,0,1,1,0,0,0,0
"POINT (8.916263072000000 53.071080995000003)",Unfall 102594 (2016) Kat:3, Licht: 2,102594,3,3,5,12,05,2,,2,1,0,0,0,0,1
"POINT (8.798807637000000 53.065827843000001)",Unfall 102595 (2016) Kat:3, Licht: 0,102595,3,4,6,12,14,5,,0,0,1,1,0,0,0
"POINT (8.898254472000000 53.119660310000000)",Unfall 102596 (2016) Kat:3, Licht: 0,102596,3,6,2,12,08,4,,0,0,1,0,0,0,0
"POINT (8.870561137999999 53.089821503000003)",Unfall 102597 (2016) Kat:3, Licht: 1,102597,3,2,5,12,17,3,,1,1,1,0,0,0,0
"POINT (8.845048199000001 53.046128488999997)",Unfall 102598 (2016) Kat:3, Licht: 0,102598,3,6,2,11,18,7,,0,0,1,0,0,0,0
"POINT (8.812950315000000 53.092058338000001)",Unfall 102600 (2016) Kat:3, Licht: 2,102600,3,7,0,12,18,4,,2,1,0,0,0,0,0
"POINT (8.716402321000000 53.172530276000003)",Unfall 102601 (2016) Kat:3, Licht: 0,102601,3,3,5,12,09,2,,0,0,1,0,0,0,0
"POINT (8.539340804000000 53.193174677999998)",Unfall 102602 (2016) Kat:3, Licht: 1,102602,3,6,4,12,07,6,,1,1,1,0,0,0,0
"POINT (8.845862844999999 53.073307917999998)",Unfall 102603 (2016) Kat:3, Licht: 0,102603,3,3,5,12,13,4,,0,1,0,0,0,0,1
"POINT (8.791390044000000 53.105990466999998)",Unfall 102608 (2016) Kat:3, Licht: 0,102608,3,4,6,11,08,3,,0,0,1,1,0,0,0
"POINT (8.597498680999999 53.184836969000003)",Unfall 102610 (2016) Kat:3, Licht: 0,102610,3,3,0,11,11,1,,0,0,1,0,1,0,0
"POINT (8.789413758000000 53.093853469000003)",Unfall 102611 (2016) Kat:3, Licht: 2,102611,3,3,5,11,17,3,,2,0,1,0,0,0,1
"POINT (8.914428334000000 53.062682916000000)",Unfall 102612 (2016) Kat:3, Licht: 2,102612,3,7,1,12,05,6,,2,0,1,0,0,0,0
"POINT (8.789962431999999 53.086407264000002)",Unfall 102613 (2016) Kat:3, Licht: 0,102613,3,7,0,12,13,7,,0,1,0,0,0,0,0
"POINT (8.799618066000001 53.084441196000000)",Unfall 102614 (2016) Kat:3, Licht: 2,102614,3,6,2,12,08,3,,2,0,1,0,0,0,0
"POINT (8.816921424000000 53.078861113000002)",Unfall 102615 (2016) Kat:3, Licht: 0,102615,3,6,2,12,10,3,,0,0,1,0,0,0,0
"POINT (8.806540977999999 53.087284117999999)",Unfall 102619 (2016) Kat:3, Licht: 2,102619,3,2,0,11,17,3,,2,1,0,0,1,0,0
"POINT (8.890998453000000 53.086194663999997)",Unfall 102621 (2016) Kat:3, Licht: 2,102621,3,3,5,12,06,5,,2,1,1,0,0,0,0
"POINT (8.944145653000000 53.058269764999999)",Unfall 102622 (2016) Kat:3, Licht: 2,102622,3,6,2,11,17,2,,2,0,1,0,0,0,0
"POINT (8.792189208000000 53.075276428000002)",Unfall 102623 (2016) Kat:3, Licht: 0,102623,3,3,5,12,08,3,,0,1,1,0,0,0,0
"POINT (8.892483102000000 53.079429283000003)",Unfall 102625 (2016) Kat:2, Licht: 0,102625,2,4,6,11,14,3,,0,0,1,1,0,0,0
"POINT (8.727665330000001 53.129205386000002)",Unfall 102626 (2016) Kat:3, Licht: 2,102626,3,4,6,12,18,5,,2,0,1,1,0,0,0
"POINT (8.823374488000001 53.078113346999999)",Unfall 102627 (2016) Kat:3, Licht: 0,102627,3,6,2,11,08,3,,0,0,1,0,0,0,0
"POINT (8.822642844000001 53.074673046999997)",Unfall 102628 (2016) Kat:3, Licht: 2,102628,3,7,0,12,03,4,,2,1,0,0,0,0,0
"POINT (8.887080530000000 53.062759241999998)",Unfall 102629 (2016) Kat:3, Licht: 0,102629,3,5,1,11,09,3,,0,1,1,0,0,0,0
"POINT (8.806190977000000 53.094519769000001)",Unfall 102633 (2016) Kat:3, Licht: 0,102633,3,4,6,12,10,5,,0,0,1,1,0,0,0
"POINT (8.932187996000000 53.039906328000001)",Unfall 102640 (2016) Kat:3, Licht: 0,102640,3,3,5,12,12,5,,0,0,1,0,0,0,1
"POINT (8.845622343000001 53.091092392000000)",Unfall 102641 (2016) Kat:2, Licht: 2,102641,2,4,6,12,17,7,,2,0,1,1,0,0,0
"POINT (8.792544623000000 53.085603917999997)",Unfall 102642 (2016) Kat:3, Licht: 2,102642,3,6,2,12,19,4,,2,0,1,0,0,0,0
"POINT (8.776167296000001 53.098644164000000)",Unfall 102645 (2016) Kat:3, Licht: 0,102645,3,6,2,12,13,5,,0,0,1,0,0,0,0
"POINT (8.790541063999999 53.098468341000000)",Unfall 102646 (2016) Kat:3, Licht: 1,102646,3,3,5,12,07,2,,1,1,1,0,0,0,0
"POINT (8.826258078000000 53.079319546999997)",Unfall 102647 (2016) Kat:3, Licht: 0,102647,3,1,3,12,17,2,,0,1,1,0,0,0,0
"POINT (8.795603613000001 53.098346429999999)",Unfall 102651 (2016) Kat:3, Licht: 2,102651,3,6,2,11,17,2,,2,0,1,0,0,0,0
"POINT (8.954647533999999 53.057602005000000)",Unfall 102652 (2016) Kat:3, Licht: 1,102652,3,6,2,12,12,6,,1,0,1,0,0,0,0
"POINT (8.818163649000001 53.077737020999997)",Unfall 102653 (2016) Kat:3, Licht: 2,102653,3,1,0,12,18,4,,2,1,0,0,0,0,0
"POINT (8.848363012000000 53.110079130000003)",Unfall 102654 (2016) Kat:3, Licht: 2,102654,3,2,5,12,07,3,,2,1,1,0,0,0,0
"POINT (8.864821429999999 53.070861039999997)",Unfall 102655 (2016) Kat:3, Licht: 0,102655,3,3,5,12,08,6,,0,0,1,0,1,0,0
"POINT (8.864994242000000 53.023279506000002)",Unfall 102657 (2016) Kat:3, Licht: 0,102657,3,2,5,11,13,6,,0,0,0,0,0,1,0
"POINT (8.879708037000000 53.060736609999999)",Unfall 102661 (2016) Kat:3, Licht: 1,102661,3,3,5,12,06,6,,1,1,1,0,0,0,0
"POINT (8.832588668000000 53.078323900999997)",Unfall 102662 (2016) Kat:2, Licht: 0,102662,2,7,1,11,08,4,,0,1,1,0,0,1,0
"POINT (8.844656701000000 53.075278494999999)",Unfall 102664 (2016) Kat:3, Licht: 0,102664,3,6,3,12,11,5,,0,0,1,0,0,0,0
"POINT (8.832078168000001 53.092601870999999)",Unfall 102665 (2016) Kat:3, Licht: 0,102665,3,6,2,11,13,1,,0,0,1,0,0,0,0
"POINT (8.854188723000050 53.027401830000031)",Unfall 26310 (2017) Kat:3, Licht: 0,26310,3,7,0,02,09,6,0,0,0,1,0,0,,1
"POINT (8.844568811000045 53.024440462000030)",Unfall 26312 (2017) Kat:3, Licht: 0,26312,3,6,2,02,14,6,0,0,0,1,0,0,,0
"POINT (8.856340317000047 53.114173960000073)",Unfall 26314 (2017) Kat:3, Licht: 0,26314,3,6,3,02,16,6,0,0,0,1,0,0,,0
"POINT (8.854122375000031 53.027171264000060)",Unfall 26317 (2017) Kat:3, Licht: 2,26317,3,6,2,02,18,5,0,2,0,0,0,0,,1
"POINT (8.898901612000032 53.038862767000069)",Unfall 26320 (2017) Kat:3, Licht: 1,26320,3,6,2,02,07,3,0,1,0,1,0,0,,0
"POINT (8.887731442000074 53.038298367000039)",Unfall 26352 (2017) Kat:3, Licht: 0,26352,3,6,2,02,07,4,0,0,0,1,0,0,,0
"POINT (8.879052427000033 53.037055172000066)",Unfall 26353 (2017) Kat:2, Licht: 2,26353,2,6,2,02,05,4,1,2,0,0,0,0,,1
"POINT (8.794142065000074 53.119910199000060)",Unfall 26354 (2017) Kat:3, Licht: 1,26354,3,6,2,02,07,4,0,1,0,1,0,0,,0
"POINT (8.970875466000052 53.058367660000044)",Unfall 26357 (2017) Kat:3, Licht: 1,26357,3,6,1,02,18,4,0,1,0,1,0,0,,0
"POINT (8.818681622000042 53.048291117000076)",Unfall 26364 (2017) Kat:3, Licht: 0,26364,3,6,2,01,16,6,0,0,0,1,0,0,,0
"POINT (8.812055111000063 53.036282102000030)",Unfall 26371 (2017) Kat:3, Licht: 0,26371,3,6,2,01,14,6,0,0,0,1,0,0,,0
"POINT (8.822085958000059 53.023692244000074)",Unfall 26374 (2017) Kat:3, Licht: 0,26374,3,6,2,01,15,5,0,0,0,0,0,0,,1
"POINT (8.867201243000068 53.110277845000041)",Unfall 26377 (2017) Kat:2, Licht: 0,26377,2,6,2,01,09,5,0,0,0,1,0,0,,1
"POINT (8.889730446000044 53.038785734000044)",Unfall 26394 (2017) Kat:3, Licht: 2,26394,3,6,2,01,17,3,1,2,0,1,0,0,,0
"POINT (8.693311272000074 53.173650829000053)",Unfall 26395 (2017) Kat:3, Licht: 1,26395,3,6,3,01,08,3,1,1,0,1,0,0,,0
"POINT (8.868393408000031 53.109896961000061)",Unfall 26396 (2017) Kat:3, Licht: 0,26396,3,6,2,01,11,2,1,0,0,1,0,0,,0
"POINT (8.814806241000042 53.040956951000055)",Unfall 26398 (2017) Kat:3, Licht: 0,26398,3,3,5,01,11,6,1,0,0,1,0,0,,0
"POINT (8.794214553000074 53.119895488000054)",Unfall 26401 (2017) Kat:2, Licht: 2,26401,2,1,9,01,04,5,1,2,0,1,0,0,,0
"POINT (8.841715504000035 53.115744245000030)",Unfall 26403 (2017) Kat:3, Licht: 0,26403,3,6,2,01,09,7,2,0,0,1,0,0,,0
"POINT (8.868951641000024 53.109852148000073)",Unfall 26414 (2017) Kat:3, Licht: 0,26414,3,6,2,01,11,7,2,0,0,1,0,0,,0
"POINT (8.622240794000049 53.180568964000031)",Unfall 26415 (2017) Kat:2, Licht: 2,26415,2,5,1,01,19,6,0,2,0,1,0,0,,0
"POINT (8.885484015000031 53.039656471000058)",Unfall 26416 (2017) Kat:3, Licht: 0,26416,3,7,0,01,15,6,0,0,0,1,0,0,,1
"POINT (8.786938592000070 53.074958704000039)",Unfall 26424 (2017) Kat:3, Licht: 0,26424,3,6,3,01,12,4,1,0,0,1,0,0,,1
"POINT (8.717546627000047 53.170375728000067)",Unfall 26425 (2017) Kat:2, Licht: 2,26425,2,6,2,01,18,2,0,2,0,1,0,0,,1
"POINT (8.741144906000045 53.140999517000068)",Unfall 26426 (2017) Kat:2, Licht: 2,26426,2,1,8,01,06,1,0,2,0,1,0,0,,0
"POINT (8.730645536000054 53.149113074000070)",Unfall 26455 (2017) Kat:2, Licht: 2,26455,2,1,8,12,03,2,1,2,0,1,0,0,,0
"POINT (8.810088657000051 53.051023390000069)",Unfall 26456 (2017) Kat:2, Licht: 2,26456,2,6,3,12,05,7,1,2,0,1,0,0,,1
"POINT (8.819357703000037 53.048032859000045)",Unfall 26457 (2017) Kat:3, Licht: 0,26457,3,2,5,12,11,6,0,0,1,1,0,0,,0
"POINT (8.795762618000026 53.085854578000067)",Unfall 26462 (2017) Kat:3, Licht: 0,26462,3,6,3,12,15,5,0,0,0,1,0,0,,1
"POINT (8.728261246000045 53.150846925000053)",Unfall 26465 (2017) Kat:3, Licht: 2,26465,3,1,9,12,06,1,1,2,0,1,0,0,,0
"POINT (8.966668212000059 53.062393806000046)",Unfall 26466 (2017) Kat:3, Licht: 2,26466,3,6,2,12,17,5,0,2,0,1,0,0,,0
"POINT (8.858578955000041 53.029065130000049)",Unfall 26467 (2017) Kat:2, Licht: 0,26467,2,6,2,12,14,5,0,0,0,0,0,0,,1
"POINT (8.853009444000065 53.026814837000074)",Unfall 26468 (2017) Kat:3, Licht: 2,26468,3,6,3,12,16,3,1,2,0,1,0,0,,1
"POINT (8.834090698000068 53.023808398000028)",Unfall 26469 (2017) Kat:2, Licht: 0,26469,2,6,2,12,15,2,1,0,0,0,0,0,,1
"POINT (8.526292851000051 53.199758193000036)",Unfall 26470 (2017) Kat:2, Licht: 2,26470,2,7,2,12,16,1,2,2,0,1,0,0,,0
"POINT (8.806427637000070 53.117209340000045)",Unfall 26471 (2017) Kat:3, Licht: 2,26471,3,6,3,12,16,7,1,2,0,1,0,0,,1
"POINT (8.682773662000045 53.173111630000051)",Unfall 26472 (2017) Kat:2, Licht: 2,26472,2,1,8,12,22,5,1,2,0,1,0,0,,0
"POINT (8.776645894000069 53.065354018000050)",Unfall 26473 (2017) Kat:3, Licht: 2,26473,3,6,2,12,18,3,1,2,0,1,0,0,,0
"POINT (8.717398118000062 53.180727412000067)",Unfall 26474 (2017) Kat:3, Licht: 0,26474,3,6,2,12,14,3,1,0,0,1,0,0,,0
"POINT (8.728618349000044 53.145308380000074)",Unfall 26475 (2017) Kat:3, Licht: 2,26475,3,6,2,12,17,3,1,2,0,1,0,0,,0
"POINT (8.736774642000057 53.144197208000037)",Unfall 26478 (2017) Kat:3, Licht: 1,26478,3,6,2,11,17,5,1,1,0,1,0,0,,0
"POINT (8.795564694000063 53.090280222000047)",Unfall 26480 (2017) Kat:3, Licht: 0,26480,3,6,4,11,10,3,0,0,0,1,0,0,,1
"POINT (8.731397995000066 53.148753108000051)",Unfall 26481 (2017) Kat:3, Licht: 2,26481,3,6,2,11,04,1,1,2,0,1,0,0,,0
"POINT (8.773904185000049 53.062900519000038)",Unfall 26482 (2017) Kat:3, Licht: 1,26482,3,6,2,11,17,3,1,1,0,1,0,0,,0
"POINT (8.850997477000021 53.025995621000050)",Unfall 26483 (2017) Kat:3, Licht: 2,26483,3,6,2,11,17,2,1,2,0,1,0,0,,1
"POINT (8.807990832000030 53.023680540000043)",Unfall 26484 (2017) Kat:3, Licht: 0,26484,3,6,3,11,15,1,1,0,0,1,0,0,,0
"POINT (8.968596003000073 53.057497267000031)",Unfall 26485 (2017) Kat:2, Licht: 2,26485,2,6,2,11,17,5,1,2,0,1,0,0,,0
"POINT (8.656339148000029 53.172686084000077)",Unfall 26486 (2017) Kat:2, Licht: 0,26486,2,6,2,11,14,5,0,0,0,1,0,0,,0
"POINT (8.863590725000051 53.031199394000055)",Unfall 26487 (2017) Kat:2, Licht: 0,26487,2,6,2,11,11,5,0,0,0,0,0,0,,1
"POINT (8.814767080000024 53.049450693000040)",Unfall 26488 (2017) Kat:3, Licht: 0,26488,3,3,5,11,14,5,0,0,1,1,0,0,,0
"POINT (8.711245590000033 53.178228864000062)",Unfall 26489 (2017) Kat:3, Licht: 2,26489,3,1,9,11,21,5,1,2,0,1,0,0,,0
"POINT (8.817741150000074 53.048903439000071)",Unfall 26490 (2017) Kat:3, Licht: 0,26490,3,1,0,11,07,5,0,0,1,0,0,0,,0
"POINT (8.743239454000047 53.139390595000066)",Unfall 26492 (2017) Kat:3, Licht: 2,26492,3,6,2,11,18,4,0,2,0,1,0,0,,0
"POINT (8.723941319000062 53.155639723000036)",Unfall 26493 (2017) Kat:3, Licht: 2,26493,3,6,2,11,17,4,0,2,0,1,0,0,,0
"POINT (8.737461515000064 53.143651538000029)",Unfall 26494 (2017) Kat:2, Licht: 2,26494,2,6,3,11,19,4,0,2,0,1,0,0,,0
"POINT (8.718865573000073 53.167333098000029)",Unfall 26496 (2017) Kat:3, Licht: 2,26496,3,1,9,11,03,3,1,2,0,0,0,0,,1
"POINT (8.850991756000042 53.025993619000076)",Unfall 26497 (2017) Kat:3, Licht: 0,26497,3,6,2,11,12,2,0,0,0,0,0,0,,1
"POINT (8.817901617000075 53.023835821000034)",Unfall 26498 (2017) Kat:3, Licht: 0,26498,3,6,2,11,10,2,0,0,0,1,0,0,,1
"POINT (8.852552533000051 53.026550586000042)",Unfall 26500 (2017) Kat:3, Licht: 1,26500,3,6,2,11,18,2,0,1,0,1,0,0,,0
"POINT (8.737584081000023 53.143105115000026)",Unfall 26501 (2017) Kat:3, Licht: 1,26501,3,6,2,11,07,4,1,1,0,1,0,0,,0
"POINT (8.886867372000040 53.038536523000062)",Unfall 26502 (2017) Kat:3, Licht: 0,26502,3,6,2,10,12,2,1,0,0,1,0,0,,0
"POINT (8.845716637000066 53.115479605000075)",Unfall 26503 (2017) Kat:3, Licht: 2,26503,3,6,2,10,06,1,1,2,0,1,0,0,,0
"POINT (8.810786241000074 53.034341862000076)",Unfall 26504 (2017) Kat:3, Licht: 2,26504,3,5,1,10,21,7,1,2,0,1,0,0,,0
"POINT (8.858818688000042 53.029129679000050)",Unfall 26505 (2017) Kat:3, Licht: 0,26505,3,6,3,10,14,6,0,0,0,1,0,0,,1
"POINT (8.869384868000054 53.033491111000046)",Unfall 26506 (2017) Kat:2, Licht: 2,26506,2,6,2,10,19,6,0,2,0,1,0,0,,0
"POINT (8.731031398000027 53.149063566000052)",Unfall 26507 (2017) Kat:3, Licht: 2,26507,3,1,8,10,01,5,1,2,0,1,0,0,,0
"POINT (8.873566378000021 53.107329251000067)",Unfall 26510 (2017) Kat:3, Licht: 0,26510,3,3,5,10,11,7,0,0,0,1,0,0,,0
"POINT (8.809823765000033 53.116279221000070)",Unfall 26511 (2017) Kat:3, Licht: 0,26511,3,6,2,10,15,4,0,0,0,1,0,0,,0
"POINT (8.729715247000058 53.146022131000052)",Unfall 26512 (2017) Kat:3, Licht: 0,26512,3,6,3,10,12,4,0,0,0,1,0,0,,1
"POINT (8.783393676000060 53.071470091000037)",Unfall 26515 (2017) Kat:3, Licht: 0,26515,3,6,3,10,14,4,0,0,0,1,0,0,,1
"POINT (8.872625282000058 53.107740922000062)",Unfall 26522 (2017) Kat:3, Licht: 0,26522,3,6,2,10,13,3,0,0,0,1,0,0,,0
"POINT (8.671754128000032 53.172178990000077)",Unfall 26523 (2017) Kat:3, Licht: 0,26523,3,6,2,10,09,2,0,0,0,1,0,0,,1
"POINT (8.791361487000074 53.057190896000066)",Unfall 26525 (2017) Kat:3, Licht: 0,26525,3,6,3,10,15,4,0,0,0,1,0,0,,1
"POINT (8.698975700000062 53.174049585000034)",Unfall 26526 (2017) Kat:3, Licht: 1,26526,3,6,2,10,06,2,1,1,0,1,0,0,,0
"POINT (8.793683443000020 53.058811767000066)",Unfall 26527 (2017) Kat:3, Licht: 2,26527,3,6,2,10,19,7,1,2,0,1,0,0,,0
"POINT (8.696023127000046 53.173729280000032)",Unfall 26528 (2017) Kat:3, Licht: 0,26528,3,6,2,10,15,6,1,0,0,1,0,0,,1
"POINT (8.801952574000040 53.118319435000046)",Unfall 26529 (2017) Kat:3, Licht: 2,26529,3,6,3,10,22,5,1,2,0,1,0,0,,0
"POINT (8.789410074000045 53.078610129000026)",Unfall 26530 (2017) Kat:3, Licht: 2,26530,3,6,3,09,21,6,0,2,0,1,0,0,,1
"POINT (8.860018245000049 53.113267782000037)",Unfall 26531 (2017) Kat:2, Licht: 0,26531,2,3,5,09,15,6,0,0,0,1,0,0,,1
"POINT (8.796593516000030 53.088269274000027)",Unfall 26532 (2017) Kat:3, Licht: 1,26532,3,6,3,09,17,5,1,1,0,1,0,0,,1
"POINT (8.792554575000054 53.082438774000082)",Unfall 26533 (2017) Kat:3, Licht: 0,26533,3,6,2,09,15,5,1,0,0,1,0,0,,1
"POINT (8.773278971000025 53.069946148000042)",Unfall 26534 (2017) Kat:3, Licht: 2,26534,3,3,5,09,06,5,0,2,0,1,0,0,,1
"POINT (8.859465379000028 53.029438700000071)",Unfall 26535 (2017) Kat:3, Licht: 0,26535,3,6,2,09,14,3,0,0,0,1,0,0,,1
"POINT (8.814797415000044 53.049619708000080)",Unfall 26537 (2017) Kat:2, Licht: 0,26537,2,6,4,09,18,2,1,0,0,1,0,0,,0
"POINT (8.853229328000055 53.026662391000059)",Unfall 26539 (2017) Kat:3, Licht: 0,26539,3,6,2,09,11,6,0,0,0,1,0,0,,1
"POINT (8.865928013000030 53.032195450000074)",Unfall 26540 (2017) Kat:3, Licht: 0,26540,3,6,2,09,13,6,0,0,0,1,0,0,,0
"POINT (8.717100306000077 53.171401338000067)",Unfall 26541 (2017) Kat:3, Licht: 0,26541,3,6,2,09,17,5,0,0,0,1,0,0,,0
"POINT (8.796763495000050 53.099896162000050)",Unfall 26542 (2017) Kat:3, Licht: 0,26542,3,6,2,09,18,2,0,0,0,1,0,0,,0
"POINT (8.852701212000056 53.026610997000034)",Unfall 26543 (2017) Kat:3, Licht: 0,26543,3,6,1,09,13,7,0,0,0,1,0,0,,0
"POINT (8.820814722000023 53.116451818000030)",Unfall 26544 (2017) Kat:3, Licht: 0,26544,3,6,2,09,07,5,0,0,0,1,0,0,,0
"POINT (8.809613472000024 53.111817548000033)",Unfall 26545 (2017) Kat:2, Licht: 0,26545,2,6,2,09,16,5,1,0,0,1,0,0,,1
"POINT (8.714124137000056 53.180224126000041)",Unfall 26546 (2017) Kat:3, Licht: 2,26546,3,2,5,09,21,4,1,2,0,1,0,0,,0
"POINT (8.773474707000048 53.069721071000060)",Unfall 26550 (2017) Kat:2, Licht: 0,26550,2,6,2,09,14,4,0,0,0,0,0,1,,1
"POINT (8.717585581000037 53.170285505000038)",Unfall 26551 (2017) Kat:3, Licht: 0,26551,3,6,2,09,08,3,0,0,0,1,0,0,,1
"POINT (8.860794367000040 53.030003063000038)",Unfall 26552 (2017) Kat:3, Licht: 0,26552,3,6,2,09,14,3,0,0,0,1,0,0,,0
"POINT (8.795612071000051 53.097958764000055)",Unfall 26553 (2017) Kat:3, Licht: 1,26553,3,6,3,09,18,3,1,1,0,0,0,1,,1
"POINT (8.693017688000055 53.173596514000053)",Unfall 26554 (2017) Kat:3, Licht: 0,26554,3,6,2,09,07,3,0,0,0,1,0,0,,1
"POINT (8.880083215000070 53.037167788000033)",Unfall 26555 (2017) Kat:3, Licht: 2,26555,3,6,2,09,05,2,0,2,0,1,0,0,,0
"POINT (8.732978025000023 53.147039032000066)",Unfall 26556 (2017) Kat:3, Licht: 2,26556,3,6,4,09,21,2,0,2,0,1,0,0,,0
"POINT (8.794359245000067 53.094225733000030)",Unfall 26557 (2017) Kat:3, Licht: 0,26557,3,6,3,08,15,4,1,0,0,1,0,0,,1
"POINT (8.789426611000067 53.078634875000034)",Unfall 26558 (2017) Kat:3, Licht: 0,26558,3,6,2,08,16,4,0,0,0,1,0,0,,1
"POINT (8.867484858000069 53.032849614000042)",Unfall 26559 (2017) Kat:3, Licht: 0,26559,3,6,2,08,12,5,0,0,0,1,0,0,,0
"POINT (8.693166126000051 53.173585036000077)",Unfall 26560 (2017) Kat:3, Licht: 0,26560,3,6,2,08,16,2,0,0,0,1,0,0,,0
"POINT (8.813124864000031 53.116889599000046)",Unfall 26562 (2017) Kat:3, Licht: 0,26562,3,1,0,08,15,2,0,0,0,0,0,1,,0
"POINT (8.741873600000076 53.140392457000075)",Unfall 26564 (2017) Kat:3, Licht: 1,26564,3,1,8,08,20,1,0,1,0,1,0,0,,0
"POINT (8.938081906000036 53.027702828000031)",Unfall 26565 (2017) Kat:2, Licht: 1,26565,2,7,0,08,19,7,0,1,0,1,0,0,,1
"POINT (8.794511046000025 53.091519746000074)",Unfall 26567 (2017) Kat:3, Licht: 2,26567,3,6,3,08,21,5,1,2,0,1,0,0,,1
"POINT (8.884026143000028 53.038262405000069)",Unfall 26568 (2017) Kat:3, Licht: 0,26568,3,6,2,08,15,3,0,0,0,1,0,0,,0
"POINT (8.696564796000075 53.173940641000058)",Unfall 26569 (2017) Kat:3, Licht: 0,26569,3,6,2,08,10,3,0,0,0,1,0,0,,0
"POINT (8.714683950000051 53.135803985000052)",Unfall 26573 (2017) Kat:3, Licht: 0,26573,3,6,2,08,06,5,0,0,0,1,0,0,,0