WKT,Name,OBJECTID,UKATEGORIE,UTYP1,UART,UMONAT,USTUNDE,UWOCHENTAG,STRZUSTAND,ULICHTVERH,ISTRAD,ISTPKW,ISTFUSS,ISTKRAD,ISTGKFZ,ISTSONSTIG
"POINT (8.789822026000024 53.079316750000032)",Unfall 26574 (2017) Kat:3, Licht: 0,26574,3,6,2,08,17,5,0,0,0,1,0,1,,0
"POINT (8.802132419000031 53.105107389000068)",Unfall 26576 (2017) Kat:3, Licht: 0,26576,3,6,2,08,15,6,0,0,0,1,0,0,,1
"POINT (8.868116492000070 53.033107828000027)",Unfall 26578 (2017) Kat:3, Licht: 0,26578,3,7,2,07,14,1,0,0,0,1,0,1,,0
"POINT (8.854317982000055 53.027256207000050)",Unfall 26579 (2017) Kat:3, Licht: 0,26579,3,6,2,07,12,7,0,0,0,1,0,0,,0
"POINT (8.796362999000053 53.099583500000051)",Unfall 26580 (2017) Kat:3, Licht: 0,26580,3,6,3,07,11,6,1,0,0,1,0,0,,0
"POINT (8.908915774000036 53.080365319000066)",Unfall 26582 (2017) Kat:3, Licht: 0,26582,3,1,9,07,16,5,0,0,0,1,0,0,,0
"POINT (8.868711968000071 53.109859160000042)",Unfall 26583 (2017) Kat:2, Licht: 0,26583,2,1,9,07,12,4,0,0,0,0,0,1,,0
"POINT (8.779783883000050 53.068807977000063)",Unfall 26586 (2017) Kat:3, Licht: 0,26586,3,6,2,07,18,3,1,0,0,1,0,0,,0
"POINT (8.831118862000039 53.023812568000039)",Unfall 26587 (2017) Kat:3, Licht: 0,26587,3,6,3,07,14,3,0,0,0,1,0,0,,1
"POINT (8.591112295000073 53.182248508000043)",Unfall 26588 (2017) Kat:3, Licht: 0,26588,3,6,4,07,19,2,1,0,0,1,0,0,,0
"POINT (8.854387105000058 53.027286224000079)",Unfall 26589 (2017) Kat:2, Licht: 0,26589,2,6,2,07,08,2,0,0,0,0,0,0,,1
"POINT (8.852846318000047 53.026706958000034)",Unfall 26590 (2017) Kat:3, Licht: 0,26590,3,3,5,07,13,2,1,0,0,1,0,0,,1
"POINT (8.813195202000031 53.117882363000035)",Unfall 26591 (2017) Kat:1, Licht: 0,26591,1,1,8,07,17,7,0,0,0,0,0,1,,0
"POINT (8.798228531000063 53.055863237000040)",Unfall 26592 (2017) Kat:3, Licht: 0,26592,3,6,2,07,17,3,0,0,0,1,0,1,,0
"POINT (8.796482219000041 53.099705067000059)",Unfall 26593 (2017) Kat:3, Licht: 0,26593,3,6,2,07,17,3,0,0,0,1,0,0,,0
"POINT (8.796487800000023 53.089318137000078)",Unfall 26594 (2017) Kat:3, Licht: 0,26594,3,6,1,07,18,5,0,0,0,1,0,0,,1
"POINT (8.821641639000063 53.047766209000031)",Unfall 26595 (2017) Kat:3, Licht: 0,26595,3,6,3,07,18,2,0,0,0,1,0,0,,0
"POINT (8.864572389000045 53.110040479000077)",Unfall 26596 (2017) Kat:2, Licht: 0,26596,2,1,9,07,13,4,0,0,0,0,0,1,,0
"POINT (8.892957385000045 53.038772293000079)",Unfall 26597 (2017) Kat:3, Licht: 0,26597,3,3,5,07,18,3,0,0,0,0,0,0,,1
"POINT (8.796562744000028 53.099672262000070)",Unfall 26598 (2017) Kat:3, Licht: 1,26598,3,6,3,06,20,6,1,1,0,1,0,0,,0
"POINT (8.775825779000058 53.125254132000066)",Unfall 26599 (2017) Kat:2, Licht: 0,26599,2,1,9,06,09,6,1,0,0,1,0,0,,0
"POINT (8.806385012000021 53.109994601000039)",Unfall 26600 (2017) Kat:3, Licht: 0,26600,3,6,2,06,17,6,1,0,0,1,0,0,,0
"POINT (8.818065389000026 53.116424252000058)",Unfall 26605 (2017) Kat:2, Licht: 0,26605,2,7,7,06,09,4,0,0,0,1,0,0,,0
"POINT (8.892365949000066 53.091738869000039)",Unfall 26606 (2017) Kat:3, Licht: 0,26606,3,6,2,06,07,3,0,0,0,1,0,0,,1
"POINT (8.711445102000027 53.178060046000041)",Unfall 26608 (2017) Kat:3, Licht: 0,26608,3,1,9,06,15,2,0,0,0,1,0,0,,0
"POINT (8.810673171000076 53.116735656000060)",Unfall 26609 (2017) Kat:3, Licht: 0,26609,3,6,2,06,17,6,0,0,0,1,0,0,,1
"POINT (8.818113853000057 53.116422775000046)",Unfall 26610 (2017) Kat:2, Licht: 0,26610,2,6,2,06,15,6,0,0,0,1,0,0,,0
"POINT (8.781460285000037 53.070438648000049)",Unfall 26611 (2017) Kat:3, Licht: 0,26611,3,6,2,06,17,5,0,0,0,1,0,0,,0
"POINT (8.796326597000075 53.086203843000078)",Unfall 26612 (2017) Kat:3, Licht: 0,26612,3,7,2,06,16,4,0,0,0,1,0,0,,0
"POINT (8.865829513000051 53.111372115000052)",Unfall 26613 (2017) Kat:2, Licht: 2,26613,2,1,9,06,00,3,0,2,0,1,0,0,,0
"POINT (8.866427657000031 53.111952913000039)",Unfall 26614 (2017) Kat:3, Licht: 0,26614,3,1,9,06,18,2,0,0,0,0,0,1,,0
"POINT (8.818945303000021 53.047998682000070)",Unfall 26615 (2017) Kat:3, Licht: 0,26615,3,3,5,06,15,2,0,0,0,1,0,0,,0
"POINT (8.794606355000042 53.094437558000038)",Unfall 26616 (2017) Kat:3, Licht: 0,26616,3,6,2,06,14,2,0,0,0,0,0,0,,1
"POINT (8.686084571000038 53.173313335000046)",Unfall 26617 (2017) Kat:3, Licht: 0,26617,3,3,5,06,15,1,0,0,0,1,0,0,,0
"POINT (8.892316305000065 53.091968295000072)",Unfall 26618 (2017) Kat:3, Licht: 0,26618,3,1,8,06,18,5,1,0,0,0,0,1,,0
"POINT (8.954990571000053 53.076328703000058)",Unfall 26619 (2017) Kat:3, Licht: 0,26619,3,6,2,06,16,4,0,0,0,1,0,0,,0
"POINT (8.858289482000032 53.113663903000031)",Unfall 26620 (2017) Kat:3, Licht: 0,26620,3,6,2,06,16,4,0,0,0,1,0,0,,1
"POINT (8.783201364000036 53.066244310000059)",Unfall 26621 (2017) Kat:3, Licht: 0,26621,3,2,5,06,15,4,0,0,1,1,0,0,,0
"POINT (8.866963717000033 53.110220675000051)",Unfall 26622 (2017) Kat:3, Licht: 0,26622,3,6,2,06,16,4,0,0,0,1,0,0,,0
"POINT (8.937571994000052 53.027754562000041)",Unfall 26623 (2017) Kat:2, Licht: 0,26623,2,7,8,06,20,4,0,0,0,0,0,1,,0
"POINT (8.926996448000068 53.030335670000056)",Unfall 26624 (2017) Kat:3, Licht: 0,26624,3,6,2,06,16,2,0,0,0,0,0,0,,1
"POINT (8.875684577000072 53.036077582000075)",Unfall 26625 (2017) Kat:3, Licht: 0,26625,3,6,2,06,14,5,0,0,0,1,0,0,,0
"POINT (8.737470776000066 53.078271144000041)",Unfall 26628 (2017) Kat:3, Licht: 0,26628,3,1,9,06,16,2,0,0,0,0,0,1,,0
"POINT (8.811389349000024 53.023787548000030)",Unfall 26629 (2017) Kat:3, Licht: 0,26629,3,6,2,06,12,5,0,0,0,1,0,0,,0
"POINT (8.811478232000070 53.116807234000078)",Unfall 26630 (2017) Kat:3, Licht: 0,26630,3,6,2,06,15,5,0,0,0,1,0,0,,1
"POINT (8.779683698000042 53.068708068000035)",Unfall 26631 (2017) Kat:3, Licht: 0,26631,3,7,0,06,13,5,0,0,1,0,0,0,,1
"POINT (8.699755904000028 53.174138187000040)",Unfall 26632 (2017) Kat:3, Licht: 0,26632,3,6,1,06,13,5,0,0,0,1,0,0,,1
"POINT (8.937568238000040 53.027754943000048)",Unfall 26634 (2017) Kat:3, Licht: 0,26634,3,6,2,05,08,4,0,0,0,1,0,0,,0
"POINT (8.779303850000076 53.068622174000041)",Unfall 26635 (2017) Kat:3, Licht: 0,26635,3,6,2,05,17,3,0,0,0,1,0,0,,0
"POINT (8.886792943000046 53.038496809000037)",Unfall 26637 (2017) Kat:3, Licht: 2,26637,3,1,8,05,23,1,0,2,0,1,0,0,,0
"POINT (8.939687803000027 53.027400371000056)",Unfall 26638 (2017) Kat:3, Licht: 0,26638,3,7,7,05,09,7,0,0,0,1,0,0,,1
"POINT (8.739783272000068 53.143203225000036)",Unfall 26640 (2017) Kat:2, Licht: 0,26640,2,1,9,05,17,5,0,0,0,0,0,1,,0
"POINT (8.809638192000023 53.051156360000050)",Unfall 26641 (2017) Kat:3, Licht: 0,26641,3,3,5,05,13,4,0,0,1,1,0,0,,0
"POINT (8.780416149000075 53.068111506000037)",Unfall 26642 (2017) Kat:3, Licht: 0,26642,3,1,2,05,13,4,0,0,0,1,0,0,,0
"POINT (8.833344522000061 53.115891785000031)",Unfall 26643 (2017) Kat:2, Licht: 0,26643,2,6,2,05,07,4,0,0,0,0,0,1,,1
"POINT (8.853945529000043 53.027100062000045)",Unfall 26644 (2017) Kat:2, Licht: 2,26644,2,1,8,05,03,1,0,2,0,1,0,0,,0
"POINT (8.886675806000028 53.038355516000081)",Unfall 26645 (2017) Kat:3, Licht: 0,26645,3,6,3,05,13,5,0,0,0,1,0,0,,1
"POINT (8.832958992000044 53.023810223000055)",Unfall 26647 (2017) Kat:2, Licht: 0,26647,2,6,2,05,10,2,0,0,0,1,0,0,,1
"POINT (8.868756916000052 53.033378843000037)",Unfall 26648 (2017) Kat:3, Licht: 0,26648,3,6,2,05,18,1,1,0,0,1,0,0,,0
"POINT (8.855558889000065 53.114499810000041)",Unfall 26649 (2017) Kat:3, Licht: 2,26649,3,7,1,05,21,7,1,2,0,1,0,0,,0
"POINT (8.885445544000049 53.097692713000072)",Unfall 26650 (2017) Kat:3, Licht: 1,26650,3,6,2,05,21,7,1,1,0,1,0,0,,0
"POINT (8.741010468000070 53.052892568000061)",Unfall 26651 (2017) Kat:3, Licht: 0,26651,3,6,2,05,14,6,0,0,0,1,0,1,,0
"POINT (8.715967762000048 53.173965937000048)",Unfall 26653 (2017) Kat:3, Licht: 0,26653,3,6,2,05,11,4,0,0,0,1,0,0,,0
"POINT (8.818875624000043 53.048615558000051)",Unfall 26654 (2017) Kat:2, Licht: 1,26654,2,7,0,05,05,2,0,1,1,0,0,0,,0
"POINT (8.713125792000028 53.048579382000071)",Unfall 26655 (2017) Kat:3, Licht: 0,26655,3,6,2,05,07,2,1,0,0,1,0,0,,0
"POINT (8.818144817000075 53.046761796000055)",Unfall 26656 (2017) Kat:3, Licht: 0,26656,3,2,5,05,12,1,0,0,0,1,0,0,,0
"POINT (8.786618484000030 53.074535331000050)",Unfall 26657 (2017) Kat:3, Licht: 0,26657,3,6,3,05,16,7,0,0,0,1,0,0,,0
"POINT (8.812986963000071 53.117891819000079)",Unfall 26658 (2017) Kat:3, Licht: 0,26658,3,1,8,05,16,4,0,0,0,0,0,0,,1
"POINT (8.789606586000048 53.078880707000053)",Unfall 26659 (2017) Kat:3, Licht: 0,26659,3,6,2,05,17,3,1,0,0,1,0,0,,0
"POINT (8.789570215000026 53.078832699000031)",Unfall 26660 (2017) Kat:3, Licht: 0,26660,3,6,3,05,12,3,0,0,0,1,0,0,,1
"POINT (8.854188723000050 53.027401830000031)",Unfall 26661 (2017) Kat:3, Licht: 0,26661,3,6,2,04,14,5,0,0,0,1,0,0,,0
"POINT (8.765894990000049 53.060740928000030)",Unfall 26662 (2017) Kat:3, Licht: 0,26662,3,6,2,04,09,3,0,0,0,1,0,0,,0
"POINT (8.814767080000024 53.049450693000040)",Unfall 26663 (2017) Kat:2, Licht: 0,26663,2,1,8,04,06,1,1,0,0,1,0,0,,0
"POINT (8.854475641000022 53.027324671000031)",Unfall 26665 (2017) Kat:2, Licht: 0,26665,2,6,2,04,07,6,0,0,0,0,0,0,,1
"POINT (8.852688633000071 53.026602678000074)",Unfall 26667 (2017) Kat:3, Licht: 0,26667,3,6,2,04,13,3,0,0,0,1,0,0,,0
"POINT (8.857192028000043 53.031184002000032)",Unfall 26668 (2017) Kat:3, Licht: 0,26668,3,1,9,04,09,2,1,0,0,1,0,0,,0
"POINT (8.854369794000036 53.027278706000061)",Unfall 26669 (2017) Kat:3, Licht: 0,26669,3,6,2,04,15,2,0,0,0,1,0,0,,0
"POINT (8.773330825000073 53.068838680000056)",Unfall 26670 (2017) Kat:3, Licht: 0,26670,3,1,9,04,18,4,1,0,0,1,0,0,,0
"POINT (8.840389482000035 53.115658219000068)",Unfall 26672 (2017) Kat:3, Licht: 1,26672,3,6,2,04,06,3,1,1,0,1,0,0,,0
"POINT (8.737086182000041 53.079573699000036)",Unfall 26673 (2017) Kat:3, Licht: 0,26673,3,6,0,04,17,2,0,0,0,0,0,1,,1
"POINT (8.714348476000055 53.180149857000060)",Unfall 26675 (2017) Kat:3, Licht: 0,26675,3,6,2,04,17,7,0,0,0,1,0,0,,0
"POINT (8.886634399000059 53.096229334000043)",Unfall 26676 (2017) Kat:3, Licht: 0,26676,3,6,2,04,14,6,0,0,0,1,0,0,,0
"POINT (8.866864472000032 53.112162837000028)",Unfall 26677 (2017) Kat:3, Licht: 0,26677,3,1,9,04,19,6,0,0,0,0,0,1,,0
"POINT (8.825786962000052 53.023815956000078)",Unfall 26678 (2017) Kat:3, Licht: 0,26678,3,6,2,04,16,5,0,0,0,1,0,0,,1
"POINT (8.795588147000046 53.090105091000055)",Unfall 26679 (2017) Kat:3, Licht: 0,26679,3,6,2,04,10,5,0,0,0,1,0,0,,0
"POINT (8.737037188000045 53.079632594000032)",Unfall 26680 (2017) Kat:3, Licht: 0,26680,3,1,8,04,14,3,0,0,0,1,0,0,,0
"POINT (8.852981066000041 53.026796070000046)",Unfall 26681 (2017) Kat:3, Licht: 0,26681,3,6,2,04,11,3,0,0,0,1,0,0,,0
"POINT (8.720297046000042 53.163433496000039)",Unfall 26683 (2017) Kat:3, Licht: 0,26683,3,6,2,04,07,2,0,0,0,1,0,0,,0
"POINT (8.792357617000050 53.056160875000046)",Unfall 26685 (2017) Kat:3, Licht: 0,26685,3,6,2,03,12,3,0,0,0,1,0,0,,1
"POINT (8.860463659000061 53.029476665000061)",Unfall 26687 (2017) Kat:2, Licht: 0,26687,2,1,9,03,16,7,0,0,0,0,0,1,,0
"POINT (8.765870003000032 53.060671896000031)",Unfall 26688 (2017) Kat:3, Licht: 0,26688,3,3,5,03,12,5,0,0,1,0,0,0,,1
"POINT (8.854803293000032 53.027466955000079)",Unfall 26689 (2017) Kat:3, Licht: 0,26689,3,6,2,03,14,4,0,0,0,1,0,0,,0
"POINT (8.713979441000049 53.176352706000046)",Unfall 26690 (2017) Kat:2, Licht: 2,26690,2,6,2,03,23,4,0,2,0,1,0,0,,1
"POINT (8.853800273000047 53.027218046000030)",Unfall 26692 (2017) Kat:2, Licht: 0,26692,2,6,2,03,12,3,0,0,0,1,0,0,,1
"POINT (8.789474745000064 53.057531965000067)",Unfall 26693 (2017) Kat:3, Licht: 0,26693,3,7,0,03,13,1,1,0,0,1,0,0,,0
"POINT (8.903313870000034 53.084506351000073)",Unfall 26694 (2017) Kat:3, Licht: 0,26694,3,6,2,03,14,5,0,0,0,1,0,0,,1
"POINT (8.854130247000057 53.027174682000066)",Unfall 26695 (2017) Kat:3, Licht: 0,26695,3,6,2,03,15,3,0,0,0,1,0,0,,0
"POINT (8.713882218000038 53.180156048000072)",Unfall 26696 (2017) Kat:3, Licht: 0,26696,3,6,2,03,08,2,0,0,0,1,0,0,,1
"POINT (8.909955862000061 53.037228068000047)",Unfall 26697 (2017) Kat:3, Licht: 0,26697,3,6,2,03,14,6,0,0,0,1,0,0,,0
"POINT (8.797378761000061 53.100392993000071)",Unfall 26699 (2017) Kat:3, Licht: 1,26699,3,6,3,03,06,2,1,1,0,1,0,0,,0
"POINT (8.806252925000024 53.109798963000060)",Unfall 26700 (2017) Kat:3, Licht: 0,26700,3,6,3,03,16,1,0,0,0,1,0,0,,0
"POINT (8.858699402000070 53.028786556000057)",Unfall 26704 (2017) Kat:3, Licht: 2,26704,3,6,3,03,05,5,1,2,0,1,0,0,,1
"POINT (8.856233930000030 53.027924567000071)",Unfall 26705 (2017) Kat:3, Licht: 0,26705,3,6,3,03,11,4,1,0,0,1,0,0,,1
"POINT (8.843278789000067 53.024247567000032)",Unfall 26707 (2017) Kat:3, Licht: 0,26707,3,6,2,03,16,4,0,0,0,1,0,0,,1
"POINT (8.867932183000050 53.032886807000068)",Unfall 26709 (2017) Kat:3, Licht: 2,26709,3,6,2,02,21,1,0,2,0,1,0,0,,0
"POINT (8.871135295000045 53.034230403000038)",Unfall 26710 (2017) Kat:3, Licht: 0,26710,3,6,2,02,12,7,1,0,0,1,0,0,,0
"POINT (8.845765404000076 53.024659750000069)",Unfall 26712 (2017) Kat:3, Licht: 0,26712,3,6,2,02,16,6,1,0,0,1,0,0,,0
"POINT (8.852954894000050 53.026555685000062)",Unfall 26713 (2017) Kat:2, Licht: 2,26713,2,6,2,02,22,6,0,2,0,1,0,0,,0
"POINT (8.844761744000039 53.024474725000061)",Unfall 26714 (2017) Kat:3, Licht: 0,26714,3,6,2,02,11,6,0,0,0,1,0,0,,0
"POINT (8.876673973000038 53.036387617000059)",Unfall 26715 (2017) Kat:3, Licht: 0,26715,3,6,2,02,17,5,0,0,0,1,0,0,,0
"POINT (8.737792503000037 53.142930354000043)",Unfall 26716 (2017) Kat:3, Licht: 0,26716,3,6,2,02,08,5,1,0,0,1,0,0,,1
"POINT (8.774427399000047 53.069086998000046)",Unfall 26717 (2017) Kat:3, Licht: 0,26717,3,6,2,02,08,5,1,0,0,1,0,0,,1
"POINT (8.818112851000024 53.046717309000030)",Unfall 26718 (2017) Kat:3, Licht: 0,26718,3,6,2,02,11,5,1,0,0,1,0,0,,1
"POINT (8.856601625000053 53.027904212000067)",Unfall 26719 (2017) Kat:3, Licht: 0,26719,3,7,7,02,14,7,1,0,0,1,0,0,,1
"POINT (8.789420563000022 53.078625825000074)",Unfall 26721 (2017) Kat:3, Licht: 0,26721,3,6,2,02,14,3,0,0,0,1,0,0,,0
"POINT (8.856529309000052 53.114126168000041)",Unfall 26722 (2017) Kat:3, Licht: 0,26722,3,6,2,02,09,3,0,0,0,1,0,0,,0
"POINT (8.852338497000062 53.026468463000072)",Unfall 26723 (2017) Kat:3, Licht: 0,26723,3,6,2,02,14,3,0,0,0,0,0,0,,1
"POINT (8.854827661000059 53.027477536000049)",Unfall 26724 (2017) Kat:3, Licht: 0,26724,3,6,2,02,14,3,0,0,0,1,0,0,,0
"POINT (8.857231618000071 53.030956857000035)",Unfall 26725 (2017) Kat:3, Licht: 2,26725,3,6,2,02,17,2,0,2,0,1,0,0,,0
"POINT (8.902708808000057 53.084952016000045)",Unfall 26726 (2017) Kat:3, Licht: 0,26726,3,1,9,02,08,7,2,0,0,1,0,0,,0
"POINT (8.739806209000051 53.050262177000036)",Unfall 136708 (2017) Kat:3, Licht: 0,136708,3,4,6,02,15,5,0,0,0,1,1,0,,0
"POINT (8.565362841000024 53.197192613000027)",Unfall 136709 (2017) Kat:3, Licht: 0,136709,3,3,1,02,13,5,0,0,0,1,0,0,,0
"POINT (8.845539539000072 53.106292813000039)",Unfall 136710 (2017) Kat:3, Licht: 0,136710,3,4,6,02,16,5,0,0,0,0,1,0,,1
"POINT (8.837126715000068 53.082610275000036)",Unfall 136711 (2017) Kat:3, Licht: 0,136711,3,4,6,02,17,5,0,0,0,1,1,0,,0
"POINT (8.885129236000068 53.058597344000077)",Unfall 136712 (2017) Kat:3, Licht: 0,136712,3,6,2,02,07,5,0,0,0,1,0,0,,0
"POINT (8.894599690000064 53.060456533000036)",Unfall 136713 (2017) Kat:3, Licht: 0,136713,3,5,1,02,08,4,0,0,0,1,0,0,,1
"POINT (8.793886249000025 53.096584354000072)",Unfall 136714 (2017) Kat:3, Licht: 2,136714,3,3,5,02,18,4,0,2,1,1,0,0,,0
"POINT (8.789261489000069 53.063620807000063)",Unfall 136715 (2017) Kat:3, Licht: 2,136715,3,7,1,02,17,4,0,2,1,0,0,0,,1
"POINT (8.801312219000067 53.071495936000076)",Unfall 136716 (2017) Kat:3, Licht: 0,136716,3,6,2,02,12,3,0,0,0,1,0,0,,0
"POINT (8.802199095000049 53.114176925000038)",Unfall 136717 (2017) Kat:3, Licht: 0,136717,3,1,0,02,16,3,0,0,1,0,0,0,,0
"POINT (8.831406219000030 53.033809240000039)",Unfall 136718 (2017) Kat:3, Licht: 0,136718,3,3,5,02,08,3,0,0,1,1,0,0,,0
"POINT (8.706254180000030 53.089806809000038)",Unfall 136719 (2017) Kat:3, Licht: 0,136719,3,7,1,02,07,3,0,0,0,1,0,0,,0
"POINT (8.736762223000028 53.045457381000062)",Unfall 136721 (2017) Kat:3, Licht: 0,136721,3,3,5,02,12,2,0,0,1,1,0,0,,0
"POINT (8.820246287000032 53.084041434000028)",Unfall 136722 (2017) Kat:3, Licht: 1,136722,3,4,6,02,07,2,0,1,0,1,1,0,,0
"POINT (8.786085547000027 53.101187655000047)",Unfall 136723 (2017) Kat:3, Licht: 0,136723,3,6,2,02,16,1,1,0,0,1,0,0,,0
"POINT (8.718259913000054 53.141063454000061)",Unfall 136726 (2017) Kat:3, Licht: 2,136726,3,3,5,02,02,7,1,2,0,1,0,0,,0
"POINT (8.849541360000046 53.069201681000038)",Unfall 136727 (2017) Kat:3, Licht: 0,136727,3,2,4,02,14,7,0,0,0,1,0,1,,0
"POINT (8.797020578000058 53.076427163000062)",Unfall 136728 (2017) Kat:3, Licht: 0,136728,3,3,5,02,14,7,0,0,0,1,0,0,,1
"POINT (8.806892519000030 53.060374844000080)",Unfall 136729 (2017) Kat:3, Licht: 0,136729,3,2,5,02,16,7,0,0,1,1,0,0,,0
"POINT (8.706095925000057 53.168466974000069)",Unfall 136730 (2017) Kat:3, Licht: 2,136730,3,1,8,02,22,7,1,2,0,0,0,0,,1
"POINT (8.789608757000053 53.079035067000063)",Unfall 136731 (2017) Kat:3, Licht: 2,136731,3,6,2,02,19,7,0,2,0,1,0,0,,0
"POINT (8.758772127000043 53.115977915000030)",Unfall 136732 (2017) Kat:2, Licht: 0,136732,2,2,5,02,13,6,1,0,1,1,0,0,,0
"POINT (8.837279989000024 53.071793282000044)",Unfall 136733 (2017) Kat:3, Licht: 1,136733,3,4,6,02,07,6,1,1,1,0,1,0,,0
"POINT (8.820660918000044 53.051284032000069)",Unfall 136735 (2017) Kat:3, Licht: 2,136735,3,1,8,02,01,5,0,2,0,1,0,0,,0
"POINT (8.800577576000023 53.094594287000064)",Unfall 136736 (2017) Kat:2, Licht: 0,136736,2,5,3,02,13,5,1,0,1,1,0,0,,0
"POINT (8.761744813000064 53.087422962000062)",Unfall 136737 (2017) Kat:2, Licht: 2,136737,2,4,6,02,17,5,1,2,0,1,1,0,,0
"POINT (8.870124502000067 53.064955336000082)",Unfall 136738 (2017) Kat:3, Licht: 2,136738,3,6,2,02,18,5,0,2,0,1,0,0,,0
"POINT (8.906592802000034 53.035525673000052)",Unfall 136739 (2017) Kat:3, Licht: 2,136739,3,2,2,02,05,5,1,2,0,1,0,0,,0
"POINT (8.800800017000029 53.068475638000052)",Unfall 136741 (2017) Kat:3, Licht: 2,136741,3,3,5,02,19,4,0,2,0,1,0,0,,1
"POINT (8.803906274000042 53.072370276000072)",Unfall 136742 (2017) Kat:2, Licht: 1,136742,2,3,5,02,17,4,0,1,1,1,0,0,,0
"POINT (8.836690963000024 53.093571367000038)",Unfall 136743 (2017) Kat:2, Licht: 2,136743,2,7,1,02,19,4,1,2,0,1,0,0,,1
"POINT (8.744884983000077 53.126481757000079)",Unfall 136744 (2017) Kat:3, Licht: 0,136744,3,7,1,02,07,4,0,0,0,1,0,0,,0
"POINT (8.573032261000037 53.198681660000034)",Unfall 136745 (2017) Kat:3, Licht: 0,136745,3,6,2,01,12,3,0,0,0,1,0,0,,0
"POINT (8.735297430000060 53.079085813000063)",Unfall 136746 (2017) Kat:3, Licht: 0,136746,3,6,2,01,07,3,1,0,0,1,0,0,,1
"POINT (8.869267162000028 53.074801330000071)",Unfall 136747 (2017) Kat:3, Licht: 2,136747,3,6,2,01,06,3,1,2,0,1,0,0,,1
"POINT (8.771990317000075 53.094728761000056)",Unfall 136750 (2017) Kat:3, Licht: 2,136750,3,3,5,01,07,2,1,2,0,1,0,0,,0
"POINT (8.785214942000039 53.102307257000064)",Unfall 136751 (2017) Kat:3, Licht: 2,136751,3,4,6,01,07,2,1,2,0,1,1,0,,0
"POINT (8.898126136000030 53.132601984000075)",Unfall 136752 (2017) Kat:3, Licht: 0,136752,3,6,2,01,11,2,1,0,0,1,0,0,,0
"POINT (8.686076019000041 53.173350906000053)",Unfall 136753 (2017) Kat:3, Licht: 2,136753,3,4,6,01,07,2,1,2,0,1,1,0,,0
"POINT (8.579327081000031 53.183268227000042)",Unfall 136754 (2017) Kat:2, Licht: 0,136754,2,3,5,01,13,2,1,0,1,1,0,0,,0
"POINT (8.961860580000064 53.053207692000058)",Unfall 136755 (2017) Kat:3, Licht: 0,136755,3,6,2,01,11,2,1,0,0,1,0,0,,1
"POINT (8.838409052000031 53.082438032000027)",Unfall 136756 (2017) Kat:3, Licht: 1,136756,3,6,3,01,08,2,1,1,0,1,0,0,,1
"POINT (8.861669449000033 53.099293934000059)",Unfall 136757 (2017) Kat:2, Licht: 0,136757,2,6,3,01,14,2,1,0,1,1,0,0,,0
"POINT (8.872660771000028 53.105126113000040)",Unfall 136758 (2017) Kat:3, Licht: 2,136758,3,3,5,01,17,2,1,2,1,1,0,0,,0
"POINT (8.933838522000031 53.038696382000069)",Unfall 136760 (2017) Kat:3, Licht: 0,136760,3,6,2,01,08,1,1,0,0,1,0,0,,0
"POINT (8.798202154000023 53.080112918000054)",Unfall 136765 (2017) Kat:3, Licht: 0,136765,3,4,6,01,13,7,0,0,1,0,1,0,,0
"POINT (8.855764745000045 53.103504521000048)",Unfall 136766 (2017) Kat:3, Licht: 0,136766,3,2,5,01,14,7,0,0,0,1,0,0,,1
"POINT (8.831866918000060 53.115052768000055)",Unfall 136767 (2017) Kat:2, Licht: 2,136767,2,1,8,01,04,7,1,2,0,1,0,0,,0
"POINT (8.813587076000033 53.090363586000080)",Unfall 136768 (2017) Kat:3, Licht: 2,136768,3,2,4,01,17,7,0,2,1,1,0,0,,0
"POINT (8.847187761000043 53.086983301000032)",Unfall 136770 (2017) Kat:3, Licht: 0,136770,3,2,4,01,14,6,0,0,1,1,0,0,,0
"POINT (8.875726466000060 53.062000510000075)",Unfall 136771 (2017) Kat:3, Licht: 2,136771,3,3,5,01,05,6,0,2,1,1,0,0,,0
"POINT (8.823335834000034 53.083307664000074)",Unfall 136772 (2017) Kat:3, Licht: 2,136772,3,5,1,01,17,6,1,2,1,1,0,0,,0
"POINT (8.567580126000053 53.199475796000058)",Unfall 136773 (2017) Kat:3, Licht: 2,136773,3,1,1,01,18,6,0,2,0,1,0,0,,0
"POINT (8.870530147000068 53.096113975000037)",Unfall 136774 (2017) Kat:3, Licht: 0,136774,3,3,5,01,10,6,0,0,0,1,0,0,,0
"POINT (8.801293639000051 53.091793932000030)",Unfall 136775 (2017) Kat:3, Licht: 0,136775,3,6,3,01,08,5,0,0,1,0,0,0,,0
"POINT (8.845907608000061 53.087468433000026)",Unfall 136776 (2017) Kat:3, Licht: 2,136776,3,3,5,01,20,5,0,2,1,1,0,0,,0
"POINT (8.880114005000053 53.064772803000039)",Unfall 136777 (2017) Kat:3, Licht: 0,136777,3,2,5,01,10,5,0,0,0,1,0,0,,1
"POINT (8.790561316000037 53.080149345000052)",Unfall 136778 (2017) Kat:3, Licht: 1,136778,3,6,2,01,17,5,1,1,0,1,0,0,,0
"POINT (8.809163405000049 53.095163402000026)",Unfall 136779 (2017) Kat:3, Licht: 2,136779,3,6,4,01,17,5,0,2,1,0,0,0,,0
"POINT (8.853822757000046 53.082415002000062)",Unfall 136783 (2017) Kat:3, Licht: 1,136783,3,2,2,01,16,4,0,1,0,1,0,0,,0
"POINT (8.817317258000060 53.073059466000075)",Unfall 136784 (2017) Kat:3, Licht: 0,136784,3,6,2,01,09,4,0,0,1,1,0,0,,0