WKT,Name,OBJECTID,UKATEGORIE,UTYP1,UART,UMONAT,USTUNDE,UWOCHENTAG,STRZUSTAND,ULICHTVERH,ISTRAD,ISTPKW,ISTFUSS,ISTKRAD,ISTGKFZ,ISTSONSTIG
"POINT (8.884274577000042 53.073106477000067)",Unfall 136785 (2017) Kat:3, Licht: 0,136785,3,3,5,01,11,4,0,0,1,1,0,0,,0
"POINT (8.850058632000071 53.094642183000076)",Unfall 136786 (2017) Kat:3, Licht: 2,136786,3,3,5,01,19,4,2,2,1,1,0,0,,0
"POINT (8.806412090000038 53.093970056000046)",Unfall 136787 (2017) Kat:3, Licht: 0,136787,3,2,5,01,13,4,0,0,1,1,0,0,,0
"POINT (8.761689341000022 53.114667892000057)",Unfall 136788 (2017) Kat:2, Licht: 0,136788,2,2,5,01,15,4,0,0,0,1,0,0,,1
"POINT (8.740079079000054 53.051411497000061)",Unfall 136789 (2017) Kat:2, Licht: 0,136789,2,2,5,01,14,4,0,0,1,1,0,0,,0
"POINT (8.806910596000023 53.081839553000066)",Unfall 136794 (2017) Kat:3, Licht: 2,136794,3,1,0,01,19,3,0,2,1,0,0,0,,0
"POINT (8.878956962000075 53.078903202000049)",Unfall 136795 (2017) Kat:3, Licht: 0,136795,3,6,2,01,11,3,0,0,0,1,0,0,,1
"POINT (8.848996311000065 53.028085179000072)",Unfall 136796 (2017) Kat:3, Licht: 0,136796,3,3,5,01,12,3,0,0,1,1,0,0,,0
"POINT (8.595486266000023 53.178779342000041)",Unfall 136797 (2017) Kat:2, Licht: 0,136797,2,3,0,01,12,3,1,0,0,1,1,0,,0
"POINT (8.876283579000074 53.115758939000045)",Unfall 136798 (2017) Kat:3, Licht: 0,136798,3,7,3,01,14,3,0,0,0,1,0,0,,0
"POINT (8.689140469000051 53.179841404000058)",Unfall 136799 (2017) Kat:3, Licht: 0,136799,3,3,5,01,08,3,1,0,0,1,0,0,,0
"POINT (8.899359201000038 53.059266304000062)",Unfall 136800 (2017) Kat:3, Licht: 2,136800,3,6,2,01,22,3,0,2,0,1,0,0,,0
"POINT (8.889509757000042 53.061603591000051)",Unfall 136801 (2017) Kat:3, Licht: 0,136801,3,2,2,01,13,3,0,0,0,1,0,0,,0
"POINT (8.833689772000071 53.033231383000043)",Unfall 136804 (2017) Kat:3, Licht: 0,136804,3,6,5,01,11,2,0,0,1,1,0,0,,0
"POINT (8.783580851000068 53.061708677000070)",Unfall 136805 (2017) Kat:3, Licht: 0,136805,3,6,2,01,08,2,0,0,0,1,0,0,,0
"POINT (8.800607132000039 53.078788894000070)",Unfall 136806 (2017) Kat:3, Licht: 0,136806,3,4,6,01,13,2,0,0,0,0,1,0,,1
"POINT (8.753539164000074 53.120745529000033)",Unfall 136807 (2017) Kat:3, Licht: 2,136807,3,6,2,01,17,2,0,2,0,1,0,0,,0
"POINT (8.934638695000047 53.038385031000075)",Unfall 136808 (2017) Kat:3, Licht: 1,136808,3,6,2,01,16,2,0,1,0,1,0,0,,1
"POINT (8.838703170000031 53.082754825000052)",Unfall 136809 (2017) Kat:3, Licht: 0,136809,3,4,0,01,13,2,0,0,0,0,1,0,,1
"POINT (8.810947444000021 53.071780401000069)",Unfall 136810 (2017) Kat:2, Licht: 2,136810,2,1,0,01,02,2,1,2,1,0,0,0,,0
"POINT (8.810873985000058 53.081068936000065)",Unfall 136812 (2017) Kat:3, Licht: 2,136812,3,4,6,01,19,7,0,2,0,0,1,0,,1
"POINT (8.783878174000051 53.098485919000041)",Unfall 136813 (2017) Kat:3, Licht: 2,136813,3,7,6,01,06,7,1,2,0,1,1,0,,0
"POINT (8.809434171000021 53.073997562000045)",Unfall 136814 (2017) Kat:3, Licht: 2,136814,3,7,0,01,17,7,1,2,1,1,0,0,,0
"POINT (8.804660009000031 53.085822225000072)",Unfall 136816 (2017) Kat:3, Licht: 2,136816,3,2,2,01,19,6,1,2,0,1,0,0,,0
"POINT (8.825287343000071 53.078949409000074)",Unfall 136817 (2017) Kat:3, Licht: 0,136817,3,6,2,01,15,6,1,0,0,1,0,0,,0
"POINT (8.792695082000023 53.073659449000047)",Unfall 136818 (2017) Kat:3, Licht: 0,136818,3,2,5,01,09,6,1,0,1,1,0,0,,0
"POINT (8.790160966000030 53.096477112000059)",Unfall 136819 (2017) Kat:3, Licht: 0,136819,3,6,2,01,12,6,0,0,0,1,0,0,,0
"POINT (8.791225202000021 53.091676471000028)",Unfall 136820 (2017) Kat:3, Licht: 0,136820,3,2,5,01,09,6,0,0,1,1,0,0,,0
"POINT (8.735655769000061 53.051857367000082)",Unfall 136821 (2017) Kat:3, Licht: 2,136821,3,1,1,01,19,6,1,2,0,1,0,0,,0
"POINT (8.894005738000033 53.079457117000061)",Unfall 136822 (2017) Kat:2, Licht: 0,136822,2,4,6,01,15,6,0,0,0,1,1,0,,0
"POINT (8.790880581000067 53.067951671000060)",Unfall 136824 (2017) Kat:2, Licht: 0,136824,2,4,6,01,13,5,0,0,0,1,1,0,,0
"POINT (8.558003536000058 53.200652716000036)",Unfall 136825 (2017) Kat:3, Licht: 0,136825,3,3,4,01,15,5,1,0,0,1,0,0,,0
"POINT (8.699376574000041 53.141663408000056)",Unfall 136826 (2017) Kat:3, Licht: 0,136826,3,3,5,01,14,5,0,0,0,1,0,0,,0
"POINT (8.880140719000053 53.102554444000077)",Unfall 136830 (2017) Kat:3, Licht: 0,136830,3,7,4,01,15,4,1,0,1,1,0,0,,0
"POINT (8.831354611000052 53.081255261000081)",Unfall 136831 (2017) Kat:3, Licht: 0,136831,3,3,5,01,15,4,0,0,1,1,0,0,,0
"POINT (8.877307251000048 53.082249738000030)",Unfall 136832 (2017) Kat:3, Licht: 1,136832,3,3,5,01,17,4,2,1,1,1,0,0,,0
"POINT (8.738558310000030 53.047328064000055)",Unfall 136834 (2017) Kat:3, Licht: 1,136834,3,4,6,01,07,3,0,1,0,1,1,0,,0
"POINT (8.846452087000046 53.048427017000051)",Unfall 136835 (2017) Kat:3, Licht: 1,136835,3,3,5,01,07,3,0,1,1,1,0,0,,0
"POINT (8.936381089000065 53.073807797000029)",Unfall 136836 (2017) Kat:3, Licht: 2,136836,3,3,5,01,06,3,1,2,1,1,0,0,,0
"POINT (8.947832938000033 53.058074396000052)",Unfall 136837 (2017) Kat:3, Licht: 0,136837,3,7,1,01,12,2,1,0,0,1,0,0,,0
"POINT (8.811327087000052 53.081506172000047)",Unfall 136838 (2017) Kat:3, Licht: 0,136838,3,6,2,01,15,2,1,0,0,1,0,0,,0
"POINT (8.701328993000061 53.139591827000061)",Unfall 136839 (2017) Kat:3, Licht: 0,136839,3,3,5,01,08,2,2,0,0,1,0,0,,1
"POINT (8.860539409000069 53.066052710000065)",Unfall 136840 (2017) Kat:2, Licht: 2,136840,2,4,6,01,17,2,1,2,0,1,1,0,,0
"POINT (8.852215130000047 53.111364293000065)",Unfall 136841 (2017) Kat:3, Licht: 0,136841,3,3,5,01,16,2,2,0,1,1,0,0,,0
"POINT (8.811337355000035 53.068401819000030)",Unfall 136842 (2017) Kat:3, Licht: 0,136842,3,3,5,01,09,1,2,0,0,1,0,0,,0
"POINT (8.866934437000055 53.081204862000050)",Unfall 136844 (2017) Kat:3, Licht: 0,136844,3,4,6,01,18,7,1,0,0,1,1,0,,0
"POINT (8.852872342000069 53.070815744000072)",Unfall 136845 (2017) Kat:2, Licht: 0,136845,2,4,6,01,12,7,1,0,0,1,1,0,,0
"POINT (8.804131347000066 53.072402427000043)",Unfall 136846 (2017) Kat:3, Licht: 0,136846,3,3,5,01,10,7,1,0,1,0,0,0,,1
"POINT (8.845377447000033 53.091102177000039)",Unfall 136847 (2017) Kat:3, Licht: 0,136847,3,3,5,01,08,6,1,0,0,1,0,0,,1
"POINT (8.647933734000048 53.171116643000062)",Unfall 136848 (2017) Kat:3, Licht: 2,136848,3,1,9,01,23,6,2,2,0,1,0,0,,0
"POINT (8.806589383000073 53.094068071000038)",Unfall 136850 (2017) Kat:3, Licht: 2,136850,3,4,6,01,19,5,1,2,1,0,1,0,,0
"POINT (8.801106019000031 53.061658920000070)",Unfall 136851 (2017) Kat:3, Licht: 2,136851,3,4,6,01,17,5,1,2,0,1,1,0,,0
"POINT (8.805850651000071 53.090618028000051)",Unfall 136852 (2017) Kat:3, Licht: 2,136852,3,7,0,01,07,5,1,2,1,0,0,0,,1
"POINT (8.896299403000057 53.079253854000058)",Unfall 136853 (2017) Kat:3, Licht: 0,136853,3,3,5,01,12,5,1,0,1,1,0,0,,0
"POINT (8.887834969000039 53.109195482000075)",Unfall 136854 (2017) Kat:3, Licht: 2,136854,3,2,5,01,07,5,1,2,1,1,0,0,,0
"POINT (8.936915556000031 53.058657450000055)",Unfall 136855 (2017) Kat:3, Licht: 1,136855,3,6,2,01,16,5,1,1,0,1,0,0,,1
"POINT (8.809159717000057 53.078827407000063)",Unfall 136856 (2017) Kat:2, Licht: 2,136856,2,2,5,01,16,5,1,2,1,1,0,0,,0
"POINT (8.899715030000039 53.116455644000041)",Unfall 136857 (2017) Kat:3, Licht: 1,136857,3,3,5,01,16,5,1,1,0,1,0,0,,0
"POINT (8.890970041000060 53.119837048000079)",Unfall 136858 (2017) Kat:3, Licht: 0,136858,3,4,6,01,14,5,2,0,0,1,1,0,,0
"POINT (8.718587800000023 53.140869923000082)",Unfall 136859 (2017) Kat:3, Licht: 0,136859,3,3,5,01,16,4,1,0,0,1,0,0,,0
"POINT (8.854474444000061 53.067023716000051)",Unfall 136860 (2017) Kat:3, Licht: 2,136860,3,2,4,01,20,4,1,2,0,1,0,0,,1
"POINT (8.821123346000036 53.077772425000035)",Unfall 136861 (2017) Kat:3, Licht: 0,136861,3,6,2,01,08,4,1,0,0,1,0,0,,0
"POINT (8.891141562000030 53.082595192000042)",Unfall 136862 (2017) Kat:2, Licht: 0,136862,2,3,5,01,12,4,1,0,1,1,0,0,,0
"POINT (8.943637685000056 53.038007318000041)",Unfall 136863 (2017) Kat:3, Licht: 2,136863,3,6,2,01,08,4,1,2,0,1,0,0,,0
"POINT (8.768858900000055 53.083067306000032)",Unfall 136864 (2017) Kat:3, Licht: 0,136864,3,5,1,01,15,3,1,0,1,1,0,0,,0
"POINT (8.826169766000021 53.034354616000030)",Unfall 136865 (2017) Kat:3, Licht: 0,136865,3,3,6,01,15,3,1,0,0,1,1,0,,0
"POINT (8.803341518000025 53.092842010000027)",Unfall 136866 (2017) Kat:3, Licht: 0,136866,3,4,6,01,08,3,1,0,0,1,1,0,,0
"POINT (8.899940737000065 53.123427708000065)",Unfall 136867 (2017) Kat:3, Licht: 1,136867,3,2,5,01,16,3,1,1,1,1,0,0,,0
"POINT (8.856590599000072 53.071367361000057)",Unfall 136868 (2017) Kat:3, Licht: 2,136868,3,3,5,01,06,3,1,2,1,1,0,0,,0
"POINT (8.825888128000031 53.078712801000052)",Unfall 136869 (2017) Kat:3, Licht: 1,136869,3,3,5,01,08,3,1,1,1,1,0,0,,0
"POINT (8.577488058000029 53.187499756000079)",Unfall 136870 (2017) Kat:3, Licht: 0,136870,3,6,0,01,15,3,1,0,0,1,0,0,,1
"POINT (8.742803917000060 53.130109088000040)",Unfall 136871 (2017) Kat:3, Licht: 2,136871,3,4,6,01,06,3,1,2,0,1,1,0,,0
"POINT (8.821190829000045 53.052556744000071)",Unfall 136872 (2017) Kat:3, Licht: 2,136872,3,4,6,01,18,3,1,2,0,1,1,0,,0
"POINT (8.790516580000030 53.094810762000066)",Unfall 136873 (2017) Kat:3, Licht: 2,136873,3,3,5,01,03,3,1,2,0,1,0,0,,1
"POINT (8.713857049000069 53.141648653000061)",Unfall 136875 (2017) Kat:3, Licht: 0,136875,3,3,5,01,16,2,0,0,1,1,0,0,,0
"POINT (8.797971614000062 53.073278613000070)",Unfall 136876 (2017) Kat:3, Licht: 2,136876,3,4,6,01,00,1,2,2,0,0,1,0,,1
"POINT (8.818876070000044 53.036491031000082)",Unfall 136877 (2017) Kat:3, Licht: 0,136877,3,7,8,01,14,7,2,0,0,1,0,0,,0
"POINT (8.795801721000032 53.098772723000081)",Unfall 136878 (2017) Kat:3, Licht: 2,136878,3,6,2,01,22,7,2,2,0,1,0,0,,0
"POINT (8.894405835000043 53.059543381000026)",Unfall 136879 (2017) Kat:3, Licht: 0,136879,3,6,2,01,11,7,2,0,0,1,0,0,,1
"POINT (8.879166171000065 53.073318769000082)",Unfall 136880 (2017) Kat:2, Licht: 0,136880,2,1,0,01,13,7,2,0,1,0,0,0,,0
"POINT (8.509189373000027 53.223633296000060)",Unfall 136881 (2017) Kat:3, Licht: 0,136881,3,1,8,01,11,7,2,0,0,1,0,0,,0
"POINT (8.741889086000072 53.150818169000047)",Unfall 136882 (2017) Kat:2, Licht: 1,136882,2,1,8,01,16,7,2,1,0,1,0,0,,0
"POINT (8.783854292000058 53.093133859000034)",Unfall 136883 (2017) Kat:3, Licht: 0,136883,3,6,4,01,11,7,2,0,0,1,0,0,,0
"POINT (8.897227226000041 53.058215923000034)",Unfall 136884 (2017) Kat:3, Licht: 0,136884,3,1,4,01,15,7,2,0,0,1,0,0,,0
"POINT (8.824967563000030 53.084568109000031)",Unfall 136885 (2017) Kat:3, Licht: 0,136885,3,3,5,01,13,6,0,0,1,1,0,0,,0
"POINT (8.752831996000055 53.112214255000026)",Unfall 136886 (2017) Kat:3, Licht: 0,136886,3,3,5,01,13,6,0,0,0,1,0,0,,0
"POINT (8.727106443000025 53.057441143000062)",Unfall 136887 (2017) Kat:3, Licht: 2,136887,3,6,2,01,17,6,1,2,0,1,0,0,,0
"POINT (8.843336819000058 53.073338394000075)",Unfall 136888 (2017) Kat:3, Licht: 2,136888,3,3,5,01,20,6,0,2,1,1,0,0,,0
"POINT (8.959342979000041 53.041416879000053)",Unfall 136889 (2017) Kat:3, Licht: 0,136889,3,7,8,01,16,6,0,0,0,1,0,0,,0
"POINT (8.701100260000032 53.182059995000031)",Unfall 136890 (2017) Kat:3, Licht: 0,136890,3,7,2,01,15,6,0,0,0,1,0,0,,1
"POINT (8.941689031000067 53.060381146000054)",Unfall 136891 (2017) Kat:3, Licht: 0,136891,3,3,5,01,14,6,0,0,0,1,0,0,,0
"POINT (8.862466418000054 53.067574357000069)",Unfall 136892 (2017) Kat:3, Licht: 2,136892,3,1,6,01,22,5,2,2,0,1,1,0,,0
"POINT (8.842571193000026 53.106070301000045)",Unfall 136893 (2017) Kat:3, Licht: 1,136893,3,2,5,01,07,5,0,1,0,1,0,0,,0
"POINT (8.714038451000022 53.180200014000036)",Unfall 136894 (2017) Kat:3, Licht: 0,136894,3,2,5,01,11,5,0,0,0,1,0,0,,0
"POINT (8.715278009000031 53.086388039000042)",Unfall 136895 (2017) Kat:3, Licht: 0,136895,3,4,0,01,10,5,0,0,0,0,1,0,,1
"POINT (8.775460344000067 53.079931186000067)",Unfall 136897 (2017) Kat:3, Licht: 0,136897,3,3,5,01,14,4,1,0,0,1,0,1,,0
"POINT (8.849781045000043 53.085178119000034)",Unfall 136898 (2017) Kat:3, Licht: 2,136898,3,4,6,01,18,4,1,2,0,1,1,0,,0
"POINT (8.705474748000029 53.138449280000032)",Unfall 136900 (2017) Kat:3, Licht: 0,136900,3,3,5,01,13,3,1,0,0,1,0,0,,0
"POINT (8.706799475000025 53.175569378000034)",Unfall 136901 (2017) Kat:3, Licht: 2,136901,3,6,2,01,18,3,1,2,0,1,0,0,,0
"POINT (8.785534508000069 53.088595982000072)",Unfall 136902 (2017) Kat:3, Licht: 2,136902,3,6,2,01,18,3,1,2,0,1,0,0,,0
"POINT (8.838866587000041 53.050813169000037)",Unfall 136903 (2017) Kat:3, Licht: 0,136903,3,3,5,01,11,3,1,0,1,1,0,0,,0
"POINT (8.739329866000048 53.129127936000032)",Unfall 136904 (2017) Kat:3, Licht: 0,136904,3,4,6,01,16,3,1,0,0,1,1,0,,0
"POINT (8.782175668000036 53.066828783000062)",Unfall 136905 (2017) Kat:3, Licht: 0,136905,3,2,3,01,13,3,1,0,1,1,0,0,,0
"POINT (8.838151493000055 53.095974625000053)",Unfall 136906 (2017) Kat:3, Licht: 1,136906,3,5,1,01,07,3,1,1,1,1,0,0,,0
"POINT (8.675021929000025 53.173645134000026)",Unfall 136907 (2017) Kat:3, Licht: 2,136907,3,5,1,01,19,3,1,2,0,1,0,0,,1
"POINT (8.862661368000033 53.106696694000050)",Unfall 136908 (2017) Kat:3, Licht: 1,136908,3,6,2,01,16,3,1,1,0,1,0,0,,0
"POINT (8.828753180000035 53.085253736000027)",Unfall 136909 (2017) Kat:3, Licht: 2,136909,3,1,0,01,22,3,1,2,1,0,0,0,,0
"POINT (8.878818578000050 53.090837034000060)",Unfall 136913 (2017) Kat:3, Licht: 0,136913,3,6,3,01,14,2,1,0,1,1,0,0,,0
"POINT (8.738018541000031 53.046818411000061)",Unfall 136914 (2017) Kat:3, Licht: 2,136914,3,3,5,01,17,2,1,2,0,1,0,0,,0
"POINT (8.583507865000058 53.214361611000072)",Unfall 136915 (2017) Kat:3, Licht: 0,136915,3,3,5,01,08,2,0,0,0,1,0,0,,0
"POINT (8.809492830000067 53.073978190000048)",Unfall 136916 (2017) Kat:3, Licht: 1,136916,3,5,1,01,16,2,1,1,1,1,0,0,,0
"POINT (8.790027117000022 53.104131200000040)",Unfall 136917 (2017) Kat:3, Licht: 0,136917,3,7,5,01,11,2,1,0,1,1,0,0,,0
"POINT (8.880911973000025 53.076733415000035)",Unfall 136918 (2017) Kat:2, Licht: 0,136918,2,3,5,01,09,2,1,0,0,1,0,0,,0
"POINT (8.862530587000038 53.099287214000071)",Unfall 136919 (2017) Kat:3, Licht: 2,136919,3,3,5,01,07,2,1,2,1,1,0,0,,0
"POINT (8.806306371000062 53.074469970000052)",Unfall 136920 (2017) Kat:2, Licht: 2,136920,2,4,6,01,19,1,1,2,0,1,1,0,,0
"POINT (8.759520132000034 53.119930284000077)",Unfall 136921 (2017) Kat:3, Licht: 2,136921,3,3,0,01,18,1,1,2,1,1,0,0,,0
"POINT (8.811241897000059 53.031024675000026)",Unfall 136976 (2017) Kat:2, Licht: 2,136976,2,1,0,02,21,1,0,2,0,1,0,0,,0
"POINT (8.795410354000069 53.085595313000056)",Unfall 136978 (2017) Kat:3, Licht: 0,136978,3,6,2,02,15,5,0,0,0,1,0,0,,1
"POINT (8.815223032000063 53.070479925000029)",Unfall 136979 (2017) Kat:3, Licht: 2,136979,3,6,3,02,19,7,0,2,1,1,0,0,,1
"POINT (8.885995355000034 53.059932728000035)",Unfall 136980 (2017) Kat:3, Licht: 0,136980,3,3,5,02,13,6,0,0,0,1,0,0,,1
"POINT (8.829269751000027 53.070060403000070)",Unfall 136982 (2017) Kat:3, Licht: 0,136982,3,3,5,03,17,2,0,0,1,1,0,0,,0
"POINT (8.869071598000062 53.074263707000057)",Unfall 136983 (2017) Kat:3, Licht: 0,136983,3,1,9,03,11,1,0,0,0,1,0,0,,0
"POINT (8.856531476000043 53.088725917000033)",Unfall 136984 (2017) Kat:3, Licht: 0,136984,3,2,5,03,10,7,0,0,1,0,0,0,,0
"POINT (8.766672749000065 53.115243511000074)",Unfall 136985 (2017) Kat:3, Licht: 0,136985,3,4,6,03,16,7,0,0,0,0,1,1,,0
"POINT (8.800849259000074 53.078779764000046)",Unfall 136986 (2017) Kat:3, Licht: 0,136986,3,4,0,03,15,7,0,0,0,0,1,0,,1
"POINT (8.802017989000035 53.071436595000080)",Unfall 136989 (2017) Kat:3, Licht: 0,136989,3,6,4,03,12,6,0,0,1,0,0,0,,0
"POINT (8.900689484000054 53.059266704000038)",Unfall 136990 (2017) Kat:3, Licht: 0,136990,3,1,2,03,17,6,0,0,0,1,0,0,,1
"POINT (8.738573008000060 53.146011190000081)",Unfall 136991 (2017) Kat:3, Licht: 2,136991,3,3,5,03,21,6,0,2,0,1,0,0,,0
"POINT (8.841197703000034 53.083087877000082)",Unfall 136992 (2017) Kat:3, Licht: 0,136992,3,6,2,03,10,6,0,0,0,1,0,0,,0
"POINT (8.806708030000038 53.060518682000065)",Unfall 136993 (2017) Kat:3, Licht: 0,136993,3,6,3,03,15,6,0,0,1,0,0,0,,0
"POINT (8.904125505000025 53.059373975000028)",Unfall 136994 (2017) Kat:3, Licht: 0,136994,3,3,5,03,12,6,0,0,0,1,0,1,,0
"POINT (8.820469875000072 53.112014535000071)",Unfall 136995 (2017) Kat:2, Licht: 0,136995,2,4,6,03,13,6,0,0,1,0,1,0,,0
"POINT (8.760718540000028 53.112298658000043)",Unfall 136996 (2017) Kat:3, Licht: 0,136996,3,7,0,03,14,6,0,0,1,0,1,0,,0
"POINT (8.751956041000028 53.089861770000027)",Unfall 136997 (2017) Kat:3, Licht: 0,136997,3,5,1,03,09,6,0,0,1,1,0,0,,0
"POINT (8.759489349000035 53.068466132000026)",Unfall 136998 (2017) Kat:3, Licht: 0,136998,3,6,2,03,08,6,0,0,0,1,0,0,,0
"POINT (8.690239593000058 53.169160353000052)",Unfall 136999 (2017) Kat:2, Licht: 0,136999,2,1,8,03,15,5,0,0,0,0,0,1,,0
"POINT (8.805570267000064 53.074241982000046)",Unfall 137000 (2017) Kat:3, Licht: 2,137000,3,1,8,02,00,1,0,2,0,1,0,0,,0
"POINT (8.757981000000029 53.116868633000081)",Unfall 137001 (2017) Kat:3, Licht: 0,137001,3,1,3,03,10,5,0,0,0,1,0,1,,0
"POINT (8.794949978000034 53.067207951000057)",Unfall 137002 (2017) Kat:3, Licht: 0,137002,3,2,0,03,12,5,0,0,1,0,0,0,,1
"POINT (8.789643759000057 53.086616412000069)",Unfall 137003 (2017) Kat:3, Licht: 0,137003,3,3,5,03,13,5,0,0,1,1,0,0,,0
"POINT (8.850191561000031 53.085199181000064)",Unfall 137004 (2017) Kat:3, Licht: 0,137004,3,6,2,03,13,5,0,0,0,1,0,0,,0
"POINT (8.781155731000069 53.107009658000038)",Unfall 137005 (2017) Kat:3, Licht: 2,137005,3,5,1,03,19,5,0,2,1,1,0,0,,0
"POINT (8.846472698000071 53.048464006000074)",Unfall 137006 (2017) Kat:2, Licht: 0,137006,2,3,5,03,07,5,0,0,1,1,0,0,,0
"POINT (8.885400273000073 53.058031619000076)",Unfall 137007 (2017) Kat:3, Licht: 0,137007,3,7,5,03,15,5,0,0,0,1,0,0,,0
"POINT (8.825035108000066 53.084196226000074)",Unfall 137008 (2017) Kat:3, Licht: 0,137008,3,3,5,03,17,5,0,0,1,0,0,0,,1
"POINT (8.795360028000061 53.098345569000060)",Unfall 137009 (2017) Kat:3, Licht: 1,137009,3,3,5,02,18,6,0,1,0,1,0,0,,0
"POINT (8.790009911000027 53.071600876000048)",Unfall 137012 (2017) Kat:3, Licht: 0,137012,3,3,6,03,10,4,0,0,1,0,1,0,,0
"POINT (8.824042525000039 53.073035540000035)",Unfall 137013 (2017) Kat:3, Licht: 0,137013,3,5,1,03,18,4,0,0,1,1,0,0,,0
"POINT (8.853510715000027 53.064898437000068)",Unfall 137014 (2017) Kat:3, Licht: 1,137014,3,6,1,03,18,4,0,1,0,1,0,0,,0
"POINT (8.858100623000041 53.080202227000029)",Unfall 137015 (2017) Kat:3, Licht: 0,137015,3,7,0,03,16,4,0,0,0,0,0,0,,1
"POINT (8.731198749000043 53.046212522000076)",Unfall 137016 (2017) Kat:3, Licht: 0,137016,3,7,6,02,13,7,1,0,0,1,1,0,,0
"POINT (8.818803094000032 53.111752677000027)",Unfall 137017 (2017) Kat:3, Licht: 0,137017,3,3,5,03,15,4,0,0,0,1,0,0,,0
"POINT (8.820244314000036 53.084036617000038)",Unfall 137018 (2017) Kat:3, Licht: 0,137018,3,2,5,03,17,3,0,0,1,1,0,0,,0
"POINT (8.813544939000053 53.090373649000071)",Unfall 137019 (2017) Kat:3, Licht: 0,137019,3,3,5,03,16,3,0,0,1,1,0,0,,0
"POINT (8.835619147000045 53.073770441000079)",Unfall 137020 (2017) Kat:3, Licht: 0,137020,3,3,5,03,08,3,0,0,1,0,0,0,,0
"POINT (8.872338704000072 53.097068219000050)",Unfall 137021 (2017) Kat:2, Licht: 0,137021,2,7,1,03,12,3,1,0,0,1,0,1,,0
"POINT (8.835910752000075 53.071516951000035)",Unfall 137022 (2017) Kat:3, Licht: 0,137022,3,3,5,03,07,3,1,0,0,1,0,0,,0
"POINT (8.711005781000040 53.173983486000054)",Unfall 137023 (2017) Kat:3, Licht: 0,137023,3,1,1,03,07,3,0,0,0,1,0,0,,0
"POINT (8.578647555000032 53.183397942000056)",Unfall 137025 (2017) Kat:3, Licht: 0,137025,3,1,0,03,15,2,1,0,1,0,0,0,,0
"POINT (8.811416290000068 53.080333712000026)",Unfall 137026 (2017) Kat:3, Licht: 0,137026,3,4,6,03,17,2,1,0,0,1,1,0,,0
"POINT (8.827655309000022 53.072565480000037)",Unfall 137027 (2017) Kat:3, Licht: 0,137027,3,1,0,03,10,2,1,0,1,0,0,0,,0
"POINT (8.799092470000062 53.056432256000051)",Unfall 137028 (2017) Kat:3, Licht: 1,137028,3,2,5,03,17,2,1,1,1,1,0,0,,0
"POINT (8.846270207000032 53.047516625000071)",Unfall 137029 (2017) Kat:3, Licht: 0,137029,3,3,5,03,15,2,1,0,0,1,0,0,,0
"POINT (8.811016689000041 53.071943185000066)",Unfall 137030 (2017) Kat:3, Licht: 0,137030,3,6,2,03,14,2,1,0,0,1,0,0,,0
"POINT (8.950422180000032 53.064688698000055)",Unfall 137031 (2017) Kat:3, Licht: 0,137031,3,3,5,03,13,2,1,0,0,1,0,0,,0
"POINT (8.918824123000036 53.059611636000056)",Unfall 137032 (2017) Kat:3, Licht: 0,137032,3,3,5,03,13,2,1,0,1,1,0,0,,0
"POINT (8.765574073000039 53.074127965000059)",Unfall 137033 (2017) Kat:3, Licht: 0,137033,3,2,5,03,09,2,1,0,1,1,0,0,,0
"POINT (8.893545966000033 53.050297328000056)",Unfall 137036 (2017) Kat:3, Licht: 0,137036,3,3,5,03,15,1,0,0,0,1,0,0,,0
"POINT (8.820499506000033 53.112019095000051)",Unfall 137037 (2017) Kat:3, Licht: 0,137037,3,6,2,03,13,1,1,0,0,1,0,0,,0
"POINT (8.942465929000036 53.066929525000035)",Unfall 137038 (2017) Kat:3, Licht: 1,137038,3,3,5,03,18,1,1,1,0,1,0,0,,0
"POINT (8.776976310000066 53.059687569000062)",Unfall 137040 (2017) Kat:3, Licht: 2,137040,3,7,0,03,19,7,0,2,0,0,1,0,,1
"POINT (8.930856784000071 53.060048422000079)",Unfall 137041 (2017) Kat:3, Licht: 0,137041,3,6,2,03,14,7,0,0,0,1,0,0,,0
"POINT (8.930530279000038 53.087640599000053)",Unfall 137042 (2017) Kat:3, Licht: 2,137042,3,3,5,03,20,7,1,2,1,1,0,0,,0
"POINT (8.927132111000049 53.090024785000082)",Unfall 137047 (2017) Kat:3, Licht: 0,137047,3,3,5,03,12,6,0,0,1,1,0,0,,0
"POINT (8.804841840000051 53.080964552000069)",Unfall 137048 (2017) Kat:3, Licht: 0,137048,3,2,5,03,13,6,0,0,1,1,0,0,,0
"POINT (8.839896169000042 53.081741879000049)",Unfall 137049 (2017) Kat:3, Licht: 0,137049,3,6,3,03,07,6,0,0,1,0,0,0,,0
"POINT (8.820900310000070 53.077375798000048)",Unfall 137050 (2017) Kat:3, Licht: 0,137050,3,4,6,03,07,6,0,0,0,0,1,0,,1
"POINT (8.850879949000046 53.071667037000054)",Unfall 137051 (2017) Kat:3, Licht: 0,137051,3,4,6,03,13,6,0,0,0,1,1,0,,0
"POINT (8.855910236000057 53.088743860000079)",Unfall 137052 (2017) Kat:3, Licht: 0,137052,3,7,0,03,12,6,0,0,0,0,0,0,,1