WKT,Name,OBJECTID,UKATEGORIE,UTYP1,UART,UMONAT,USTUNDE,UWOCHENTAG,STRZUSTAND,ULICHTVERH,ISTRAD,ISTPKW,ISTFUSS,ISTKRAD,ISTGKFZ,ISTSONSTIG
"POINT (8.768469968000034 53.079963042000031)",Unfall 137272 (2017) Kat:3, Licht: 0,137272,3,5,1,05,12,3,0,0,1,1,0,0,,0
"POINT (8.804215761000023 53.085286688000053)",Unfall 137273 (2017) Kat:3, Licht: 0,137273,3,1,0,05,11,2,1,0,1,0,0,0,,0
"POINT (8.751407716000074 53.085034389000043)",Unfall 137274 (2017) Kat:3, Licht: 0,137274,3,6,2,05,15,2,0,0,0,1,0,0,,1
"POINT (8.808949439000060 53.078217992000077)",Unfall 137275 (2017) Kat:3, Licht: 0,137275,3,6,4,05,15,2,0,0,0,0,0,0,,1
"POINT (8.803430663000029 53.080062058000067)",Unfall 137276 (2017) Kat:3, Licht: 0,137276,3,3,0,05,12,2,1,0,0,1,1,1,,0
"POINT (8.816580156000043 53.084226588000035)",Unfall 137277 (2017) Kat:3, Licht: 0,137277,3,6,2,05,18,2,0,0,0,1,0,0,,0
"POINT (8.883975250000049 53.040650420000077)",Unfall 137278 (2017) Kat:2, Licht: 0,137278,2,3,5,05,05,6,1,0,0,1,0,0,,0
"POINT (8.835636573000045 53.073795597000071)",Unfall 137279 (2017) Kat:3, Licht: 0,137279,3,2,0,05,07,2,1,0,0,1,0,1,,0
"POINT (8.833563069000036 53.070620889000054)",Unfall 137280 (2017) Kat:2, Licht: 0,137280,2,4,6,05,08,2,1,0,0,1,1,0,,0
"POINT (8.808490218000031 53.088091145000078)",Unfall 137281 (2017) Kat:3, Licht: 0,137281,3,6,0,05,15,6,0,0,1,0,0,0,,1
"POINT (8.888808579000056 53.085896164000076)",Unfall 137282 (2017) Kat:2, Licht: 0,137282,2,1,8,05,06,2,1,0,0,1,0,0,,0
"POINT (8.789711453000052 53.079019128000027)",Unfall 137283 (2017) Kat:3, Licht: 0,137283,3,7,0,05,19,1,0,0,1,0,0,0,,0
"POINT (8.740860641000040 53.052103120000027)",Unfall 137284 (2017) Kat:3, Licht: 0,137284,3,6,2,05,08,1,0,0,0,1,0,0,,0
"POINT (8.740486170000054 53.047625597000035)",Unfall 137285 (2017) Kat:3, Licht: 0,137285,3,3,5,05,19,7,0,0,0,1,0,0,,0
"POINT (8.810020337000026 53.099051577000068)",Unfall 137286 (2017) Kat:3, Licht: 0,137286,3,7,0,05,09,6,1,0,1,0,0,0,,1
"POINT (8.803844463000075 53.072336772000028)",Unfall 137287 (2017) Kat:3, Licht: 0,137287,3,3,5,05,14,7,0,0,1,1,0,0,,0
"POINT (8.759385445000021 53.115849003000051)",Unfall 137288 (2017) Kat:3, Licht: 0,137288,3,4,6,05,09,7,0,0,0,1,1,0,,0
"POINT (8.901552961000050 53.093447812000079)",Unfall 137289 (2017) Kat:3, Licht: 0,137289,3,6,4,05,14,7,0,0,1,1,0,0,,0
"POINT (8.823185388000070 53.072964888000058)",Unfall 137291 (2017) Kat:3, Licht: 2,137291,3,2,5,05,03,7,1,2,1,1,0,0,,0
"POINT (8.571907288000034 53.196037443000080)",Unfall 137295 (2017) Kat:3, Licht: 0,137295,3,2,5,05,13,6,0,0,1,1,0,0,,0
"POINT (8.835620460000030 53.036569673000031)",Unfall 137296 (2017) Kat:3, Licht: 0,137296,3,6,3,05,07,6,1,0,1,0,0,0,,0
"POINT (8.783136929000023 53.083470775000080)",Unfall 137297 (2017) Kat:3, Licht: 0,137297,3,3,5,05,16,5,1,0,1,1,0,0,,0
"POINT (8.827836280000042 53.079905655000061)",Unfall 137298 (2017) Kat:3, Licht: 0,137298,3,4,6,05,12,5,1,0,0,1,1,0,,0
"POINT (8.886645389000023 53.079444301000080)",Unfall 137299 (2017) Kat:3, Licht: 0,137299,3,4,6,05,13,5,1,0,0,1,1,0,,0
"POINT (8.816831686000057 53.078637125000057)",Unfall 137300 (2017) Kat:3, Licht: 0,137300,3,6,2,05,14,5,1,0,0,1,0,0,,0
"POINT (8.816484008000032 53.074886462000052)",Unfall 137302 (2017) Kat:3, Licht: 0,137302,3,7,0,05,10,4,1,0,1,0,0,0,,0
"POINT (8.847897606000061 53.049539169000070)",Unfall 137303 (2017) Kat:3, Licht: 0,137303,3,2,5,05,17,4,0,0,1,0,0,0,,0
"POINT (8.824421356000073 53.033997428000077)",Unfall 137304 (2017) Kat:3, Licht: 0,137304,3,4,6,05,17,4,0,0,0,1,1,0,,0
"POINT (8.848310567000056 53.065973505000045)",Unfall 137305 (2017) Kat:3, Licht: 0,137305,3,6,2,05,17,4,0,0,0,1,0,0,,1
"POINT (8.813805351000042 53.081214292000027)",Unfall 137306 (2017) Kat:2, Licht: 0,137306,2,4,6,05,18,4,0,0,0,1,1,0,,0
"POINT (8.618971965000071 53.180124635000027)",Unfall 137310 (2017) Kat:3, Licht: 0,137310,3,2,5,05,16,3,0,0,1,0,0,0,,1
"POINT (8.923898954000038 53.072964018000050)",Unfall 137311 (2017) Kat:3, Licht: 0,137311,3,3,5,05,10,3,0,0,1,1,0,0,,0
"POINT (8.753828523000038 53.088562876000026)",Unfall 137312 (2017) Kat:2, Licht: 0,137312,2,4,6,05,07,3,0,0,0,1,1,0,,0
"POINT (8.780952775000060 53.112691605000066)",Unfall 137313 (2017) Kat:3, Licht: 0,137313,3,1,4,05,16,3,1,0,0,1,0,1,,0
"POINT (8.789864273000035 53.071505469000044)",Unfall 137314 (2017) Kat:3, Licht: 0,137314,3,7,6,05,18,3,1,0,0,1,1,0,,0
"POINT (8.792853741000045 53.073527210000066)",Unfall 137315 (2017) Kat:3, Licht: 0,137315,3,2,5,05,08,3,0,0,1,1,0,0,,0
"POINT (8.822819827000046 53.042939995000040)",Unfall 137316 (2017) Kat:3, Licht: 0,137316,3,6,3,05,12,3,0,0,1,1,0,0,,0
"POINT (8.792352759000039 53.074861961000067)",Unfall 137317 (2017) Kat:3, Licht: 0,137317,3,6,2,05,15,3,0,0,0,1,0,0,,0
"POINT (8.800077590000058 53.079053117000058)",Unfall 137318 (2017) Kat:3, Licht: 0,137318,3,6,4,05,14,3,1,0,1,0,0,0,,0
"POINT (8.797612321000031 53.064111272000048)",Unfall 137320 (2017) Kat:3, Licht: 1,137320,3,4,6,05,19,2,0,1,0,1,1,0,,0
"POINT (8.796497956000053 53.089311004000081)",Unfall 137324 (2017) Kat:3, Licht: 0,137324,3,1,0,04,10,1,0,0,0,0,0,1,,0
"POINT (8.850204546000043 53.065575763000027)",Unfall 137325 (2017) Kat:3, Licht: 0,137325,3,7,2,04,09,1,0,0,0,1,0,0,,0
"POINT (8.840612371000077 53.046541255000079)",Unfall 137326 (2017) Kat:3, Licht: 0,137326,3,2,5,04,16,1,0,0,0,1,0,1,,0
"POINT (8.806255864000036 53.084315198000070)",Unfall 137327 (2017) Kat:3, Licht: 0,137327,3,3,5,04,14,7,0,0,1,1,0,0,,0
"POINT (8.814789805000032 53.029677763000052)",Unfall 137328 (2017) Kat:3, Licht: 0,137328,3,3,5,04,11,7,0,0,0,1,0,0,,0
"POINT (8.799542122000048 53.070145151000077)",Unfall 137329 (2017) Kat:2, Licht: 2,137329,2,6,4,04,21,7,0,2,1,0,0,0,,0
"POINT (8.798444967000023 53.077378266000039)",Unfall 137330 (2017) Kat:3, Licht: 2,137330,3,1,0,04,03,7,0,2,1,0,0,0,,0
"POINT (8.894585017000054 53.079459534000080)",Unfall 137334 (2017) Kat:3, Licht: 0,137334,3,3,5,04,17,6,0,0,1,1,0,0,,0
"POINT (8.800680624000052 53.078678070000080)",Unfall 137335 (2017) Kat:3, Licht: 1,137335,3,4,6,04,20,6,1,1,1,0,1,0,,0
"POINT (8.772083378000048 53.094662198000037)",Unfall 137336 (2017) Kat:3, Licht: 1,137336,3,3,5,04,05,6,0,1,0,0,0,1,,1
"POINT (8.802400405000071 53.077622257000030)",Unfall 137337 (2017) Kat:3, Licht: 0,137337,3,2,3,04,08,6,0,0,0,1,0,0,,1
"POINT (8.801830629000051 53.063930650000032)",Unfall 137338 (2017) Kat:3, Licht: 2,137338,3,2,5,04,21,6,1,2,1,1,0,0,,0
"POINT (8.795729238000035 53.056164393000074)",Unfall 137339 (2017) Kat:3, Licht: 0,137339,3,3,5,04,14,6,0,0,0,1,0,1,,0
"POINT (8.796548658000063 53.081144970000082)",Unfall 137340 (2017) Kat:3, Licht: 0,137340,3,6,3,04,13,6,0,0,1,1,0,0,,0
"POINT (8.862971556000048 53.071448788000055)",Unfall 137341 (2017) Kat:3, Licht: 0,137341,3,3,5,04,12,6,0,0,1,1,0,0,,0
"POINT (8.864736544000039 53.070890538000072)",Unfall 137342 (2017) Kat:3, Licht: 0,137342,3,1,6,04,09,6,0,0,0,0,1,0,,1
"POINT (8.799912728000038 53.072702464000031)",Unfall 137345 (2017) Kat:2, Licht: 0,137345,2,4,6,04,18,5,0,0,0,0,1,1,,0
"POINT (8.799432763000027 53.070180140000048)",Unfall 137346 (2017) Kat:2, Licht: 0,137346,2,2,3,04,17,5,0,0,1,1,0,0,,0
"POINT (8.864321245000042 53.052364441000066)",Unfall 137347 (2017) Kat:3, Licht: 1,137347,3,6,4,04,05,5,0,1,1,1,0,0,,0
"POINT (8.804874727000026 53.080980711000052)",Unfall 137348 (2017) Kat:3, Licht: 0,137348,3,6,2,04,18,5,0,0,0,1,0,0,,0
"POINT (8.841381411000043 53.092657227000075)",Unfall 137349 (2017) Kat:3, Licht: 0,137349,3,3,5,04,16,5,0,0,0,1,0,0,,0
"POINT (8.833106453000028 53.039879386000052)",Unfall 137350 (2017) Kat:3, Licht: 0,137350,3,3,5,04,06,5,0,0,0,1,0,1,,1
"POINT (8.904496970000025 53.040698748000068)",Unfall 137351 (2017) Kat:3, Licht: 0,137351,3,3,5,04,18,5,0,0,1,1,0,0,,0
"POINT (8.789774317000024 53.071445540000070)",Unfall 137352 (2017) Kat:3, Licht: 0,137352,3,6,4,04,18,5,0,0,1,1,0,0,,0
"POINT (8.791756156000076 53.103974716000039)",Unfall 137353 (2017) Kat:3, Licht: 0,137353,3,3,5,04,08,5,0,0,1,1,0,0,,0
"POINT (8.801911778000033 53.079287641000064)",Unfall 137354 (2017) Kat:3, Licht: 0,137354,3,1,0,04,17,5,0,0,0,0,0,1,,0
"POINT (8.960906155000032 53.049542979000080)",Unfall 137355 (2017) Kat:3, Licht: 0,137355,3,6,2,04,20,5,0,0,0,1,0,0,,1
"POINT (8.790320735000023 53.096289795000075)",Unfall 137356 (2017) Kat:1, Licht: 0,137356,1,3,5,04,10,5,0,0,1,0,0,0,,1
"POINT (8.791062406000037 53.110778855000035)",Unfall 137357 (2017) Kat:3, Licht: 0,137357,3,7,6,04,17,4,0,0,0,1,1,0,,0
"POINT (8.839382159000024 53.096199632000037)",Unfall 137358 (2017) Kat:3, Licht: 0,137358,3,5,1,04,17,4,0,0,1,1,0,0,,0
"POINT (8.753879490000031 53.120445244000052)",Unfall 137359 (2017) Kat:3, Licht: 0,137359,3,7,0,04,15,4,0,0,0,0,0,0,,1
"POINT (8.963386871000068 53.065744799000072)",Unfall 137360 (2017) Kat:3, Licht: 0,137360,3,4,6,04,16,4,0,0,0,1,1,0,,0
"POINT (8.548219473000074 53.188278464000064)",Unfall 137361 (2017) Kat:3, Licht: 0,137361,3,4,6,04,14,4,0,0,0,1,1,0,,0
"POINT (8.913101563000055 53.043128738000064)",Unfall 137364 (2017) Kat:3, Licht: 0,137364,3,3,5,04,17,3,0,0,1,0,0,0,,1
"POINT (8.805856296000059 53.081399326000053)",Unfall 137365 (2017) Kat:3, Licht: 0,137365,3,2,0,04,07,3,1,0,0,1,0,1,,0
"POINT (8.830455768000036 53.071574479000049)",Unfall 137366 (2017) Kat:3, Licht: 0,137366,3,6,3,04,18,3,0,0,1,1,0,0,,0
"POINT (8.837129230000073 53.082606902000066)",Unfall 137367 (2017) Kat:3, Licht: 0,137367,3,3,5,04,12,3,1,0,1,1,0,0,,0
"POINT (8.837309838000067 53.076882088000048)",Unfall 137368 (2017) Kat:2, Licht: 2,137368,2,3,5,04,01,3,1,2,0,1,0,0,,0
"POINT (8.961209962000055 53.050859553000066)",Unfall 137369 (2017) Kat:3, Licht: 0,137369,3,6,2,04,09,3,0,0,0,1,0,0,,0
"POINT (8.545340975000045 53.194270340000060)",Unfall 137371 (2017) Kat:3, Licht: 0,137371,3,3,5,04,18,2,1,0,1,1,0,0,,0
"POINT (8.572745473000055 53.195146551000050)",Unfall 137372 (2017) Kat:3, Licht: 0,137372,3,2,5,04,09,2,0,0,1,1,0,0,,0
"POINT (8.564614853000023 53.188553412000033)",Unfall 137373 (2017) Kat:3, Licht: 0,137373,3,3,5,04,18,2,1,0,0,1,0,0,,0
"POINT (8.625825505000023 53.182273587000054)",Unfall 137374 (2017) Kat:3, Licht: 0,137374,3,3,5,04,10,2,0,0,1,1,0,0,,0
"POINT (8.800501198000063 53.078571014000033)",Unfall 137375 (2017) Kat:3, Licht: 0,137375,3,4,6,04,16,2,0,0,0,1,1,0,,0
"POINT (8.716129042000034 53.178230566000082)",Unfall 137376 (2017) Kat:3, Licht: 0,137376,3,3,5,04,16,2,1,0,1,1,0,0,,0
"POINT (8.914011042000027 53.059600989000046)",Unfall 137377 (2017) Kat:3, Licht: 2,137377,3,6,2,04,22,2,1,2,0,1,0,0,,0
"POINT (8.735889629000042 53.057922236000081)",Unfall 137378 (2017) Kat:3, Licht: 0,137378,3,4,6,04,09,2,0,0,0,1,1,0,,0
"POINT (8.790058911000074 53.053112965000082)",Unfall 137379 (2017) Kat:2, Licht: 2,137379,2,1,8,04,22,2,1,2,0,1,0,0,,0
"POINT (8.808916330000045 53.083057238000038)",Unfall 137380 (2017) Kat:3, Licht: 0,137380,3,6,2,04,08,2,0,0,0,1,0,0,,0
"POINT (8.870730029000072 53.091277988000058)",Unfall 137381 (2017) Kat:3, Licht: 0,137381,3,3,5,04,07,2,0,0,1,1,0,0,,0
"POINT (8.783285685000067 53.069720695000058)",Unfall 137384 (2017) Kat:3, Licht: 0,137384,3,3,5,04,14,1,0,0,0,1,0,0,,0
"POINT (8.933876950000069 53.067981745000054)",Unfall 137385 (2017) Kat:2, Licht: 0,137385,2,4,6,04,18,1,0,0,0,1,1,0,,0
"POINT (8.817236703000049 53.080789317000040)",Unfall 137386 (2017) Kat:2, Licht: 2,137386,2,4,6,04,05,1,1,2,0,1,1,0,,0
"POINT (8.838131632000057 53.067776651000031)",Unfall 137388 (2017) Kat:3, Licht: 1,137388,3,6,3,04,21,7,0,1,1,1,0,0,,0
"POINT (8.811906856000064 53.073560682000050)",Unfall 137389 (2017) Kat:3, Licht: 0,137389,3,2,5,04,19,7,0,0,0,1,0,0,,1
"POINT (8.863965919000066 53.093468327000039)",Unfall 137390 (2017) Kat:2, Licht: 0,137390,2,7,0,04,16,7,1,0,1,0,0,0,,0
"POINT (8.712506790000020 53.176090132000070)",Unfall 137391 (2017) Kat:3, Licht: 0,137391,3,5,1,04,15,7,0,0,0,1,0,0,,0
"POINT (8.837995906000060 53.067878645000064)",Unfall 137392 (2017) Kat:3, Licht: 0,137392,3,4,6,04,12,7,0,0,0,1,1,0,,0
"POINT (8.794949978000034 53.067207951000057)",Unfall 137393 (2017) Kat:3, Licht: 2,137393,3,7,0,04,22,6,1,2,0,0,0,1,,0
"POINT (8.853992670000025 53.066108422000070)",Unfall 137394 (2017) Kat:2, Licht: 2,137394,2,3,5,04,23,6,1,2,1,1,0,0,,0
"POINT (8.722374624000054 53.106138298000076)",Unfall 137395 (2017) Kat:3, Licht: 0,137395,3,2,5,04,17,6,0,0,0,1,0,0,,0
"POINT (8.783286836000059 53.069720047000033)",Unfall 137396 (2017) Kat:3, Licht: 0,137396,3,3,5,04,10,6,0,0,1,1,0,0,,0
"POINT (8.845119261000036 53.071627061000072)",Unfall 137397 (2017) Kat:3, Licht: 0,137397,3,2,5,04,17,6,0,0,0,1,0,1,,0
"POINT (8.927661729000022 53.072673705000057)",Unfall 137398 (2017) Kat:3, Licht: 2,137398,3,3,5,04,20,6,1,2,0,1,0,0,,0
"POINT (8.734476199000028 53.047380241000042)",Unfall 137399 (2017) Kat:2, Licht: 2,137399,2,7,0,04,22,5,0,2,1,0,0,0,,0
"POINT (8.729741348000061 53.039769319000072)",Unfall 137400 (2017) Kat:3, Licht: 0,137400,3,3,5,04,16,5,0,0,0,1,0,0,,0
"POINT (8.784876204000057 53.097373298000036)",Unfall 137401 (2017) Kat:3, Licht: 0,137401,3,7,0,04,19,5,0,0,1,0,0,0,,0
"POINT (8.762346716000025 53.112359703000038)",Unfall 137402 (2017) Kat:3, Licht: 0,137402,3,3,5,04,08,5,0,0,1,1,0,0,,0
"POINT (8.808567361000030 53.082926969000027)",Unfall 137403 (2017) Kat:3, Licht: 0,137403,3,3,5,04,06,5,0,0,0,0,0,0,,1
"POINT (8.817153504000032 53.078750058000082)",Unfall 137404 (2017) Kat:3, Licht: 0,137404,3,4,6,04,08,5,0,0,0,1,1,0,,0
"POINT (8.697764388000053 53.172816763000071)",Unfall 137407 (2017) Kat:3, Licht: 0,137407,3,6,3,04,10,4,0,0,1,0,0,0,,1
"POINT (8.824118521000059 53.079217034000067)",Unfall 137408 (2017) Kat:3, Licht: 0,137408,3,5,1,04,16,4,0,0,1,1,0,0,,0
"POINT (8.808755502000054 53.078440788000080)",Unfall 137409 (2017) Kat:3, Licht: 0,137409,3,7,4,04,17,4,0,0,0,0,0,0,,1
"POINT (8.784885471000052 53.102511792000030)",Unfall 137410 (2017) Kat:3, Licht: 0,137410,3,2,5,04,09,4,0,0,1,1,0,0,,0
"POINT (8.768578816000058 53.083199510000043)",Unfall 137411 (2017) Kat:3, Licht: 0,137411,3,1,0,04,19,4,0,0,0,0,0,1,,0
"POINT (8.843773186000021 53.074369197000067)",Unfall 137412 (2017) Kat:3, Licht: 0,137412,3,7,0,04,16,4,0,0,1,0,0,0,,0
"POINT (8.882060555000066 53.079097412000067)",Unfall 137413 (2017) Kat:3, Licht: 0,137413,3,3,5,04,07,4,0,0,1,1,0,0,,0
"POINT (8.771230479000053 53.102895810000064)",Unfall 137417 (2017) Kat:3, Licht: 0,137417,3,6,3,04,15,3,0,0,0,1,0,0,,0
"POINT (8.800740299000040 53.078861955000036)",Unfall 137418 (2017) Kat:3, Licht: 0,137418,3,7,0,04,11,3,1,0,0,0,1,0,,1
"POINT (8.718029755000032 53.141204655000081)",Unfall 137419 (2017) Kat:3, Licht: 0,137419,3,3,3,04,06,3,1,0,0,1,0,0,,0
"POINT (8.810637292000024 53.062360800000079)",Unfall 137420 (2017) Kat:3, Licht: 0,137420,3,6,4,04,14,3,0,0,1,0,0,0,,0
"POINT (8.810684380000055 53.080422231000057)",Unfall 137421 (2017) Kat:3, Licht: 0,137421,3,4,6,04,07,3,1,0,1,0,1,0,,0
"POINT (8.918057149000049 53.139546124000049)",Unfall 137424 (2017) Kat:2, Licht: 0,137424,2,7,8,04,14,2,0,0,0,1,0,0,,0
"POINT (8.850890037000056 53.071684794000078)",Unfall 137425 (2017) Kat:3, Licht: 0,137425,3,1,0,04,07,1,1,0,0,1,0,0,,0
"POINT (8.821321304000037 53.052553099000079)",Unfall 137426 (2017) Kat:3, Licht: 0,137426,3,3,5,04,08,1,1,0,0,1,0,0,,0
"POINT (8.757841710000037 53.058351079000033)",Unfall 137427 (2017) Kat:3, Licht: 0,137427,3,3,5,04,09,7,1,0,1,1,0,0,,0
"POINT (8.514136780000058 53.207965298000033)",Unfall 137428 (2017) Kat:3, Licht: 0,137428,3,4,6,04,19,7,0,0,0,1,1,0,,0
"POINT (8.799360659000058 53.084823327000038)",Unfall 137429 (2017) Kat:3, Licht: 0,137429,3,7,0,04,19,7,0,0,0,0,1,0,,1
"POINT (8.754153124000027 53.088810249000062)",Unfall 137430 (2017) Kat:3, Licht: 0,137430,3,3,5,04,11,7,0,0,1,1,0,0,,0
"POINT (8.810710802000074 53.083679304000043)",Unfall 137433 (2017) Kat:3, Licht: 0,137433,3,7,0,04,16,6,0,0,1,1,0,0,,0
"POINT (8.928909639000040 53.038490380000042)",Unfall 137434 (2017) Kat:3, Licht: 0,137434,3,6,2,04,12,6,0,0,0,1,0,0,,0
"POINT (8.804182025000046 53.085443965000081)",Unfall 137435 (2017) Kat:3, Licht: 0,137435,3,6,2,04,09,5,1,0,0,1,0,0,,0
"POINT (8.867103405000023 53.082114391000061)",Unfall 137436 (2017) Kat:3, Licht: 0,137436,3,6,2,04,18,5,0,0,0,1,0,0,,0
"POINT (8.840676477000045 53.067407018000040)",Unfall 137437 (2017) Kat:3, Licht: 0,137437,3,6,2,04,15,5,1,0,0,1,0,0,,0
"POINT (8.804149464000034 53.072392255000068)",Unfall 137438 (2017) Kat:3, Licht: 0,137438,3,6,4,04,18,5,0,0,1,0,0,0,,0
"POINT (8.882490129000075 53.109657557000048)",Unfall 137439 (2017) Kat:3, Licht: 0,137439,3,3,5,04,08,5,1,0,1,1,0,0,,0
"POINT (8.748804877000055 53.124883984000064)",Unfall 137441 (2017) Kat:3, Licht: 0,137441,3,3,5,04,15,4,1,0,0,1,0,1,,0
"POINT (8.822903837000069 53.075792166000042)",Unfall 137442 (2017) Kat:3, Licht: 0,137442,3,6,2,04,16,4,1,0,0,1,0,0,,0
"POINT (8.877020860000073 53.080945606000057)",Unfall 137443 (2017) Kat:3, Licht: 0,137443,3,3,5,04,16,4,1,0,0,0,0,1,,1
"POINT (8.833647464000023 53.074035345000027)",Unfall 137444 (2017) Kat:3, Licht: 2,137444,3,7,1,04,01,4,1,2,1,1,0,0,,0
"POINT (8.830598483000074 53.041025473000047)",Unfall 137445 (2017) Kat:3, Licht: 0,137445,3,3,5,04,11,4,0,0,0,1,0,0,,0
"POINT (8.758016198000064 53.057830275000072)",Unfall 137448 (2017) Kat:3, Licht: 0,137448,3,3,5,04,13,3,0,0,1,0,0,0,,0
"POINT (8.798966810000025 53.105628143000047)",Unfall 137449 (2017) Kat:3, Licht: 0,137449,3,3,5,04,09,3,0,0,1,1,0,0,,0
"POINT (8.789874318000045 53.071512048000045)",Unfall 137450 (2017) Kat:3, Licht: 0,137450,3,2,5,04,17,2,0,0,1,1,0,0,,0
"POINT (8.830296717000067 53.071631518000061)",Unfall 137451 (2017) Kat:3, Licht: 0,137451,3,1,0,04,15,2,0,0,1,0,0,0,,0
"POINT (8.584578079000039 53.181446842000071)",Unfall 137452 (2017) Kat:3, Licht: 0,137452,3,2,5,04,15,2,0,0,1,1,0,0,,0
"POINT (8.760657573000060 53.109470272000067)",Unfall 137455 (2017) Kat:3, Licht: 0,137455,3,1,1,04,10,1,0,0,0,1,0,0,,1
"POINT (8.626193821000072 53.183842930000026)",Unfall 137456 (2017) Kat:3, Licht: 2,137456,3,3,5,04,23,1,0,2,0,1,0,0,,0
"POINT (8.816810535000059 53.072372361000077)",Unfall 137457 (2017) Kat:3, Licht: 0,137457,3,7,0,04,19,1,0,0,0,0,0,0,,1
"POINT (8.785629269000026 53.070965068000078)",Unfall 137458 (2017) Kat:3, Licht: 0,137458,3,3,5,04,17,1,0,0,1,1,0,0,,0
"POINT (8.858998129000042 53.124572410000042)",Unfall 137459 (2017) Kat:3, Licht: 0,137459,3,6,3,04,16,1,0,0,1,0,0,0,,0
"POINT (8.740889150000044 53.053034884000056)",Unfall 137460 (2017) Kat:3, Licht: 0,137460,3,3,5,04,14,7,0,0,1,1,0,0,,0
"POINT (8.563068799000064 53.192550940000046)",Unfall 137461 (2017) Kat:3, Licht: 0,137461,3,6,2,04,11,7,0,0,0,1,0,0,,0
"POINT (8.562256779000052 53.192252877000044)",Unfall 137462 (2017) Kat:3, Licht: 0,137462,3,2,5,04,11,7,0,0,0,1,0,0,,0
"POINT (8.775800803000038 53.099270002000026)",Unfall 137466 (2017) Kat:3, Licht: 0,137466,3,6,3,04,17,6,0,0,0,1,0,0,,1
"POINT (8.797512716000028 53.080425217000027)",Unfall 137467 (2017) Kat:3, Licht: 0,137467,3,3,5,04,14,6,0,0,1,0,0,0,,1
"POINT (8.542197031000058 53.190286274000073)",Unfall 137468 (2017) Kat:3, Licht: 0,137468,3,6,4,04,14,6,0,0,1,0,0,0,,0
"POINT (8.892586403000053 53.079431331000080)",Unfall 137469 (2017) Kat:2, Licht: 0,137469,2,4,6,04,16,6,0,0,0,1,1,0,,0
"POINT (8.797556251000060 53.066536529000075)",Unfall 137470 (2017) Kat:2, Licht: 0,137470,2,3,5,04,14,6,0,0,1,1,0,0,,0
"POINT (8.787347314000044 53.072049202000073)",Unfall 137471 (2017) Kat:3, Licht: 0,137471,3,3,5,04,08,6,0,0,1,1,0,0,,0
"POINT (8.883783440000059 53.056568479000077)",Unfall 137472 (2017) Kat:3, Licht: 2,137472,3,6,3,04,22,6,0,2,0,1,0,0,,1
"POINT (8.690915560000065 53.168783217000055)",Unfall 137474 (2017) Kat:3, Licht: 0,137474,3,7,0,04,14,5,0,0,1,0,0,0,,0
"POINT (8.940395352000053 53.083970700000066)",Unfall 137475 (2017) Kat:2, Licht: 0,137475,2,7,0,04,12,5,0,0,1,0,0,0,,0
"POINT (8.679819714000075 53.172456441000065)",Unfall 137476 (2017) Kat:3, Licht: 0,137476,3,1,0,04,18,5,0,0,1,0,0,0,,0
"POINT (8.832042217000037 53.071043167000028)",Unfall 137477 (2017) Kat:3, Licht: 0,137477,3,1,0,04,16,5,0,0,1,0,0,0,,0
"POINT (8.740626431000067 53.051643244000047)",Unfall 137478 (2017) Kat:3, Licht: 0,137478,3,3,5,04,13,5,0,0,0,1,0,0,,0
"POINT (8.769323847000067 53.114433638000037)",Unfall 137479 (2017) Kat:3, Licht: 0,137479,3,4,6,04,09,5,0,0,1,0,1,0,,0
"POINT (8.785373414000048 53.088734280000040)",Unfall 137480 (2017) Kat:3, Licht: 0,137480,3,6,2,04,09,5,0,0,0,0,0,1,,1
"POINT (8.804415224000024 53.080755521000071)",Unfall 137482 (2017) Kat:3, Licht: 0,137482,3,2,6,04,19,4,0,0,1,0,1,0,,0
"POINT (8.817173353000044 53.078740619000030)",Unfall 137483 (2017) Kat:3, Licht: 0,137483,3,6,2,04,09,4,0,0,0,1,0,0,,0
"POINT (8.562195931000076 53.192114132000029)",Unfall 137484 (2017) Kat:3, Licht: 0,137484,3,6,0,04,08,4,1,0,0,0,0,1,,0
"POINT (8.788662188000046 53.098189360000049)",Unfall 137485 (2017) Kat:3, Licht: 0,137485,3,2,5,04,15,4,0,0,1,1,0,0,,0
"POINT (8.828712860000053 53.072222088000046)",Unfall 137486 (2017) Kat:3, Licht: 0,137486,3,2,5,04,08,4,0,0,1,0,0,0,,1
"POINT (8.567536501000063 53.194386609000048)",Unfall 137487 (2017) Kat:3, Licht: 0,137487,3,3,5,04,07,4,0,0,0,1,0,0,,0
"POINT (8.786468208000031 53.070480311000040)",Unfall 137488 (2017) Kat:2, Licht: 0,137488,2,7,5,04,17,3,0,0,0,1,0,0,,0
"POINT (8.822520061000034 53.072884730000055)",Unfall 137489 (2017) Kat:3, Licht: 0,137489,3,1,0,04,18,3,0,0,1,0,0,0,,0
"POINT (8.855691908000040 53.069610003000037)",Unfall 137490 (2017) Kat:3, Licht: 2,137490,3,3,5,04,22,3,0,2,0,1,0,0,,0
"POINT (8.772275456000045 53.102569443000050)",Unfall 137491 (2017) Kat:3, Licht: 0,137491,3,6,2,04,08,3,0,0,0,1,0,0,,0
"POINT (8.818128758000057 53.077729343000044)",Unfall 137492 (2017) Kat:3, Licht: 0,137492,3,3,5,04,10,3,0,0,1,1,0,0,,0