WKT,Name,OBJECTID,UKATEGORIE,UTYP1,UART,UMONAT,USTUNDE,UWOCHENTAG,STRZUSTAND,ULICHTVERH,ISTRAD,ISTPKW,ISTFUSS,ISTKRAD,ISTGKFZ,ISTSONSTIG
"POINT (8.599118988000043 53.179934534000040)",Unfall 137493 (2017) Kat:3, Licht: 0,137493,3,4,6,04,07,3,0,0,0,1,1,0,,0
"POINT (8.582484372000067 53.180358664000039)",Unfall 137494 (2017) Kat:2, Licht: 0,137494,2,3,5,04,12,3,0,0,0,1,0,0,,0
"POINT (8.846663002000071 53.074844815000063)",Unfall 137495 (2017) Kat:3, Licht: 0,137495,3,2,5,04,19,3,0,0,0,1,0,1,,0
"POINT (8.787998881000021 53.069608227000060)",Unfall 137496 (2017) Kat:2, Licht: 0,137496,2,4,6,04,13,3,0,0,0,1,1,0,,0
"POINT (8.571707837000076 53.196196646000033)",Unfall 137497 (2017) Kat:3, Licht: 0,137497,3,7,1,04,17,3,0,0,1,1,0,0,,0
"POINT (8.819593258000054 53.075768104000076)",Unfall 137498 (2017) Kat:3, Licht: 0,137498,3,2,5,04,15,3,0,0,1,1,0,0,,0
"POINT (8.823559353000064 53.044149696000034)",Unfall 137499 (2017) Kat:3, Licht: 0,137499,3,3,5,04,18,3,0,0,1,1,0,0,,0
"POINT (8.818580079000071 53.051693261000082)",Unfall 137500 (2017) Kat:3, Licht: 0,137500,3,3,5,04,15,3,0,0,1,1,0,0,,0
"POINT (8.818908237000073 53.051139923000051)",Unfall 137504 (2017) Kat:3, Licht: 0,137504,3,6,2,04,12,2,0,0,0,1,0,0,,0
"POINT (8.793098041000064 53.066744403000030)",Unfall 137505 (2017) Kat:3, Licht: 0,137505,3,3,5,04,14,2,0,0,1,0,0,0,,0
"POINT (8.847150864000071 53.086998241000060)",Unfall 137506 (2017) Kat:3, Licht: 0,137506,3,3,5,04,16,2,0,0,0,1,0,0,,1
"POINT (8.686168626000040 53.170976013000029)",Unfall 137507 (2017) Kat:2, Licht: 1,137507,2,7,4,04,19,2,0,1,0,1,0,0,,0
"POINT (8.739382475000070 53.134514312000078)",Unfall 137508 (2017) Kat:2, Licht: 0,137508,2,1,0,04,12,2,0,0,1,0,0,0,,0
"POINT (8.901089459000048 53.089328427000055)",Unfall 137509 (2017) Kat:3, Licht: 0,137509,3,3,5,04,11,2,0,0,1,1,0,0,,0
"POINT (8.867988987000047 53.072937948000060)",Unfall 137510 (2017) Kat:3, Licht: 0,137510,3,2,5,04,14,2,0,0,1,1,0,0,,0
"POINT (8.885333913000068 53.050332313000069)",Unfall 137511 (2017) Kat:3, Licht: 0,137511,3,2,2,04,08,2,0,0,0,1,0,0,,0
"POINT (8.917840034000051 53.059631153000055)",Unfall 137512 (2017) Kat:3, Licht: 0,137512,3,6,2,04,07,2,0,0,0,1,0,0,,0
"POINT (8.804591812000069 53.091823838000039)",Unfall 137513 (2017) Kat:3, Licht: 0,137513,3,6,5,04,08,2,0,0,0,1,0,1,,0
"POINT (8.873034688000075 53.100657773000080)",Unfall 137514 (2017) Kat:3, Licht: 2,137514,3,2,5,04,22,2,0,2,1,0,0,0,,0
"POINT (8.870663161000039 53.091363371000057)",Unfall 137515 (2017) Kat:3, Licht: 0,137515,3,6,3,04,16,1,0,0,0,1,0,0,,0
"POINT (8.779377347000036 53.100173183000038)",Unfall 137516 (2017) Kat:3, Licht: 0,137516,3,3,0,04,15,1,0,0,1,0,0,0,,1
"POINT (8.845048199000075 53.046128489000068)",Unfall 137517 (2017) Kat:3, Licht: 0,137517,3,3,8,04,12,7,0,0,0,1,0,0,,0
"POINT (8.808065021000061 53.074399351000068)",Unfall 137518 (2017) Kat:3, Licht: 0,137518,3,4,6,04,18,7,0,0,0,1,1,0,,0
"POINT (8.811871708000069 53.081854579000037)",Unfall 137519 (2017) Kat:3, Licht: 0,137519,3,1,0,04,14,7,0,0,1,0,0,0,,0
"POINT (8.837238529000047 53.069600271000070)",Unfall 137522 (2017) Kat:3, Licht: 2,137522,3,7,1,03,22,6,0,2,1,1,0,0,,0
"POINT (8.780263506000040 53.068961319000039)",Unfall 137523 (2017) Kat:3, Licht: 0,137523,3,6,3,03,07,6,0,0,0,1,0,0,,1
"POINT (8.832602918000021 53.068604419000053)",Unfall 137524 (2017) Kat:2, Licht: 2,137524,2,4,6,03,21,6,0,2,0,1,1,0,,0
"POINT (8.807286850000025 53.082139102000042)",Unfall 137525 (2017) Kat:3, Licht: 0,137525,3,2,5,03,15,6,0,0,1,1,0,0,,0
"POINT (8.736937128000022 53.047447645000034)",Unfall 137526 (2017) Kat:3, Licht: 0,137526,3,2,5,03,12,6,0,0,1,1,0,0,,0
"POINT (8.774752453000076 53.107982046000075)",Unfall 137527 (2017) Kat:3, Licht: 0,137527,3,3,5,03,12,6,0,0,1,0,0,0,,0
"POINT (8.760935286000063 53.123558438000032)",Unfall 137528 (2017) Kat:3, Licht: 0,137528,3,3,5,03,16,6,0,0,1,1,0,0,,0
"POINT (8.858091257000069 53.069481235000069)",Unfall 137529 (2017) Kat:3, Licht: 0,137529,3,6,2,03,13,6,0,0,0,1,0,0,,1
"POINT (8.786012442000072 53.099343746000045)",Unfall 137533 (2017) Kat:2, Licht: 0,137533,2,4,6,03,15,5,0,0,1,0,1,0,,0
"POINT (8.884662830000025 53.078962777000072)",Unfall 137534 (2017) Kat:2, Licht: 2,137534,2,7,0,03,04,5,1,2,1,0,0,0,,0
"POINT (8.807670651000024 53.075780021000071)",Unfall 137535 (2017) Kat:3, Licht: 0,137535,3,1,0,03,12,5,0,0,1,0,0,0,,0
"POINT (8.946518347000051 53.076582044000077)",Unfall 137536 (2017) Kat:2, Licht: 0,137536,2,1,8,03,10,5,0,0,0,1,0,0,,0
"POINT (8.936632574000043 53.038336377000064)",Unfall 137537 (2017) Kat:3, Licht: 0,137537,3,5,1,03,18,5,0,0,1,1,0,0,,0
"POINT (8.943673463000039 53.066396864000069)",Unfall 137539 (2017) Kat:3, Licht: 0,137539,3,3,5,03,18,4,1,0,0,1,0,0,,0
"POINT (8.603954423000062 53.184627701000068)",Unfall 137540 (2017) Kat:3, Licht: 0,137540,3,2,3,03,17,4,1,0,1,1,0,0,,0
"POINT (8.715738188000046 53.054188134000071)",Unfall 137541 (2017) Kat:3, Licht: 1,137541,3,3,5,03,19,4,1,1,0,1,0,0,,0
"POINT (8.845032018000040 53.046102987000040)",Unfall 137542 (2017) Kat:3, Licht: 0,137542,3,6,2,03,15,4,1,0,0,1,0,0,,0
"POINT (8.837390064000033 53.037844186000029)",Unfall 137543 (2017) Kat:3, Licht: 0,137543,3,2,5,03,12,4,1,0,1,1,0,0,,0
"POINT (8.791488336000043 53.074772731000053)",Unfall 137544 (2017) Kat:3, Licht: 2,137544,3,1,0,03,05,4,1,2,1,0,0,0,,0
"POINT (8.611722728000075 53.183342425000035)",Unfall 137545 (2017) Kat:3, Licht: 2,137545,3,1,1,03,00,4,0,2,1,1,0,0,,0
"POINT (8.856985249000047 53.072697256000026)",Unfall 137546 (2017) Kat:3, Licht: 0,137546,3,4,6,03,08,4,1,0,0,1,1,0,,0
"POINT (8.760789541000065 53.115127829000073)",Unfall 137549 (2017) Kat:3, Licht: 0,137549,3,6,3,03,14,3,0,0,1,1,0,0,,0
"POINT (8.960896877000039 53.049518983000041)",Unfall 137550 (2017) Kat:3, Licht: 2,137550,3,6,2,03,21,3,0,2,0,1,0,1,,0
"POINT (8.779760105000037 53.099678667000035)",Unfall 137551 (2017) Kat:3, Licht: 0,137551,3,5,3,03,15,3,0,0,1,1,0,0,,0
"POINT (8.819660390000024 53.038307638000049)",Unfall 137552 (2017) Kat:3, Licht: 2,137552,3,2,5,03,22,3,0,2,0,1,0,0,,0
"POINT (8.851885041000060 53.088687736000054)",Unfall 137553 (2017) Kat:3, Licht: 0,137553,3,3,5,03,17,3,0,0,0,1,0,0,,1
"POINT (8.838337218000049 53.081398897000042)",Unfall 137554 (2017) Kat:3, Licht: 0,137554,3,3,5,03,13,3,0,0,1,1,0,0,,0
"POINT (8.753904204000037 53.120306748000075)",Unfall 137555 (2017) Kat:3, Licht: 2,137555,3,2,4,03,06,3,0,2,0,1,0,1,,0
"POINT (8.877716766000049 53.080192176000082)",Unfall 137556 (2017) Kat:3, Licht: 2,137556,3,1,0,03,22,3,0,2,1,0,0,0,,0
"POINT (8.878804146000050 53.112272333000078)",Unfall 137557 (2017) Kat:2, Licht: 0,137557,2,1,0,03,16,3,0,0,1,1,0,0,,0
"POINT (8.805210813000031 53.073027221000075)",Unfall 137560 (2017) Kat:2, Licht: 0,137560,2,6,4,03,17,2,0,0,1,0,0,0,,0
"POINT (8.914256912000042 53.065294929000061)",Unfall 137561 (2017) Kat:3, Licht: 2,137561,3,7,5,03,21,2,0,2,0,1,0,0,,0
"POINT (8.835890995000057 53.074158339000064)",Unfall 137562 (2017) Kat:3, Licht: 1,137562,3,5,1,03,19,2,0,1,1,1,0,0,,0
"POINT (8.625758294000036 53.172537079000051)",Unfall 137563 (2017) Kat:3, Licht: 0,137563,3,4,6,05,11,3,0,0,1,0,1,0,,0
"POINT (8.803600576000065 53.072215288000052)",Unfall 137564 (2017) Kat:3, Licht: 0,137564,3,7,0,03,15,2,0,0,0,0,1,0,,1
"POINT (8.788008577000028 53.062961835000067)",Unfall 137565 (2017) Kat:3, Licht: 0,137565,3,2,5,03,06,2,0,0,1,1,0,0,,0
"POINT (8.778246320000051 53.094752561000064)",Unfall 137566 (2017) Kat:3, Licht: 2,137566,3,3,5,03,22,2,0,2,0,1,0,0,,0
"POINT (8.808220049000056 53.094596921000061)",Unfall 137567 (2017) Kat:3, Licht: 0,137567,3,2,5,03,12,2,0,0,1,0,0,0,,1
"POINT (8.843159845000059 53.050379952000071)",Unfall 137568 (2017) Kat:3, Licht: 0,137568,3,4,6,03,08,2,0,0,0,1,1,0,,0
"POINT (8.713841629000058 53.170718294000039)",Unfall 137569 (2017) Kat:3, Licht: 0,137569,3,3,5,06,13,3,0,0,1,1,0,0,,0
"POINT (8.791066435000062 53.091441598000074)",Unfall 137570 (2017) Kat:3, Licht: 0,137570,3,2,3,06,20,3,0,0,1,1,0,0,,0
"POINT (8.800409005000063 53.084450466000078)",Unfall 137571 (2017) Kat:2, Licht: 0,137571,2,7,0,06,12,3,0,0,1,0,0,0,,0
"POINT (8.797270450000042 53.080714208000074)",Unfall 137572 (2017) Kat:2, Licht: 0,137572,2,4,6,06,16,3,0,0,1,0,1,0,,0
"POINT (8.777109736000057 53.106588041000066)",Unfall 137573 (2017) Kat:3, Licht: 0,137573,3,3,5,06,19,3,0,0,0,1,0,0,,1
"POINT (8.795023282000045 53.096433431000037)",Unfall 137574 (2017) Kat:3, Licht: 0,137574,3,6,3,06,10,3,0,0,0,1,0,0,,1
"POINT (8.640013009000029 53.174564892000035)",Unfall 137578 (2017) Kat:3, Licht: 0,137578,3,3,5,06,09,2,0,0,1,1,0,0,,0
"POINT (8.775731030000031 53.060615466000058)",Unfall 137579 (2017) Kat:3, Licht: 0,137579,3,6,2,06,19,2,0,0,0,1,0,0,,0
"POINT (8.949758534000068 53.064197780000029)",Unfall 137580 (2017) Kat:3, Licht: 0,137580,3,2,2,06,13,2,0,0,0,1,0,0,,0
"POINT (8.775427099000069 53.099495653000076)",Unfall 137581 (2017) Kat:3, Licht: 0,137581,3,4,6,06,16,2,0,0,0,0,1,0,,1
"POINT (8.884600532000036 53.050451476000035)",Unfall 137582 (2017) Kat:3, Licht: 0,137582,3,3,5,06,08,2,0,0,0,1,0,0,,0
"POINT (8.806761112000061 53.081718860000080)",Unfall 137583 (2017) Kat:3, Licht: 0,137583,3,2,5,06,14,2,0,0,1,1,0,0,,0
"POINT (8.788164551000023 53.076477681000028)",Unfall 137584 (2017) Kat:3, Licht: 0,137584,3,2,5,06,09,2,0,0,1,0,0,0,,1
"POINT (8.583551140000054 53.214329709000026)",Unfall 137585 (2017) Kat:3, Licht: 0,137585,3,3,5,06,16,2,1,0,1,1,0,0,,0
"POINT (8.597460812000065 53.185210221000034)",Unfall 137586 (2017) Kat:2, Licht: 0,137586,2,1,0,06,18,1,1,0,0,0,0,1,,0
"POINT (8.782189667000068 53.123441796000066)",Unfall 137587 (2017) Kat:3, Licht: 0,137587,3,1,0,06,14,1,0,0,1,0,0,0,,0
"POINT (8.664779182000075 53.121343502000059)",Unfall 137588 (2017) Kat:3, Licht: 0,137588,3,6,3,06,15,1,0,0,1,0,0,0,,0
"POINT (8.852099847000034 53.087650532000055)",Unfall 137589 (2017) Kat:2, Licht: 0,137589,2,5,1,06,14,1,0,0,1,1,0,0,,0
"POINT (8.807438462000050 53.094381902000066)",Unfall 137591 (2017) Kat:2, Licht: 0,137591,2,3,5,06,10,7,0,0,1,1,0,0,,0
"POINT (8.814511187000051 53.081431038000062)",Unfall 137592 (2017) Kat:3, Licht: 0,137592,3,6,2,06,14,7,0,0,0,1,0,0,,0
"POINT (8.800196847000052 53.080355610000026)",Unfall 137593 (2017) Kat:2, Licht: 2,137593,2,1,0,06,00,7,0,2,1,0,0,0,,0
"POINT (8.784123956000030 53.089493507000043)",Unfall 137594 (2017) Kat:3, Licht: 0,137594,3,3,5,06,13,6,0,0,1,1,0,0,,0
"POINT (8.712210212000059 53.135791891000054)",Unfall 137595 (2017) Kat:3, Licht: 2,137595,3,1,9,06,04,6,0,2,0,1,0,0,,0
"POINT (8.686164721000068 53.171350705000066)",Unfall 137596 (2017) Kat:3, Licht: 0,137596,3,1,9,06,13,6,0,0,0,0,0,0,,1
"POINT (8.735153515000036 53.044000777000065)",Unfall 137597 (2017) Kat:3, Licht: 0,137597,3,3,5,06,14,6,1,0,1,1,0,0,,0
"POINT (8.648030111000026 53.171736796000062)",Unfall 137598 (2017) Kat:3, Licht: 0,137598,3,2,4,06,05,6,0,0,0,1,0,0,,0
"POINT (8.853514636000057 53.087140151000028)",Unfall 137599 (2017) Kat:2, Licht: 0,137599,2,7,4,06,15,6,1,0,1,0,0,0,,0
"POINT (8.807120879000024 53.060213176000047)",Unfall 137600 (2017) Kat:3, Licht: 0,137600,3,7,1,06,15,6,1,0,1,1,0,0,,0
"POINT (8.896391589000075 53.082416064000029)",Unfall 137605 (2017) Kat:3, Licht: 0,137605,3,6,2,06,10,5,1,0,0,1,0,0,,1
"POINT (8.787140010000030 53.075636517000078)",Unfall 137606 (2017) Kat:3, Licht: 0,137606,3,6,1,06,18,5,0,0,0,1,0,0,,0
"POINT (8.879470980000065 53.101384366000048)",Unfall 137607 (2017) Kat:3, Licht: 0,137607,3,2,5,06,08,5,0,0,1,1,0,0,,0
"POINT (8.765315069000053 53.110402535000048)",Unfall 137608 (2017) Kat:3, Licht: 0,137608,3,3,5,06,13,5,0,0,1,1,0,0,,0
"POINT (8.841374421000069 53.092659428000047)",Unfall 137609 (2017) Kat:3, Licht: 0,137609,3,3,5,06,15,5,0,0,1,1,0,0,,0
"POINT (8.614711527000054 53.176483153000049)",Unfall 137610 (2017) Kat:3, Licht: 0,137610,3,2,2,06,17,5,0,0,0,1,0,0,,0
"POINT (8.773921381000037 53.061872867000034)",Unfall 137611 (2017) Kat:3, Licht: 0,137611,3,6,2,06,18,5,0,0,0,1,0,0,,0
"POINT (8.898317588000055 53.043741000000068)",Unfall 137612 (2017) Kat:2, Licht: 0,137612,2,6,2,06,13,5,1,0,0,0,0,1,,1
"POINT (8.833329386000060 53.115070583000033)",Unfall 137613 (2017) Kat:3, Licht: 0,137613,3,2,2,06,18,5,0,0,0,1,0,0,,0
"POINT (8.842758683000056 53.072290891000080)",Unfall 137614 (2017) Kat:3, Licht: 0,137614,3,3,5,06,12,5,0,0,1,1,0,0,,0
"POINT (8.847661919000075 53.109276079000040)",Unfall 137615 (2017) Kat:3, Licht: 0,137615,3,6,2,06,17,5,0,0,0,1,0,0,,0
"POINT (8.885966853000070 53.086036191000062)",Unfall 137616 (2017) Kat:3, Licht: 0,137616,3,4,6,06,12,5,1,0,0,1,1,0,,0
"POINT (8.852325333000067 53.085991527000033)",Unfall 137622 (2017) Kat:3, Licht: 0,137622,3,2,5,06,13,4,1,0,1,1,0,0,,0
"POINT (8.896870535000062 53.059065547000046)",Unfall 137623 (2017) Kat:3, Licht: 0,137623,3,3,5,06,14,4,0,0,0,1,0,0,,0
"POINT (8.886280818000046 53.061064453000029)",Unfall 137624 (2017) Kat:3, Licht: 0,137624,3,3,5,06,15,4,1,0,0,1,0,0,,1
"POINT (8.827489553000021 53.084942477000027)",Unfall 137625 (2017) Kat:3, Licht: 0,137625,3,1,0,06,13,4,1,0,0,0,0,0,,1
"POINT (8.875661462000039 53.082494304000079)",Unfall 137626 (2017) Kat:3, Licht: 0,137626,3,3,5,06,09,4,0,0,1,1,0,0,,0
"POINT (8.704403060000061 53.155652591000035)",Unfall 137627 (2017) Kat:3, Licht: 0,137627,3,2,5,06,10,4,1,0,1,1,0,0,,0
"POINT (8.729162515000041 53.128656873000068)",Unfall 137628 (2017) Kat:3, Licht: 0,137628,3,6,2,06,15,4,1,0,0,1,0,0,,1
"POINT (8.803160899000034 53.084641306000037)",Unfall 137629 (2017) Kat:3, Licht: 0,137629,3,3,5,06,16,4,0,0,1,0,0,0,,0
"POINT (8.722624787000029 53.044142581000074)",Unfall 137630 (2017) Kat:3, Licht: 0,137630,3,3,5,06,09,4,0,0,1,1,0,0,,0
"POINT (8.837340896000058 53.076836411000045)",Unfall 137631 (2017) Kat:3, Licht: 1,137631,3,3,5,06,05,4,0,1,1,1,0,0,,0
"POINT (8.878352611000025 53.079519893000054)",Unfall 137632 (2017) Kat:3, Licht: 0,137632,3,3,5,06,15,4,1,0,1,1,0,0,,0
"POINT (8.679376690000026 53.110445034000065)",Unfall 137636 (2017) Kat:2, Licht: 0,137636,2,3,5,06,10,3,0,0,0,1,0,0,,0
"POINT (8.887751019000064 53.109108259000038)",Unfall 137637 (2017) Kat:3, Licht: 0,137637,3,6,2,06,12,3,0,0,0,1,0,0,,0
"POINT (8.856592776000070 53.071372491000034)",Unfall 137638 (2017) Kat:3, Licht: 0,137638,3,3,5,06,06,3,0,0,1,1,0,0,,0
"POINT (8.857379326000057 53.108933056000069)",Unfall 137639 (2017) Kat:3, Licht: 0,137639,3,5,1,06,15,3,1,0,1,1,0,0,,0
"POINT (8.577102850000074 53.188396154000031)",Unfall 137640 (2017) Kat:3, Licht: 0,137640,3,4,6,06,17,3,0,0,0,1,1,0,,0
"POINT (8.886280410000040 53.100214026000060)",Unfall 137641 (2017) Kat:3, Licht: 2,137641,3,1,9,06,22,3,0,2,0,1,0,0,,0
"POINT (8.786494635000054 53.100716387000034)",Unfall 137646 (2017) Kat:3, Licht: 0,137646,3,7,0,06,12,2,0,0,0,1,0,0,,0
"POINT (8.556481626000050 53.184859136000057)",Unfall 137647 (2017) Kat:3, Licht: 0,137647,3,3,5,06,13,2,0,0,0,1,0,0,,0
"POINT (8.807224495000071 53.070560354000065)",Unfall 137648 (2017) Kat:2, Licht: 0,137648,2,7,0,06,20,2,0,0,1,0,0,0,,0
"POINT (8.711603621000052 53.147010856000065)",Unfall 137649 (2017) Kat:3, Licht: 2,137649,3,7,0,06,21,2,0,2,0,0,0,0,,1
"POINT (8.720238589000076 53.039182997000069)",Unfall 137652 (2017) Kat:3, Licht: 0,137652,3,3,0,06,11,1,0,0,1,1,0,0,,0
"POINT (8.886722200000065 53.051550089000045)",Unfall 137653 (2017) Kat:3, Licht: 0,137653,3,6,2,06,20,1,0,0,0,1,0,0,,0
"POINT (8.568672890000073 53.194849647000069)",Unfall 137654 (2017) Kat:3, Licht: 0,137654,3,4,6,06,13,1,0,0,0,0,1,0,,1
"POINT (8.847538803000020 53.050262732000078)",Unfall 137658 (2017) Kat:3, Licht: 0,137658,3,6,2,06,18,7,0,0,0,1,0,0,,0
"POINT (8.863788609000039 53.082292615000028)",Unfall 137659 (2017) Kat:2, Licht: 2,137659,2,7,8,06,00,7,0,2,1,0,0,0,,0
"POINT (8.872215544000028 53.080515403000049)",Unfall 137660 (2017) Kat:3, Licht: 2,137660,3,7,0,06,01,7,0,2,1,0,0,0,,0
"POINT (8.794310095000071 53.091986635000069)",Unfall 137665 (2017) Kat:3, Licht: 0,137665,3,6,2,06,14,6,0,0,0,1,0,0,,0
"POINT (8.783195432000071 53.083466992000069)",Unfall 137666 (2017) Kat:3, Licht: 0,137666,3,3,5,06,15,6,0,0,1,1,0,0,,0
"POINT (8.814984604000074 53.081243048000033)",Unfall 137667 (2017) Kat:3, Licht: 0,137667,3,6,1,06,14,6,0,0,0,1,0,0,,0
"POINT (8.874731925000049 53.101239027000076)",Unfall 137668 (2017) Kat:3, Licht: 0,137668,3,1,8,06,13,6,0,0,0,1,0,0,,0
"POINT (8.791321688000039 53.085922478000043)",Unfall 137669 (2017) Kat:3, Licht: 0,137669,3,6,2,06,06,6,0,0,0,1,0,1,,0
"POINT (8.823612932000060 53.071737102000043)",Unfall 137670 (2017) Kat:3, Licht: 0,137670,3,6,4,06,16,6,0,0,1,0,0,0,,0
"POINT (8.755694384000037 53.118677586000047)",Unfall 137671 (2017) Kat:3, Licht: 0,137671,3,6,2,06,18,6,0,0,0,1,0,0,,1
"POINT (8.836315731000070 53.098434022000049)",Unfall 137672 (2017) Kat:2, Licht: 0,137672,2,6,4,06,16,6,0,0,1,0,0,0,,0
"POINT (8.890564201000075 53.108913542000039)",Unfall 137673 (2017) Kat:2, Licht: 0,137673,2,3,5,06,12,6,0,0,1,1,0,0,,0
"POINT (8.890905534000069 53.081442395000067)",Unfall 137674 (2017) Kat:3, Licht: 0,137674,3,3,5,06,10,6,0,0,1,1,0,0,,0
"POINT (8.816963539000028 53.070072265000078)",Unfall 137676 (2017) Kat:3, Licht: 0,137676,3,3,6,06,19,5,0,0,0,1,1,0,,0
"POINT (8.895066802000031 53.082463842000038)",Unfall 137677 (2017) Kat:3, Licht: 0,137677,3,6,2,06,17,5,0,0,0,1,0,0,,0
"POINT (8.890677846000074 53.082598327000028)",Unfall 137678 (2017) Kat:3, Licht: 0,137678,3,6,4,06,14,5,0,0,1,0,0,0,,0
"POINT (8.850151930000038 53.027786589000073)",Unfall 137679 (2017) Kat:3, Licht: 0,137679,3,3,5,06,18,5,0,0,0,1,0,0,,0
"POINT (8.798927002000028 53.077691265000055)",Unfall 137680 (2017) Kat:3, Licht: 0,137680,3,6,2,06,19,5,0,0,0,1,0,0,,1
"POINT (8.798909254000023 53.077679197000066)",Unfall 137681 (2017) Kat:3, Licht: 0,137681,3,1,0,06,15,5,0,0,0,1,0,1,,0
"POINT (8.833582389000071 53.079821627000058)",Unfall 137682 (2017) Kat:3, Licht: 0,137682,3,6,3,06,19,5,0,0,1,1,0,0,,0
"POINT (8.739489175000074 53.055020881000075)",Unfall 137683 (2017) Kat:3, Licht: 0,137683,3,3,5,06,17,5,0,0,1,1,0,0,,0
"POINT (8.768684671000074 53.083212637000031)",Unfall 137684 (2017) Kat:3, Licht: 0,137684,3,7,0,06,21,5,0,0,1,0,0,0,,0
"POINT (8.897790874000066 53.124023856000065)",Unfall 137685 (2017) Kat:3, Licht: 0,137685,3,5,1,06,09,5,0,0,0,1,0,0,,0
"POINT (8.871929824000063 53.091505109000082)",Unfall 137686 (2017) Kat:3, Licht: 0,137686,3,1,0,06,11,5,0,0,1,0,0,0,,0
"POINT (8.786178327000073 53.103040161000081)",Unfall 137687 (2017) Kat:3, Licht: 0,137687,3,2,0,06,11,5,0,0,0,1,0,1,,0
"POINT (8.605366606000075 53.176599197000030)",Unfall 137688 (2017) Kat:3, Licht: 0,137688,3,7,5,06,10,5,0,0,1,1,0,0,,0
"POINT (8.795708525000066 53.056178043000045)",Unfall 137689 (2017) Kat:3, Licht: 0,137689,3,3,5,06,14,5,0,0,0,1,0,0,,0
"POINT (8.788544559000059 53.077075458000081)",Unfall 137690 (2017) Kat:3, Licht: 0,137690,3,4,6,06,07,5,0,0,1,0,1,0,,0
"POINT (8.707995028000028 53.176412947000074)",Unfall 137691 (2017) Kat:2, Licht: 0,137691,2,3,5,06,19,5,0,0,0,1,0,0,,0
"POINT (8.832498070000042 53.036808253000061)",Unfall 137692 (2017) Kat:3, Licht: 2,137692,3,4,6,06,23,5,0,2,0,1,1,0,,0
"POINT (8.734748356000068 53.081735996000077)",Unfall 137693 (2017) Kat:3, Licht: 0,137693,3,2,5,06,07,5,0,0,0,0,0,0,,1
"POINT (8.894461635000027 53.054441039000039)",Unfall 137694 (2017) Kat:3, Licht: 0,137694,3,6,2,06,14,5,0,0,0,1,0,1,,0
"POINT (8.899526265000077 53.091388793000078)",Unfall 137695 (2017) Kat:3, Licht: 0,137695,3,6,4,05,16,4,0,0,1,0,0,0,,0
"POINT (8.824770154000021 53.073047600000052)",Unfall 137696 (2017) Kat:3, Licht: 0,137696,3,4,6,05,19,4,0,0,0,0,1,0,,1
"POINT (8.799509307000051 53.070155650000061)",Unfall 137697 (2017) Kat:3, Licht: 0,137697,3,4,6,05,15,4,0,0,0,1,1,0,,0
"POINT (8.886285014000066 53.071545481000044)",Unfall 137698 (2017) Kat:3, Licht: 0,137698,3,2,5,05,15,4,0,0,1,1,0,0,,0
"POINT (8.823236398000063 53.076328509000064)",Unfall 137699 (2017) Kat:3, Licht: 0,137699,3,7,6,05,19,4,0,0,1,0,1,0,,0
"POINT (8.855722187000026 53.070569601000045)",Unfall 137700 (2017) Kat:3, Licht: 0,137700,3,1,1,05,18,4,0,0,1,1,0,0,,0
"POINT (8.702730041000052 53.168329030000052)",Unfall 137701 (2017) Kat:3, Licht: 0,137701,3,1,0,05,16,4,0,0,1,0,0,0,,0
"POINT (8.715477336000049 53.178941326000029)",Unfall 137702 (2017) Kat:3, Licht: 0,137702,3,3,5,05,07,4,0,0,0,1,0,0,,0
"POINT (8.870062573000041 53.097132113000043)",Unfall 137703 (2017) Kat:2, Licht: 0,137703,2,7,0,05,20,4,0,0,1,0,0,0,,0
"POINT (8.853716357000053 53.087395670000035)",Unfall 137704 (2017) Kat:3, Licht: 0,137704,3,6,1,05,15,4,0,0,0,1,0,0,,0
"POINT (8.803402541000025 53.080320403000030)",Unfall 137705 (2017) Kat:3, Licht: 0,137705,3,3,5,05,19,4,0,0,1,0,0,1,,0
"POINT (8.791008503000057 53.103134653000041)",Unfall 137706 (2017) Kat:3, Licht: 0,137706,3,6,2,05,17,4,0,0,0,1,0,0,,0
"POINT (8.617407892000074 53.174868996000043)",Unfall 137707 (2017) Kat:3, Licht: 0,137707,3,4,6,05,15,4,0,0,0,1,1,0,,0
"POINT (8.780971392000026 53.069912967000050)",Unfall 137708 (2017) Kat:2, Licht: 0,137708,2,7,0,05,10,4,0,0,0,0,0,0,,1
"POINT (8.893598154000074 53.098371297000028)",Unfall 137709 (2017) Kat:3, Licht: 0,137709,3,3,5,05,17,4,0,0,0,1,0,0,,0
"POINT (8.755725096000049 53.118858379000073)",Unfall 137711 (2017) Kat:3, Licht: 0,137711,3,1,4,05,15,3,1,0,1,0,0,0,,0
"POINT (8.751196250000021 53.111027644000046)",Unfall 137712 (2017) Kat:3, Licht: 2,137712,3,3,5,05,20,3,0,2,0,1,0,0,,0
"POINT (8.835161653000057 53.091417537000041)",Unfall 137713 (2017) Kat:3, Licht: 0,137713,3,7,0,05,17,3,0,0,1,0,0,0,,0
"POINT (8.883740987000067 53.108395136000070)",Unfall 137714 (2017) Kat:3, Licht: 0,137714,3,3,5,05,17,3,0,0,1,1,0,0,,0
"POINT (8.924626813000032 53.044112122000058)",Unfall 137715 (2017) Kat:3, Licht: 0,137715,3,3,5,05,17,3,0,0,0,1,0,0,,0