WKT,Name,OBJECTID,UKATEGORIE,UTYP1,UART,UMONAT,USTUNDE,UWOCHENTAG,STRZUSTAND,ULICHTVERH,ISTRAD,ISTPKW,ISTFUSS,ISTKRAD,ISTGKFZ,ISTSONSTIG
"POINT (8.724101550000057 53.178416315000050)",Unfall 137716 (2017) Kat:2, Licht: 0,137716,2,7,8,05,19,3,0,0,0,1,0,0,,0
"POINT (8.809173604000023 53.078840335000052)",Unfall 137717 (2017) Kat:3, Licht: 0,137717,3,6,2,05,09,3,0,0,0,1,0,0,,0
"POINT (8.916257825000059 53.071287236000046)",Unfall 137718 (2017) Kat:3, Licht: 0,137718,3,4,6,05,12,3,0,0,0,1,1,0,,0
"POINT (8.916180070000053 53.071204564000027)",Unfall 137719 (2017) Kat:3, Licht: 0,137719,3,6,2,05,16,3,0,0,0,1,0,0,,0
"POINT (8.840673078000066 53.104636136000067)",Unfall 137720 (2017) Kat:3, Licht: 0,137720,3,1,4,05,16,3,0,0,1,0,0,0,,0
"POINT (8.787905178000074 53.062802393000027)",Unfall 137721 (2017) Kat:2, Licht: 0,137721,2,3,4,05,09,3,0,0,0,1,0,1,,0
"POINT (8.817099807000034 53.078804362000028)",Unfall 137722 (2017) Kat:3, Licht: 0,137722,3,3,5,05,08,3,0,0,1,1,0,0,,0
"POINT (8.951004637000040 53.041662663000068)",Unfall 137723 (2017) Kat:2, Licht: 0,137723,2,7,0,05,11,3,0,0,1,0,0,0,,0
"POINT (8.906771797000033 53.040140617000077)",Unfall 137724 (2017) Kat:3, Licht: 0,137724,3,7,0,05,16,3,0,0,1,0,0,0,,0
"POINT (8.806772198000033 53.060460663000072)",Unfall 137728 (2017) Kat:3, Licht: 0,137728,3,7,5,05,10,2,0,0,1,0,0,0,,0
"POINT (8.802241654000056 53.079485208000051)",Unfall 137729 (2017) Kat:3, Licht: 0,137729,3,3,5,05,17,2,0,0,1,1,0,0,,0
"POINT (8.803871524000044 53.085198038000044)",Unfall 137730 (2017) Kat:3, Licht: 0,137730,3,2,4,05,06,2,0,0,1,0,0,0,,0
"POINT (8.816046431000075 53.073445161000052)",Unfall 137731 (2017) Kat:3, Licht: 0,137731,3,7,5,05,11,2,0,0,1,0,0,0,,1
"POINT (8.894563113000061 53.079459439000061)",Unfall 137732 (2017) Kat:3, Licht: 0,137732,3,3,5,05,07,2,0,0,1,1,0,0,,0
"POINT (8.797718263000036 53.076738049000028)",Unfall 137733 (2017) Kat:3, Licht: 0,137733,3,1,3,05,12,2,0,0,1,1,0,0,,0
"POINT (8.710945343000049 53.148368068000082)",Unfall 137734 (2017) Kat:3, Licht: 0,137734,3,6,2,05,17,2,0,0,0,1,0,0,,0
"POINT (8.647888365000028 53.170600849000039)",Unfall 137737 (2017) Kat:3, Licht: 0,137737,3,6,4,05,12,1,0,0,0,1,0,0,,0
"POINT (8.740076238000029 53.051411898000026)",Unfall 137738 (2017) Kat:3, Licht: 0,137738,3,2,5,05,13,1,0,0,1,1,0,0,,0
"POINT (8.898860168000056 53.115429401000029)",Unfall 137739 (2017) Kat:3, Licht: 2,137739,3,4,6,05,01,1,0,2,0,1,1,0,,0
"POINT (8.886789282000052 53.100672996000071)",Unfall 137740 (2017) Kat:3, Licht: 0,137740,3,3,5,05,17,1,0,0,1,1,0,0,,0
"POINT (8.770057115000043 53.082333712000036)",Unfall 137741 (2017) Kat:3, Licht: 2,137741,3,5,1,05,02,1,0,2,0,1,0,0,,0
"POINT (8.810636205000037 53.081863935000058)",Unfall 137744 (2017) Kat:3, Licht: 0,137744,3,3,5,05,12,7,0,0,1,0,0,0,,1
"POINT (8.807151277000060 53.095503586000063)",Unfall 137745 (2017) Kat:2, Licht: 0,137745,2,6,2,05,13,7,0,0,0,1,0,0,,0
"POINT (8.854280583000048 53.070683101000043)",Unfall 137746 (2017) Kat:2, Licht: 0,137746,2,3,5,05,17,7,0,0,1,0,0,0,,1
"POINT (8.818113911000069 53.077726076000033)",Unfall 137747 (2017) Kat:2, Licht: 0,137747,2,3,5,05,11,7,0,0,1,1,0,0,,0
"POINT (8.867721325000048 53.072573254000076)",Unfall 137748 (2017) Kat:3, Licht: 1,137748,3,1,8,05,21,7,0,1,0,1,0,0,,0
"POINT (8.789102476000039 53.070982532000073)",Unfall 137749 (2017) Kat:3, Licht: 0,137749,3,6,2,05,13,7,0,0,1,0,0,0,,0
"POINT (8.872476577000043 53.063160808000077)",Unfall 137750 (2017) Kat:3, Licht: 0,137750,3,3,5,05,12,7,0,0,0,1,0,0,,0
"POINT (8.806942805000062 53.077839445000052)",Unfall 137754 (2017) Kat:3, Licht: 0,137754,3,5,2,05,15,6,0,0,0,1,0,0,,0
"POINT (8.796991740000067 53.068548354000029)",Unfall 137755 (2017) Kat:3, Licht: 0,137755,3,3,5,05,10,6,0,0,1,1,0,0,,0
"POINT (8.908195813000077 53.071296861000064)",Unfall 137756 (2017) Kat:3, Licht: 0,137756,3,3,5,05,18,6,0,0,1,0,0,0,,0
"POINT (8.630685355000026 53.189938284000050)",Unfall 137757 (2017) Kat:3, Licht: 0,137757,3,2,5,05,13,6,0,0,0,1,0,1,,0
"POINT (8.788927224000076 53.093435180000029)",Unfall 137758 (2017) Kat:3, Licht: 0,137758,3,7,0,05,17,6,0,0,1,0,1,0,,0
"POINT (8.650814111000045 53.164442668000049)",Unfall 137759 (2017) Kat:3, Licht: 0,137759,3,3,5,05,15,6,0,0,0,1,0,1,,0
"POINT (8.809627166000041 53.058447940000065)",Unfall 137760 (2017) Kat:3, Licht: 0,137760,3,3,5,05,17,6,0,0,1,1,0,0,,0
"POINT (8.890661238000064 53.063030280000078)",Unfall 137761 (2017) Kat:2, Licht: 0,137761,2,2,5,05,17,6,0,0,1,1,0,0,,0
"POINT (8.555672719000029 53.197796425000035)",Unfall 137762 (2017) Kat:2, Licht: 0,137762,2,1,9,05,19,6,0,0,0,1,0,1,,0
"POINT (8.884796284000061 53.049655883000071)",Unfall 137763 (2017) Kat:3, Licht: 0,137763,3,1,8,05,16,6,0,0,0,1,0,0,,0
"POINT (8.922097479000058 53.059484444000077)",Unfall 137764 (2017) Kat:3, Licht: 0,137764,3,6,2,05,19,6,0,0,0,1,0,0,,0
"POINT (8.803793948000021 53.066633407000040)",Unfall 137765 (2017) Kat:3, Licht: 0,137765,3,7,0,05,15,6,0,0,1,0,0,0,,0
"POINT (8.828033146000053 53.071664303000034)",Unfall 137766 (2017) Kat:3, Licht: 0,137766,3,7,6,05,18,5,0,0,1,0,1,0,,0
"POINT (8.919916241000067 53.073410961000036)",Unfall 137767 (2017) Kat:3, Licht: 0,137767,3,3,5,05,12,5,0,0,0,1,0,0,,0
"POINT (8.770303007000052 53.082263668000053)",Unfall 137768 (2017) Kat:3, Licht: 0,137768,3,7,1,05,18,5,0,0,1,1,0,0,,1
"POINT (8.722305603000052 53.159066011000050)",Unfall 137769 (2017) Kat:3, Licht: 0,137769,3,6,3,05,18,5,0,0,1,1,0,0,,0
"POINT (8.724884916000065 53.059549152000045)",Unfall 137770 (2017) Kat:3, Licht: 0,137770,3,4,6,05,14,5,0,0,0,1,1,0,,0
"POINT (8.723836771000038 53.043507588000068)",Unfall 137772 (2017) Kat:3, Licht: 0,137772,3,3,5,05,18,4,0,0,1,1,0,0,,0
"POINT (8.896291355000074 53.082419680000044)",Unfall 137773 (2017) Kat:3, Licht: 0,137773,3,6,2,05,17,4,0,0,0,1,0,0,,0
"POINT (8.856228878000025 53.082561842000075)",Unfall 137774 (2017) Kat:3, Licht: 0,137774,3,6,2,05,16,4,0,0,0,1,0,0,,0
"POINT (8.894051352000076 53.112213150000059)",Unfall 137775 (2017) Kat:3, Licht: 0,137775,3,6,2,05,08,4,0,0,0,1,0,0,,0
"POINT (8.716172639000035 53.134915104000072)",Unfall 137776 (2017) Kat:3, Licht: 0,137776,3,6,3,05,10,4,0,0,0,1,0,0,,1
"POINT (8.837098604000062 53.082647974000054)",Unfall 137777 (2017) Kat:3, Licht: 0,137777,3,2,3,05,08,4,0,0,1,1,0,0,,0
"POINT (8.897077238000065 53.118245008000031)",Unfall 137778 (2017) Kat:3, Licht: 0,137778,3,6,2,05,12,4,0,0,0,1,0,0,,0
"POINT (8.875554500000021 53.062031065000042)",Unfall 137779 (2017) Kat:3, Licht: 0,137779,3,6,2,05,13,4,0,0,0,1,0,0,,1
"POINT (8.792620711000041 53.082709570000077)",Unfall 137782 (2017) Kat:3, Licht: 0,137782,3,3,5,05,15,3,0,0,1,1,0,0,,0
"POINT (8.763515206000022 53.086385737000057)",Unfall 137783 (2017) Kat:3, Licht: 0,137783,3,3,5,05,15,3,0,0,1,0,0,1,,0
"POINT (8.785523615000045 53.074848782000061)",Unfall 137784 (2017) Kat:3, Licht: 0,137784,3,2,5,05,13,3,0,0,1,1,0,0,,0
"POINT (8.654637518000072 53.163855937000051)",Unfall 137785 (2017) Kat:3, Licht: 0,137785,3,6,4,05,17,3,0,0,0,1,0,0,,0
"POINT (8.618955238000069 53.179146096000068)",Unfall 137787 (2017) Kat:3, Licht: 0,137787,3,3,5,05,11,2,0,0,1,1,0,0,,0
"POINT (8.809195696000074 53.082619488000034)",Unfall 137788 (2017) Kat:3, Licht: 0,137788,3,3,0,05,07,2,0,0,0,1,1,0,,0
"POINT (8.800881646000050 53.071154959000069)",Unfall 137789 (2017) Kat:3, Licht: 0,137789,3,7,1,05,18,2,0,0,1,1,0,0,,0
"POINT (8.791456620000076 53.090982413000063)",Unfall 137790 (2017) Kat:3, Licht: 0,137790,3,2,5,05,15,2,0,0,1,0,0,0,,1
"POINT (8.562008704000050 53.183313857000030)",Unfall 137791 (2017) Kat:2, Licht: 0,137791,2,3,5,05,18,2,0,0,1,1,0,0,,0
"POINT (8.814968874000044 53.079723545000036)",Unfall 137792 (2017) Kat:3, Licht: 0,137792,3,3,6,05,06,2,0,0,0,1,1,0,,0
"POINT (8.820233588000065 53.112081045000082)",Unfall 137793 (2017) Kat:3, Licht: 0,137793,3,6,3,05,11,1,0,0,0,1,0,0,,0
"POINT (8.808919664000030 53.090717821000055)",Unfall 137796 (2017) Kat:3, Licht: 0,137796,3,1,0,05,19,7,0,0,1,0,0,0,,0
"POINT (8.785530028000039 53.054456385000037)",Unfall 137797 (2017) Kat:3, Licht: 0,137797,3,4,6,05,18,7,0,0,0,1,1,0,,0
"POINT (8.874067398000022 53.104202916000077)",Unfall 137798 (2017) Kat:3, Licht: 0,137798,3,5,1,05,11,7,0,0,1,1,0,0,,0
"POINT (8.858139032000054 53.072494542000072)",Unfall 137799 (2017) Kat:2, Licht: 2,137799,2,6,0,05,02,7,1,2,0,1,0,0,,0
"POINT (8.788505543000042 53.069315937000056)",Unfall 137800 (2017) Kat:3, Licht: 0,137800,3,5,1,05,18,7,0,0,1,1,0,0,,0
"POINT (8.521819011000048 53.205049512000073)",Unfall 137801 (2017) Kat:3, Licht: 0,137801,3,6,2,05,14,7,0,0,0,1,0,1,,0
"POINT (8.735169734000067 53.051880569000048)",Unfall 137802 (2017) Kat:3, Licht: 0,137802,3,6,2,05,14,7,0,0,0,1,0,0,,0
"POINT (8.894508767000048 53.046281653000051)",Unfall 137803 (2017) Kat:2, Licht: 0,137803,2,4,6,05,21,7,0,0,0,1,1,0,,0
"POINT (8.798928178000040 53.079583531000026)",Unfall 137808 (2017) Kat:3, Licht: 0,137808,3,7,2,05,16,6,0,0,0,1,0,0,,0
"POINT (8.847386640000025 53.096278514000062)",Unfall 137809 (2017) Kat:3, Licht: 0,137809,3,5,1,05,12,6,0,0,0,1,0,0,,1
"POINT (8.804502668000055 53.059297551000043)",Unfall 137810 (2017) Kat:3, Licht: 2,137810,3,3,5,05,21,6,1,2,0,1,0,0,,0
"POINT (8.779420301000073 53.076057219000063)",Unfall 137811 (2017) Kat:3, Licht: 0,137811,3,3,5,05,11,6,0,0,1,1,0,0,,0
"POINT (8.938919324000040 53.080980670000031)",Unfall 137812 (2017) Kat:3, Licht: 0,137812,3,4,6,05,07,6,0,0,0,1,1,0,,0
"POINT (8.842671332000066 53.069038018000072)",Unfall 137813 (2017) Kat:3, Licht: 0,137813,3,7,1,05,07,6,0,0,1,1,0,0,,0
"POINT (8.625101165000046 53.179705408000075)",Unfall 137814 (2017) Kat:3, Licht: 0,137814,3,2,5,05,13,6,0,0,0,1,0,0,,1
"POINT (8.818813100000057 53.111773728000060)",Unfall 137815 (2017) Kat:2, Licht: 0,137815,2,7,3,05,17,6,0,0,0,1,0,1,,0
"POINT (8.756883763000076 53.125780130000066)",Unfall 137816 (2017) Kat:3, Licht: 0,137816,3,7,0,05,07,6,0,0,1,1,0,0,,0
"POINT (8.787802356000043 53.076361262000034)",Unfall 137817 (2017) Kat:3, Licht: 0,137817,3,6,3,05,09,6,0,0,0,1,0,0,,1
"POINT (8.787389229000041 53.062475074000076)",Unfall 137818 (2017) Kat:3, Licht: 0,137818,3,6,3,05,15,6,0,0,1,1,0,0,,0
"POINT (8.831055755000023 53.074789236000072)",Unfall 137819 (2017) Kat:3, Licht: 0,137819,3,7,3,05,09,6,0,0,1,1,0,0,,0
"POINT (8.833362719000036 53.070664249000060)",Unfall 137820 (2017) Kat:3, Licht: 0,137820,3,6,2,05,10,6,0,0,0,1,0,0,,0
"POINT (8.864964159000067 53.066874945000052)",Unfall 137821 (2017) Kat:3, Licht: 0,137821,3,2,3,05,14,6,0,0,1,0,0,0,,0
"POINT (8.786975239000071 53.100140556000042)",Unfall 137824 (2017) Kat:3, Licht: 0,137824,3,6,2,05,09,5,0,0,0,1,0,0,,0
"POINT (8.730266911000058 53.051506974000063)",Unfall 137825 (2017) Kat:3, Licht: 0,137825,3,1,4,05,19,5,1,0,0,1,0,0,,0
"POINT (8.893336653000063 53.082428362000030)",Unfall 137826 (2017) Kat:3, Licht: 0,137826,3,3,5,05,12,5,0,0,1,1,0,0,,0
"POINT (8.751771906000045 53.122282085000052)",Unfall 137827 (2017) Kat:3, Licht: 0,137827,3,6,1,05,19,5,1,0,0,1,0,0,,0
"POINT (8.618350517000067 53.191241419000050)",Unfall 137829 (2017) Kat:3, Licht: 0,137829,3,7,0,05,16,4,0,0,0,0,1,0,,1
"POINT (8.650327218000030 53.181228757000042)",Unfall 137830 (2017) Kat:2, Licht: 0,137830,2,1,0,05,16,4,0,0,1,0,0,0,,0
"POINT (8.856124802000068 53.066795796000065)",Unfall 137831 (2017) Kat:3, Licht: 0,137831,3,1,0,05,19,4,0,0,1,0,0,0,,0
"POINT (8.686084571000038 53.173313335000046)",Unfall 137832 (2017) Kat:3, Licht: 0,137832,3,3,5,05,16,4,0,0,1,1,0,0,,0
"POINT (8.854310075000058 53.082126445000029)",Unfall 137833 (2017) Kat:3, Licht: 0,137833,3,6,3,05,18,4,0,0,1,1,0,0,,0
"POINT (8.805132361000062 53.100170500000047)",Unfall 137834 (2017) Kat:3, Licht: 0,137834,3,1,0,05,07,4,0,0,1,0,0,0,,0
"POINT (8.645309414000053 53.173355653000044)",Unfall 137835 (2017) Kat:3, Licht: 0,137835,3,2,3,05,11,4,0,0,0,0,0,0,,1
"POINT (8.578205970000056 53.181635416000063)",Unfall 137836 (2017) Kat:3, Licht: 0,137836,3,2,6,05,17,4,0,0,0,1,1,0,,0
"POINT (8.805737719000035 53.081399802000078)",Unfall 137837 (2017) Kat:3, Licht: 0,137837,3,7,3,05,08,4,0,0,0,1,0,0,,1
"POINT (8.646360322000021 53.173455500000046)",Unfall 137839 (2017) Kat:3, Licht: 0,137839,3,7,1,05,12,3,0,0,0,1,0,0,,0
"POINT (8.836905586000057 53.099276308000071)",Unfall 137840 (2017) Kat:3, Licht: 0,137840,3,3,5,05,16,3,0,0,1,1,0,0,,0
"POINT (8.802555016000042 53.097422678000044)",Unfall 137841 (2017) Kat:3, Licht: 0,137841,3,2,5,05,12,3,0,0,1,0,0,0,,0
"POINT (8.802054377000047 53.094574297000065)",Unfall 137842 (2017) Kat:3, Licht: 0,137842,3,6,4,05,16,3,0,0,1,0,0,0,,0
"POINT (8.896065370000031 53.082346869000048)",Unfall 137843 (2017) Kat:3, Licht: 0,137843,3,6,2,05,17,3,0,0,0,1,0,0,,0
"POINT (8.809374083000023 53.077703760000077)",Unfall 137844 (2017) Kat:3, Licht: 0,137844,3,5,3,05,07,3,1,0,1,1,0,0,,0
"POINT (8.717266535000022 53.172923400000059)",Unfall 137845 (2017) Kat:3, Licht: 0,137845,3,3,5,05,13,3,1,0,1,1,0,0,,0
"POINT (8.776708563000057 53.098922833000074)",Unfall 137846 (2017) Kat:3, Licht: 0,137846,3,6,2,05,15,3,0,0,0,1,0,0,,0
"POINT (8.910127236000051 53.093096497000033)",Unfall 137847 (2017) Kat:3, Licht: 0,137847,3,6,4,05,09,3,1,0,1,0,0,0,,0
"POINT (8.661638584000059 53.167095698000082)",Unfall 137853 (2017) Kat:2, Licht: 0,137853,2,3,5,05,15,2,0,0,1,1,0,0,,0
"POINT (8.864084657000035 53.071115981000048)",Unfall 137854 (2017) Kat:3, Licht: 0,137854,3,6,2,05,17,2,0,0,0,1,0,1,,0
"POINT (8.711451010000076 53.147347483000033)",Unfall 137855 (2017) Kat:2, Licht: 0,137855,2,3,5,05,14,2,0,0,0,1,0,1,,0
"POINT (8.814040887000033 53.100436615000035)",Unfall 137856 (2017) Kat:3, Licht: 0,137856,3,6,2,05,16,2,0,0,0,1,0,0,,0
"POINT (8.734520089000057 53.058688347000043)",Unfall 137857 (2017) Kat:3, Licht: 0,137857,3,4,6,05,15,2,0,0,0,1,1,0,,0
"POINT (8.810962726000071 53.092517751000059)",Unfall 137858 (2017) Kat:3, Licht: 0,137858,3,1,0,05,09,2,0,0,1,0,0,0,,0
"POINT (8.750346850000028 53.083786429000043)",Unfall 137859 (2017) Kat:3, Licht: 0,137859,3,2,5,05,18,2,0,0,0,0,0,1,,1
"POINT (8.799439893000056 53.065533897000080)",Unfall 137860 (2017) Kat:2, Licht: 2,137860,2,3,5,05,22,2,0,2,0,1,0,1,,0
"POINT (8.832057735000035 53.068646453000042)",Unfall 137862 (2017) Kat:3, Licht: 0,137862,3,4,6,05,12,1,0,0,0,1,1,0,,0
"POINT (8.787007574000029 53.100101539000036)",Unfall 137863 (2017) Kat:3, Licht: 0,137863,3,6,2,05,18,1,1,0,0,1,0,0,,0
"POINT (8.890753858000039 53.071441294000067)",Unfall 137864 (2017) Kat:3, Licht: 0,137864,3,7,0,05,08,1,0,0,1,0,0,0,,1
"POINT (8.816512614000033 53.070167224000045)",Unfall 137865 (2017) Kat:2, Licht: 0,137865,2,3,5,05,12,1,0,0,1,0,0,0,,0
"POINT (8.831784076000076 53.086000372000058)",Unfall 137866 (2017) Kat:3, Licht: 2,137866,3,5,1,05,21,1,1,2,1,1,0,0,,0
"POINT (8.806823178000059 53.089673583000035)",Unfall 137867 (2017) Kat:3, Licht: 1,137867,3,1,0,05,18,1,1,1,1,0,0,0,,0
"POINT (8.934548353000025 53.092151150000063)",Unfall 137868 (2017) Kat:3, Licht: 0,137868,3,6,4,05,15,1,0,0,1,1,0,0,,0
"POINT (8.707971238000027 53.176424863000079)",Unfall 137871 (2017) Kat:3, Licht: 0,137871,3,7,2,05,12,7,0,0,1,1,0,0,,0
"POINT (8.605038912000055 53.183835804000068)",Unfall 137872 (2017) Kat:3, Licht: 0,137872,3,3,5,05,15,7,0,0,0,1,0,0,,0
"POINT (8.854394449000040 53.088175639000042)",Unfall 137873 (2017) Kat:3, Licht: 2,137873,3,4,6,05,22,7,1,2,0,1,1,0,,0
"POINT (8.812265695000065 53.071343453000054)",Unfall 137874 (2017) Kat:2, Licht: 0,137874,2,7,0,05,17,7,0,0,0,0,0,0,,1
"POINT (8.831574935000049 53.085943786000030)",Unfall 137875 (2017) Kat:3, Licht: 0,137875,3,4,6,05,12,7,0,0,0,1,1,0,,0
"POINT (8.858541772000024 53.110285854000040)",Unfall 137878 (2017) Kat:3, Licht: 0,137878,3,3,5,05,10,6,1,0,1,1,0,0,,0
"POINT (8.742096372000049 53.048495144000071)",Unfall 137879 (2017) Kat:3, Licht: 0,137879,3,7,0,05,08,6,0,0,0,0,1,0,,1
"POINT (8.901627443000052 53.125264438000045)",Unfall 137880 (2017) Kat:2, Licht: 0,137880,2,1,0,05,11,6,0,0,1,0,0,0,,0
"POINT (8.733889968000028 53.043172886000036)",Unfall 137881 (2017) Kat:3, Licht: 0,137881,3,6,2,05,16,6,0,0,0,1,0,0,,0
"POINT (8.873722466000061 53.101307525000038)",Unfall 137882 (2017) Kat:3, Licht: 0,137882,3,6,2,05,19,6,0,0,0,1,0,0,,0
"POINT (8.713813870000024 53.141743564000080)",Unfall 137885 (2017) Kat:3, Licht: 0,137885,3,6,4,05,06,5,0,0,1,0,0,0,,0
"POINT (8.792674953000073 53.082782106000082)",Unfall 137886 (2017) Kat:3, Licht: 2,137886,3,2,3,05,21,5,0,2,0,1,0,0,,1
"POINT (8.741162678000023 53.138273023000067)",Unfall 137887 (2017) Kat:3, Licht: 1,137887,3,1,0,05,20,5,0,1,0,0,0,1,,0
"POINT (8.802815067000040 53.058413255000062)",Unfall 137888 (2017) Kat:3, Licht: 0,137888,3,6,2,05,17,5,0,0,0,1,0,0,,0
"POINT (8.913178822000077 53.119445581000036)",Unfall 137889 (2017) Kat:3, Licht: 0,137889,3,2,4,05,13,5,0,0,1,0,0,0,,0
"POINT (8.877413824000030 53.080520293000063)",Unfall 137890 (2017) Kat:3, Licht: 0,137890,3,6,3,05,19,5,0,0,0,1,0,0,,1
"POINT (8.807449093000059 53.094387267000059)",Unfall 137891 (2017) Kat:3, Licht: 0,137891,3,4,6,05,17,5,0,0,0,1,1,0,,0
"POINT (8.854447710000045 53.082426812000051)",Unfall 137892 (2017) Kat:3, Licht: 0,137892,3,2,5,05,17,5,0,0,1,1,0,0,,0
"POINT (8.805596616000059 53.090864032000070)",Unfall 137894 (2017) Kat:3, Licht: 0,137894,3,2,5,05,19,4,0,0,1,1,0,0,,0
"POINT (8.753099913000028 53.121133093000026)",Unfall 137895 (2017) Kat:2, Licht: 0,137895,2,4,6,05,16,4,0,0,0,1,1,0,,0
"POINT (8.589438366000024 53.183151664000036)",Unfall 137896 (2017) Kat:2, Licht: 0,137896,2,7,0,05,13,4,0,0,1,0,0,0,,0
"POINT (8.845034530000021 53.046106947000055)",Unfall 137897 (2017) Kat:3, Licht: 0,137897,3,6,1,07,16,2,0,0,0,1,0,1,,0
"POINT (8.855955341000026 53.103409351000039)",Unfall 137898 (2017) Kat:3, Licht: 0,137898,3,2,5,07,09,2,0,0,0,1,0,0,,0
"POINT (8.894743790000064 53.059826202000067)",Unfall 137899 (2017) Kat:3, Licht: 0,137899,3,6,2,07,17,2,0,0,0,1,0,0,,0
"POINT (8.948304014000030 53.065982441000074)",Unfall 137900 (2017) Kat:2, Licht: 0,137900,2,7,1,07,11,1,0,0,1,1,0,0,,0
"POINT (8.848321344000055 53.088861918000077)",Unfall 137901 (2017) Kat:3, Licht: 0,137901,3,5,1,07,11,1,0,0,1,1,0,0,,0
"POINT (8.574850316000038 53.192668124000079)",Unfall 137903 (2017) Kat:3, Licht: 0,137903,3,3,5,07,14,7,1,0,0,1,0,0,,0
"POINT (8.851162669000075 53.054281686000081)",Unfall 137904 (2017) Kat:3, Licht: 0,137904,3,3,5,07,17,7,1,0,0,1,0,0,,0
"POINT (8.805324060000032 53.081062646000078)",Unfall 137905 (2017) Kat:3, Licht: 2,137905,3,1,9,07,01,7,1,2,0,1,0,0,,0
"POINT (8.901981801000034 53.073389794000036)",Unfall 137909 (2017) Kat:3, Licht: 0,137909,3,1,0,07,08,6,0,0,1,0,0,0,,0
"POINT (8.811414565000064 53.091752957000040)",Unfall 137910 (2017) Kat:3, Licht: 2,137910,3,2,5,07,22,6,1,2,0,1,0,1,,0
"POINT (8.897684266000056 53.059022727000070)",Unfall 137911 (2017) Kat:3, Licht: 0,137911,3,1,0,07,06,6,1,0,0,0,0,1,,0
"POINT (8.807716121000055 53.072649143000035)",Unfall 137912 (2017) Kat:3, Licht: 0,137912,3,3,5,07,19,6,0,0,0,1,0,0,,0
"POINT (8.850085597000032 53.027805328000056)",Unfall 137913 (2017) Kat:2, Licht: 0,137913,2,3,5,07,15,6,1,0,0,0,0,1,,1
"POINT (8.944626541000048 53.065879197000072)",Unfall 137914 (2017) Kat:3, Licht: 0,137914,3,3,5,07,17,6,0,0,1,1,0,0,,0
"POINT (8.866429261000064 53.103693400000054)",Unfall 137919 (2017) Kat:3, Licht: 0,137919,3,3,5,07,16,5,0,0,1,1,0,0,,0
"POINT (8.715454525000041 53.052990664000049)",Unfall 137920 (2017) Kat:3, Licht: 0,137920,3,7,0,07,10,5,0,0,0,0,0,0,,1
"POINT (8.890795678000075 53.057211560000042)",Unfall 137921 (2017) Kat:3, Licht: 0,137921,3,3,5,07,15,5,0,0,1,1,0,0,,0
"POINT (8.800488831000052 53.078563058000043)",Unfall 137922 (2017) Kat:2, Licht: 0,137922,2,4,6,07,15,4,0,0,0,1,1,0,,0
"POINT (8.743208021000044 53.129764685000055)",Unfall 137923 (2017) Kat:2, Licht: 0,137923,2,3,1,07,15,4,0,0,0,1,0,1,,0
"POINT (8.805605248000063 53.081181982000032)",Unfall 137924 (2017) Kat:3, Licht: 0,137924,3,6,4,07,16,4,0,0,1,0,0,0,,0
"POINT (8.834579766000047 53.039245000000051)",Unfall 137925 (2017) Kat:3, Licht: 0,137925,3,4,6,07,17,4,0,0,1,0,1,0,,0
"POINT (8.882049123000058 53.079097525000066)",Unfall 137926 (2017) Kat:2, Licht: 0,137926,2,3,5,07,16,4,0,0,1,1,0,0,,0
"POINT (8.799598315000026 53.069240102000037)",Unfall 137927 (2017) Kat:3, Licht: 0,137927,3,6,3,07,09,4,1,0,0,1,0,0,,1
"POINT (8.863270864000072 53.099211484000080)",Unfall 137928 (2017) Kat:2, Licht: 0,137928,2,7,3,07,15,4,0,0,1,0,0,0,,0
"POINT (8.852363275000073 53.036784181000030)",Unfall 137929 (2017) Kat:3, Licht: 1,137929,3,3,5,07,21,4,0,1,0,1,0,1,,0
"POINT (8.796330104000049 53.082630801000050)",Unfall 137930 (2017) Kat:3, Licht: 0,137930,3,2,5,07,17,3,1,0,1,1,0,0,,0
"POINT (8.777791256000057 53.069326620000027)",Unfall 137931 (2017) Kat:2, Licht: 0,137931,2,3,5,07,14,3,0,0,0,1,0,0,,0
"POINT (8.902812706000077 53.048698985000044)",Unfall 137932 (2017) Kat:3, Licht: 0,137932,3,5,1,07,09,3,1,0,1,1,0,0,,0
"POINT (8.857509287000028 53.066607445000045)",Unfall 137934 (2017) Kat:3, Licht: 0,137934,3,7,0,07,15,2,0,0,1,1,0,0,,0
"POINT (8.788585241000021 53.103327192000052)",Unfall 137935 (2017) Kat:3, Licht: 0,137935,3,2,5,07,12,2,0,0,1,1,0,0,,0
"POINT (8.810688420000076 53.080396050000047)",Unfall 137936 (2017) Kat:3, Licht: 0,137936,3,6,0,07,16,2,1,0,0,0,0,0,,1
"POINT (8.665990437000062 53.175464193000039)",Unfall 137937 (2017) Kat:3, Licht: 0,137937,3,6,3,07,16,2,1,0,0,1,0,0,,0
"POINT (8.904097755000066 53.059485005000056)",Unfall 137938 (2017) Kat:3, Licht: 0,137938,3,6,2,07,06,2,0,0,0,1,0,0,,0
"POINT (8.892866157000071 53.082440260000055)",Unfall 137939 (2017) Kat:2, Licht: 2,137939,2,3,5,07,20,2,1,2,1,1,0,0,,0
"POINT (8.626954175000037 53.169761346000030)",Unfall 137940 (2017) Kat:3, Licht: 2,137940,3,3,5,07,00,1,1,2,1,1,0,0,,0
"POINT (8.758080035000035 53.111508201000049)",Unfall 137941 (2017) Kat:3, Licht: 2,137941,3,1,9,07,02,1,0,2,0,1,0,0,,0