WKT,Name,OBJECTID,UKATEGORIE,UTYP1,UART,UMONAT,USTUNDE,UWOCHENTAG,STRZUSTAND,ULICHTVERH,ISTRAD,ISTPKW,ISTFUSS,ISTKRAD,ISTGKFZ,ISTSONSTIG
"POINT (8.805609779000065 53.081183905000046)",Unfall 137942 (2017) Kat:3, Licht: 0,137942,3,4,6,07,11,7,1,0,1,0,1,0,,0
"POINT (8.826381589000050 53.078689544000042)",Unfall 137943 (2017) Kat:3, Licht: 2,137943,3,6,4,07,23,7,0,2,1,0,0,0,,0
"POINT (8.756904320000047 53.114426354000045)",Unfall 137944 (2017) Kat:3, Licht: 0,137944,3,2,5,07,15,7,0,0,0,1,0,0,,0
"POINT (8.761148667000043 53.121320597000079)",Unfall 137945 (2017) Kat:3, Licht: 0,137945,3,2,5,07,07,7,0,0,1,1,0,0,,0
"POINT (8.726741277000031 53.035720444000049)",Unfall 137946 (2017) Kat:3, Licht: 2,137946,3,1,8,07,04,7,0,2,0,1,0,0,,0
"POINT (8.814976632000025 53.079719431000058)",Unfall 137949 (2017) Kat:3, Licht: 0,137949,3,7,0,07,13,6,0,0,1,1,0,0,,0
"POINT (8.773866562000023 53.099945877000039)",Unfall 137950 (2017) Kat:3, Licht: 0,137950,3,7,0,07,14,6,0,0,1,0,0,0,,0
"POINT (8.772862022000027 53.100613828000064)",Unfall 137951 (2017) Kat:3, Licht: 0,137951,3,7,0,07,14,6,0,0,1,0,0,0,,0
"POINT (8.812361476000035 53.071313724000049)",Unfall 137952 (2017) Kat:2, Licht: 0,137952,2,6,2,07,19,6,0,0,1,0,0,0,,0
"POINT (8.567054700000028 53.181906907000041)",Unfall 137953 (2017) Kat:3, Licht: 0,137953,3,7,0,07,13,6,0,0,0,0,1,0,,1
"POINT (8.778540285000076 53.094860376000042)",Unfall 137954 (2017) Kat:3, Licht: 0,137954,3,6,0,07,13,6,0,0,0,1,0,1,,0
"POINT (8.838127454000073 53.082183088000079)",Unfall 137955 (2017) Kat:3, Licht: 0,137955,3,3,5,07,14,6,0,0,1,1,0,0,,0
"POINT (8.804427610000062 53.075505934000034)",Unfall 137958 (2017) Kat:3, Licht: 0,137958,3,2,5,07,13,5,0,0,0,1,0,0,,0
"POINT (8.823660539000059 53.073009718000037)",Unfall 137959 (2017) Kat:3, Licht: 0,137959,3,7,0,07,13,5,0,0,1,0,0,0,,0
"POINT (8.803836613000044 53.085170371000061)",Unfall 137960 (2017) Kat:3, Licht: 0,137960,3,2,4,07,17,5,0,0,0,1,0,1,,0
"POINT (8.817198806000022 53.078728514000034)",Unfall 137961 (2017) Kat:3, Licht: 0,137961,3,6,2,07,13,5,1,0,0,1,0,0,,0
"POINT (8.815881316000059 53.055219912000041)",Unfall 137962 (2017) Kat:3, Licht: 0,137962,3,7,0,07,14,5,1,0,0,1,0,1,,0
"POINT (8.766590149000024 53.115342455000075)",Unfall 137963 (2017) Kat:3, Licht: 0,137963,3,3,5,07,18,5,0,0,1,0,0,0,,0
"POINT (8.730855796000071 53.091623556000059)",Unfall 137964 (2017) Kat:3, Licht: 0,137964,3,3,5,07,08,5,0,0,1,1,0,0,,0
"POINT (8.742624785000032 53.130266492000032)",Unfall 137966 (2017) Kat:3, Licht: 0,137966,3,7,4,07,12,4,0,0,1,1,0,0,,0
"POINT (8.628174309000031 53.186557530000073)",Unfall 137967 (2017) Kat:3, Licht: 0,137967,3,4,6,07,13,4,0,0,1,0,1,0,,0
"POINT (8.870859108000047 53.091368062000072)",Unfall 137968 (2017) Kat:2, Licht: 2,137968,2,7,0,07,22,4,1,2,1,0,0,0,,0
"POINT (8.923386284000060 53.059346994000066)",Unfall 137969 (2017) Kat:3, Licht: 0,137969,3,2,5,07,06,4,0,0,1,1,0,0,,0
"POINT (8.932414320000021 53.064184480000051)",Unfall 137971 (2017) Kat:3, Licht: 0,137971,3,3,5,07,21,3,0,0,1,1,0,0,,0
"POINT (8.811416290000068 53.080333712000026)",Unfall 137972 (2017) Kat:3, Licht: 0,137972,3,3,5,07,15,3,0,0,1,1,0,0,,0
"POINT (8.949054321000062 53.063501632000055)",Unfall 137973 (2017) Kat:3, Licht: 0,137973,3,6,2,07,19,3,0,0,0,1,0,0,,0
"POINT (8.728643224000052 53.038876332000029)",Unfall 137974 (2017) Kat:3, Licht: 0,137974,3,2,4,07,15,3,0,0,1,1,0,0,,0
"POINT (8.825523153000063 53.038918137000053)",Unfall 137975 (2017) Kat:3, Licht: 0,137975,3,3,5,07,16,3,0,0,0,1,0,0,,0
"POINT (8.808747358000062 53.069890363000070)",Unfall 137976 (2017) Kat:3, Licht: 0,137976,3,5,1,07,19,3,0,0,0,1,0,0,,0
"POINT (8.803695943000037 53.066691834000039)",Unfall 137977 (2017) Kat:3, Licht: 0,137977,3,7,0,07,09,3,0,0,0,0,1,1,,0
"POINT (8.831281836000073 53.085875058000056)",Unfall 137978 (2017) Kat:3, Licht: 0,137978,3,1,0,07,06,3,0,0,1,0,0,0,,0
"POINT (8.846811108000054 53.047348181000075)",Unfall 137979 (2017) Kat:3, Licht: 1,137979,3,3,5,07,21,3,0,1,0,1,0,0,,0
"POINT (8.901173154000048 53.078868554000053)",Unfall 137980 (2017) Kat:2, Licht: 0,137980,2,3,5,07,17,3,0,0,1,0,0,0,,1
"POINT (8.824582294000038 53.079124921000073)",Unfall 137981 (2017) Kat:3, Licht: 0,137981,3,6,3,07,16,3,0,0,0,1,0,1,,0
"POINT (8.891148422000072 53.062783464000063)",Unfall 137982 (2017) Kat:3, Licht: 0,137982,3,3,5,07,12,2,0,0,0,0,0,1,,1
"POINT (8.862872324000023 53.071473517000072)",Unfall 137983 (2017) Kat:3, Licht: 0,137983,3,2,5,07,10,2,0,0,1,1,0,0,,0
"POINT (8.626182488000040 53.183843306000028)",Unfall 137984 (2017) Kat:3, Licht: 0,137984,3,2,5,07,11,2,0,0,1,1,0,0,,0
"POINT (8.802843265000035 53.067209324000032)",Unfall 137985 (2017) Kat:3, Licht: 0,137985,3,5,1,07,18,2,0,0,1,1,0,0,,0
"POINT (8.803912458000070 53.092520713000056)",Unfall 137986 (2017) Kat:3, Licht: 0,137986,3,7,5,07,09,2,0,0,0,1,0,0,,0
"POINT (8.819872616000055 53.080803342000081)",Unfall 137987 (2017) Kat:3, Licht: 0,137987,3,1,0,07,15,1,1,0,1,0,0,0,,0
"POINT (8.753124282000044 53.087818499000036)",Unfall 137989 (2017) Kat:3, Licht: 0,137989,3,5,1,07,13,7,0,0,0,1,0,1,,0
"POINT (8.898488747000044 53.134675039000058)",Unfall 137990 (2017) Kat:3, Licht: 0,137990,3,1,0,07,10,7,0,0,1,0,0,0,,0
"POINT (8.792754746000071 53.073459331000038)",Unfall 137991 (2017) Kat:3, Licht: 0,137991,3,6,1,07,18,7,0,0,0,1,0,1,,0
"POINT (8.978498029000036 53.130740987000081)",Unfall 137994 (2017) Kat:3, Licht: 0,137994,3,7,0,07,14,6,0,0,1,0,0,0,,0
"POINT (8.948427912000057 53.058035439000037)",Unfall 137995 (2017) Kat:3, Licht: 0,137995,3,3,5,07,16,6,0,0,1,1,0,0,,0
"POINT (8.698987472000056 53.092594419000079)",Unfall 137996 (2017) Kat:3, Licht: 0,137996,3,3,5,07,16,6,0,0,1,0,0,0,,1
"POINT (8.831992072000048 53.071057869000072)",Unfall 137997 (2017) Kat:3, Licht: 0,137997,3,5,1,07,15,6,0,0,1,1,0,0,,0
"POINT (8.711037673000021 53.148331590000055)",Unfall 137998 (2017) Kat:3, Licht: 0,137998,3,3,5,07,15,6,0,0,1,1,0,0,,0
"POINT (8.947109173000058 53.052814686000033)",Unfall 137999 (2017) Kat:3, Licht: 0,137999,3,7,0,07,11,6,0,0,1,0,0,0,,1
"POINT (8.748807497000030 53.124881574000028)",Unfall 138000 (2017) Kat:3, Licht: 0,138000,3,3,5,07,15,6,0,0,1,1,0,0,,0
"POINT (8.869967482000050 53.061862738000059)",Unfall 138001 (2017) Kat:2, Licht: 0,138001,2,2,5,07,05,6,0,0,1,1,0,0,,0
"POINT (8.848232393000046 53.050005969000040)",Unfall 138002 (2017) Kat:3, Licht: 0,138002,3,6,2,07,13,5,0,0,0,1,0,0,,0
"POINT (8.780795034000050 53.057989395000050)",Unfall 138003 (2017) Kat:3, Licht: 0,138003,3,7,5,07,15,5,0,0,1,0,0,0,,1
"POINT (8.816943685000069 53.078550470000039)",Unfall 138004 (2017) Kat:3, Licht: 0,138004,3,2,3,07,08,5,0,0,1,1,0,0,,0
"POINT (8.796624908000069 53.089225805000069)",Unfall 138005 (2017) Kat:3, Licht: 0,138005,3,6,2,07,14,5,0,0,1,0,0,0,,0
"POINT (8.570016670000030 53.204620195000075)",Unfall 138006 (2017) Kat:3, Licht: 0,138006,3,6,2,07,08,4,1,0,0,1,0,0,,0
"POINT (8.842038228000035 53.075990921000027)",Unfall 138007 (2017) Kat:3, Licht: 0,138007,3,6,2,07,14,4,1,0,0,1,0,0,,0
"POINT (8.756018706000077 53.079380368000045)",Unfall 138008 (2017) Kat:3, Licht: 0,138008,3,1,1,07,14,4,1,0,0,1,0,0,,1
"POINT (8.787011169000039 53.082923978000053)",Unfall 138009 (2017) Kat:3, Licht: 0,138009,3,3,5,07,09,4,1,0,1,1,0,0,,0
"POINT (8.785411562000036 53.088677013000051)",Unfall 138010 (2017) Kat:3, Licht: 0,138010,3,2,5,07,11,4,1,0,1,0,0,0,,1
"POINT (8.638492314000075 53.186581286000035)",Unfall 138011 (2017) Kat:3, Licht: 0,138011,3,6,3,07,08,4,1,0,0,1,0,0,,1
"POINT (8.736988850000046 53.133534602000054)",Unfall 138012 (2017) Kat:3, Licht: 0,138012,3,7,0,07,12,4,1,0,0,0,0,0,,1
"POINT (8.845574673000044 53.086523683000053)",Unfall 138013 (2017) Kat:3, Licht: 0,138013,3,7,1,07,19,4,0,0,1,1,0,0,,0
"POINT (8.785057557000073 53.088693965000061)",Unfall 138014 (2017) Kat:3, Licht: 1,138014,3,3,5,07,04,4,1,1,0,1,0,0,,0
"POINT (8.878419200000053 53.079065664000041)",Unfall 138015 (2017) Kat:3, Licht: 0,138015,3,2,5,07,15,4,1,0,1,1,0,0,,0
"POINT (8.884249172000068 53.105291341000054)",Unfall 138016 (2017) Kat:3, Licht: 0,138016,3,6,2,07,14,4,1,0,0,1,0,0,,0
"POINT (8.922711357000026 53.059439787000031)",Unfall 138017 (2017) Kat:3, Licht: 0,138017,3,6,2,07,13,4,1,0,0,1,0,0,,1
"POINT (8.939848684000026 53.058509810000032)",Unfall 138018 (2017) Kat:3, Licht: 0,138018,3,6,2,07,13,4,1,0,0,1,0,0,,0
"POINT (8.761592980000046 53.059572807000052)",Unfall 138019 (2017) Kat:3, Licht: 0,138019,3,3,5,07,16,4,1,0,0,1,0,0,,0
"POINT (8.743614861000026 53.129417942000032)",Unfall 138023 (2017) Kat:3, Licht: 0,138023,3,3,5,07,13,3,0,0,0,1,0,0,,1
"POINT (8.916338218000021 53.071287938000069)",Unfall 138024 (2017) Kat:3, Licht: 0,138024,3,7,0,07,17,3,1,0,0,0,0,0,,1
"POINT (8.778949200000056 53.106460188000028)",Unfall 138027 (2017) Kat:3, Licht: 0,138027,3,6,4,07,10,2,0,0,0,1,0,0,,0
"POINT (8.892466873000046 53.083053877000054)",Unfall 138028 (2017) Kat:3, Licht: 0,138028,3,5,0,07,17,2,1,0,1,1,0,0,,0
"POINT (8.823328631000038 53.031354548000081)",Unfall 138029 (2017) Kat:3, Licht: 0,138029,3,5,0,07,18,2,0,0,1,1,0,0,,0
"POINT (8.811211540000045 53.080122730000028)",Unfall 138030 (2017) Kat:3, Licht: 0,138030,3,2,5,07,15,2,0,0,1,1,0,0,,0
"POINT (8.819495335000056 53.080531662000055)",Unfall 138031 (2017) Kat:3, Licht: 0,138031,3,6,2,07,10,2,1,0,0,1,0,0,,0
"POINT (8.814028584000027 53.100416148000079)",Unfall 138032 (2017) Kat:3, Licht: 0,138032,3,2,4,07,16,2,0,0,1,1,0,0,,0
"POINT (8.909996864000050 53.049184810000042)",Unfall 138033 (2017) Kat:3, Licht: 0,138033,3,7,0,07,14,2,1,0,0,0,0,1,,0
"POINT (8.591227840000045 53.179668013000082)",Unfall 138034 (2017) Kat:2, Licht: 0,138034,2,1,0,07,12,2,1,0,0,0,0,1,,0
"POINT (8.830829719000064 53.074393865000047)",Unfall 138035 (2017) Kat:3, Licht: 2,138035,3,6,3,07,00,2,0,2,1,1,0,0,,0
"POINT (8.805409160000068 53.065657449000071)",Unfall 138036 (2017) Kat:3, Licht: 0,138036,3,3,5,07,13,1,0,0,0,1,0,0,,0
"POINT (8.835523330000058 53.035329644000058)",Unfall 138037 (2017) Kat:3, Licht: 0,138037,3,2,5,07,11,1,0,0,1,1,0,0,,0
"POINT (8.812316734000035 53.080989260000081)",Unfall 138038 (2017) Kat:3, Licht: 2,138038,3,6,2,07,00,1,0,2,0,1,0,0,,0
"POINT (8.638887117000024 53.181662306000078)",Unfall 138039 (2017) Kat:2, Licht: 0,138039,2,7,1,07,14,1,0,0,1,1,0,0,,0
"POINT (8.754153833000032 53.120208146000039)",Unfall 138040 (2017) Kat:3, Licht: 0,138040,3,7,0,07,13,7,1,0,0,1,0,1,,0
"POINT (8.851930723000066 53.055825659000050)",Unfall 138041 (2017) Kat:3, Licht: 2,138041,3,6,4,07,22,7,0,2,1,0,0,0,,0
"POINT (8.808233047000044 53.074502244000030)",Unfall 138042 (2017) Kat:3, Licht: 2,138042,3,4,6,07,00,7,0,2,1,0,1,0,,0
"POINT (8.843701097000064 53.066862791000062)",Unfall 138043 (2017) Kat:3, Licht: 2,138043,3,1,0,07,00,7,0,2,1,0,0,0,,0
"POINT (8.767148625000061 53.060869825000054)",Unfall 138046 (2017) Kat:3, Licht: 0,138046,3,6,2,07,14,6,0,0,0,1,0,0,,0
"POINT (8.826993457000071 53.083287856000027)",Unfall 138047 (2017) Kat:3, Licht: 0,138047,3,6,0,07,20,6,0,0,0,1,0,1,,0
"POINT (8.816338623000036 53.053529447000074)",Unfall 138048 (2017) Kat:2, Licht: 1,138048,2,7,5,07,21,6,0,1,0,1,0,0,,0
"POINT (8.896288665000043 53.082419777000041)",Unfall 138049 (2017) Kat:3, Licht: 0,138049,3,2,5,07,16,6,0,0,1,1,0,0,,0
"POINT (8.752806163000059 53.121392273000026)",Unfall 138050 (2017) Kat:3, Licht: 0,138050,3,7,0,07,08,6,0,0,1,0,0,0,,0
"POINT (8.751702422000051 53.084764892000067)",Unfall 138051 (2017) Kat:3, Licht: 0,138051,3,3,5,07,14,5,0,0,0,1,0,0,,0
"POINT (8.851933236000036 53.058309779000069)",Unfall 138052 (2017) Kat:3, Licht: 0,138052,3,4,6,07,17,5,0,0,1,0,1,0,,0
"POINT (8.954626274000077 53.057479542000067)",Unfall 138053 (2017) Kat:3, Licht: 0,138053,3,6,2,07,17,5,0,0,0,1,0,0,,1
"POINT (8.826258078000024 53.079319547000068)",Unfall 138054 (2017) Kat:3, Licht: 0,138054,3,6,3,07,08,5,0,0,1,0,0,0,,0
"POINT (8.824674853000033 53.084594720000041)",Unfall 138055 (2017) Kat:3, Licht: 2,138055,3,6,4,07,23,5,0,2,1,0,0,0,,0
"POINT (8.827160199000048 53.079473596000071)",Unfall 138056 (2017) Kat:3, Licht: 0,138056,3,7,1,07,15,5,0,0,0,1,0,0,,0
"POINT (8.819186352000031 53.072540971000080)",Unfall 138057 (2017) Kat:3, Licht: 0,138057,3,1,0,07,13,4,0,0,1,0,0,0,,0
"POINT (8.784345037000037 53.096388618000049)",Unfall 138058 (2017) Kat:3, Licht: 0,138058,3,2,4,07,14,4,0,0,1,1,0,0,,0
"POINT (8.757894499000031 53.058119732000080)",Unfall 138059 (2017) Kat:3, Licht: 0,138059,3,3,5,07,15,4,0,0,0,1,0,0,,1
"POINT (8.801389989000029 53.090646093000032)",Unfall 138060 (2017) Kat:3, Licht: 0,138060,3,6,4,07,15,4,0,0,1,1,0,0,,0
"POINT (8.893974228000047 53.054535519000069)",Unfall 138061 (2017) Kat:3, Licht: 0,138061,3,3,0,07,16,4,0,0,1,0,0,0,,1
"POINT (8.843399856000076 53.072170619000076)",Unfall 138062 (2017) Kat:3, Licht: 0,138062,3,6,3,07,19,4,0,0,1,0,0,0,,0
"POINT (8.876445283000066 53.091195657000071)",Unfall 138063 (2017) Kat:3, Licht: 0,138063,3,3,5,07,07,4,1,0,1,1,0,0,,0
"POINT (8.872445167000024 53.063126611000030)",Unfall 138064 (2017) Kat:3, Licht: 0,138064,3,3,5,07,09,4,0,0,1,1,0,0,,0
"POINT (8.847234582000056 53.033017908000033)",Unfall 138065 (2017) Kat:2, Licht: 0,138065,2,7,1,07,11,4,0,0,1,1,0,0,,0
"POINT (8.794717933000072 53.055260036000050)",Unfall 138067 (2017) Kat:3, Licht: 0,138067,3,6,4,07,19,3,0,0,1,1,0,0,,0
"POINT (8.886151481000070 53.078957176000074)",Unfall 138068 (2017) Kat:3, Licht: 0,138068,3,2,5,07,09,3,0,0,1,0,0,0,,1
"POINT (8.792119796000065 53.094087820000027)",Unfall 138069 (2017) Kat:3, Licht: 0,138069,3,6,2,07,17,3,0,0,0,1,0,0,,0
"POINT (8.773041989000035 53.081208772000082)",Unfall 138070 (2017) Kat:3, Licht: 0,138070,3,5,1,07,07,3,0,0,0,1,0,0,,0
"POINT (8.814603798000064 53.081313556000055)",Unfall 138072 (2017) Kat:3, Licht: 0,138072,3,5,1,07,14,2,0,0,1,0,0,0,,0
"POINT (8.823338008000064 53.072552636000069)",Unfall 138073 (2017) Kat:3, Licht: 0,138073,3,5,1,07,18,2,0,0,1,1,0,0,,0
"POINT (8.799132563000057 53.069449180000049)",Unfall 138074 (2017) Kat:3, Licht: 0,138074,3,3,5,07,20,2,0,0,1,1,0,0,,0
"POINT (8.789364489000036 53.071162702000038)",Unfall 138075 (2017) Kat:3, Licht: 2,138075,3,3,5,07,22,2,0,2,0,1,0,0,,0
"POINT (8.856957686000044 53.072701562000077)",Unfall 138076 (2017) Kat:3, Licht: 0,138076,3,2,2,07,15,2,0,0,0,1,0,0,,0
"POINT (8.737089263000030 53.079736039000068)",Unfall 138077 (2017) Kat:2, Licht: 0,138077,2,2,5,07,16,2,0,0,0,1,0,0,,0
"POINT (8.776849441000024 53.053459434000047)",Unfall 138078 (2017) Kat:2, Licht: 0,138078,2,3,5,07,13,2,0,0,1,1,0,0,,0
"POINT (8.801427884000077 53.068082430000061)",Unfall 138079 (2017) Kat:3, Licht: 0,138079,3,5,1,07,13,2,0,0,1,1,0,0,,0
"POINT (8.576125336000075 53.200058981000041)",Unfall 138080 (2017) Kat:3, Licht: 0,138080,3,3,5,07,14,2,0,0,0,1,0,0,,0
"POINT (8.947971343000063 53.036334266000040)",Unfall 138081 (2017) Kat:3, Licht: 0,138081,3,4,6,07,09,2,0,0,0,1,1,0,,0
"POINT (8.941745574000038 53.038122702000067)",Unfall 138082 (2017) Kat:3, Licht: 0,138082,3,3,5,07,17,2,0,0,1,1,0,0,,0
"POINT (8.794622237000056 53.092193437000049)",Unfall 138085 (2017) Kat:3, Licht: 0,138085,3,6,3,07,19,1,0,0,0,1,0,0,,0
"POINT (8.890131810000071 53.063824049000061)",Unfall 138086 (2017) Kat:3, Licht: 0,138086,3,3,5,07,13,1,1,0,0,1,0,0,,0
"POINT (8.624279021000064 53.176007785000081)",Unfall 138087 (2017) Kat:2, Licht: 0,138087,2,4,6,07,20,1,0,0,0,1,1,0,,0
"POINT (8.856190649000041 53.070493186000078)",Unfall 138088 (2017) Kat:3, Licht: 0,138088,3,3,5,07,13,7,0,0,0,1,0,0,,0
"POINT (8.843881367000051 53.090964866000036)",Unfall 138089 (2017) Kat:3, Licht: 0,138089,3,4,6,07,10,7,1,0,0,0,1,0,,1
"POINT (8.893112964000068 53.060377850000066)",Unfall 138090 (2017) Kat:3, Licht: 1,138090,3,7,0,07,22,7,0,1,1,1,0,0,,0
"POINT (8.819912072000022 53.051507349000076)",Unfall 138091 (2017) Kat:3, Licht: 0,138091,3,7,0,07,18,7,0,0,0,0,1,0,,1
"POINT (8.950449790000050 53.057933939000065)",Unfall 138092 (2017) Kat:3, Licht: 0,138092,3,6,2,07,15,7,1,0,0,1,0,1,,0
"POINT (8.585566448000066 53.177192646000037)",Unfall 138093 (2017) Kat:3, Licht: 0,138093,3,1,4,07,17,7,0,0,0,1,0,0,,0
"POINT (8.895068867000020 53.059707191000030)",Unfall 138097 (2017) Kat:3, Licht: 0,138097,3,6,2,06,14,6,0,0,0,1,0,0,,1
"POINT (8.624751827000068 53.169921459000079)",Unfall 138098 (2017) Kat:3, Licht: 0,138098,3,6,2,06,08,6,1,0,0,1,0,0,,0
"POINT (8.757214786000077 53.079261698000039)",Unfall 138099 (2017) Kat:3, Licht: 0,138099,3,3,5,06,14,6,1,0,1,1,0,0,,0
"POINT (8.916277756000056 53.071172073000071)",Unfall 138100 (2017) Kat:3, Licht: 0,138100,3,6,3,06,13,6,1,0,0,1,0,0,,1
"POINT (8.830219628000066 53.080774098000063)",Unfall 138101 (2017) Kat:3, Licht: 0,138101,3,6,2,06,13,6,1,0,0,1,0,0,,0
"POINT (8.529464828000073 53.197684814000070)",Unfall 138103 (2017) Kat:3, Licht: 0,138103,3,6,2,06,15,5,0,0,0,1,0,0,,0
"POINT (8.853833131000044 53.082417195000062)",Unfall 138104 (2017) Kat:3, Licht: 1,138104,3,7,0,06,20,5,1,1,1,1,0,0,,0
"POINT (8.862523796000062 53.106783194000059)",Unfall 138105 (2017) Kat:3, Licht: 0,138105,3,3,5,06,19,5,1,0,0,1,0,0,,0
"POINT (8.791125795000028 53.086108460000048)",Unfall 138106 (2017) Kat:3, Licht: 2,138106,3,7,0,06,01,5,1,2,0,1,0,0,,0
"POINT (8.739204629000028 53.117286231000037)",Unfall 138107 (2017) Kat:3, Licht: 1,138107,3,7,0,06,20,5,1,1,1,0,0,0,,0
"POINT (8.737325292000037 53.046116759000029)",Unfall 138109 (2017) Kat:2, Licht: 0,138109,2,3,5,06,13,4,1,0,1,0,0,0,,0
"POINT (8.643937626000025 53.164881156000035)",Unfall 138110 (2017) Kat:3, Licht: 0,138110,3,5,1,06,08,4,0,0,1,1,0,0,,0
"POINT (8.799833094000064 53.070459850000077)",Unfall 138112 (2017) Kat:3, Licht: 0,138112,3,3,5,06,09,3,0,0,1,1,0,0,,0
"POINT (8.953760349000049 53.034101205000070)",Unfall 138113 (2017) Kat:3, Licht: 2,138113,3,2,5,06,21,3,1,2,0,1,0,1,,0
"POINT (8.822935589000053 53.077998998000055)",Unfall 138114 (2017) Kat:2, Licht: 0,138114,2,6,3,06,07,3,0,0,0,1,0,0,,0
"POINT (8.824013717000071 53.070628613000054)",Unfall 138115 (2017) Kat:3, Licht: 0,138115,3,4,6,06,08,3,0,0,0,1,1,0,,0
"POINT (8.900970460000053 53.059292511000081)",Unfall 138116 (2017) Kat:3, Licht: 0,138116,3,7,1,06,13,3,0,0,1,1,0,0,,0
"POINT (8.850451293000049 53.070915385000035)",Unfall 138117 (2017) Kat:3, Licht: 0,138117,3,6,3,06,14,3,0,0,1,1,0,0,,0
"POINT (8.854811064000046 53.067706819000080)",Unfall 138118 (2017) Kat:3, Licht: 0,138118,3,3,5,07,15,2,0,0,1,1,0,0,,0
"POINT (8.820226804000072 53.075176486000032)",Unfall 138119 (2017) Kat:3, Licht: 2,138119,3,7,0,06,23,2,0,2,1,0,0,0,,0
"POINT (8.914310785000055 53.065264982000031)",Unfall 138120 (2017) Kat:3, Licht: 0,138120,3,3,5,06,06,2,0,0,0,1,0,0,,0
"POINT (8.776618238000026 53.097421195000038)",Unfall 138121 (2017) Kat:3, Licht: 0,138121,3,6,2,06,16,2,0,0,0,1,0,0,,0
"POINT (8.716365052000072 53.056438941000067)",Unfall 138122 (2017) Kat:3, Licht: 0,138122,3,3,5,06,12,2,0,0,0,1,0,0,,0
"POINT (8.772704252000040 53.081404853000038)",Unfall 138123 (2017) Kat:3, Licht: 0,138123,3,4,6,06,13,2,0,0,0,1,1,0,,0
"POINT (8.560674869000025 53.196387750000042)",Unfall 138124 (2017) Kat:3, Licht: 0,138124,3,2,5,08,18,4,0,0,1,1,0,0,,0
"POINT (8.752730862000021 53.115817437000032)",Unfall 138125 (2017) Kat:3, Licht: 0,138125,3,6,1,08,10,4,0,0,0,1,0,0,,1
"POINT (8.887347814000066 53.108687316000044)",Unfall 138126 (2017) Kat:3, Licht: 0,138126,3,6,2,06,12,2,0,0,0,1,0,0,,0
"POINT (8.883634867000069 53.048411237000039)",Unfall 138127 (2017) Kat:3, Licht: 0,138127,3,3,5,06,16,2,0,0,1,1,0,0,,0
"POINT (8.557388236000065 53.189526543000056)",Unfall 138128 (2017) Kat:3, Licht: 0,138128,3,6,2,06,17,2,0,0,0,1,0,0,,0
"POINT (8.735158161000072 53.044003550000070)",Unfall 138129 (2017) Kat:3, Licht: 0,138129,3,6,2,06,17,2,0,0,0,1,0,0,,0
"POINT (8.772530572000051 53.109110735000058)",Unfall 138130 (2017) Kat:2, Licht: 0,138130,2,3,5,06,07,2,0,0,0,0,0,1,,1
"POINT (8.827179115000035 53.086446632000047)",Unfall 138131 (2017) Kat:3, Licht: 0,138131,3,7,0,06,17,1,1,0,1,0,0,0,,0
"POINT (8.784766919000049 53.071463802000039)",Unfall 138132 (2017) Kat:3, Licht: 0,138132,3,3,5,06,18,1,1,0,1,1,0,0,,0
"POINT (8.723211025000069 53.138135102000035)",Unfall 138133 (2017) Kat:3, Licht: 1,138133,3,2,4,06,21,1,0,1,0,1,0,0,,0
"POINT (8.633492708000063 53.165804411000067)",Unfall 138134 (2017) Kat:2, Licht: 0,138134,2,1,8,06,15,1,0,0,1,0,0,0,,0
"POINT (8.819854219000035 53.049042209000049)",Unfall 138136 (2017) Kat:2, Licht: 0,138136,2,7,2,06,12,7,1,0,1,1,0,0,,0
"POINT (8.788369554000042 53.070481258000029)",Unfall 138137 (2017) Kat:3, Licht: 0,138137,3,3,0,06,18,7,0,0,1,0,0,0,,0
"POINT (8.874462858000072 53.083245015000045)",Unfall 138140 (2017) Kat:3, Licht: 0,138140,3,3,5,06,15,6,0,0,0,1,0,0,,0
"POINT (8.612077627000076 53.178411505000042)",Unfall 138141 (2017) Kat:2, Licht: 1,138141,2,7,0,08,20,4,0,1,1,0,0,0,,0
"POINT (8.878342619000023 53.079209795000054)",Unfall 138142 (2017) Kat:3, Licht: 1,138142,3,6,2,08,20,4,0,1,0,1,0,0,,0
"POINT (8.754952611000022 53.113056161000031)",Unfall 138143 (2017) Kat:3, Licht: 0,138143,3,5,1,08,18,4,0,0,1,1,0,0,,0
"POINT (8.837798245000045 53.085104277000028)",Unfall 138144 (2017) Kat:3, Licht: 0,138144,3,3,5,06,16,6,0,0,1,1,0,0,,0
"POINT (8.963824522000039 53.057503971000074)",Unfall 138145 (2017) Kat:3, Licht: 0,138145,3,6,2,06,08,6,0,0,0,1,0,0,,1
"POINT (8.893276285000070 53.047110916000065)",Unfall 138146 (2017) Kat:3, Licht: 2,138146,3,3,5,08,01,4,0,2,1,1,0,0,,0
"POINT (8.805996726000046 53.092447898000046)",Unfall 138147 (2017) Kat:3, Licht: 0,138147,3,3,5,06,12,6,0,0,1,1,0,0,,0
"POINT (8.829725038000049 53.077894011000069)",Unfall 138148 (2017) Kat:3, Licht: 2,138148,3,5,1,06,23,6,1,2,1,0,0,0,,1
"POINT (8.818767496000021 53.053147354000032)",Unfall 138149 (2017) Kat:3, Licht: 0,138149,3,3,5,06,12,6,1,0,1,1,0,0,,0