WKT,Name,OBJECTID,UKATEGORIE,UTYP1,UART,UMONAT,USTUNDE,UWOCHENTAG,STRZUSTAND,ULICHTVERH,ISTRAD,ISTPKW,ISTFUSS,ISTKRAD,ISTGKFZ,ISTSONSTIG
"POINT (8.819122572000026 53.087032694000072)",Unfall 138150 (2017) Kat:2, Licht: 0,138150,2,1,0,06,17,6,0,0,0,0,0,1,,0
"POINT (8.630465749000052 53.172496250000052)",Unfall 138151 (2017) Kat:3, Licht: 0,138151,3,7,6,06,16,6,0,0,0,1,1,0,,0
"POINT (8.854075665000039 53.082551686000045)",Unfall 138154 (2017) Kat:3, Licht: 0,138154,3,3,5,06,20,5,1,0,1,1,0,0,,0
"POINT (8.833708673000047 53.071047098000065)",Unfall 138155 (2017) Kat:3, Licht: 0,138155,3,2,5,06,13,5,0,0,1,1,0,0,,0
"POINT (8.826258078000024 53.079319547000068)",Unfall 138156 (2017) Kat:3, Licht: 0,138156,3,6,0,06,15,5,0,0,0,1,0,0,,1
"POINT (8.861929235000048 53.079891552000049)",Unfall 138157 (2017) Kat:3, Licht: 0,138157,3,1,1,06,19,5,1,0,0,1,0,1,,0
"POINT (8.851252240000065 53.085427946000038)",Unfall 138160 (2017) Kat:3, Licht: 0,138160,3,1,0,06,18,4,0,0,1,0,0,0,,0
"POINT (8.556761360000053 53.188982396000029)",Unfall 138161 (2017) Kat:3, Licht: 0,138161,3,2,5,06,20,4,0,0,0,1,0,0,,0
"POINT (8.817084274000024 53.078782982000064)",Unfall 138162 (2017) Kat:3, Licht: 0,138162,3,6,2,06,10,4,0,0,0,1,0,0,,0
"POINT (8.893153103000032 53.082222313000045)",Unfall 138163 (2017) Kat:3, Licht: 0,138163,3,3,5,06,11,4,0,0,1,1,0,0,,0
"POINT (8.832020405000037 53.068648179000036)",Unfall 138164 (2017) Kat:3, Licht: 0,138164,3,3,5,06,09,4,0,0,1,1,0,0,,0
"POINT (8.791857847000074 53.068432909000080)",Unfall 138165 (2017) Kat:2, Licht: 0,138165,2,5,1,08,16,4,0,0,1,1,0,0,,0
"POINT (8.832650990000047 53.070861334000028)",Unfall 138167 (2017) Kat:2, Licht: 0,138167,2,4,6,06,13,4,0,0,0,0,1,0,,1
"POINT (8.621521332000043 53.181976412000040)",Unfall 138168 (2017) Kat:3, Licht: 0,138168,3,2,2,06,19,4,0,0,0,1,0,0,,0
"POINT (8.883618021000075 53.104961749000040)",Unfall 138169 (2017) Kat:3, Licht: 0,138169,3,7,0,06,10,4,0,0,0,0,1,0,,1
"POINT (8.806329073000029 53.073441527000057)",Unfall 138170 (2017) Kat:3, Licht: 0,138170,3,3,5,06,10,4,0,0,1,1,0,0,,0
"POINT (8.792963232000034 53.103040754000062)",Unfall 138171 (2017) Kat:3, Licht: 0,138171,3,7,0,06,19,4,0,0,0,0,1,0,,1
"POINT (8.789855925000040 53.071500000000071)",Unfall 138172 (2017) Kat:3, Licht: 0,138172,3,2,5,06,15,4,0,0,1,1,0,0,,0
"POINT (8.841016909000075 53.085645999000064)",Unfall 138173 (2017) Kat:2, Licht: 0,138173,2,2,5,06,08,4,0,0,1,0,0,0,,1
"POINT (8.811678209000036 53.091550898000037)",Unfall 138175 (2017) Kat:3, Licht: 0,138175,3,7,0,06,17,4,0,0,1,1,0,0,,0
"POINT (8.853516466000031 53.064897236000036)",Unfall 138178 (2017) Kat:3, Licht: 0,138178,3,6,2,06,14,3,0,0,0,1,0,0,,0
"POINT (8.858281306000038 53.102853514000060)",Unfall 138179 (2017) Kat:3, Licht: 0,138179,3,7,5,06,11,3,0,0,1,1,0,0,,0
"POINT (8.854092719000050 53.068651898000041)",Unfall 138180 (2017) Kat:3, Licht: 0,138180,3,2,5,06,11,3,0,0,1,1,0,0,,0
"POINT (8.761925560000066 53.121901842000057)",Unfall 138181 (2017) Kat:3, Licht: 0,138181,3,3,5,06,16,3,0,0,1,1,0,0,,0
"POINT (8.782329922000031 53.066918189000035)",Unfall 138182 (2017) Kat:3, Licht: 0,138182,3,6,2,06,09,3,0,0,0,1,0,0,,0
"POINT (8.850558060000026 53.071169516000055)",Unfall 138183 (2017) Kat:3, Licht: 0,138183,3,5,1,06,12,3,0,0,0,1,0,0,,0
"POINT (8.807111356000064 53.064650990000075)",Unfall 138184 (2017) Kat:3, Licht: 0,138184,3,5,1,06,11,3,0,0,1,1,0,0,,0
"POINT (8.846183082000039 53.066405705000079)",Unfall 138185 (2017) Kat:3, Licht: 0,138185,3,4,6,06,08,3,0,0,0,1,1,0,,0
"POINT (8.792391595000026 53.099344220000035)",Unfall 138186 (2017) Kat:2, Licht: 0,138186,2,4,6,06,17,3,0,0,1,0,1,0,,0
"POINT (8.854832697000063 53.076479396000082)",Unfall 138187 (2017) Kat:2, Licht: 0,138187,2,3,5,06,18,3,0,0,1,1,0,0,,0
"POINT (8.884860129000060 53.055209618000049)",Unfall 138193 (2017) Kat:3, Licht: 0,138193,3,3,5,06,10,2,0,0,1,1,0,0,,0
"POINT (8.828219060000038 53.082718676000070)",Unfall 138194 (2017) Kat:3, Licht: 0,138194,3,7,5,06,15,2,0,0,0,0,0,1,,1
"POINT (8.890199242000051 53.061377257000061)",Unfall 138195 (2017) Kat:3, Licht: 0,138195,3,5,1,06,10,2,0,0,0,1,0,0,,1
"POINT (8.726691616000039 53.045098691000078)",Unfall 138196 (2017) Kat:3, Licht: 0,138196,3,2,5,06,19,2,0,0,1,1,0,0,,0
"POINT (8.816674267000053 53.070133182000063)",Unfall 138199 (2017) Kat:3, Licht: 0,138199,3,1,0,06,14,1,0,0,1,0,0,0,,0
"POINT (8.773715973000037 53.097346552000033)",Unfall 138200 (2017) Kat:3, Licht: 0,138200,3,7,0,06,16,1,0,0,1,0,0,0,,0
"POINT (8.809610933000045 53.079347846000076)",Unfall 138201 (2017) Kat:3, Licht: 0,138201,3,5,1,06,15,1,0,0,1,1,0,0,,0
"POINT (8.963247690000060 53.057454043000064)",Unfall 138202 (2017) Kat:3, Licht: 0,138202,3,6,2,06,13,1,0,0,0,1,0,0,,0
"POINT (8.804225778000046 53.072350789000041)",Unfall 138205 (2017) Kat:3, Licht: 0,138205,3,3,4,06,09,7,0,0,1,1,0,0,,0
"POINT (8.778776478000054 53.106074703000047)",Unfall 138206 (2017) Kat:3, Licht: 0,138206,3,1,1,06,17,7,0,0,0,1,0,1,,0
"POINT (8.769740629000069 53.110513506000075)",Unfall 138207 (2017) Kat:2, Licht: 0,138207,2,7,6,06,20,7,0,0,0,1,1,0,,0
"POINT (8.786515980000047 53.100689375000059)",Unfall 138208 (2017) Kat:3, Licht: 0,138208,3,7,2,06,16,7,0,0,1,1,0,0,,0
"POINT (8.804721416000064 53.083869539000034)",Unfall 138209 (2017) Kat:3, Licht: 0,138209,3,6,3,08,09,3,0,0,0,1,0,1,,0
"POINT (8.823254214000031 53.072809446000065)",Unfall 138210 (2017) Kat:3, Licht: 0,138210,3,5,1,06,18,7,0,0,1,1,0,0,,0
"POINT (8.841903156000058 53.072520301000054)",Unfall 138211 (2017) Kat:2, Licht: 0,138211,2,4,6,06,14,7,0,0,0,1,1,0,,0
"POINT (8.914352496000049 53.075075235000043)",Unfall 138212 (2017) Kat:3, Licht: 0,138212,3,1,0,08,18,3,1,0,1,0,0,0,,0
"POINT (8.890933591000021 53.082589258000041)",Unfall 138213 (2017) Kat:3, Licht: 0,138213,3,6,2,06,12,7,0,0,0,1,0,0,,0
"POINT (8.809950078000043 53.079531727000074)",Unfall 138217 (2017) Kat:3, Licht: 0,138217,3,7,0,06,16,6,0,0,1,0,0,0,,0
"POINT (8.794705135000072 53.091499024000029)",Unfall 138218 (2017) Kat:3, Licht: 0,138218,3,6,2,06,11,6,0,0,0,1,0,0,,1
"POINT (8.863771679000024 53.062800398000036)",Unfall 138219 (2017) Kat:3, Licht: 0,138219,3,6,2,06,15,6,1,0,0,1,0,0,,0
"POINT (8.862446936000026 53.090151155000058)",Unfall 138220 (2017) Kat:3, Licht: 0,138220,3,6,3,08,15,3,0,0,0,0,0,1,,1
"POINT (8.812988511000071 53.090135626000063)",Unfall 138221 (2017) Kat:2, Licht: 0,138221,2,3,5,06,08,6,0,0,1,1,0,0,,0
"POINT (8.888637217000053 53.058274472000051)",Unfall 138222 (2017) Kat:3, Licht: 0,138222,3,6,1,06,07,6,0,0,0,1,0,0,,0
"POINT (8.737502460000030 53.143993870000031)",Unfall 138223 (2017) Kat:3, Licht: 0,138223,3,1,8,06,16,6,0,0,0,1,0,0,,0
"POINT (8.823821111000029 53.079296434000071)",Unfall 138224 (2017) Kat:3, Licht: 0,138224,3,5,2,06,12,6,0,0,1,1,0,0,,0
"POINT (8.639675439000030 53.187655785000061)",Unfall 138225 (2017) Kat:3, Licht: 0,138225,3,5,1,06,12,6,0,0,0,0,0,1,,1
"POINT (8.833164667000062 53.070140465000065)",Unfall 138226 (2017) Kat:3, Licht: 1,138226,3,3,5,06,04,6,1,1,0,1,0,0,,0
"POINT (8.799114175000057 53.056482693000078)",Unfall 138227 (2017) Kat:3, Licht: 0,138227,3,3,5,06,16,6,0,0,0,1,0,0,,0
"POINT (8.940217036000036 53.067813640000054)",Unfall 138228 (2017) Kat:3, Licht: 0,138228,3,3,5,06,10,6,0,0,0,1,0,0,,0
"POINT (8.833748820000039 53.081867030000069)",Unfall 138233 (2017) Kat:3, Licht: 0,138233,3,2,5,06,19,5,1,0,1,1,0,0,,0
"POINT (8.878199202000076 53.039141916000062)",Unfall 138234 (2017) Kat:3, Licht: 0,138234,3,3,5,06,13,5,0,0,0,1,0,0,,0
"POINT (8.795813296000063 53.084006876000046)",Unfall 138235 (2017) Kat:3, Licht: 0,138235,3,6,3,06,13,5,0,0,0,1,0,0,,0
"POINT (8.891885754000043 53.113182108000046)",Unfall 138236 (2017) Kat:3, Licht: 0,138236,3,3,5,06,12,5,0,0,1,1,0,0,,0
"POINT (8.568173687000069 53.181547690000059)",Unfall 138237 (2017) Kat:3, Licht: 0,138237,3,2,5,06,08,5,0,0,0,1,0,0,,1
"POINT (8.869665084000076 53.065092793000076)",Unfall 138238 (2017) Kat:3, Licht: 0,138238,3,7,6,06,19,5,1,0,0,1,1,0,,0
"POINT (8.730054492000022 53.055999081000039)",Unfall 138239 (2017) Kat:3, Licht: 0,138239,3,3,5,08,17,3,0,0,1,1,0,0,,0
"POINT (8.785059796000041 53.102316691000055)",Unfall 138240 (2017) Kat:3, Licht: 0,138240,3,3,5,08,14,3,0,0,1,1,0,0,,0
"POINT (8.790541548000022 53.064397243000030)",Unfall 138243 (2017) Kat:3, Licht: 0,138243,3,6,3,08,16,3,1,0,0,1,0,0,,1
"POINT (8.808806567000033 53.083084032000045)",Unfall 138245 (2017) Kat:3, Licht: 0,138245,3,3,5,08,10,3,0,0,0,1,0,0,,0
"POINT (8.928846031000035 53.061116223000056)",Unfall 138246 (2017) Kat:3, Licht: 0,138246,3,5,1,06,08,4,0,0,1,1,0,0,,0
"POINT (8.626987000000042 53.169743905000075)",Unfall 138247 (2017) Kat:3, Licht: 0,138247,3,3,5,06,19,4,0,0,1,1,0,0,,0
"POINT (8.883403804000068 53.056877514000064)",Unfall 138248 (2017) Kat:3, Licht: 0,138248,3,3,5,08,16,3,0,0,1,1,0,0,,0
"POINT (8.897021888000040 53.118395773000032)",Unfall 138249 (2017) Kat:3, Licht: 0,138249,3,3,5,06,09,4,0,0,1,1,0,0,,0
"POINT (8.819706321000069 53.072610115000032)",Unfall 138250 (2017) Kat:3, Licht: 0,138250,3,3,5,06,11,4,0,0,1,1,0,0,,0
"POINT (8.785388355000066 53.101969974000042)",Unfall 138251 (2017) Kat:2, Licht: 0,138251,2,7,0,06,14,4,0,0,0,0,0,0,,1
"POINT (8.735153406000052 53.044000712000070)",Unfall 138252 (2017) Kat:2, Licht: 2,138252,2,1,9,06,03,4,0,2,0,1,0,0,,0
"POINT (8.733879247000061 53.043166299000063)",Unfall 138253 (2017) Kat:3, Licht: 0,138253,3,6,4,06,17,4,0,0,0,1,0,0,,1
"POINT (8.901941874000045 53.059473961000037)",Unfall 138254 (2017) Kat:3, Licht: 0,138254,3,3,5,06,08,4,0,0,0,1,0,0,,1
"POINT (8.786461605000056 53.074764499000082)",Unfall 138255 (2017) Kat:3, Licht: 0,138255,3,6,2,06,12,4,0,0,0,1,0,0,,1
"POINT (8.845787528000074 53.066482119000057)",Unfall 138256 (2017) Kat:3, Licht: 0,138256,3,7,0,06,18,4,0,0,0,0,0,1,,1
"POINT (8.811743422000063 53.098527511000043)",Unfall 138257 (2017) Kat:3, Licht: 0,138257,3,6,3,06,16,4,0,0,1,1,0,0,,0
"POINT (8.843990070000075 53.068802726000058)",Unfall 138258 (2017) Kat:3, Licht: 0,138258,3,7,0,06,07,4,0,0,1,0,0,0,,0
"POINT (8.822867544000076 53.078620885000078)",Unfall 138261 (2017) Kat:3, Licht: 0,138261,3,6,2,06,11,3,0,0,0,1,0,1,,0
"POINT (8.843401720000031 53.091867651000030)",Unfall 138264 (2017) Kat:3, Licht: 2,138264,3,7,1,07,21,2,0,2,1,1,0,0,,0
"POINT (8.740732212000069 53.047509556000080)",Unfall 138265 (2017) Kat:3, Licht: 0,138265,3,4,6,09,16,5,1,0,0,0,1,0,,1
"POINT (8.851101368000059 53.085204109000074)",Unfall 138266 (2017) Kat:3, Licht: 0,138266,3,3,5,09,16,5,1,0,1,1,0,0,,0
"POINT (8.856592776000070 53.071372491000034)",Unfall 138267 (2017) Kat:3, Licht: 0,138267,3,2,5,09,11,5,0,0,1,1,0,0,,0
"POINT (8.821663715000057 53.072796935000042)",Unfall 138268 (2017) Kat:2, Licht: 0,138268,2,7,0,09,15,5,1,0,1,0,0,0,,0
"POINT (8.763562866000029 53.108979950000048)",Unfall 138269 (2017) Kat:3, Licht: 0,138269,3,2,5,09,13,5,1,0,1,1,0,0,,0
"POINT (8.878141168000070 53.079416780000031)",Unfall 138270 (2017) Kat:3, Licht: 0,138270,3,3,5,09,15,5,1,0,1,1,0,0,,0
"POINT (8.879773281000041 53.112550801000054)",Unfall 138272 (2017) Kat:3, Licht: 0,138272,3,6,2,08,08,5,0,0,0,1,0,0,,0
"POINT (8.915991205000069 53.071200935000036)",Unfall 138273 (2017) Kat:3, Licht: 2,138273,3,2,5,09,05,4,1,2,1,1,0,0,,0
"POINT (8.759496362000050 53.119900850000079)",Unfall 138274 (2017) Kat:3, Licht: 0,138274,3,5,1,08,08,5,0,0,0,1,0,1,,0
"POINT (8.635419914000067 53.170775390000074)",Unfall 138275 (2017) Kat:3, Licht: 0,138275,3,4,6,09,12,4,1,0,0,0,1,0,,1
"POINT (8.779333847000032 53.068671504000065)",Unfall 138277 (2017) Kat:3, Licht: 0,138277,3,6,2,09,14,4,0,0,0,1,0,1,,0
"POINT (8.742312745000049 53.130547707000062)",Unfall 138278 (2017) Kat:3, Licht: 0,138278,3,6,2,09,13,4,1,0,0,1,0,0,,0
"POINT (8.543651391000026 53.192198139000027)",Unfall 138279 (2017) Kat:3, Licht: 0,138279,3,3,5,08,09,4,0,0,0,1,0,0,,0
"POINT (8.763791296000022 53.106315464000033)",Unfall 138280 (2017) Kat:3, Licht: 1,138280,3,3,5,09,18,4,1,1,1,1,0,0,,0
"POINT (8.812376342000050 53.080870986000036)",Unfall 138281 (2017) Kat:2, Licht: 1,138281,2,3,5,09,06,4,1,1,1,1,0,0,,0
"POINT (8.816119002000050 53.080009634000078)",Unfall 138282 (2017) Kat:3, Licht: 0,138282,3,3,5,08,13,4,0,0,1,1,0,0,,0
"POINT (8.964025572000026 53.061769294000044)",Unfall 138283 (2017) Kat:3, Licht: 0,138283,3,4,6,09,14,4,1,0,0,1,1,0,,0
"POINT (8.878136882000035 53.079421310000043)",Unfall 138284 (2017) Kat:2, Licht: 0,138284,2,3,5,09,17,4,1,0,1,1,0,0,,0
"POINT (8.812031307000041 53.030675738000070)",Unfall 138286 (2017) Kat:3, Licht: 0,138286,3,6,2,09,14,3,0,0,0,1,0,0,,0
"POINT (8.839991745000077 53.032437204000075)",Unfall 138287 (2017) Kat:3, Licht: 0,138287,3,5,1,09,06,3,0,0,1,1,0,0,,0
"POINT (8.738469809000037 53.047250995000070)",Unfall 138288 (2017) Kat:3, Licht: 0,138288,3,3,5,09,11,3,0,0,1,0,0,1,,0
"POINT (8.792865787000039 53.073571824000055)",Unfall 138289 (2017) Kat:3, Licht: 0,138289,3,6,2,09,17,3,1,0,0,1,0,0,,0
"POINT (8.927664963000041 53.072672622000027)",Unfall 138290 (2017) Kat:3, Licht: 0,138290,3,2,5,09,08,3,1,0,1,1,0,0,,0
"POINT (8.951769468000066 53.057861144000071)",Unfall 138291 (2017) Kat:3, Licht: 0,138291,3,6,1,09,14,3,0,0,0,1,0,0,,0
"POINT (8.787075982000033 53.056274467000037)",Unfall 138292 (2017) Kat:3, Licht: 0,138292,3,1,0,09,15,3,0,0,1,0,0,0,,0
"POINT (8.877382164000039 53.051703489000033)",Unfall 138294 (2017) Kat:3, Licht: 0,138294,3,7,5,09,15,2,0,0,0,1,0,0,,1
"POINT (8.827248433000023 53.072691880000036)",Unfall 138295 (2017) Kat:3, Licht: 0,138295,3,1,0,09,13,2,0,0,1,0,0,0,,0
"POINT (8.825779841000042 53.035744283000042)",Unfall 138296 (2017) Kat:3, Licht: 0,138296,3,3,5,09,13,2,0,0,1,1,0,0,,0
"POINT (8.765878911000073 53.060673302000055)",Unfall 138297 (2017) Kat:2, Licht: 0,138297,2,6,2,09,15,2,0,0,0,1,0,0,,1
"POINT (8.695282609000060 53.168755924000038)",Unfall 138298 (2017) Kat:3, Licht: 0,138298,3,4,6,09,15,2,0,0,0,0,1,0,,1
"POINT (8.757883352000022 53.058515207000028)",Unfall 138299 (2017) Kat:3, Licht: 0,138299,3,3,5,09,17,2,0,0,0,1,0,0,,0
"POINT (8.789486401000033 53.071246838000036)",Unfall 138301 (2017) Kat:3, Licht: 2,138301,3,7,1,09,00,1,0,2,1,1,0,0,,0
"POINT (8.657503848000033 53.173678790000054)",Unfall 138303 (2017) Kat:3, Licht: 1,138303,3,7,1,09,19,7,1,1,1,1,0,0,,0
"POINT (8.762169855000025 53.088419653000074)",Unfall 138304 (2017) Kat:3, Licht: 0,138304,3,5,0,09,12,7,0,0,1,1,0,0,,0
"POINT (8.509859401000028 53.217835397000044)",Unfall 138305 (2017) Kat:3, Licht: 0,138305,3,6,2,09,18,7,1,0,0,1,0,0,,0
"POINT (8.902102433000039 53.071698698000034)",Unfall 138306 (2017) Kat:3, Licht: 1,138306,3,6,2,09,18,7,1,1,0,1,0,1,,0
"POINT (8.775424951000048 53.099499159000061)",Unfall 138307 (2017) Kat:3, Licht: 0,138307,3,7,1,09,13,6,1,0,0,1,0,1,,0
"POINT (8.820564683000043 53.072684163000076)",Unfall 138308 (2017) Kat:2, Licht: 1,138308,2,7,0,09,18,6,1,1,1,0,0,0,,0
"POINT (8.813083638000023 53.058448526000063)",Unfall 138309 (2017) Kat:3, Licht: 0,138309,3,3,5,09,13,6,1,0,1,1,0,0,,0
"POINT (8.801611453000021 53.067968604000043)",Unfall 138310 (2017) Kat:3, Licht: 0,138310,3,6,3,08,15,4,0,0,1,1,0,0,,0
"POINT (8.899783339000067 53.097459265000055)",Unfall 138311 (2017) Kat:3, Licht: 0,138311,3,3,5,08,16,4,0,0,1,1,0,0,,0
"POINT (8.888552466000022 53.109931359000029)",Unfall 138312 (2017) Kat:3, Licht: 0,138312,3,5,2,08,08,4,0,0,0,1,0,0,,0
"POINT (8.791916240000035 53.090325433000032)",Unfall 138313 (2017) Kat:3, Licht: 2,138313,3,7,5,09,22,6,1,2,0,1,0,0,,1
"POINT (8.790233192000073 53.094692516000066)",Unfall 138314 (2017) Kat:2, Licht: 0,138314,2,1,0,09,16,6,1,0,1,0,0,0,,0
"POINT (8.786732533000077 53.074394701000074)",Unfall 138315 (2017) Kat:2, Licht: 0,138315,2,2,5,08,18,4,0,0,1,1,0,0,,0
"POINT (8.933290993000071 53.066631446000031)",Unfall 138316 (2017) Kat:3, Licht: 0,138316,3,5,1,09,14,6,1,0,1,1,0,0,,0
"POINT (8.820867485000065 53.036466065000070)",Unfall 138317 (2017) Kat:3, Licht: 0,138317,3,3,5,09,13,6,1,0,0,1,0,0,,0
"POINT (8.827249805000065 53.072691404000068)",Unfall 138318 (2017) Kat:3, Licht: 0,138318,3,1,7,08,15,4,0,0,1,0,0,0,,0
"POINT (8.660264939000058 53.175024008000037)",Unfall 138319 (2017) Kat:3, Licht: 0,138319,3,6,2,09,15,6,1,0,0,1,0,0,,0
"POINT (8.895532814000035 53.059548617000075)",Unfall 138320 (2017) Kat:3, Licht: 0,138320,3,6,2,08,19,4,0,0,0,1,0,1,,0
"POINT (8.866067813000029 53.071826694000038)",Unfall 138321 (2017) Kat:3, Licht: 0,138321,3,1,0,09,12,6,1,0,0,0,0,1,,0
"POINT (8.810641087000022 53.071831494000037)",Unfall 138323 (2017) Kat:3, Licht: 0,138323,3,6,2,09,12,6,1,0,0,1,0,0,,0
"POINT (8.763417525000023 53.125180520000072)",Unfall 138324 (2017) Kat:3, Licht: 1,138324,3,1,9,09,07,6,1,1,0,1,0,0,,0
"POINT (8.825010956000028 53.084183638000070)",Unfall 138325 (2017) Kat:3, Licht: 0,138325,3,2,5,09,14,6,1,0,1,1,0,0,,0
"POINT (8.843726604000040 53.072072968000043)",Unfall 138327 (2017) Kat:3, Licht: 0,138327,3,6,6,09,09,5,0,0,1,0,1,0,,0
"POINT (8.824439998000059 53.084518386000070)",Unfall 138329 (2017) Kat:3, Licht: 0,138329,3,2,5,09,18,5,0,0,1,1,0,0,,0
"POINT (8.844905774000040 53.045777564000048)",Unfall 138330 (2017) Kat:3, Licht: 0,138330,3,6,1,09,16,5,0,0,0,1,0,0,,1
"POINT (8.921072708000054 53.052089310000042)",Unfall 138332 (2017) Kat:3, Licht: 0,138332,3,3,5,09,14,5,0,0,0,1,0,0,,0
"POINT (8.755269744000032 53.127672160000031)",Unfall 138334 (2017) Kat:3, Licht: 0,138334,3,2,0,08,13,3,0,0,1,1,0,0,,0
"POINT (8.851869483000030 53.088654305000034)",Unfall 138337 (2017) Kat:3, Licht: 0,138337,3,6,0,09,07,4,1,0,1,1,0,0,,0
"POINT (8.949854106000032 53.035351877000039)",Unfall 138338 (2017) Kat:3, Licht: 0,138338,3,3,5,09,10,4,0,0,1,1,0,0,,0
"POINT (8.766555070000038 53.115317199000060)",Unfall 138339 (2017) Kat:3, Licht: 0,138339,3,3,5,09,14,4,0,0,0,1,0,0,,0
"POINT (8.820170181000037 53.045853565000073)",Unfall 138340 (2017) Kat:3, Licht: 0,138340,3,1,8,09,15,4,0,0,1,0,0,0,,0
"POINT (8.825755873000048 53.078885639000077)",Unfall 138341 (2017) Kat:3, Licht: 0,138341,3,6,2,09,14,4,0,0,0,1,0,0,,0
"POINT (8.789342927000064 53.094320273000051)",Unfall 138342 (2017) Kat:3, Licht: 0,138342,3,1,0,09,09,4,1,0,1,0,0,0,,0
"POINT (8.727259369000024 53.036839944000064)",Unfall 138343 (2017) Kat:3, Licht: 0,138343,3,6,2,09,10,4,1,0,0,1,0,0,,0
"POINT (8.782337334000033 53.066922129000034)",Unfall 138344 (2017) Kat:3, Licht: 0,138344,3,7,2,09,12,4,0,0,0,1,0,0,,0
"POINT (8.842780906000030 53.106096271000069)",Unfall 138345 (2017) Kat:3, Licht: 0,138345,3,7,1,09,15,4,0,0,0,1,0,0,,0
"POINT (8.572712359000036 53.186075689000063)",Unfall 138346 (2017) Kat:3, Licht: 0,138346,3,3,5,09,12,4,1,0,1,0,0,1,,0
"POINT (8.629980369000066 53.188983022000059)",Unfall 138347 (2017) Kat:3, Licht: 0,138347,3,3,5,09,11,4,1,0,1,1,0,0,,0
"POINT (8.857373868000025 53.088962138000056)",Unfall 138348 (2017) Kat:3, Licht: 2,138348,3,3,5,09,05,4,1,2,1,1,0,0,,0
"POINT (8.914283598000054 53.065294518000030)",Unfall 138349 (2017) Kat:3, Licht: 0,138349,3,2,5,09,14,4,0,0,0,1,0,0,,0
"POINT (8.784693989000061 53.090175497000075)",Unfall 138351 (2017) Kat:3, Licht: 0,138351,3,2,5,08,16,3,1,0,1,1,0,0,,0
"POINT (8.809288032000040 53.095251664000045)",Unfall 138352 (2017) Kat:3, Licht: 0,138352,3,3,5,08,18,3,1,0,0,1,0,0,,0
"POINT (8.788161097000057 53.076471596000033)",Unfall 138353 (2017) Kat:2, Licht: 0,138353,2,2,5,08,07,3,0,0,1,0,0,0,,1
"POINT (8.751785430000041 53.122270094000044)",Unfall 138355 (2017) Kat:3, Licht: 0,138355,3,6,2,09,12,5,0,0,0,1,0,0,,0
"POINT (8.870352590000039 53.097883610000054)",Unfall 138356 (2017) Kat:2, Licht: 0,138356,2,2,3,09,13,5,0,0,1,1,0,0,,0
"POINT (8.766168105000077 53.112352919000045)",Unfall 138357 (2017) Kat:3, Licht: 2,138357,3,6,0,08,22,3,0,2,1,0,0,0,,0
"POINT (8.803224763000060 53.096328019000055)",Unfall 138358 (2017) Kat:3, Licht: 0,138358,3,6,2,09,08,3,0,0,0,1,0,1,,0
"POINT (8.811098769000068 53.061084810000068)",Unfall 138359 (2017) Kat:3, Licht: 2,138359,3,1,9,09,00,3,0,2,0,0,0,1,,0
"POINT (8.891054683000050 53.071472017000076)",Unfall 138360 (2017) Kat:3, Licht: 0,138360,3,3,5,08,09,3,0,0,1,1,0,0,,0
"POINT (8.780204953000066 53.105557938000061)",Unfall 138361 (2017) Kat:3, Licht: 2,138361,3,6,2,09,20,3,1,2,0,1,0,0,,0
"POINT (8.793695212000046 53.066375642000082)",Unfall 138362 (2017) Kat:3, Licht: 2,138362,3,2,5,08,22,3,1,2,0,1,0,1,,0
"POINT (8.795279954000023 53.090831331000061)",Unfall 138363 (2017) Kat:3, Licht: 0,138363,3,6,2,09,16,3,1,0,0,1,0,0,,0
"POINT (8.852858032000029 53.086498636000044)",Unfall 138364 (2017) Kat:3, Licht: 0,138364,3,7,3,09,17,3,0,0,1,0,0,0,,0
"POINT (8.897168700000066 53.118537925000055)",Unfall 138365 (2017) Kat:3, Licht: 0,138365,3,7,0,09,14,3,0,0,0,0,0,0,,1
"POINT (8.562267463000069 53.192153700000063)",Unfall 138366 (2017) Kat:3, Licht: 0,138366,3,2,5,09,13,3,0,0,0,1,0,1,,0
"POINT (8.552071436000063 53.187057575000040)",Unfall 138367 (2017) Kat:3, Licht: 0,138367,3,3,5,09,12,3,0,0,0,1,0,1,,0
"POINT (8.830090634000044 53.041264002000048)",Unfall 138374 (2017) Kat:3, Licht: 0,138374,3,6,3,09,14,2,0,0,1,1,0,0,,0
"POINT (8.621134563000055 53.176662097000076)",Unfall 138375 (2017) Kat:3, Licht: 0,138375,3,5,1,09,08,2,0,0,1,1,0,0,,0
"POINT (8.859052539000061 53.042635242000074)",Unfall 138376 (2017) Kat:3, Licht: 0,138376,3,3,1,09,17,2,0,0,1,1,0,0,,0
"POINT (8.828623307000044 53.074675495000065)",Unfall 138377 (2017) Kat:3, Licht: 0,138377,3,7,4,08,18,3,1,0,1,1,0,0,,0
"POINT (8.610920511000074 53.184410415000059)",Unfall 138380 (2017) Kat:3, Licht: 0,138380,3,6,0,09,10,2,0,0,0,1,0,1,,0
"POINT (8.792971724000040 53.103041921000056)",Unfall 138381 (2017) Kat:3, Licht: 0,138381,3,6,2,09,13,2,0,0,0,1,0,0,,0
"POINT (8.579707523000025 53.179128054000046)",Unfall 138382 (2017) Kat:3, Licht: 0,138382,3,1,0,09,16,2,0,0,1,0,0,0,,0