WKT,Name,OBJECTID,UKATEGORIE,UTYP1,UART,UMONAT,USTUNDE,UWOCHENTAG,STRZUSTAND,ULICHTVERH,ISTRAD,ISTPKW,ISTFUSS,ISTKRAD,ISTGKFZ,ISTSONSTIG
"POINT (8.854491961000065 53.088263390000066)",Unfall 138383 (2017) Kat:3, Licht: 0,138383,3,3,5,09,19,2,0,0,1,1,0,0,,0
"POINT (8.847401532000049 53.074694651000073)",Unfall 138384 (2017) Kat:2, Licht: 0,138384,2,7,0,09,14,2,0,0,0,0,0,1,,0
"POINT (8.882540954000035 53.109671971000068)",Unfall 138385 (2017) Kat:3, Licht: 0,138385,3,6,1,09,12,2,0,0,0,1,0,0,,1
"POINT (8.785662668000043 53.071077057000082)",Unfall 138386 (2017) Kat:3, Licht: 0,138386,3,3,3,09,08,1,0,0,1,0,0,0,,1
"POINT (8.793355468000073 53.084877821000077)",Unfall 138389 (2017) Kat:3, Licht: 0,138389,3,6,2,08,14,2,0,0,0,1,0,0,,0
"POINT (8.813583851000033 53.090390134000074)",Unfall 138390 (2017) Kat:3, Licht: 0,138390,3,7,0,08,14,2,0,0,1,0,0,0,,0
"POINT (8.854715465000027 53.081746299000031)",Unfall 138391 (2017) Kat:3, Licht: 0,138391,3,3,5,09,12,1,0,0,1,0,0,0,,0
"POINT (8.813622111000029 53.085460163000050)",Unfall 138392 (2017) Kat:3, Licht: 2,138392,3,2,5,09,05,1,0,2,1,1,0,0,,0
"POINT (8.623372749000055 53.168370861000028)",Unfall 138393 (2017) Kat:3, Licht: 0,138393,3,7,7,09,13,1,0,0,1,0,1,0,,0
"POINT (8.793706260000022 53.066371007000043)",Unfall 138394 (2017) Kat:3, Licht: 0,138394,3,3,5,09,15,1,0,0,1,1,0,0,,0
"POINT (8.860844348000057 53.108743929000070)",Unfall 138395 (2017) Kat:3, Licht: 0,138395,3,1,0,08,19,2,0,0,0,0,0,1,,0
"POINT (8.770703491000063 53.078519420000077)",Unfall 138396 (2017) Kat:3, Licht: 0,138396,3,7,0,09,18,1,0,0,0,1,0,1,,0
"POINT (8.876046604000067 53.082135183000048)",Unfall 138397 (2017) Kat:3, Licht: 0,138397,3,4,6,08,19,2,0,0,0,0,1,0,,1
"POINT (8.786356745000035 53.074665305000053)",Unfall 138400 (2017) Kat:3, Licht: 0,138400,3,6,2,09,12,7,0,0,0,1,0,1,,0
"POINT (8.727859663000061 53.038049942000043)",Unfall 138401 (2017) Kat:3, Licht: 0,138401,3,6,2,09,13,7,0,0,0,1,0,0,,0
"POINT (8.954477245000021 53.062799059000042)",Unfall 138402 (2017) Kat:3, Licht: 2,138402,3,6,4,09,20,7,0,2,0,1,0,1,,0
"POINT (8.833680433000041 53.033218240000053)",Unfall 138403 (2017) Kat:3, Licht: 0,138403,3,6,2,09,18,7,0,0,0,1,0,0,,0
"POINT (8.741050604000066 53.048221288000036)",Unfall 138404 (2017) Kat:3, Licht: 0,138404,3,2,5,09,08,7,0,0,1,1,0,0,,0
"POINT (8.798039423000034 53.073311204000049)",Unfall 138408 (2017) Kat:3, Licht: 0,138408,3,2,3,09,18,6,0,0,0,1,0,0,,1
"POINT (8.854526097000075 53.066998004000027)",Unfall 138409 (2017) Kat:3, Licht: 2,138409,3,7,2,09,20,6,0,2,0,1,0,0,,1
"POINT (8.844902109000032 53.045772211000042)",Unfall 138410 (2017) Kat:3, Licht: 0,138410,3,3,5,09,10,6,0,0,0,1,0,0,,1
"POINT (8.938892954000039 53.080999906000045)",Unfall 138411 (2017) Kat:3, Licht: 0,138411,3,4,6,09,15,6,0,0,0,1,1,0,,0
"POINT (8.724685753000074 53.139160796000056)",Unfall 138412 (2017) Kat:3, Licht: 2,138412,3,7,0,09,04,6,0,2,1,0,0,0,,0
"POINT (8.555805496000062 53.185837254000035)",Unfall 138413 (2017) Kat:3, Licht: 0,138413,3,3,5,09,07,6,0,0,1,1,0,0,,0
"POINT (8.624281851000035 53.175345283000070)",Unfall 138414 (2017) Kat:3, Licht: 0,138414,3,1,8,09,17,6,0,0,0,0,0,1,,0
"POINT (8.875519083000029 53.082105984000066)",Unfall 138415 (2017) Kat:3, Licht: 0,138415,3,2,5,09,16,6,0,0,1,1,0,0,,0
"POINT (8.786302390000060 53.100937564000048)",Unfall 138416 (2017) Kat:3, Licht: 0,138416,3,6,2,09,13,6,0,0,0,1,0,0,,0
"POINT (8.843645296000034 53.046016620000046)",Unfall 138417 (2017) Kat:2, Licht: 0,138417,2,7,6,09,11,6,0,0,0,1,1,0,,0
"POINT (8.784590977000050 53.102864725000074)",Unfall 138418 (2017) Kat:3, Licht: 0,138418,3,6,3,09,09,6,0,0,0,0,0,0,,1
"POINT (8.789777358000038 53.085670485000037)",Unfall 138419 (2017) Kat:2, Licht: 0,138419,2,6,3,09,17,6,0,0,0,1,0,0,,0
"POINT (8.804627097000036 53.091839308000033)",Unfall 138420 (2017) Kat:3, Licht: 0,138420,3,3,5,09,13,6,0,0,1,1,0,0,,0
"POINT (8.782741024000075 53.109466150000060)",Unfall 138421 (2017) Kat:3, Licht: 0,138421,3,6,2,08,10,2,0,0,1,0,0,0,,1
"POINT (8.801305864000028 53.079998483000054)",Unfall 138422 (2017) Kat:3, Licht: 0,138422,3,2,5,08,08,2,0,0,1,1,0,0,,0
"POINT (8.891918566000072 53.048891562000051)",Unfall 138423 (2017) Kat:3, Licht: 0,138423,3,3,5,08,15,2,0,0,0,1,0,0,,0
"POINT (8.877915259000076 53.079655555000045)",Unfall 138424 (2017) Kat:3, Licht: 0,138424,3,6,2,08,06,2,0,0,0,1,0,0,,0
"POINT (8.894555123000032 53.082478450000053)",Unfall 138425 (2017) Kat:3, Licht: 2,138425,3,4,6,09,21,6,0,2,0,1,1,0,,0
"POINT (8.837578604000044 53.077432577000081)",Unfall 138426 (2017) Kat:3, Licht: 2,138426,3,6,4,09,20,5,1,2,1,1,0,0,,0
"POINT (8.792136967000033 53.094070035000072)",Unfall 138427 (2017) Kat:3, Licht: 0,138427,3,6,2,08,18,2,0,0,0,1,0,0,,0
"POINT (8.796251707000067 53.086151673000074)",Unfall 138428 (2017) Kat:3, Licht: 0,138428,3,6,3,08,10,2,0,0,0,1,0,0,,1
"POINT (8.624508972000058 53.177194533000034)",Unfall 138429 (2017) Kat:3, Licht: 0,138429,3,2,5,09,07,6,0,0,1,1,0,0,,0
"POINT (8.776253273000066 53.098413073000074)",Unfall 138432 (2017) Kat:3, Licht: 0,138432,3,6,2,08,17,5,1,0,0,1,0,0,,1
"POINT (8.852668622000067 53.060954010000046)",Unfall 138433 (2017) Kat:3, Licht: 0,138433,3,6,2,08,17,5,0,0,0,1,0,0,,0
"POINT (8.836185966000073 53.071550821000073)",Unfall 138434 (2017) Kat:3, Licht: 0,138434,3,2,5,08,07,5,0,0,1,1,0,0,,0
"POINT (8.816553600000077 53.078796138000030)",Unfall 138435 (2017) Kat:3, Licht: 0,138435,3,6,2,08,17,5,1,0,0,1,0,0,,0
"POINT (8.808500363000064 53.059254090000081)",Unfall 138436 (2017) Kat:3, Licht: 0,138436,3,7,0,08,10,5,1,0,0,0,0,1,,0
"POINT (8.788927195000042 53.094139683000037)",Unfall 138437 (2017) Kat:3, Licht: 0,138437,3,3,5,08,15,5,1,0,1,1,0,0,,0
"POINT (8.788816746000066 53.069129408000038)",Unfall 138438 (2017) Kat:3, Licht: 0,138438,3,3,5,08,12,5,0,0,1,1,0,0,,0
"POINT (8.843991780000067 53.068802431000051)",Unfall 138439 (2017) Kat:2, Licht: 0,138439,2,1,0,09,18,5,1,0,1,0,0,0,,0
"POINT (8.889422226000022 53.034487306000074)",Unfall 138440 (2017) Kat:2, Licht: 0,138440,2,6,1,08,18,5,1,0,0,1,0,0,,1
"POINT (8.737528412000074 53.144041613000070)",Unfall 138441 (2017) Kat:3, Licht: 0,138441,3,6,2,08,16,2,0,0,0,1,0,0,,0
"POINT (8.571690139000054 53.194064874000048)",Unfall 138442 (2017) Kat:3, Licht: 0,138442,3,1,4,08,16,5,1,0,1,1,0,0,,0
"POINT (8.817194526000037 53.083518764000075)",Unfall 138443 (2017) Kat:3, Licht: 2,138443,3,4,6,08,23,5,0,2,0,1,1,0,,0
"POINT (8.778844412000069 53.068946422000067)",Unfall 138444 (2017) Kat:3, Licht: 0,138444,3,2,5,08,14,2,0,0,0,0,0,1,,1
"POINT (8.835620066000047 53.073771796000074)",Unfall 138447 (2017) Kat:3, Licht: 0,138447,3,3,5,08,18,4,0,0,1,1,0,0,,0
"POINT (8.852479159000041 53.073582154000064)",Unfall 138448 (2017) Kat:2, Licht: 0,138448,2,2,5,08,17,4,1,0,1,1,0,0,,0
"POINT (8.557804369000053 53.184336179000070)",Unfall 138449 (2017) Kat:3, Licht: 0,138449,3,6,2,08,15,4,0,0,0,1,0,1,,0
"POINT (8.844357013000035 53.070263213000032)",Unfall 138450 (2017) Kat:3, Licht: 0,138450,3,7,0,08,11,4,0,0,1,0,0,0,,0
"POINT (8.949005632000024 53.063532013000042)",Unfall 138451 (2017) Kat:3, Licht: 0,138451,3,2,2,08,06,4,0,0,0,1,0,0,,0
"POINT (8.735729214000060 53.043793991000030)",Unfall 138454 (2017) Kat:3, Licht: 0,138454,3,6,4,08,16,3,0,0,0,1,0,0,,0
"POINT (8.864821430000063 53.070861040000068)",Unfall 138455 (2017) Kat:3, Licht: 0,138455,3,3,5,08,07,3,0,0,1,1,0,0,,0
"POINT (8.794949978000034 53.067207951000057)",Unfall 138456 (2017) Kat:3, Licht: 0,138456,3,2,0,08,20,3,0,0,1,1,0,0,,0
"POINT (8.854003564000038 53.066130510000050)",Unfall 138457 (2017) Kat:3, Licht: 0,138457,3,3,5,08,16,3,0,0,0,1,0,0,,0
"POINT (8.791282697000042 53.091607275000058)",Unfall 138458 (2017) Kat:3, Licht: 0,138458,3,2,6,08,07,3,0,0,0,1,1,0,,0
"POINT (8.758163631000059 53.116485778000026)",Unfall 138459 (2017) Kat:3, Licht: 0,138459,3,2,5,08,19,3,0,0,1,1,0,0,,0
"POINT (8.793356842000037 53.092950736000034)",Unfall 138460 (2017) Kat:3, Licht: 0,138460,3,6,2,08,17,3,0,0,0,1,0,0,,1
"POINT (8.902563581000038 53.127035022000030)",Unfall 138463 (2017) Kat:3, Licht: 0,138463,3,6,2,08,11,1,0,0,1,1,0,0,,0
"POINT (8.934958352000024 53.090292062000060)",Unfall 138464 (2017) Kat:3, Licht: 0,138464,3,3,5,08,16,3,0,0,1,1,0,0,,0
"POINT (8.844126833000075 53.075201283000069)",Unfall 138465 (2017) Kat:3, Licht: 0,138465,3,3,5,08,07,3,0,0,1,1,0,0,,0
"POINT (8.804056153000033 53.077879229000075)",Unfall 138466 (2017) Kat:2, Licht: 0,138466,2,4,0,08,19,1,0,0,0,0,1,0,,1
"POINT (8.774297721000039 53.101494210000055)",Unfall 138468 (2017) Kat:3, Licht: 0,138468,3,2,3,08,14,1,0,0,0,1,0,0,,0
"POINT (8.894910055000025 53.055801548000034)",Unfall 138469 (2017) Kat:3, Licht: 0,138469,3,6,3,08,13,2,0,0,1,1,0,0,,0
"POINT (8.556193045000043 53.185109662000059)",Unfall 138470 (2017) Kat:3, Licht: 0,138470,3,3,5,08,15,2,0,0,1,1,0,0,,0
"POINT (8.831939894000072 53.071074443000043)",Unfall 138471 (2017) Kat:3, Licht: 2,138471,3,1,0,08,21,2,0,2,1,0,0,0,,0
"POINT (8.896867827000051 53.059059886000057)",Unfall 138472 (2017) Kat:3, Licht: 0,138472,3,2,5,08,09,2,0,0,1,0,0,0,,1
"POINT (8.880342584000061 53.082404715000052)",Unfall 138473 (2017) Kat:3, Licht: 0,138473,3,3,5,08,19,2,0,0,1,1,0,0,,0
"POINT (8.863844908000033 53.062786252000080)",Unfall 138474 (2017) Kat:3, Licht: 2,138474,3,2,5,08,22,2,0,2,1,0,0,0,,0
"POINT (8.842525547000037 53.054198593000081)",Unfall 138475 (2017) Kat:3, Licht: 0,138475,3,7,0,08,14,2,0,0,0,0,0,0,,1
"POINT (8.849976785000024 53.094688105000046)",Unfall 138476 (2017) Kat:2, Licht: 0,138476,2,3,5,08,17,2,0,0,1,1,0,0,,0
"POINT (8.792526495000061 53.065630814000031)",Unfall 138478 (2017) Kat:3, Licht: 2,138478,3,2,5,08,21,1,0,2,1,1,0,0,,0
"POINT (8.896313273000033 53.082418889000053)",Unfall 138479 (2017) Kat:3, Licht: 0,138479,3,7,9,08,12,1,0,0,0,1,0,0,,0
"POINT (8.820405059000052 53.051360334000037)",Unfall 138480 (2017) Kat:3, Licht: 0,138480,3,7,0,08,16,1,0,0,0,1,0,0,,1
"POINT (8.760426973000051 53.048821168000075)",Unfall 138481 (2017) Kat:3, Licht: 0,138481,3,7,0,08,16,1,0,0,1,0,0,0,,0
"POINT (8.800557913000034 53.097413599000049)",Unfall 138482 (2017) Kat:3, Licht: 1,138482,3,1,1,08,05,1,0,1,0,1,0,0,,0
"POINT (8.829201281000053 53.072042284000077)",Unfall 138485 (2017) Kat:3, Licht: 0,138485,3,1,0,08,15,7,0,0,1,0,0,0,,0
"POINT (8.829504015000055 53.074563102000070)",Unfall 138486 (2017) Kat:3, Licht: 0,138486,3,6,2,08,15,7,0,0,1,1,0,0,,0
"POINT (8.634789304000037 53.170249754000054)",Unfall 138487 (2017) Kat:3, Licht: 2,138487,3,7,0,08,23,7,0,2,1,0,0,0,,0
"POINT (8.768721622000044 53.111028349000037)",Unfall 138488 (2017) Kat:3, Licht: 0,138488,3,3,5,08,16,7,1,0,0,1,0,0,,0
"POINT (8.768632337000042 53.112671418000048)",Unfall 138489 (2017) Kat:3, Licht: 0,138489,3,3,5,08,17,7,0,0,1,1,0,0,,0
"POINT (8.823074723000048 53.078545130000066)",Unfall 138490 (2017) Kat:3, Licht: 0,138490,3,4,6,08,11,7,0,0,0,0,1,0,,1
"POINT (8.936258876000068 53.058696253000051)",Unfall 138491 (2017) Kat:3, Licht: 0,138491,3,2,0,08,15,7,0,0,1,1,0,0,,0
"POINT (8.793124556000066 53.092715665000071)",Unfall 138492 (2017) Kat:3, Licht: 2,138492,3,2,4,08,00,7,0,2,0,1,0,0,,0
"POINT (8.813796058000037 53.081347481000080)",Unfall 138493 (2017) Kat:3, Licht: 2,138493,3,4,6,08,23,7,0,2,0,0,1,0,,1
"POINT (8.844631147000030 53.084090111000080)",Unfall 138494 (2017) Kat:3, Licht: 0,138494,3,6,2,08,13,7,0,0,0,1,0,0,,0
"POINT (8.857710013000030 53.066581586000041)",Unfall 138495 (2017) Kat:3, Licht: 0,138495,3,3,5,08,16,7,0,0,1,0,0,0,,0
"POINT (8.820158469000035 53.073624898000048)",Unfall 138496 (2017) Kat:3, Licht: 0,138496,3,6,4,08,10,7,0,0,1,0,0,0,,0
"POINT (8.830134544000032 53.077821026000038)",Unfall 138497 (2017) Kat:3, Licht: 0,138497,3,3,5,08,12,7,0,0,0,1,0,0,,1
"POINT (8.652586475000021 53.164131033000047)",Unfall 138498 (2017) Kat:3, Licht: 0,138498,3,6,2,08,18,6,0,0,0,1,0,1,,0
"POINT (8.582434213000056 53.180376279000029)",Unfall 138499 (2017) Kat:3, Licht: 0,138499,3,3,5,08,05,6,0,0,0,1,0,1,,0
"POINT (8.797270154000046 53.086427396000033)",Unfall 138500 (2017) Kat:3, Licht: 0,138500,3,6,2,08,13,6,0,0,0,1,0,0,,0
"POINT (8.738682114000028 53.047452839000073)",Unfall 138505 (2017) Kat:2, Licht: 0,138505,2,3,5,08,09,5,0,0,1,1,0,0,,0
"POINT (8.825044865000052 53.084201312000062)",Unfall 138506 (2017) Kat:3, Licht: 0,138506,3,3,5,08,17,5,0,0,1,1,0,0,,0
"POINT (8.803789826000070 53.080224820000069)",Unfall 138507 (2017) Kat:3, Licht: 2,138507,3,2,3,08,22,5,0,2,1,1,0,0,,0
"POINT (8.776733600000057 53.063429862000078)",Unfall 138508 (2017) Kat:3, Licht: 0,138508,3,3,5,08,15,5,0,0,1,0,0,1,,0
"POINT (8.878225400000076 53.079328789000044)",Unfall 138509 (2017) Kat:2, Licht: 0,138509,2,6,2,08,10,5,0,0,0,1,0,0,,1
"POINT (8.874016861000030 53.101342044000035)",Unfall 138510 (2017) Kat:3, Licht: 0,138510,3,7,8,08,19,5,0,0,0,1,0,0,,0
"POINT (8.769707500000038 53.082431015000054)",Unfall 138511 (2017) Kat:3, Licht: 0,138511,3,3,5,08,12,5,0,0,1,1,0,0,,0
"POINT (8.676565735000054 53.169456939000042)",Unfall 138512 (2017) Kat:3, Licht: 0,138512,3,3,5,08,14,5,0,0,1,1,0,0,,0
"POINT (8.794065593000028 53.066633022000076)",Unfall 138513 (2017) Kat:3, Licht: 0,138513,3,6,2,08,15,5,0,0,0,1,0,1,,0
"POINT (8.572417233000067 53.195560561000036)",Unfall 138514 (2017) Kat:3, Licht: 0,138514,3,6,4,08,15,5,0,0,1,0,0,0,,0
"POINT (8.772523249000074 53.092102595000028)",Unfall 138515 (2017) Kat:3, Licht: 0,138515,3,6,2,08,11,4,0,0,0,1,0,0,,0
"POINT (8.611179648000075 53.175291333000075)",Unfall 138516 (2017) Kat:3, Licht: 2,138516,3,1,8,08,22,7,0,2,0,0,0,1,,0
"POINT (8.795038260000069 53.064293502000055)",Unfall 138517 (2017) Kat:3, Licht: 0,138517,3,3,0,08,18,7,0,0,1,0,0,0,,1
"POINT (8.618206553000050 53.174488787000030)",Unfall 138518 (2017) Kat:3, Licht: 0,138518,3,5,0,08,13,4,0,0,0,1,0,1,,0
"POINT (8.904150483000024 53.100496106000037)",Unfall 138519 (2017) Kat:3, Licht: 0,138519,3,3,5,08,10,4,0,0,1,1,0,0,,0
"POINT (8.851284364000037 53.077905107000049)",Unfall 138520 (2017) Kat:3, Licht: 0,138520,3,6,6,08,14,4,0,0,0,1,1,0,,0
"POINT (8.792867587000046 53.069079266000074)",Unfall 138521 (2017) Kat:3, Licht: 0,138521,3,3,5,08,18,4,0,0,1,1,0,0,,0
"POINT (8.843083357000069 53.081089275000068)",Unfall 138522 (2017) Kat:3, Licht: 0,138522,3,1,1,08,08,4,1,0,1,1,0,0,,0
"POINT (8.766025984000066 53.110942882000074)",Unfall 138523 (2017) Kat:3, Licht: 0,138523,3,7,6,08,13,4,0,0,0,1,1,0,,0
"POINT (8.777121817000023 53.106603657000051)",Unfall 138524 (2017) Kat:3, Licht: 0,138524,3,6,2,08,11,4,0,0,0,1,0,0,,0
"POINT (8.567809526000076 53.193719824000027)",Unfall 138525 (2017) Kat:3, Licht: 0,138525,3,2,5,08,14,4,0,0,0,1,0,0,,0
"POINT (8.930853942000056 53.071968850000076)",Unfall 138526 (2017) Kat:3, Licht: 0,138526,3,3,5,08,08,4,0,0,1,1,0,0,,0
"POINT (8.740504204000047 53.054253113000073)",Unfall 138527 (2017) Kat:3, Licht: 0,138527,3,3,5,08,07,4,1,0,1,1,0,0,,0
"POINT (8.715662116000033 53.135724475000075)",Unfall 138528 (2017) Kat:3, Licht: 0,138528,3,2,5,08,07,4,0,0,0,1,0,0,,0
"POINT (8.772015164000038 53.081818556000030)",Unfall 138529 (2017) Kat:3, Licht: 0,138529,3,1,8,08,07,7,0,0,1,0,0,0,,0
"POINT (8.733824516000027 53.038401958000065)",Unfall 138531 (2017) Kat:3, Licht: 0,138531,3,2,0,08,10,7,0,0,1,1,0,0,,0
"POINT (8.723839207000026 53.043505539000080)",Unfall 138535 (2017) Kat:3, Licht: 0,138535,3,3,5,08,07,3,0,0,0,1,0,0,,1
"POINT (8.761855459000060 53.114582941000037)",Unfall 138536 (2017) Kat:3, Licht: 0,138536,3,4,6,08,16,3,0,0,1,0,1,0,,0
"POINT (8.865958405000072 53.097554962000061)",Unfall 138537 (2017) Kat:3, Licht: 0,138537,3,2,5,08,07,3,0,0,1,1,0,0,,0
"POINT (8.625313329000051 53.169742760000076)",Unfall 138538 (2017) Kat:3, Licht: 0,138538,3,3,5,08,18,3,0,0,0,1,0,0,,0
"POINT (8.625820155000042 53.170355177000033)",Unfall 138539 (2017) Kat:3, Licht: 0,138539,3,7,0,08,18,3,0,0,1,1,0,0,,0
"POINT (8.808768736000047 53.076252142000044)",Unfall 138540 (2017) Kat:3, Licht: 0,138540,3,6,4,08,14,3,0,0,1,0,0,0,,1
"POINT (8.852481043000068 53.058858421000082)",Unfall 138541 (2017) Kat:3, Licht: 0,138541,3,7,0,08,07,3,0,0,0,0,0,0,,1
"POINT (8.776330608000023 53.103641448000076)",Unfall 138542 (2017) Kat:2, Licht: 0,138542,2,6,3,08,16,3,0,0,1,0,0,0,,0
"POINT (8.814790701000050 53.029679981000072)",Unfall 138543 (2017) Kat:3, Licht: 2,138543,3,3,5,08,21,3,0,2,1,1,0,0,,0
"POINT (8.898206492000043 53.043827230000034)",Unfall 138544 (2017) Kat:3, Licht: 0,138544,3,3,5,08,19,3,0,0,0,1,0,0,,0
"POINT (8.766161722000049 53.073914267000077)",Unfall 138545 (2017) Kat:3, Licht: 0,138545,3,6,2,08,12,6,0,0,0,1,0,0,,1
"POINT (8.848305291000031 53.095745987000043)",Unfall 138546 (2017) Kat:3, Licht: 0,138546,3,3,5,08,06,3,0,0,0,1,0,1,,0
"POINT (8.838704822000068 53.074674305000030)",Unfall 138552 (2017) Kat:3, Licht: 0,138552,3,1,0,08,20,6,0,0,1,0,0,0,,0
"POINT (8.628406745000063 53.168601410000065)",Unfall 138553 (2017) Kat:2, Licht: 0,138553,2,2,5,08,18,6,0,0,1,1,0,0,,0
"POINT (8.737498829000060 53.143987190000075)",Unfall 138556 (2017) Kat:2, Licht: 0,138556,2,1,0,08,16,2,0,0,0,1,0,0,,0
"POINT (8.625218396000037 53.170625808000068)",Unfall 138557 (2017) Kat:3, Licht: 0,138557,3,7,6,08,16,2,0,0,1,0,1,0,,0
"POINT (8.773544385000037 53.110760552000045)",Unfall 138558 (2017) Kat:3, Licht: 0,138558,3,3,5,08,16,2,0,0,1,1,0,0,,0
"POINT (8.816947908000032 53.078556111000069)",Unfall 138559 (2017) Kat:2, Licht: 2,138559,2,6,3,08,21,2,0,2,0,1,0,1,,0
"POINT (8.835036763000062 53.082105963000060)",Unfall 138560 (2017) Kat:3, Licht: 0,138560,3,3,5,08,12,2,0,0,1,1,0,0,,0
"POINT (8.761511060000032 53.114759063000065)",Unfall 138561 (2017) Kat:2, Licht: 0,138561,2,3,5,08,15,2,0,0,0,1,0,0,,1
"POINT (8.853822757000046 53.082415002000062)",Unfall 138562 (2017) Kat:2, Licht: 0,138562,2,7,6,08,18,2,0,0,0,0,1,0,,1
"POINT (8.898680130000059 53.127328545000069)",Unfall 138563 (2017) Kat:3, Licht: 0,138563,3,2,5,08,17,2,0,0,1,1,0,0,,0
"POINT (8.809518199000024 53.083628480000073)",Unfall 138564 (2017) Kat:3, Licht: 2,138564,3,7,6,08,03,1,0,2,0,0,1,0,,1
"POINT (8.575769226000034 53.186913309000033)",Unfall 138565 (2017) Kat:3, Licht: 0,138565,3,4,6,08,14,1,1,0,0,1,1,0,,0
"POINT (8.812304232000031 53.080697598000029)",Unfall 138567 (2017) Kat:3, Licht: 2,138567,3,1,0,08,01,7,1,2,1,0,0,0,,0
"POINT (8.612385354000026 53.175064624000072)",Unfall 138568 (2017) Kat:3, Licht: 0,138568,3,7,0,08,13,7,1,0,1,0,0,0,,0
"POINT (8.819463839000036 53.027640285000075)",Unfall 138569 (2017) Kat:3, Licht: 0,138569,3,3,5,08,11,6,0,0,0,1,0,1,,0
"POINT (8.833497784000031 53.092057959000044)",Unfall 138570 (2017) Kat:3, Licht: 0,138570,3,7,5,08,11,6,0,0,1,1,0,0,,0
"POINT (8.841528953000022 53.083217461000061)",Unfall 138571 (2017) Kat:3, Licht: 0,138571,3,2,2,08,12,6,0,0,0,1,0,1,,0
"POINT (8.791992383000036 53.082734903000073)",Unfall 138572 (2017) Kat:3, Licht: 2,138572,3,1,0,08,04,7,0,2,1,0,0,0,,0
"POINT (8.746748382000021 53.126711829000044)",Unfall 138573 (2017) Kat:3, Licht: 0,138573,3,5,1,08,15,7,0,0,0,1,0,0,,1
"POINT (8.716555753000023 53.134630238000057)",Unfall 138574 (2017) Kat:3, Licht: 0,138574,3,7,2,08,14,6,1,0,0,1,0,0,,0
"POINT (8.824016377000021 53.079244303000053)",Unfall 138575 (2017) Kat:3, Licht: 0,138575,3,4,6,08,16,7,0,0,0,1,1,0,,0
"POINT (8.760218835000046 53.087955615000055)",Unfall 138576 (2017) Kat:3, Licht: 0,138576,3,2,4,08,20,7,0,0,0,1,0,0,,0
"POINT (8.810617588000071 53.071834879000050)",Unfall 138580 (2017) Kat:3, Licht: 0,138580,3,3,5,08,07,6,0,0,1,0,0,0,,1
"POINT (8.727223783000056 53.131443396000066)",Unfall 138581 (2017) Kat:2, Licht: 0,138581,2,4,6,08,15,6,0,0,0,1,1,0,,0
"POINT (8.664737771000034 53.164313557000071)",Unfall 138582 (2017) Kat:2, Licht: 2,138582,2,1,9,08,01,6,1,2,0,1,0,0,,0
"POINT (8.804096352000045 53.062351626000066)",Unfall 138583 (2017) Kat:3, Licht: 0,138583,3,1,8,08,08,6,0,0,0,1,0,0,,0
"POINT (8.802018549000024 53.071434008000040)",Unfall 138584 (2017) Kat:3, Licht: 0,138584,3,3,5,08,17,6,0,0,1,1,0,0,,0
"POINT (8.942269164000038 53.067012722000072)",Unfall 138585 (2017) Kat:3, Licht: 2,138585,3,7,1,08,23,6,1,2,0,1,0,0,,0
"POINT (8.510613991000071 53.214190533000078)",Unfall 138590 (2017) Kat:3, Licht: 0,138590,3,1,8,08,15,5,1,0,0,1,0,0,,0
"POINT (8.578208934000031 53.181628244000080)",Unfall 138591 (2017) Kat:3, Licht: 0,138591,3,3,5,08,18,5,1,0,1,1,0,0,,0
"POINT (8.853087198000026 53.049044074000051)",Unfall 138592 (2017) Kat:3, Licht: 0,138592,3,3,5,08,15,5,1,0,0,1,0,1,,0
"POINT (8.706468661000031 53.102277310000034)",Unfall 138593 (2017) Kat:3, Licht: 2,138593,3,1,8,08,22,6,0,2,0,1,0,0,,0
"POINT (8.689478043000065 53.170248190000052)",Unfall 138594 (2017) Kat:3, Licht: 0,138594,3,7,0,08,10,6,0,0,1,0,0,0,,0
"POINT (8.828715764000037 53.080223843000056)",Unfall 138595 (2017) Kat:3, Licht: 0,138595,3,6,2,08,17,5,1,0,0,1,0,0,,0
"POINT (8.939582009000048 53.071466050000026)",Unfall 138596 (2017) Kat:3, Licht: 0,138596,3,7,6,08,13,5,1,0,0,1,1,0,,0
"POINT (8.775512939000066 53.076828284000044)",Unfall 138597 (2017) Kat:3, Licht: 0,138597,3,3,5,08,15,5,1,0,1,1,0,0,,0
"POINT (8.795943370000032 53.067100528000026)",Unfall 138600 (2017) Kat:3, Licht: 0,138600,3,7,1,08,17,4,0,0,1,1,0,0,,0
"POINT (8.885351443000047 53.057023161000075)",Unfall 138601 (2017) Kat:3, Licht: 0,138601,3,7,0,08,19,4,0,0,0,0,0,0,,1
"POINT (8.757798060000027 53.117032983000058)",Unfall 138603 (2017) Kat:3, Licht: 0,138603,3,3,5,08,11,4,0,0,0,1,0,0,,0
"POINT (8.898980675000075 53.127049378000038)",Unfall 138604 (2017) Kat:3, Licht: 0,138604,3,6,2,08,14,4,0,0,0,1,0,0,,0
"POINT (8.871285021000062 53.098855185000048)",Unfall 138606 (2017) Kat:3, Licht: 0,138606,3,6,2,08,16,4,0,0,0,1,0,0,,0
"POINT (8.739840527000069 53.049474886000041)",Unfall 138607 (2017) Kat:3, Licht: 0,138607,3,6,2,08,13,4,0,0,0,1,0,0,,0