WKT,Name,OBJECTID,UKATEGORIE,UTYP1,UART,UMONAT,USTUNDE,UWOCHENTAG,STRZUSTAND,ULICHTVERH,ISTRAD,ISTPKW,ISTFUSS,ISTKRAD,ISTGKFZ,ISTSONSTIG
"POINT (8.869345694000060 53.098599844000034)",Unfall 138608 (2017) Kat:3, Licht: 0,138608,3,3,5,08,19,4,0,0,1,1,0,0,,0
"POINT (8.824961107000036 53.084570342000063)",Unfall 138609 (2017) Kat:3, Licht: 0,138609,3,3,5,08,07,4,0,0,1,1,0,0,,0
"POINT (8.740883172000054 53.053167952000081)",Unfall 138613 (2017) Kat:3, Licht: 0,138613,3,6,2,08,15,3,0,0,0,1,0,0,,0
"POINT (8.794069513000068 53.074335602000076)",Unfall 138614 (2017) Kat:3, Licht: 0,138614,3,2,5,08,12,3,0,0,1,1,0,0,,0
"POINT (8.716807982000034 53.134461279000050)",Unfall 138615 (2017) Kat:3, Licht: 0,138615,3,6,2,08,15,3,0,0,0,1,0,1,,0
"POINT (8.778775304000021 53.100763643000050)",Unfall 138616 (2017) Kat:3, Licht: 0,138616,3,3,0,08,13,3,0,0,1,1,0,0,,0
"POINT (8.728739552000036 53.038881583000034)",Unfall 138617 (2017) Kat:2, Licht: 0,138617,2,2,4,08,10,3,0,0,1,1,0,0,,0
"POINT (8.787459633000026 53.056186527000079)",Unfall 138618 (2017) Kat:3, Licht: 2,138618,3,7,0,08,22,3,1,2,1,0,0,0,,1
"POINT (8.833785338000041 53.086477514000080)",Unfall 138619 (2017) Kat:3, Licht: 0,138619,3,6,2,08,11,3,0,0,1,0,0,0,,0
"POINT (8.951906458000053 53.072678597000049)",Unfall 138620 (2017) Kat:3, Licht: 0,138620,3,1,4,08,18,3,1,0,0,1,0,0,,0
"POINT (8.853923609000049 53.104111113000044)",Unfall 138621 (2017) Kat:3, Licht: 0,138621,3,3,5,08,08,3,0,0,1,0,0,0,,1
"POINT (8.884585471000037 53.054161826000040)",Unfall 138624 (2017) Kat:3, Licht: 0,138624,3,5,1,08,11,2,0,0,1,1,0,0,,0
"POINT (8.860278450000067 53.105868428000065)",Unfall 138625 (2017) Kat:3, Licht: 0,138625,3,6,3,08,15,2,0,0,0,1,0,0,,0
"POINT (8.583847575000050 53.181702114000075)",Unfall 138626 (2017) Kat:3, Licht: 1,138626,3,7,0,08,05,2,1,1,1,0,0,0,,0
"POINT (8.619220319000021 53.181820549000065)",Unfall 138627 (2017) Kat:3, Licht: 0,138627,3,6,2,08,12,2,0,0,0,1,0,0,,0
"POINT (8.795381130000067 53.075163124000028)",Unfall 138628 (2017) Kat:3, Licht: 0,138628,3,3,5,08,18,2,0,0,1,1,0,0,,0
"POINT (8.778853467000033 53.109017309000080)",Unfall 138629 (2017) Kat:3, Licht: 0,138629,3,4,6,08,07,2,0,0,0,1,1,0,,0
"POINT (8.893544707000046 53.059030444000030)",Unfall 138630 (2017) Kat:3, Licht: 1,138630,3,6,0,08,05,2,0,1,0,1,0,0,,1
"POINT (8.894596088000071 53.079459583000073)",Unfall 138631 (2017) Kat:3, Licht: 0,138631,3,3,5,08,11,2,0,0,1,1,0,0,,0
"POINT (8.854498280000030 53.082303306000028)",Unfall 138633 (2017) Kat:3, Licht: 0,138633,3,6,3,08,08,2,0,0,1,0,0,0,,1
"POINT (8.834590470000023 53.072254303000079)",Unfall 138634 (2017) Kat:3, Licht: 0,138634,3,3,5,08,16,2,0,0,1,1,0,0,,0
"POINT (8.841008301000045 53.040758747000041)",Unfall 138635 (2017) Kat:3, Licht: 0,138635,3,6,2,08,07,2,0,0,1,0,0,0,,0
"POINT (8.899267436000059 53.059183521000080)",Unfall 138636 (2017) Kat:3, Licht: 0,138636,3,2,5,08,09,2,0,0,1,1,0,0,,0
"POINT (8.892574389000060 53.129276387000061)",Unfall 138638 (2017) Kat:2, Licht: 0,138638,2,3,5,08,06,2,0,0,1,0,0,0,,0
"POINT (8.907225438000069 53.120786392000070)",Unfall 138639 (2017) Kat:3, Licht: 0,138639,3,6,4,08,17,2,0,0,1,0,0,0,,1
"POINT (8.876828538000041 53.115532824000070)",Unfall 138640 (2017) Kat:3, Licht: 0,138640,3,7,2,08,07,5,1,0,0,1,0,0,,0
"POINT (8.870583801000066 53.088160925000068)",Unfall 138641 (2017) Kat:3, Licht: 0,138641,3,6,2,08,16,2,0,0,0,1,0,0,,0
"POINT (8.948620508000033 53.036034297000072)",Unfall 138642 (2017) Kat:3, Licht: 0,138642,3,6,3,08,10,2,0,0,0,1,0,1,,0
"POINT (8.775905287000057 53.098581151000076)",Unfall 138645 (2017) Kat:3, Licht: 0,138645,3,3,5,08,11,1,1,0,1,0,0,1,,0
"POINT (8.870686968000030 53.091363384000033)",Unfall 138646 (2017) Kat:3, Licht: 0,138646,3,4,6,08,15,1,0,0,0,1,1,0,,0
"POINT (8.633271049000030 53.169858162000082)",Unfall 138647 (2017) Kat:2, Licht: 0,138647,2,6,5,08,20,1,0,0,0,1,0,1,,0
"POINT (8.877119004000065 53.101379406000035)",Unfall 138648 (2017) Kat:3, Licht: 0,138648,3,6,2,08,12,5,0,0,0,1,0,0,,0
"POINT (8.817283936000024 53.080781935000061)",Unfall 138649 (2017) Kat:2, Licht: 2,138649,2,4,6,08,04,1,1,2,0,1,1,0,,0
"POINT (8.947307942000066 53.036739610000041)",Unfall 138650 (2017) Kat:3, Licht: 0,138650,3,3,5,08,16,1,0,0,1,1,0,0,,0
"POINT (8.796776603000069 53.066975085000081)",Unfall 138651 (2017) Kat:3, Licht: 0,138651,3,3,5,08,11,1,1,0,1,1,0,0,,0
"POINT (8.571494518000066 53.191067110000063)",Unfall 138656 (2017) Kat:3, Licht: 0,138656,3,2,5,08,16,7,0,0,1,0,0,0,,1
"POINT (8.812821747000044 53.073339070000031)",Unfall 138657 (2017) Kat:3, Licht: 0,138657,3,2,5,08,18,7,1,0,0,1,0,0,,0
"POINT (8.795829875000038 53.098827320000055)",Unfall 138658 (2017) Kat:3, Licht: 0,138658,3,6,2,08,15,7,1,0,0,1,0,0,,0
"POINT (8.752727426000035 53.115809570000067)",Unfall 138659 (2017) Kat:3, Licht: 0,138659,3,6,2,08,13,7,1,0,0,1,0,0,,0
"POINT (8.812329080000040 53.071323779000068)",Unfall 138660 (2017) Kat:3, Licht: 0,138660,3,7,0,08,13,7,1,0,1,0,0,0,,1
"POINT (8.933298647000072 53.066652880000049)",Unfall 138661 (2017) Kat:3, Licht: 0,138661,3,6,6,08,08,7,1,0,0,1,1,0,,0
"POINT (8.804128875000060 53.072607676000075)",Unfall 138662 (2017) Kat:3, Licht: 0,138662,3,3,5,08,14,7,0,0,1,1,0,0,,0
"POINT (8.945004589000064 53.078248888000076)",Unfall 138663 (2017) Kat:3, Licht: 0,138663,3,6,4,08,07,7,1,0,0,1,0,0,,1
"POINT (8.803250824000031 53.072191983000039)",Unfall 138667 (2017) Kat:3, Licht: 0,138667,3,3,5,08,08,5,0,0,1,1,0,0,,0
"POINT (8.791025702000070 53.091636749000031)",Unfall 138668 (2017) Kat:3, Licht: 0,138668,3,6,1,08,09,5,1,0,0,1,0,0,,0
"POINT (8.813359583000022 53.100474372000065)",Unfall 138669 (2017) Kat:3, Licht: 0,138669,3,4,6,08,10,6,1,0,0,1,1,0,,0
"POINT (8.833366073000036 53.077351421000060)",Unfall 138671 (2017) Kat:3, Licht: 0,138671,3,3,5,08,07,6,1,0,0,1,0,0,,0
"POINT (8.789852616000076 53.071497833000080)",Unfall 138672 (2017) Kat:2, Licht: 0,138672,2,1,0,08,07,5,1,0,0,0,0,1,,0
"POINT (8.765856199000041 53.061910219000026)",Unfall 138673 (2017) Kat:3, Licht: 2,138673,3,7,0,08,04,6,0,2,0,1,1,0,,0
"POINT (8.898914062000074 53.128031442000065)",Unfall 138674 (2017) Kat:3, Licht: 0,138674,3,6,1,08,15,5,0,0,0,1,0,0,,1
"POINT (8.832001977000061 53.077517835000037)",Unfall 138675 (2017) Kat:3, Licht: 0,138675,3,3,5,08,18,6,0,0,1,1,0,0,,0
"POINT (8.766546507000044 53.061733759000049)",Unfall 138676 (2017) Kat:3, Licht: 2,138676,3,7,1,08,03,6,0,2,0,1,1,0,,0
"POINT (8.817154841000047 53.078749423000033)",Unfall 138677 (2017) Kat:3, Licht: 0,138677,3,6,1,08,13,5,0,0,0,1,0,0,,0
"POINT (8.806232919000024 53.079633204000061)",Unfall 138678 (2017) Kat:3, Licht: 0,138678,3,1,0,08,13,6,1,0,1,0,0,0,,0
"POINT (8.805781061000062 53.081370808000031)",Unfall 138679 (2017) Kat:3, Licht: 0,138679,3,7,3,08,18,6,1,0,0,1,0,0,,1
"POINT (8.887902187000066 53.034629426000038)",Unfall 138680 (2017) Kat:3, Licht: 0,138680,3,3,5,08,12,6,1,0,0,1,0,0,,1
"POINT (8.583848595000063 53.181701686000054)",Unfall 138681 (2017) Kat:3, Licht: 0,138681,3,3,5,08,11,6,1,0,0,1,0,0,,0
"POINT (8.572524025000064 53.197798877000082)",Unfall 138683 (2017) Kat:2, Licht: 0,138683,2,7,0,08,18,5,0,0,0,0,0,0,,1
"POINT (8.886501529000043 53.120564652000041)",Unfall 138684 (2017) Kat:3, Licht: 0,138684,3,7,1,08,08,5,0,0,1,1,0,0,,0
"POINT (8.797272893000070 53.086425597000073)",Unfall 138685 (2017) Kat:3, Licht: 0,138685,3,4,6,08,17,5,0,0,1,0,1,0,,0
"POINT (8.805286759000069 53.109390367000060)",Unfall 138686 (2017) Kat:3, Licht: 0,138686,3,6,2,08,09,5,0,0,0,1,0,0,,1
"POINT (8.877523168000039 53.065649625000049)",Unfall 138687 (2017) Kat:3, Licht: 0,138687,3,6,3,08,19,5,0,0,0,1,0,0,,0
"POINT (8.832025522000038 53.068647943000030)",Unfall 138688 (2017) Kat:3, Licht: 0,138688,3,7,6,08,16,5,0,0,1,0,1,0,,0
"POINT (8.902961574000074 53.094620876000079)",Unfall 138689 (2017) Kat:3, Licht: 0,138689,3,7,0,08,08,5,0,0,1,1,0,0,,0
"POINT (8.635989159000076 53.171280806000027)",Unfall 138690 (2017) Kat:3, Licht: 0,138690,3,2,5,08,08,5,0,0,1,1,0,0,,0
"POINT (8.601120890000061 53.184725870000079)",Unfall 138691 (2017) Kat:2, Licht: 0,138691,2,6,4,09,13,5,0,0,0,1,0,0,,0
"POINT (8.787223777000065 53.070038596000074)",Unfall 138693 (2017) Kat:2, Licht: 0,138693,2,5,1,08,12,4,0,0,1,1,0,0,,0
"POINT (8.716955584000061 53.177135192000037)",Unfall 138695 (2017) Kat:3, Licht: 2,138695,3,6,2,11,23,7,1,2,0,1,0,0,,0
"POINT (8.786540172000059 53.100658763000069)",Unfall 138696 (2017) Kat:3, Licht: 1,138696,3,2,5,11,17,7,0,1,0,1,0,0,,1
"POINT (8.611348339000074 53.175254472000063)",Unfall 138697 (2017) Kat:3, Licht: 0,138697,3,1,0,11,13,7,1,0,1,0,0,0,,0
"POINT (8.795735226000033 53.056160446000035)",Unfall 138698 (2017) Kat:3, Licht: 0,138698,3,3,5,11,14,7,0,0,0,1,0,0,,0
"POINT (8.791002654000067 53.091545100000076)",Unfall 138699 (2017) Kat:3, Licht: 0,138699,3,2,5,11,10,7,0,0,1,1,0,0,,0
"POINT (8.747888085000056 53.125711205000073)",Unfall 138700 (2017) Kat:3, Licht: 0,138700,3,6,6,11,10,7,1,0,1,0,1,0,,0
"POINT (8.649712765000061 53.173923706000039)",Unfall 138701 (2017) Kat:2, Licht: 2,138701,2,3,5,09,05,2,1,2,1,1,0,0,,0
"POINT (8.799741072000074 53.054944829000078)",Unfall 138702 (2017) Kat:3, Licht: 0,138702,3,3,5,11,11,7,0,0,1,1,0,0,,0
"POINT (8.619445560000031 53.184067331000051)",Unfall 138703 (2017) Kat:3, Licht: 0,138703,3,7,2,09,07,2,0,0,0,1,0,0,,0
"POINT (8.817130508000048 53.052942815000051)",Unfall 138704 (2017) Kat:3, Licht: 2,138704,3,3,5,11,22,7,1,2,0,1,0,0,,0
"POINT (8.858229747000053 53.105270711000060)",Unfall 138705 (2017) Kat:3, Licht: 0,138705,3,3,5,11,13,2,0,0,1,1,0,0,,0
"POINT (8.903204308000056 53.099774314000058)",Unfall 138706 (2017) Kat:3, Licht: 0,138706,3,6,2,09,12,2,0,0,0,1,0,0,,0
"POINT (8.846151716000065 53.066411876000075)",Unfall 138707 (2017) Kat:3, Licht: 0,138707,3,6,2,11,13,7,1,0,0,1,0,0,,1
"POINT (8.791262506000066 53.065628044000050)",Unfall 138709 (2017) Kat:3, Licht: 0,138709,3,7,7,11,07,3,0,0,1,0,0,0,,1
"POINT (8.805737872000066 53.059930800000075)",Unfall 138710 (2017) Kat:3, Licht: 0,138710,3,5,1,09,11,2,0,0,0,1,0,0,,0
"POINT (8.889116307000052 53.110347394000030)",Unfall 138711 (2017) Kat:3, Licht: 0,138711,3,3,5,11,12,6,0,0,1,1,0,0,,0
"POINT (8.702132755000037 53.167991648000054)",Unfall 138712 (2017) Kat:3, Licht: 0,138712,3,4,6,11,11,6,0,0,0,0,1,0,,1
"POINT (8.793382290000068 53.080739913000059)",Unfall 138713 (2017) Kat:3, Licht: 2,138713,3,3,5,11,18,4,1,2,1,1,0,0,,0
"POINT (8.560855407000076 53.191372594000029)",Unfall 138714 (2017) Kat:3, Licht: 0,138714,3,2,5,09,08,2,0,0,0,1,0,0,,0
"POINT (8.808418117000031 53.082995877000030)",Unfall 138715 (2017) Kat:3, Licht: 0,138715,3,6,3,11,10,6,0,0,0,1,0,0,,1
"POINT (8.938604655000063 53.087080073000038)",Unfall 138716 (2017) Kat:3, Licht: 0,138716,3,4,6,11,16,5,0,0,0,1,1,0,,0
"POINT (8.918137010000066 53.038886636000029)",Unfall 138717 (2017) Kat:3, Licht: 1,138717,3,7,0,11,07,6,1,1,1,0,0,0,,0
"POINT (8.867021490000070 53.070026846000076)",Unfall 138718 (2017) Kat:3, Licht: 0,138718,3,5,1,11,07,6,1,0,1,1,0,0,,0
"POINT (8.811416290000068 53.080333712000026)",Unfall 138722 (2017) Kat:3, Licht: 0,138722,3,6,2,11,11,5,0,0,0,1,0,0,,1
"POINT (8.840265435000049 53.067481834000034)",Unfall 138723 (2017) Kat:3, Licht: 0,138723,3,6,2,11,12,5,0,0,0,1,0,0,,0
"POINT (8.883905034000065 53.079095071000040)",Unfall 138724 (2017) Kat:3, Licht: 0,138724,3,3,5,11,13,5,0,0,1,1,0,0,,0
"POINT (8.887638946000038 53.032271757000046)",Unfall 138725 (2017) Kat:3, Licht: 0,138725,3,3,5,11,14,5,0,0,0,0,0,0,,1
"POINT (8.797001976000047 53.076414700000043)",Unfall 138726 (2017) Kat:2, Licht: 2,138726,2,2,5,11,19,5,1,2,0,1,0,0,,1
"POINT (8.828742426000076 53.078081812000050)",Unfall 138727 (2017) Kat:3, Licht: 0,138727,3,2,5,11,09,5,1,0,1,0,0,0,,1
"POINT (8.836361588000045 53.074829800000032)",Unfall 138728 (2017) Kat:3, Licht: 0,138728,3,3,5,11,08,5,1,0,1,1,0,0,,0
"POINT (8.794607729000063 53.091619754000078)",Unfall 138729 (2017) Kat:3, Licht: 0,138729,3,3,5,11,13,5,0,0,1,1,0,0,,0
"POINT (8.885533569000074 53.058472745000074)",Unfall 138730 (2017) Kat:3, Licht: 1,138730,3,6,2,11,18,5,0,1,0,1,0,0,,0
"POINT (8.762987729000031 53.113992475000032)",Unfall 138732 (2017) Kat:3, Licht: 0,138732,3,7,0,11,15,5,0,0,1,1,0,0,,0
"POINT (8.899023580000062 53.048614555000029)",Unfall 138733 (2017) Kat:3, Licht: 2,138733,3,7,6,11,19,5,0,2,0,0,1,0,,1
"POINT (8.635645329000056 53.179111484000032)",Unfall 138736 (2017) Kat:3, Licht: 0,138736,3,3,5,11,13,4,1,0,1,1,0,0,,0
"POINT (8.790116530000034 53.079706895000072)",Unfall 138737 (2017) Kat:3, Licht: 0,138737,3,6,2,11,15,4,0,0,0,1,0,0,,0
"POINT (8.818715086000054 53.080101648000038)",Unfall 138738 (2017) Kat:3, Licht: 0,138738,3,7,2,11,09,4,1,0,1,1,0,0,,0
"POINT (8.562310746000037 53.192177642000047)",Unfall 138739 (2017) Kat:3, Licht: 2,138739,3,2,5,11,18,4,1,2,0,1,0,1,,0
"POINT (8.809785394000073 53.068821298000046)",Unfall 138740 (2017) Kat:3, Licht: 2,138740,3,3,5,11,19,4,1,2,1,1,0,0,,0
"POINT (8.833937418000062 53.071087886000043)",Unfall 138741 (2017) Kat:3, Licht: 0,138741,3,2,5,11,13,4,1,0,1,0,0,0,,1
"POINT (8.794894837000072 53.095471511000028)",Unfall 138742 (2017) Kat:3, Licht: 0,138742,3,6,2,11,12,4,1,0,0,1,0,0,,0
"POINT (8.862764343000038 53.099263606000079)",Unfall 138743 (2017) Kat:3, Licht: 0,138743,3,6,2,11,15,4,1,0,0,1,0,0,,1
"POINT (8.850564615000053 53.071117589000039)",Unfall 138744 (2017) Kat:3, Licht: 1,138744,3,2,5,09,07,2,1,1,1,1,0,0,,0
"POINT (8.838182988000028 53.078891736000060)",Unfall 138746 (2017) Kat:3, Licht: 2,138746,3,2,5,09,20,1,1,2,1,1,0,0,,0
"POINT (8.833187448000047 53.115073606000067)",Unfall 138747 (2017) Kat:3, Licht: 2,138747,3,7,9,11,05,4,1,2,0,1,0,0,,0
"POINT (8.686408005000033 53.170903159000034)",Unfall 138748 (2017) Kat:3, Licht: 0,138748,3,1,6,11,08,4,1,0,0,0,1,1,,0
"POINT (8.788208514000075 53.076555130000031)",Unfall 138749 (2017) Kat:3, Licht: 2,138749,3,2,3,11,20,2,0,2,0,1,0,0,,0
"POINT (8.612170712000022 53.184365826000032)",Unfall 138750 (2017) Kat:3, Licht: 0,138750,3,5,1,09,17,1,0,0,0,1,0,0,,0
"POINT (8.871571782000046 53.086491869000042)",Unfall 138751 (2017) Kat:3, Licht: 1,138751,3,7,0,11,07,4,1,1,1,1,0,0,,0
"POINT (8.777123120000056 53.106605339000055)",Unfall 138752 (2017) Kat:3, Licht: 1,138752,3,3,5,11,07,4,1,1,1,0,0,0,,0
"POINT (8.844995963000031 53.045780881000042)",Unfall 138753 (2017) Kat:3, Licht: 2,138753,3,4,6,11,05,3,1,2,0,1,1,0,,0
"POINT (8.799046905000068 53.090878589000056)",Unfall 138754 (2017) Kat:2, Licht: 0,138754,2,7,0,09,13,1,0,0,1,0,0,0,,0
"POINT (8.723832385000037 53.043511284000033)",Unfall 138755 (2017) Kat:3, Licht: 0,138755,3,3,5,11,14,4,1,0,0,1,0,0,,0
"POINT (8.871441117000074 53.076674829000069)",Unfall 138757 (2017) Kat:3, Licht: 2,138757,3,6,2,09,22,1,0,2,1,1,0,0,,0
"POINT (8.875431873000025 53.082094836000067)",Unfall 138758 (2017) Kat:3, Licht: 2,138758,3,2,5,11,21,4,0,2,1,1,0,0,,0
"POINT (8.919272697000054 53.038220318000072)",Unfall 138759 (2017) Kat:3, Licht: 2,138759,3,4,6,09,03,1,0,2,1,0,1,0,,0
"POINT (8.786724843000059 53.074398243000076)",Unfall 138760 (2017) Kat:3, Licht: 0,138760,3,3,5,11,08,4,1,0,1,1,0,0,,0
"POINT (8.586788980000051 53.182535735000044)",Unfall 138761 (2017) Kat:2, Licht: 0,138761,2,3,5,11,16,4,1,0,0,1,0,1,,0
"POINT (8.777876003000074 53.095088755000063)",Unfall 138763 (2017) Kat:3, Licht: 0,138763,3,3,5,10,15,3,0,0,1,1,0,0,,0
"POINT (8.704093752000063 53.173006025000063)",Unfall 138764 (2017) Kat:3, Licht: 0,138764,3,3,5,11,08,2,0,0,0,1,0,0,,0
"POINT (8.882562561000043 53.063615739000056)",Unfall 138765 (2017) Kat:2, Licht: 0,138765,2,1,0,10,13,3,0,0,1,0,0,0,,0
"POINT (8.854489434000072 53.070666581000069)",Unfall 138766 (2017) Kat:3, Licht: 1,138766,3,2,5,11,16,3,0,1,1,1,0,0,,0
"POINT (8.943240563000074 53.066595489000065)",Unfall 138768 (2017) Kat:3, Licht: 2,138768,3,6,3,10,20,3,1,2,0,1,0,1,,1
"POINT (8.838002137000046 53.067873962000078)",Unfall 138771 (2017) Kat:2, Licht: 2,138771,2,3,5,09,20,7,0,2,1,1,0,0,,0
"POINT (8.717315432000021 53.062791384000036)",Unfall 138773 (2017) Kat:3, Licht: 0,138773,3,7,8,10,14,2,0,0,0,1,0,0,,0
"POINT (8.808042180000030 53.059569878000048)",Unfall 138774 (2017) Kat:3, Licht: 2,138774,3,2,5,11,18,5,0,2,1,1,0,0,,0
"POINT (8.885807655000065 53.061097643000039)",Unfall 138775 (2017) Kat:3, Licht: 0,138775,3,3,5,09,13,7,0,0,0,1,0,0,,0
"POINT (8.824442607000037 53.084519557000078)",Unfall 138776 (2017) Kat:3, Licht: 2,138776,3,2,2,10,18,2,1,2,0,1,0,0,,0
"POINT (8.803200226000058 53.084672099000045)",Unfall 138777 (2017) Kat:3, Licht: 0,138777,3,2,5,10,12,2,0,0,1,1,0,0,,0
"POINT (8.961588103000054 53.066835311000034)",Unfall 138778 (2017) Kat:3, Licht: 2,138778,3,3,5,11,22,6,1,2,1,1,0,0,,0
"POINT (8.870799586000032 53.098489485000073)",Unfall 138779 (2017) Kat:3, Licht: 0,138779,3,6,3,10,10,2,0,0,1,0,0,0,,0
"POINT (8.799074381000025 53.105605714000035)",Unfall 138780 (2017) Kat:3, Licht: 2,138780,3,6,2,10,05,2,0,2,0,1,0,0,,0
"POINT (8.840209510000022 53.067491901000039)",Unfall 138781 (2017) Kat:3, Licht: 1,138781,3,6,2,10,17,2,1,1,0,1,0,0,,0
"POINT (8.919916644000068 53.073376091000057)",Unfall 138782 (2017) Kat:3, Licht: 0,138782,3,3,5,10,14,2,1,0,1,1,0,0,,0
"POINT (8.895723372000020 53.097137116000056)",Unfall 138783 (2017) Kat:3, Licht: 0,138783,3,6,3,10,13,2,1,0,1,0,0,0,,0
"POINT (8.896857380000029 53.118233496000073)",Unfall 138784 (2017) Kat:3, Licht: 0,138784,3,7,2,10,13,2,1,0,0,1,0,0,,0
"POINT (8.914130457000056 53.059604742000033)",Unfall 138785 (2017) Kat:3, Licht: 0,138785,3,6,2,10,14,2,1,0,0,1,0,0,,1
"POINT (8.732376589000069 53.058304607000082)",Unfall 138786 (2017) Kat:3, Licht: 2,138786,3,6,2,10,03,1,1,2,0,1,0,0,,0
"POINT (8.816947983000034 53.066006341000048)",Unfall 138787 (2017) Kat:2, Licht: 0,138787,2,7,6,10,11,1,1,0,1,0,1,0,,0
"POINT (8.859433572000057 53.046809903000053)",Unfall 138788 (2017) Kat:2, Licht: 2,138788,2,1,0,10,17,1,1,2,1,0,0,0,,0
"POINT (8.811625682000056 53.081671430000029)",Unfall 138791 (2017) Kat:2, Licht: 2,138791,2,4,6,10,23,7,1,2,0,1,1,0,,0
"POINT (8.796885168000074 53.094670740000026)",Unfall 138792 (2017) Kat:3, Licht: 1,138792,3,2,5,10,17,7,1,1,1,1,0,0,,0
"POINT (8.877204315000029 53.074803550000070)",Unfall 138793 (2017) Kat:2, Licht: 0,138793,2,1,0,09,09,7,0,0,1,0,0,0,,0
"POINT (8.837248246000058 53.037817005000079)",Unfall 138794 (2017) Kat:3, Licht: 0,138794,3,6,2,09,18,6,0,0,0,1,0,0,,0
"POINT (8.752572001000033 53.112214912000070)",Unfall 138795 (2017) Kat:3, Licht: 0,138795,3,4,6,09,18,6,0,0,0,1,1,0,,0
"POINT (8.747575191000067 53.125985681000031)",Unfall 138796 (2017) Kat:3, Licht: 2,138796,3,7,5,10,21,7,1,2,0,1,0,0,,0
"POINT (8.958219776000021 53.046666604000052)",Unfall 138797 (2017) Kat:3, Licht: 2,138797,3,4,6,11,22,1,0,2,0,1,1,0,,0
"POINT (8.932942425000022 53.058881418000055)",Unfall 138798 (2017) Kat:3, Licht: 0,138798,3,3,5,11,12,1,0,0,0,1,0,0,,0
"POINT (8.797115016000021 53.076329069000053)",Unfall 138799 (2017) Kat:3, Licht: 2,138799,3,2,3,11,19,2,0,2,0,1,0,0,,1
"POINT (8.770994428000051 53.114412240000036)",Unfall 138800 (2017) Kat:3, Licht: 0,138800,3,1,6,09,13,6,0,0,0,1,1,0,,0
"POINT (8.892156175000025 53.054973679000057)",Unfall 138801 (2017) Kat:3, Licht: 0,138801,3,3,5,10,12,7,0,0,0,1,0,0,,1
"POINT (8.562297909000051 53.192170541000053)",Unfall 138803 (2017) Kat:3, Licht: 2,138803,3,3,5,11,06,3,1,2,0,1,0,0,,0
"POINT (8.882605465000040 53.100810107000029)",Unfall 138804 (2017) Kat:2, Licht: 0,138804,2,3,5,09,11,6,0,0,1,1,0,0,,0
"POINT (8.911112528000047 53.082675667000046)",Unfall 138807 (2017) Kat:3, Licht: 0,138807,3,6,0,09,07,6,0,0,0,1,0,1,,0
"POINT (8.755534477000026 53.124764962000029)",Unfall 138809 (2017) Kat:3, Licht: 0,138809,3,3,5,10,13,6,1,0,1,1,0,0,,0
"POINT (8.781104998000046 53.060267626000041)",Unfall 138810 (2017) Kat:3, Licht: 0,138810,3,3,5,10,14,6,0,0,0,1,0,0,,0
"POINT (8.857030565000059 53.072690178000073)",Unfall 138811 (2017) Kat:3, Licht: 2,138811,3,2,2,10,18,6,1,2,0,1,0,0,,0
"POINT (8.782741205000036 53.087115098000027)",Unfall 138812 (2017) Kat:2, Licht: 0,138812,2,3,5,10,07,6,1,0,1,0,0,0,,1
"POINT (8.870986497000047 53.087484696000047)",Unfall 138813 (2017) Kat:3, Licht: 2,138813,3,3,5,10,19,6,1,2,1,1,0,0,,0
"POINT (8.823915157000045 53.033471791000068)",Unfall 138814 (2017) Kat:3, Licht: 0,138814,3,3,5,10,07,6,1,0,1,1,0,0,,0
"POINT (8.790396401000066 53.086246225000082)",Unfall 138815 (2017) Kat:2, Licht: 0,138815,2,2,5,10,14,6,0,0,1,0,0,0,,1
"POINT (8.772113004000062 53.081781980000073)",Unfall 138819 (2017) Kat:3, Licht: 0,138819,3,7,0,10,14,5,0,0,0,0,1,0,,1
"POINT (8.848719389000053 53.071479330000045)",Unfall 138820 (2017) Kat:3, Licht: 0,138820,3,1,6,10,12,5,0,0,1,0,1,0,,0
"POINT (8.657134028000030 53.174679085000037)",Unfall 138821 (2017) Kat:3, Licht: 1,138821,3,6,4,10,16,5,1,1,0,1,0,0,,0
"POINT (8.816369707000035 53.027789735000056)",Unfall 138822 (2017) Kat:3, Licht: 0,138822,3,4,6,09,14,6,0,0,0,1,1,0,,0
"POINT (8.963291943000058 53.057947838000075)",Unfall 138823 (2017) Kat:3, Licht: 0,138823,3,3,5,09,07,6,0,0,1,1,0,0,,0
"POINT (8.964035803000058 53.061799961000077)",Unfall 138824 (2017) Kat:3, Licht: 0,138824,3,6,4,09,16,6,0,0,0,1,0,0,,0
"POINT (8.809028205000061 53.060316052000076)",Unfall 138825 (2017) Kat:3, Licht: 0,138825,3,7,7,10,12,5,0,0,1,0,0,0,,1
"POINT (8.739116871000022 53.078666841000029)",Unfall 138826 (2017) Kat:3, Licht: 0,138826,3,1,0,10,13,5,1,0,0,0,0,1,,0
"POINT (8.537359969000022 53.191788215000031)",Unfall 138827 (2017) Kat:3, Licht: 2,138827,3,5,1,10,23,5,1,2,0,1,0,0,,1
"POINT (8.783858654000028 53.075545477000048)",Unfall 138828 (2017) Kat:3, Licht: 2,138828,3,6,1,10,21,5,1,2,0,1,0,1,,0
"POINT (8.882032856000024 53.079097685000079)",Unfall 138829 (2017) Kat:3, Licht: 0,138829,3,3,5,10,14,5,0,0,1,1,0,0,,0
"POINT (8.622956554000041 53.170815804000028)",Unfall 138833 (2017) Kat:3, Licht: 0,138833,3,4,6,09,08,5,0,0,0,1,1,0,,0