WKT,Name,OBJECTID,UKATEGORIE,UTYP1,UART,UMONAT,USTUNDE,UWOCHENTAG,STRZUSTAND,ULICHTVERH,ISTRAD,ISTPKW,ISTFUSS,ISTKRAD,ISTGKFZ,ISTSONSTIG
"POINT (8.837098682000033 53.082647869000027)",Unfall 138834 (2017) Kat:3, Licht: 0,138834,3,4,6,09,11,5,0,0,1,0,1,0,,0
"POINT (8.732235338000066 53.058282929000029)",Unfall 138835 (2017) Kat:3, Licht: 0,138835,3,4,6,09,14,5,0,0,0,1,1,0,,0
"POINT (8.842774923000036 53.072321209000052)",Unfall 138836 (2017) Kat:3, Licht: 1,138836,3,2,4,10,18,4,1,1,0,1,0,0,,1
"POINT (8.860285402000045 53.105870711000080)",Unfall 138837 (2017) Kat:3, Licht: 2,138837,3,6,2,10,07,4,1,2,0,1,0,0,,0
"POINT (8.825295976000064 53.043562368000039)",Unfall 138838 (2017) Kat:3, Licht: 0,138838,3,3,5,11,13,2,0,0,1,1,0,0,,0
"POINT (8.809121862000040 53.098894748000077)",Unfall 138839 (2017) Kat:3, Licht: 0,138839,3,7,0,10,16,4,1,0,1,0,0,0,,0
"POINT (8.568173687000069 53.181547690000059)",Unfall 138840 (2017) Kat:3, Licht: 0,138840,3,3,0,10,12,4,1,0,0,1,0,1,,0
"POINT (8.804745428000047 53.093445045000067)",Unfall 138841 (2017) Kat:3, Licht: 2,138841,3,7,1,11,17,3,0,2,0,1,0,1,,0
"POINT (8.892655448000028 53.129249424000079)",Unfall 138842 (2017) Kat:2, Licht: 1,138842,2,3,5,09,20,5,1,1,1,0,0,0,,0
"POINT (8.716499319000036 53.134504047000064)",Unfall 138843 (2017) Kat:3, Licht: 0,138843,3,2,5,10,15,4,0,0,0,1,0,0,,0
"POINT (8.919911710000065 53.059583853000049)",Unfall 138844 (2017) Kat:3, Licht: 0,138844,3,3,5,09,13,5,0,0,0,1,0,0,,1
"POINT (8.743778067000051 53.125965319000045)",Unfall 138845 (2017) Kat:3, Licht: 0,138845,3,7,0,10,08,4,1,0,0,1,0,0,,0
"POINT (8.882558320000044 53.100826296000037)",Unfall 138846 (2017) Kat:2, Licht: 2,138846,2,2,3,10,20,4,1,2,1,1,0,0,,0
"POINT (8.833233749000044 53.081637492000027)",Unfall 138847 (2017) Kat:3, Licht: 0,138847,3,6,2,10,14,4,1,0,0,1,0,0,,0
"POINT (8.900903146000076 53.089344867000079)",Unfall 138848 (2017) Kat:2, Licht: 0,138848,2,3,5,10,13,4,1,0,0,1,0,1,,0
"POINT (8.732556246000058 53.047804314000075)",Unfall 138850 (2017) Kat:3, Licht: 0,138850,3,7,5,10,08,3,1,0,1,1,0,0,,0
"POINT (8.876415992000034 53.101379381000072)",Unfall 138851 (2017) Kat:3, Licht: 0,138851,3,6,2,10,13,3,1,0,0,1,0,1,,0
"POINT (8.565334250000035 53.197181925000052)",Unfall 138852 (2017) Kat:3, Licht: 1,138852,3,3,5,10,07,3,1,1,1,1,0,0,,0
"POINT (8.765679166000041 53.084684801000037)",Unfall 138853 (2017) Kat:3, Licht: 0,138853,3,3,5,10,12,3,0,0,0,1,0,1,,0
"POINT (8.605551683000044 53.184574062000081)",Unfall 138854 (2017) Kat:3, Licht: 2,138854,3,6,2,10,21,3,1,2,0,1,0,0,,0
"POINT (8.836879283000030 53.076953159000027)",Unfall 138855 (2017) Kat:3, Licht: 2,138855,3,4,6,10,19,3,1,2,1,0,1,0,,0
"POINT (8.562279798000077 53.192160523000041)",Unfall 138856 (2017) Kat:2, Licht: 0,138856,2,3,5,10,13,3,1,0,0,1,0,0,,1
"POINT (8.847162035000054 53.086993717000041)",Unfall 138857 (2017) Kat:3, Licht: 2,138857,3,2,5,10,20,3,1,2,1,1,0,0,,0
"POINT (8.882084649000035 53.103140496000037)",Unfall 138858 (2017) Kat:3, Licht: 2,138858,3,4,6,10,22,3,1,2,1,0,1,0,,0
"POINT (8.578565138000045 53.184939598000028)",Unfall 138859 (2017) Kat:3, Licht: 0,138859,3,3,5,10,12,3,1,0,0,1,0,0,,0
"POINT (8.796860735000053 53.080954222000059)",Unfall 138860 (2017) Kat:3, Licht: 0,138860,3,6,2,10,13,3,1,0,1,0,0,0,,0
"POINT (8.628798759000063 53.192416296000033)",Unfall 138861 (2017) Kat:2, Licht: 0,138861,2,4,6,10,07,3,1,0,0,1,1,0,,0
"POINT (8.781096246000061 53.055095876000053)",Unfall 138862 (2017) Kat:2, Licht: 2,138862,2,3,5,10,18,3,1,2,1,1,0,0,,0
"POINT (8.824438553000050 53.084297372000037)",Unfall 138863 (2017) Kat:3, Licht: 2,138863,3,3,5,10,21,3,1,2,1,1,0,0,,0
"POINT (8.948256931000060 53.063933673000065)",Unfall 138864 (2017) Kat:3, Licht: 0,138864,3,6,2,10,10,3,1,0,0,1,0,0,,0
"POINT (8.631575081000051 53.169523213000048)",Unfall 138868 (2017) Kat:3, Licht: 0,138868,3,4,6,09,11,5,0,0,0,1,1,0,,0
"POINT (8.887819320000062 53.034581084000081)",Unfall 138869 (2017) Kat:3, Licht: 0,138869,3,2,5,09,16,5,0,0,1,1,0,0,,0
"POINT (8.820546152000077 53.112026275000062)",Unfall 138870 (2017) Kat:3, Licht: 0,138870,3,6,2,09,09,5,0,0,0,1,0,0,,0
"POINT (8.800180044000058 53.078510258000051)",Unfall 138871 (2017) Kat:2, Licht: 0,138871,2,4,6,09,16,5,0,0,0,0,1,0,,1
"POINT (8.820725946000039 53.069336423000038)",Unfall 138873 (2017) Kat:3, Licht: 0,138873,3,3,5,11,14,1,0,0,1,1,0,0,,0
"POINT (8.804720261000057 53.083788892000030)",Unfall 138874 (2017) Kat:3, Licht: 0,138874,3,7,0,09,13,5,0,0,0,1,1,0,,0
"POINT (8.623830781000038 53.176007941000080)",Unfall 138877 (2017) Kat:3, Licht: 0,138877,3,3,5,10,10,2,1,0,1,1,0,0,,0
"POINT (8.803164110000068 53.084643820000053)",Unfall 138878 (2017) Kat:3, Licht: 0,138878,3,6,0,11,15,6,1,0,1,0,0,0,,0
"POINT (8.597567320000053 53.184822874000076)",Unfall 138879 (2017) Kat:3, Licht: 0,138879,3,3,0,10,16,2,1,0,0,1,0,1,,0
"POINT (8.934545296000067 53.090304300000071)",Unfall 138880 (2017) Kat:2, Licht: 0,138880,2,7,0,11,10,2,0,0,1,0,0,0,,0
"POINT (8.816384808000066 53.097208548000026)",Unfall 138881 (2017) Kat:3, Licht: 0,138881,3,2,5,10,15,2,1,0,1,0,0,0,,0
"POINT (8.835610443000064 53.073781582000038)",Unfall 138882 (2017) Kat:3, Licht: 0,138882,3,6,2,10,14,2,1,0,0,1,0,0,,0
"POINT (8.866433745000052 53.071924103000072)",Unfall 138883 (2017) Kat:3, Licht: 0,138883,3,6,0,10,15,2,1,0,0,1,0,1,,0
"POINT (8.570983708000028 53.186480849000077)",Unfall 138884 (2017) Kat:3, Licht: 0,138884,3,4,6,10,15,2,1,0,0,1,1,0,,0
"POINT (8.815433009000060 53.062307147000070)",Unfall 138885 (2017) Kat:3, Licht: 1,138885,3,7,0,10,08,2,1,1,1,0,0,0,,1
"POINT (8.803200249000042 53.084598347000053)",Unfall 138886 (2017) Kat:3, Licht: 0,138886,3,6,3,10,17,2,1,0,1,1,0,0,,0
"POINT (8.901556235000044 53.097929415000067)",Unfall 138887 (2017) Kat:3, Licht: 0,138887,3,7,2,10,11,2,1,0,0,1,0,0,,0
"POINT (8.914582483000061 53.094186603000082)",Unfall 138888 (2017) Kat:3, Licht: 0,138888,3,6,3,11,15,1,0,0,1,1,0,0,,0
"POINT (8.812385407000022 53.080952450000041)",Unfall 138889 (2017) Kat:3, Licht: 0,138889,3,6,3,10,15,1,0,0,0,1,0,0,,0
"POINT (8.756752400000039 53.110459723000076)",Unfall 138890 (2017) Kat:2, Licht: 2,138890,2,6,2,11,17,3,0,2,0,1,0,0,,0
"POINT (8.805587482000021 53.083582364000051)",Unfall 138893 (2017) Kat:3, Licht: 0,138893,3,4,6,10,10,7,1,0,0,0,1,1,,0
"POINT (8.609652240000060 53.182671777000053)",Unfall 138894 (2017) Kat:3, Licht: 2,138894,3,7,9,11,22,3,1,2,0,1,0,0,,0
"POINT (8.814114030000042 53.091120426000032)",Unfall 138896 (2017) Kat:3, Licht: 0,138896,3,3,5,10,09,7,1,0,0,1,0,0,,0
"POINT (8.851339394000036 53.072281037000039)",Unfall 138898 (2017) Kat:3, Licht: 2,138898,3,1,0,10,20,7,1,2,1,0,0,0,,0
"POINT (8.791992350000044 53.067329276000066)",Unfall 138899 (2017) Kat:2, Licht: 0,138899,2,4,6,10,09,7,0,0,1,0,1,0,,0
"POINT (8.873870005000072 53.064504109000040)",Unfall 138900 (2017) Kat:3, Licht: 0,138900,3,7,0,10,15,7,1,0,1,0,0,0,,1
"POINT (8.609241328000053 53.175735367000073)",Unfall 138901 (2017) Kat:3, Licht: 0,138901,3,2,5,10,16,7,1,0,0,1,0,0,,0
"POINT (8.950494630000037 53.064743230000033)",Unfall 138902 (2017) Kat:3, Licht: 0,138902,3,4,0,10,12,7,1,0,0,0,1,0,,1
"POINT (8.892146792000062 53.082546287000071)",Unfall 138903 (2017) Kat:3, Licht: 0,138903,3,6,1,10,15,7,1,0,0,1,0,0,,0
"POINT (8.960730497000043 53.041976012000077)",Unfall 138907 (2017) Kat:3, Licht: 0,138907,3,6,1,10,16,6,1,0,0,1,0,0,,0
"POINT (8.786995286000035 53.103330084000049)",Unfall 138908 (2017) Kat:3, Licht: 1,138908,3,2,3,10,07,6,0,1,0,0,0,1,,1
"POINT (8.690178667000055 53.172088525000049)",Unfall 138909 (2017) Kat:2, Licht: 0,138909,2,3,5,10,09,6,1,0,0,1,0,0,,1
"POINT (8.808641810000040 53.083124946000055)",Unfall 138910 (2017) Kat:3, Licht: 0,138910,3,3,5,10,12,6,1,0,0,1,0,0,,1
"POINT (8.899880543000052 53.059286336000071)",Unfall 138911 (2017) Kat:3, Licht: 0,138911,3,6,2,10,15,6,1,0,0,1,0,1,,0
"POINT (8.870717554000066 53.095908501000054)",Unfall 138912 (2017) Kat:3, Licht: 0,138912,3,3,5,09,09,4,1,0,0,1,0,0,,0
"POINT (8.736905880000052 53.051765490000037)",Unfall 138913 (2017) Kat:3, Licht: 0,138913,3,7,1,09,18,4,1,0,1,0,0,0,,1
"POINT (8.863477855000042 53.068440789000078)",Unfall 138914 (2017) Kat:3, Licht: 0,138914,3,1,0,09,15,4,1,0,0,0,0,1,,0
"POINT (8.740167416000077 53.051429445000053)",Unfall 138915 (2017) Kat:3, Licht: 0,138915,3,6,2,10,12,6,0,0,0,1,0,0,,0
"POINT (8.843383984000070 53.066922680000062)",Unfall 138916 (2017) Kat:3, Licht: 0,138916,3,1,8,10,13,6,1,0,1,1,0,0,,0
"POINT (8.772106268000073 53.063877706000028)",Unfall 138917 (2017) Kat:3, Licht: 0,138917,3,3,5,11,14,2,0,0,0,1,0,0,,0
"POINT (8.736276841000063 53.041331069000080)",Unfall 138918 (2017) Kat:3, Licht: 0,138918,3,7,5,09,11,4,0,0,1,0,0,0,,1
"POINT (8.764223519000041 53.113216871000077)",Unfall 138919 (2017) Kat:3, Licht: 0,138919,3,2,3,10,17,6,0,0,1,1,0,0,,0
"POINT (8.902300452000077 53.082139760000075)",Unfall 138921 (2017) Kat:3, Licht: 1,138921,3,6,4,10,07,6,1,1,1,0,0,0,,0
"POINT (8.825099098000067 53.084239967000030)",Unfall 138925 (2017) Kat:3, Licht: 2,138925,3,3,5,10,20,5,0,2,1,1,0,0,,0
"POINT (8.832167080000033 53.040308365000044)",Unfall 138926 (2017) Kat:3, Licht: 0,138926,3,3,5,10,18,5,0,0,1,1,0,0,,0
"POINT (8.807958813000028 53.087847774000068)",Unfall 138927 (2017) Kat:3, Licht: 0,138927,3,7,4,10,13,5,0,0,1,0,0,0,,0
"POINT (8.928735894000056 53.087203870000053)",Unfall 138928 (2017) Kat:3, Licht: 2,138928,3,3,5,10,20,5,0,2,0,1,0,1,,0
"POINT (8.963414589000024 53.057460106000065)",Unfall 138929 (2017) Kat:3, Licht: 2,138929,3,6,3,10,18,5,0,2,0,1,0,1,,0
"POINT (8.786792711000032 53.074488555000073)",Unfall 138930 (2017) Kat:3, Licht: 0,138930,3,2,5,10,17,5,0,0,1,1,0,0,,0
"POINT (8.723833046000038 53.043510726000079)",Unfall 138931 (2017) Kat:3, Licht: 2,138931,3,3,5,10,19,5,0,2,0,1,0,0,,0
"POINT (8.810987969000053 53.061259989000064)",Unfall 138935 (2017) Kat:3, Licht: 0,138935,3,3,5,09,17,3,1,0,1,1,0,0,,0
"POINT (8.761507217000030 53.121599361000051)",Unfall 138936 (2017) Kat:3, Licht: 1,138936,3,2,5,10,18,4,0,1,1,1,0,0,,0
"POINT (8.784400964000042 53.075456153000061)",Unfall 138937 (2017) Kat:3, Licht: 1,138937,3,6,4,09,07,3,1,1,1,0,0,0,,0
"POINT (8.859584234000067 53.072191738000072)",Unfall 138938 (2017) Kat:3, Licht: 2,138938,3,6,2,09,20,3,1,2,0,1,0,1,,0
"POINT (8.809825887000045 53.058733499000027)",Unfall 138939 (2017) Kat:3, Licht: 0,138939,3,1,9,09,17,3,0,0,0,1,0,0,,0
"POINT (8.803969261000077 53.103457166000055)",Unfall 138940 (2017) Kat:3, Licht: 0,138940,3,2,4,09,07,3,0,0,1,1,0,0,,0
"POINT (8.794901883000023 53.093938210000033)",Unfall 138941 (2017) Kat:3, Licht: 2,138941,3,3,5,09,19,3,0,2,1,1,0,0,,0
"POINT (8.786586678000049 53.087950654000053)",Unfall 138942 (2017) Kat:3, Licht: 0,138942,3,3,5,10,07,4,0,0,1,1,0,0,,0
"POINT (8.709478192000063 53.151190061000079)",Unfall 138943 (2017) Kat:3, Licht: 0,138943,3,3,5,10,15,4,0,0,0,1,0,0,,0
"POINT (8.958208342000035 53.046603434000076)",Unfall 138944 (2017) Kat:3, Licht: 0,138944,3,2,5,10,13,4,0,0,0,1,0,0,,0
"POINT (8.895906403000026 53.056971024000063)",Unfall 138946 (2017) Kat:3, Licht: 2,138946,3,1,9,10,23,4,0,2,0,1,0,0,,0
"POINT (8.832083491000049 53.071031067000035)",Unfall 138950 (2017) Kat:2, Licht: 0,138950,2,7,0,10,17,3,0,0,1,0,0,0,,0
"POINT (8.819834429000025 53.069496579000031)",Unfall 138951 (2017) Kat:3, Licht: 2,138951,3,2,4,10,07,3,0,2,0,1,0,1,,0
"POINT (8.789575496000055 53.054726223000046)",Unfall 138952 (2017) Kat:3, Licht: 1,138952,3,3,5,10,08,3,0,1,1,1,0,0,,0
"POINT (8.864261938000027 53.062705698000059)",Unfall 138953 (2017) Kat:3, Licht: 0,138953,3,3,5,10,16,3,0,0,1,1,0,0,,0
"POINT (8.785401597000032 53.088683581000055)",Unfall 138955 (2017) Kat:3, Licht: 0,138955,3,7,1,10,12,2,0,0,0,1,0,0,,0
"POINT (8.803520929000058 53.066796173000057)",Unfall 138956 (2017) Kat:3, Licht: 0,138956,3,5,1,10,15,2,0,0,1,1,0,0,,0
"POINT (8.889999075000048 53.108908788000065)",Unfall 138957 (2017) Kat:3, Licht: 1,138957,3,7,0,10,18,2,1,1,1,0,0,0,,0
"POINT (8.840435888000059 53.072437171000047)",Unfall 138958 (2017) Kat:3, Licht: 0,138958,3,6,2,10,13,2,0,0,0,1,0,0,,1
"POINT (8.820427840000036 53.037992869000050)",Unfall 138959 (2017) Kat:3, Licht: 0,138959,3,3,5,10,11,2,0,0,1,1,0,0,,0
"POINT (8.845163872000057 53.046062357000039)",Unfall 138960 (2017) Kat:3, Licht: 0,138960,3,7,2,10,11,2,0,0,0,1,0,0,,0
"POINT (8.870748523000032 53.095906936000063)",Unfall 138961 (2017) Kat:3, Licht: 1,138961,3,3,5,10,18,2,0,1,1,1,0,0,,0
"POINT (8.867546743000048 53.082086059000062)",Unfall 138962 (2017) Kat:3, Licht: 0,138962,3,6,2,10,15,2,0,0,0,1,0,0,,0
"POINT (8.962580497000033 53.058686446000081)",Unfall 138963 (2017) Kat:3, Licht: 0,138963,3,6,2,10,13,2,0,0,0,1,0,0,,0
"POINT (8.787372448000042 53.089863828000034)",Unfall 138964 (2017) Kat:3, Licht: 0,138964,3,6,2,10,11,2,0,0,0,1,0,0,,0
"POINT (8.696457918000021 53.168593898000040)",Unfall 138965 (2017) Kat:3, Licht: 0,138965,3,2,5,10,13,2,0,0,1,1,0,0,,0
"POINT (8.850200108000024 53.065576637000049)",Unfall 138967 (2017) Kat:3, Licht: 0,138967,3,2,4,10,11,1,0,0,1,1,0,0,,0
"POINT (8.833399349000047 53.086380257000030)",Unfall 138968 (2017) Kat:3, Licht: 1,138968,3,2,5,10,18,1,0,1,1,1,0,0,,0
"POINT (8.874773486000038 53.061230411000054)",Unfall 138969 (2017) Kat:3, Licht: 0,138969,3,3,5,09,14,3,0,0,1,1,0,0,,0
"POINT (8.904489727000055 53.109487679000040)",Unfall 138970 (2017) Kat:2, Licht: 0,138970,2,7,5,09,07,3,0,0,1,0,0,0,,1
"POINT (8.877789866000057 53.063924778000057)",Unfall 138971 (2017) Kat:3, Licht: 0,138971,3,6,2,10,16,1,0,0,0,1,0,0,,0
"POINT (8.781649943000048 53.087611337000055)",Unfall 138972 (2017) Kat:3, Licht: 0,138972,3,6,2,10,16,1,0,0,0,1,0,1,,0
"POINT (8.869278767000026 53.074808817000076)",Unfall 138973 (2017) Kat:3, Licht: 2,138973,3,2,5,11,19,5,1,2,1,1,0,0,,0
"POINT (8.807871155000044 53.072579181000037)",Unfall 138974 (2017) Kat:2, Licht: 0,138974,2,6,4,10,14,1,0,0,1,1,0,0,,0
"POINT (8.618192505000025 53.174495504000049)",Unfall 138975 (2017) Kat:3, Licht: 0,138975,3,7,0,11,15,6,0,0,0,0,0,0,,1
"POINT (8.783041604000061 53.104077459000052)",Unfall 138976 (2017) Kat:3, Licht: 2,138976,3,3,5,10,06,1,0,2,0,1,0,1,,0
"POINT (8.710190008000041 53.110763239000050)",Unfall 138977 (2017) Kat:3, Licht: 0,138977,3,6,4,10,12,1,0,0,0,1,0,0,,0
"POINT (8.810942289000025 53.092534445000069)",Unfall 138978 (2017) Kat:2, Licht: 2,138978,2,7,0,11,23,7,0,2,0,0,0,0,,1
"POINT (8.837922351000032 53.071866341000032)",Unfall 138979 (2017) Kat:3, Licht: 1,138979,3,6,2,10,18,1,0,1,0,1,0,0,,1
"POINT (8.819994713000028 53.069466738000074)",Unfall 138980 (2017) Kat:3, Licht: 0,138980,3,4,6,10,11,1,0,0,1,0,1,0,,0
"POINT (8.843406245000040 53.091865835000078)",Unfall 138982 (2017) Kat:3, Licht: 2,138982,3,3,5,10,21,7,0,2,0,1,0,1,,0
"POINT (8.826354220000042 53.079355645000078)",Unfall 138983 (2017) Kat:3, Licht: 0,138983,3,3,5,10,12,7,0,0,1,1,0,0,,0
"POINT (8.907346149000034 53.103794086000050)",Unfall 138984 (2017) Kat:2, Licht: 0,138984,2,3,5,10,17,7,0,0,0,1,0,1,,0
"POINT (8.818890998000029 53.111716300000069)",Unfall 138985 (2017) Kat:3, Licht: 2,138985,3,3,4,11,06,2,0,2,0,1,0,0,,0
"POINT (8.803242029000046 53.069617262000065)",Unfall 138986 (2017) Kat:2, Licht: 0,138986,2,3,5,09,08,3,0,0,1,1,0,0,,0
"POINT (8.899587397000062 53.100166945000069)",Unfall 138987 (2017) Kat:2, Licht: 0,138987,2,6,0,10,08,7,0,0,1,0,0,0,,0
"POINT (8.810034542000039 53.082181210000044)",Unfall 138989 (2017) Kat:3, Licht: 2,138989,3,7,6,10,19,7,0,2,0,1,1,0,,0
"POINT (8.818729828000073 53.077807253000060)",Unfall 138991 (2017) Kat:3, Licht: 2,138991,3,1,9,11,04,1,1,2,0,1,0,0,,0
"POINT (8.838844960000074 53.067734825000059)",Unfall 138992 (2017) Kat:3, Licht: 0,138992,3,6,2,10,13,6,0,0,0,1,0,0,,0
"POINT (8.954178455000033 53.066527111000028)",Unfall 138993 (2017) Kat:3, Licht: 0,138993,3,4,6,10,17,6,0,0,0,0,1,0,,1
"POINT (8.795521799000028 53.090534643000069)",Unfall 138994 (2017) Kat:3, Licht: 0,138994,3,3,5,10,12,6,0,0,0,1,0,1,,0
"POINT (8.802590052000028 53.079795407000063)",Unfall 138995 (2017) Kat:3, Licht: 0,138995,3,3,5,10,15,6,0,0,1,1,0,0,,0
"POINT (8.779581179000047 53.068857277000063)",Unfall 138996 (2017) Kat:3, Licht: 0,138996,3,6,3,10,13,6,0,0,0,1,0,0,,0
"POINT (8.854035143000033 53.082547102000035)",Unfall 138997 (2017) Kat:3, Licht: 0,138997,3,2,3,10,13,6,0,0,1,1,0,0,,0
"POINT (8.874561537000034 53.083244441000033)",Unfall 138998 (2017) Kat:3, Licht: 0,138998,3,3,5,10,15,6,0,0,0,1,0,0,,0
"POINT (8.914160180000067 53.065189071000077)",Unfall 138999 (2017) Kat:3, Licht: 0,138999,3,6,2,10,13,6,0,0,0,1,0,0,,0
"POINT (8.947810479000054 53.058075899000073)",Unfall 139003 (2017) Kat:3, Licht: 1,139003,3,6,2,09,06,2,1,1,0,1,0,0,,0
"POINT (8.799540056000069 53.070145811000032)",Unfall 139004 (2017) Kat:3, Licht: 0,139004,3,3,5,10,15,5,0,0,1,0,0,1,,0
"POINT (8.813752932000057 53.080245652000031)",Unfall 139005 (2017) Kat:3, Licht: 0,139005,3,3,5,10,16,5,0,0,1,1,0,0,,0
"POINT (8.794917756000075 53.093958207000071)",Unfall 139006 (2017) Kat:3, Licht: 2,139006,3,2,5,11,17,3,0,2,1,1,0,0,,0
"POINT (8.796360967000055 53.082554339000069)",Unfall 139007 (2017) Kat:3, Licht: 0,139007,3,2,4,10,17,5,0,0,1,1,0,0,,0
"POINT (8.786730936000026 53.075083847000030)",Unfall 139008 (2017) Kat:3, Licht: 2,139008,3,6,2,11,17,4,0,2,0,1,0,0,,0
"POINT (8.808285796000064 53.094730515000037)",Unfall 139009 (2017) Kat:3, Licht: 0,139009,3,2,5,09,08,2,1,0,0,1,0,0,,0
"POINT (8.854797202000043 53.076438836000079)",Unfall 139010 (2017) Kat:3, Licht: 0,139010,3,2,5,10,13,5,0,0,1,1,0,0,,0
"POINT (8.833506791000048 53.070631211000034)",Unfall 139013 (2017) Kat:3, Licht: 0,139013,3,6,2,09,13,2,0,0,1,0,0,0,,0
"POINT (8.788920077000057 53.097696537000047)",Unfall 139017 (2017) Kat:3, Licht: 0,139017,3,4,6,11,14,6,0,0,0,1,1,0,,0
"POINT (8.807433135000053 53.094350504000033)",Unfall 139019 (2017) Kat:3, Licht: 2,139019,3,2,6,11,18,7,1,2,0,1,1,0,,0
"POINT (8.831372128000055 53.081247834000067)",Unfall 139020 (2017) Kat:3, Licht: 0,139020,3,2,5,10,10,4,1,0,1,0,0,0,,1
"POINT (8.951804670000058 53.072616540000070)",Unfall 139021 (2017) Kat:3, Licht: 0,139021,3,6,4,10,11,4,1,0,0,1,0,0,,0
"POINT (8.615989482000032 53.176787660000059)",Unfall 139022 (2017) Kat:3, Licht: 0,139022,3,6,2,10,12,4,0,0,0,1,0,0,,1
"POINT (8.805817370000057 53.071460142000035)",Unfall 139023 (2017) Kat:3, Licht: 0,139023,3,2,5,10,13,4,0,0,1,1,0,0,,0
"POINT (8.883052848000034 53.063747680000063)",Unfall 139024 (2017) Kat:3, Licht: 0,139024,3,7,0,10,17,4,0,0,0,0,0,1,,0
"POINT (8.647125935000076 53.164890055000058)",Unfall 139025 (2017) Kat:3, Licht: 0,139025,3,1,8,10,17,4,1,0,0,0,0,1,,0
"POINT (8.881070395000052 53.080652005000047)",Unfall 139027 (2017) Kat:3, Licht: 0,139027,3,3,5,10,12,3,0,0,1,1,0,0,,0
"POINT (8.800670979000074 53.078596642000036)",Unfall 139028 (2017) Kat:3, Licht: 0,139028,3,1,0,10,12,3,0,0,1,0,0,0,,0
"POINT (8.837346206000063 53.076849375000052)",Unfall 139029 (2017) Kat:3, Licht: 0,139029,3,2,5,10,16,3,0,0,1,1,0,0,,0
"POINT (8.637669651000067 53.166836550000028)",Unfall 139030 (2017) Kat:3, Licht: 2,139030,3,3,5,10,19,3,1,2,1,1,0,0,,0
"POINT (8.789204730000051 53.085015341000030)",Unfall 139031 (2017) Kat:3, Licht: 0,139031,3,3,5,10,08,3,1,0,0,1,0,0,,0
"POINT (8.584428793000029 53.181390005000026)",Unfall 139032 (2017) Kat:3, Licht: 0,139032,3,3,5,09,13,1,0,0,0,1,0,0,,0
"POINT (8.802018017000023 53.071436471000027)",Unfall 139033 (2017) Kat:3, Licht: 2,139033,3,3,5,09,20,1,1,2,1,1,0,0,,0
"POINT (8.625552259000074 53.181261695000046)",Unfall 139034 (2017) Kat:3, Licht: 0,139034,3,6,2,09,11,1,0,0,0,1,0,1,,0
"POINT (8.795530631000077 53.090523011000073)",Unfall 139035 (2017) Kat:3, Licht: 2,139035,3,3,5,10,19,3,1,2,0,1,0,0,,0
"POINT (8.731323024000062 53.047952079000027)",Unfall 139037 (2017) Kat:3, Licht: 0,139037,3,3,5,10,09,3,0,0,1,1,0,0,,0
"POINT (8.786809699000060 53.057409691000032)",Unfall 139038 (2017) Kat:3, Licht: 2,139038,3,1,8,11,17,5,1,2,0,1,0,0,,0
"POINT (8.901317475000042 53.071497000000079)",Unfall 139039 (2017) Kat:2, Licht: 0,139039,2,1,8,09,18,1,0,0,0,1,0,0,,0
"POINT (8.862523980000049 53.099287820000029)",Unfall 139040 (2017) Kat:3, Licht: 0,139040,3,3,5,10,11,3,0,0,1,1,0,0,,0
"POINT (8.653321295000069 53.164039344000059)",Unfall 139041 (2017) Kat:3, Licht: 0,139041,3,6,2,10,15,3,1,0,0,1,0,0,,0
"POINT (8.847518844000035 53.084965873000044)",Unfall 139042 (2017) Kat:3, Licht: 1,139042,3,6,2,11,17,6,1,1,0,1,0,0,,0
"POINT (8.770634255000061 53.092924441000036)",Unfall 139043 (2017) Kat:3, Licht: 1,139043,3,6,2,10,18,2,1,1,0,1,0,0,,0
"POINT (8.799813075000031 53.078365732000066)",Unfall 139044 (2017) Kat:3, Licht: 0,139044,3,3,5,10,14,2,1,0,1,0,0,0,,1
"POINT (8.703578972000059 53.176351594000039)",Unfall 139045 (2017) Kat:3, Licht: 1,139045,3,5,9,11,14,1,1,1,0,1,0,0,,0
"POINT (8.804264525000065 53.062236748000032)",Unfall 139046 (2017) Kat:3, Licht: 0,139046,3,6,3,10,11,2,0,0,1,0,0,0,,0
"POINT (8.780461614000046 53.063594270000067)",Unfall 139047 (2017) Kat:3, Licht: 1,139047,3,3,5,10,17,2,1,1,0,1,0,0,,0
"POINT (8.760828024000034 53.059561176000045)",Unfall 139048 (2017) Kat:3, Licht: 0,139048,3,6,2,10,14,2,1,0,0,1,0,0,,0
"POINT (8.949011280000036 53.063528489000078)",Unfall 139049 (2017) Kat:3, Licht: 0,139049,3,4,6,10,14,2,1,0,0,1,1,0,,0
"POINT (8.732588609000061 53.042265096000051)",Unfall 139051 (2017) Kat:3, Licht: 2,139051,3,1,8,10,20,1,0,2,0,1,0,0,,0
"POINT (8.838029431000052 53.067853452000065)",Unfall 139052 (2017) Kat:3, Licht: 0,139052,3,3,5,10,17,1,0,0,1,1,0,0,,0
"POINT (8.920282674000021 53.071971331000043)",Unfall 139053 (2017) Kat:3, Licht: 2,139053,3,2,2,10,23,1,0,2,0,1,0,0,,0
"POINT (8.584548912000059 53.181430621000061)",Unfall 139055 (2017) Kat:3, Licht: 0,139055,3,6,2,10,12,7,1,0,0,1,0,0,,0