WKT,Name,OBJECTID,UKATEGORIE,UTYP1,UART,UMONAT,USTUNDE,UWOCHENTAG,STRZUSTAND,ULICHTVERH,ISTRAD,ISTPKW,ISTFUSS,ISTKRAD,ISTGKFZ,ISTSONSTIG
"POINT (8.929305973000055 53.071764678000079)",Unfall 139056 (2017) Kat:3, Licht: 0,139056,3,3,5,10,16,7,1,0,1,1,0,0,,0
"POINT (8.783568342000024 53.089851040000042)",Unfall 139057 (2017) Kat:3, Licht: 0,139057,3,4,6,10,14,7,1,0,0,1,1,0,,0
"POINT (8.707976640000027 53.167334404000030)",Unfall 139059 (2017) Kat:3, Licht: 0,139059,3,4,6,10,16,6,1,0,0,1,1,0,,0
"POINT (8.741883913000038 53.139520150000067)",Unfall 139060 (2017) Kat:3, Licht: 0,139060,3,1,0,09,18,1,1,0,0,0,0,1,,0
"POINT (8.804463271000032 53.059293138000044)",Unfall 139061 (2017) Kat:2, Licht: 0,139061,2,3,5,09,14,7,1,0,0,1,0,1,,0
"POINT (8.735091441000066 53.043963732000066)",Unfall 139062 (2017) Kat:3, Licht: 0,139062,3,3,5,10,10,6,1,0,0,1,0,1,,0
"POINT (8.831869235000056 53.071096886000078)",Unfall 139063 (2017) Kat:3, Licht: 0,139063,3,1,0,10,15,6,1,0,1,0,0,0,,0
"POINT (8.805122542000049 53.100160073000040)",Unfall 139064 (2017) Kat:3, Licht: 0,139064,3,4,6,10,08,6,1,0,1,0,1,0,,0
"POINT (8.747275198000068 53.126256075000072)",Unfall 139065 (2017) Kat:3, Licht: 0,139065,3,6,1,10,14,6,1,0,0,1,0,0,,0
"POINT (8.769653302000052 53.082445575000065)",Unfall 139067 (2017) Kat:3, Licht: 2,139067,3,1,1,10,23,5,1,2,0,1,0,0,,0
"POINT (8.765964044000043 53.112462334000043)",Unfall 139069 (2017) Kat:3, Licht: 0,139069,3,6,2,10,16,5,1,0,0,1,0,0,,1
"POINT (8.825949850000029 53.075015817000065)",Unfall 139070 (2017) Kat:3, Licht: 2,139070,3,4,6,11,17,3,0,2,0,1,1,0,,0
"POINT (8.765080186000034 53.107467427000074)",Unfall 139071 (2017) Kat:2, Licht: 0,139071,2,6,2,09,16,7,0,0,0,1,0,0,,0
"POINT (8.779759708000029 53.099704395000060)",Unfall 139072 (2017) Kat:3, Licht: 0,139072,3,3,5,10,16,5,1,0,0,1,0,0,,0
"POINT (8.880308133000028 53.082441015000029)",Unfall 139073 (2017) Kat:3, Licht: 2,139073,3,2,4,10,06,5,1,2,1,0,0,0,,1
"POINT (8.577610136000033 53.187277549000044)",Unfall 139074 (2017) Kat:3, Licht: 2,139074,3,3,5,11,17,5,0,2,0,1,0,1,,0
"POINT (8.875674577000041 53.062150517000077)",Unfall 139076 (2017) Kat:3, Licht: 0,139076,3,2,0,10,14,5,1,0,0,1,0,0,,0
"POINT (8.825035145000072 53.084196246000033)",Unfall 139077 (2017) Kat:3, Licht: 0,139077,3,4,6,10,10,5,1,0,0,1,1,0,,0
"POINT (8.724476335000077 53.052818804000026)",Unfall 139078 (2017) Kat:3, Licht: 0,139078,3,3,5,11,14,6,1,0,1,0,0,0,,0
"POINT (8.812294611000027 53.081001118000074)",Unfall 139079 (2017) Kat:3, Licht: 0,139079,3,1,0,10,11,5,1,0,0,0,0,1,,0
"POINT (8.618163355000036 53.191483913000070)",Unfall 139080 (2017) Kat:3, Licht: 2,139080,3,6,2,10,20,5,1,2,0,1,0,1,,0
"POINT (8.852514854000049 53.073617946000070)",Unfall 139081 (2017) Kat:3, Licht: 0,139081,3,6,1,11,14,7,1,0,0,1,0,0,,0
"POINT (8.844895554000061 53.066637352000043)",Unfall 139082 (2017) Kat:3, Licht: 1,139082,3,7,5,10,07,5,1,1,0,1,0,0,,0
"POINT (8.611139161000040 53.175300180000079)",Unfall 139083 (2017) Kat:3, Licht: 0,139083,3,3,5,10,16,5,1,0,0,1,0,1,,0
"POINT (8.816355688000044 53.111437254000066)",Unfall 139084 (2017) Kat:3, Licht: 2,139084,3,3,5,10,05,5,1,2,0,1,0,0,,0
"POINT (8.882197906000044 53.075306000000069)",Unfall 139087 (2017) Kat:3, Licht: 0,139087,3,6,2,10,11,4,0,0,0,1,0,0,,1
"POINT (8.799132855000039 53.079505400000073)",Unfall 139088 (2017) Kat:3, Licht: 0,139088,3,3,5,10,13,4,0,0,0,1,0,0,,1
"POINT (8.882517328000063 53.100840375000075)",Unfall 139089 (2017) Kat:3, Licht: 0,139089,3,3,5,10,11,4,0,0,1,1,0,0,,0
"POINT (8.818163649000042 53.077737021000075)",Unfall 139090 (2017) Kat:3, Licht: 0,139090,3,3,5,11,10,5,0,0,1,1,0,0,,0
"POINT (8.798561251000024 53.054520036000042)",Unfall 139091 (2017) Kat:3, Licht: 2,139091,3,3,5,10,22,4,0,2,1,1,0,0,,0
"POINT (8.770458913000027 53.114047350000078)",Unfall 139092 (2017) Kat:3, Licht: 1,139092,3,2,5,11,16,6,1,1,1,1,0,0,,0
"POINT (8.730647752000039 53.127249430000063)",Unfall 139094 (2017) Kat:2, Licht: 0,139094,2,1,8,11,12,7,1,0,0,1,0,0,,1
"POINT (8.818002267000054 53.072397045000059)",Unfall 139098 (2017) Kat:3, Licht: 0,139098,3,1,0,10,11,2,1,0,1,0,0,0,,0
"POINT (8.823699111000053 53.078152782000075)",Unfall 139099 (2017) Kat:2, Licht: 0,139099,2,6,2,10,09,2,1,0,0,1,0,0,,0
"POINT (8.826063676000047 53.072988753000061)",Unfall 139100 (2017) Kat:3, Licht: 0,139100,3,5,1,10,15,2,0,0,1,1,0,0,,0
"POINT (8.844108974000051 53.075405440000054)",Unfall 139101 (2017) Kat:3, Licht: 0,139101,3,6,2,10,16,2,0,0,0,1,0,0,,1
"POINT (8.717528803000050 53.050357066000061)",Unfall 139102 (2017) Kat:3, Licht: 0,139102,3,6,2,10,15,2,0,0,0,1,0,0,,0
"POINT (8.866104993000022 53.071835835000059)",Unfall 139103 (2017) Kat:3, Licht: 0,139103,3,1,2,10,11,2,1,0,0,1,0,1,,0
"POINT (8.800889593000022 53.091659715000048)",Unfall 139104 (2017) Kat:3, Licht: 1,139104,3,5,1,10,07,2,1,1,0,1,0,0,,0
"POINT (8.803450933000022 53.085560369000063)",Unfall 139105 (2017) Kat:3, Licht: 0,139105,3,6,2,10,09,2,1,0,0,1,0,0,,0
"POINT (8.891367655000067 53.129627629000026)",Unfall 139106 (2017) Kat:3, Licht: 0,139106,3,6,0,10,12,1,1,0,1,0,0,0,,0
"POINT (8.804734099000029 53.066062419000048)",Unfall 139108 (2017) Kat:3, Licht: 0,139108,3,7,0,10,10,1,0,0,1,0,0,0,,0
"POINT (8.621480013000053 53.195131556000035)",Unfall 139109 (2017) Kat:3, Licht: 0,139109,3,3,5,10,13,1,0,0,1,1,0,0,,0
"POINT (8.885363637000069 53.072104019000051)",Unfall 139110 (2017) Kat:3, Licht: 2,139110,3,6,1,11,18,2,1,2,0,1,0,0,,0
"POINT (8.740893608000022 53.052540953000062)",Unfall 139111 (2017) Kat:3, Licht: 0,139111,3,6,2,10,12,1,0,0,0,1,0,0,,0
"POINT (8.817084274000024 53.078782982000064)",Unfall 139112 (2017) Kat:2, Licht: 0,139112,2,2,3,10,14,1,0,0,1,1,0,0,,0
"POINT (8.954035436000027 53.066532621000079)",Unfall 139113 (2017) Kat:3, Licht: 0,139113,3,7,6,11,08,3,0,0,0,0,1,0,,1
"POINT (8.803991634000056 53.072411861000035)",Unfall 139115 (2017) Kat:3, Licht: 2,139115,3,3,5,10,20,1,0,2,1,1,0,0,,0
"POINT (8.863017667000065 53.071437297000045)",Unfall 139117 (2017) Kat:3, Licht: 2,139117,3,2,5,11,17,4,0,2,1,1,0,0,,0
"POINT (8.849723177000044 53.049222272000065)",Unfall 139118 (2017) Kat:3, Licht: 0,139118,3,6,3,09,08,6,0,0,1,1,0,0,,0
"POINT (8.778702522000060 53.094701458000031)",Unfall 139121 (2017) Kat:2, Licht: 0,139121,2,4,6,11,11,5,0,0,0,1,1,0,,0
"POINT (8.946473999000034 53.049793000000079)",Unfall 139122 (2017) Kat:3, Licht: 0,139122,3,7,0,09,15,7,0,0,0,1,0,0,,0
"POINT (8.733000016000062 53.118659161000039)",Unfall 139123 (2017) Kat:3, Licht: 0,139123,3,1,8,09,07,7,1,0,0,1,0,0,,0
"POINT (8.929803809000021 53.059057394000035)",Unfall 139124 (2017) Kat:3, Licht: 0,139124,3,3,5,09,12,6,0,0,0,1,0,0,,0
"POINT (8.703460310000025 53.098578164000060)",Unfall 139125 (2017) Kat:3, Licht: 0,139125,3,6,2,09,14,6,0,0,0,0,0,0,,1
"POINT (8.727986613000041 53.038195365000036)",Unfall 139126 (2017) Kat:3, Licht: 2,139126,3,3,5,11,18,3,0,2,0,1,0,0,,0
"POINT (8.768737638000062 53.114621866000050)",Unfall 139127 (2017) Kat:3, Licht: 0,139127,3,4,6,09,15,6,0,0,0,1,1,0,,0
"POINT (8.758023482000056 53.058182367000029)",Unfall 139128 (2017) Kat:3, Licht: 1,139128,3,3,5,11,17,4,0,1,1,0,0,0,,1
"POINT (8.795127222000076 53.098455921000038)",Unfall 139129 (2017) Kat:3, Licht: 0,139129,3,3,5,09,08,6,0,0,0,1,0,0,,0
"POINT (8.804612004000035 53.091832690000047)",Unfall 139130 (2017) Kat:3, Licht: 0,139130,3,2,1,09,16,6,0,0,0,1,0,1,,0
"POINT (8.875585955000076 53.080147356000055)",Unfall 139131 (2017) Kat:2, Licht: 0,139131,2,4,6,11,08,5,0,0,0,0,1,0,,1
"POINT (8.740325211000027 53.137405747000059)",Unfall 139132 (2017) Kat:3, Licht: 0,139132,3,3,5,09,16,6,0,0,1,1,0,0,,0
"POINT (8.825250830000073 53.073045881000041)",Unfall 139133 (2017) Kat:3, Licht: 1,139133,3,5,1,09,19,6,0,1,1,1,0,0,,0
"POINT (8.844825737000065 53.075242712000033)",Unfall 139134 (2017) Kat:3, Licht: 0,139134,3,6,2,11,11,6,1,0,0,1,0,0,,0
"POINT (8.758613360000027 53.088290915000073)",Unfall 139135 (2017) Kat:3, Licht: 0,139135,3,7,0,09,16,6,0,0,1,0,0,0,,0
"POINT (8.776389824000034 53.100861897000073)",Unfall 139136 (2017) Kat:3, Licht: 0,139136,3,7,0,09,09,6,1,0,1,0,0,0,,0
"POINT (8.894547900000021 53.097108799000068)",Unfall 139137 (2017) Kat:3, Licht: 0,139137,3,1,0,11,09,2,1,0,1,1,0,0,,0
"POINT (8.757431686000075 53.059267196000064)",Unfall 139138 (2017) Kat:3, Licht: 0,139138,3,4,6,09,10,6,0,0,0,1,1,0,,0
"POINT (8.814517493000039 53.081437787000027)",Unfall 139140 (2017) Kat:3, Licht: 2,139140,3,3,5,09,23,5,0,2,0,1,0,0,,0
"POINT (8.764703967000060 53.113094483000054)",Unfall 139141 (2017) Kat:2, Licht: 0,139141,2,7,0,09,09,5,1,0,1,0,0,0,,0
"POINT (8.652568617000043 53.174161685000058)",Unfall 139142 (2017) Kat:2, Licht: 0,139142,2,7,9,09,13,5,0,0,0,1,0,0,,0
"POINT (8.852099616000032 53.085961649000069)",Unfall 139143 (2017) Kat:3, Licht: 0,139143,3,1,3,09,17,5,1,0,1,1,0,0,,0
"POINT (8.815107117000025 53.077226975000031)",Unfall 139144 (2017) Kat:3, Licht: 2,139144,3,7,0,09,06,5,1,2,1,0,0,0,,0
"POINT (8.747261600000059 53.126267971000061)",Unfall 139145 (2017) Kat:2, Licht: 0,139145,2,4,6,09,14,5,0,0,0,0,1,0,,1
"POINT (8.916005126000073 53.071201016000032)",Unfall 139146 (2017) Kat:3, Licht: 2,139146,3,6,2,09,21,5,0,2,0,1,0,0,,0
"POINT (8.794157452000036 53.066691046000074)",Unfall 139148 (2017) Kat:3, Licht: 2,139148,3,4,6,09,23,4,1,2,1,0,1,0,,0
"POINT (8.621534989000054 53.181973771000060)",Unfall 139149 (2017) Kat:3, Licht: 0,139149,3,6,2,09,11,4,0,0,0,1,0,0,,0
"POINT (8.930279380000059 53.058381094000026)",Unfall 139150 (2017) Kat:3, Licht: 0,139150,3,3,6,09,16,4,0,0,0,1,1,0,,0
"POINT (8.880196796000064 53.060593205000032)",Unfall 139151 (2017) Kat:3, Licht: 2,139151,3,3,5,09,05,6,1,2,0,1,0,0,,0
"POINT (8.623380351000037 53.173502958000029)",Unfall 139152 (2017) Kat:2, Licht: 0,139152,2,2,5,09,14,6,0,0,1,1,0,0,,0
"POINT (8.765299587000072 53.110389665000071)",Unfall 139153 (2017) Kat:2, Licht: 0,139153,2,3,5,09,16,4,0,0,1,1,0,0,,0
"POINT (8.816943792000075 53.070076423000046)",Unfall 139154 (2017) Kat:3, Licht: 0,139154,3,6,2,11,13,1,0,0,0,1,0,0,,0
"POINT (8.849918846000037 53.112077519000081)",Unfall 139155 (2017) Kat:3, Licht: 0,139155,3,6,2,09,11,4,0,0,0,1,0,0,,0
"POINT (8.622458531000063 53.181750103000070)",Unfall 139156 (2017) Kat:3, Licht: 2,139156,3,3,5,11,05,3,0,2,0,1,0,0,,0
"POINT (8.760795385000051 53.115124843000046)",Unfall 139157 (2017) Kat:3, Licht: 2,139157,3,6,2,09,22,6,0,2,0,1,0,0,,0
"POINT (8.633556651000049 53.182174119000081)",Unfall 139158 (2017) Kat:3, Licht: 0,139158,3,3,5,09,15,4,0,0,1,1,0,0,,0
"POINT (8.834366652000028 53.081932648000077)",Unfall 139159 (2017) Kat:3, Licht: 1,139159,3,3,5,11,16,3,0,1,1,1,0,0,,0
"POINT (8.774170435000031 53.095388814000046)",Unfall 139160 (2017) Kat:3, Licht: 0,139160,3,2,5,09,12,6,0,0,0,1,0,1,,0
"POINT (8.848857601000077 53.088480859000072)",Unfall 139161 (2017) Kat:2, Licht: 2,139161,2,6,3,09,07,4,1,2,1,0,0,0,,0
"POINT (8.730908388000046 53.035198307000030)",Unfall 139162 (2017) Kat:2, Licht: 2,139162,2,7,0,09,03,4,1,2,1,0,0,0,,0
"POINT (8.745406866000053 53.103496291000056)",Unfall 139163 (2017) Kat:3, Licht: 1,139163,3,1,0,11,16,5,0,1,0,0,0,1,,0
"POINT (8.792189986000039 53.067200893000063)",Unfall 139164 (2017) Kat:3, Licht: 0,139164,3,5,1,09,13,6,0,0,1,1,0,0,,0
"POINT (8.823444071000040 53.044195949000027)",Unfall 139165 (2017) Kat:2, Licht: 0,139165,2,1,0,09,16,4,1,0,1,0,0,0,,0
"POINT (8.951566193000076 53.068020343000057)",Unfall 139166 (2017) Kat:3, Licht: 0,139166,3,7,5,09,07,4,0,0,1,1,0,0,,0
"POINT (8.756797616000029 53.110600857000065)",Unfall 139167 (2017) Kat:3, Licht: 0,139167,3,6,2,11,14,6,1,0,0,1,0,0,,0
"POINT (8.788911902000052 53.097914288000027)",Unfall 139169 (2017) Kat:3, Licht: 2,139169,3,6,2,11,19,7,1,2,0,1,0,0,,0
"POINT (8.763166899000055 53.116414076000069)",Unfall 139172 (2017) Kat:3, Licht: 0,139172,3,5,1,09,11,3,0,0,0,1,0,0,,0
"POINT (8.733925490000047 53.058400702000029)",Unfall 139173 (2017) Kat:3, Licht: 0,139173,3,3,5,09,18,3,0,0,1,1,0,1,,0
"POINT (8.822465635000071 53.079592619000039)",Unfall 139174 (2017) Kat:3, Licht: 0,139174,3,6,9,09,18,3,0,0,0,1,0,1,,0
"POINT (8.795906139000067 53.067428288000031)",Unfall 139175 (2017) Kat:3, Licht: 0,139175,3,6,3,09,07,3,1,0,1,1,0,0,,0
"POINT (8.789852616000076 53.071497833000080)",Unfall 139176 (2017) Kat:3, Licht: 0,139176,3,7,0,09,17,3,0,0,0,1,0,0,,1
"POINT (8.641359653000052 53.176047996000079)",Unfall 139177 (2017) Kat:3, Licht: 1,139177,3,3,5,09,06,3,1,1,1,1,0,0,,0
"POINT (8.809515827000041 53.031630068000027)",Unfall 139178 (2017) Kat:3, Licht: 0,139178,3,7,0,09,17,3,0,0,0,0,0,0,,1
"POINT (8.891101645000049 53.082661067000060)",Unfall 139179 (2017) Kat:3, Licht: 0,139179,3,7,6,09,15,2,0,0,1,0,1,0,,0
"POINT (8.567039912000041 53.181911654000032)",Unfall 139180 (2017) Kat:3, Licht: 0,139180,3,6,2,09,10,2,1,0,1,1,0,0,,0
"POINT (8.814148341000021 53.077849315000037)",Unfall 139182 (2017) Kat:3, Licht: 2,139182,3,2,3,09,20,2,1,2,1,1,0,0,,0
"POINT (8.797561316000042 53.054365035000046)",Unfall 139184 (2017) Kat:3, Licht: 2,139184,3,6,4,12,17,6,1,2,1,1,0,0,,0
"POINT (8.786798276000070 53.074500364000073)",Unfall 139186 (2017) Kat:3, Licht: 1,139186,3,2,5,12,17,7,1,1,1,1,0,0,,0
"POINT (8.752512591000027 53.119789135000076)",Unfall 139188 (2017) Kat:3, Licht: 0,139188,3,1,9,12,09,2,1,0,0,1,0,0,,0
"POINT (8.794909488000030 53.093903238000053)",Unfall 139189 (2017) Kat:2, Licht: 0,139189,2,3,5,12,15,4,1,0,1,1,0,0,,0
"POINT (8.876212055000053 53.085849026000062)",Unfall 139192 (2017) Kat:3, Licht: 0,139192,3,3,5,12,12,6,0,0,1,1,0,0,,0
"POINT (8.734033305000025 53.043260943000064)",Unfall 139193 (2017) Kat:3, Licht: 0,139193,3,6,2,12,14,1,1,0,0,1,0,0,,0
"POINT (8.843251830000042 53.081085425000026)",Unfall 139194 (2017) Kat:3, Licht: 2,139194,3,6,4,12,07,3,1,2,1,0,0,0,,0
"POINT (8.562319171000070 53.192205541000078)",Unfall 139195 (2017) Kat:3, Licht: 2,139195,3,3,5,11,17,3,1,2,0,1,0,0,,0
"POINT (8.835613749000061 53.084669210000072)",Unfall 139196 (2017) Kat:3, Licht: 0,139196,3,4,6,11,15,5,0,0,0,1,1,0,,0
"POINT (8.835308669000028 53.038880757000072)",Unfall 139197 (2017) Kat:3, Licht: 0,139197,3,4,6,12,14,4,1,0,0,1,1,0,,0
"POINT (8.619264938000072 53.182104554000034)",Unfall 139198 (2017) Kat:3, Licht: 2,139198,3,4,6,11,17,3,1,2,0,1,1,0,,0
"POINT (8.811001433000058 53.080193180000038)",Unfall 139199 (2017) Kat:3, Licht: 1,139199,3,6,2,11,16,5,1,1,0,1,0,0,,0
"POINT (8.862509725000052 53.099289128000066)",Unfall 139200 (2017) Kat:3, Licht: 0,139200,3,3,5,11,12,3,1,0,1,1,0,0,,0
"POINT (8.729106698000066 53.085682647000056)",Unfall 139202 (2017) Kat:3, Licht: 0,139202,3,3,5,11,14,3,1,0,0,1,0,0,,0
"POINT (8.800210507000031 53.080362600000058)",Unfall 139203 (2017) Kat:3, Licht: 2,139203,3,3,5,11,21,4,0,2,0,1,0,0,,0
"POINT (8.857013713000072 53.072692810000035)",Unfall 139207 (2017) Kat:3, Licht: 2,139207,3,6,2,12,16,2,1,2,0,1,0,0,,0
"POINT (8.825088295000057 53.084200444000032)",Unfall 139209 (2017) Kat:3, Licht: 2,139209,3,3,5,12,16,3,0,2,1,1,0,0,,0
"POINT (8.805035025000052 53.086082280000028)",Unfall 139211 (2017) Kat:3, Licht: 0,139211,3,7,0,12,14,5,0,0,0,0,0,0,,1
"POINT (8.814790278000032 53.091410187000065)",Unfall 139213 (2017) Kat:3, Licht: 0,139213,3,3,6,12,15,6,1,0,1,0,1,0,,0
"POINT (8.856957440000031 53.072701600000073)",Unfall 139214 (2017) Kat:2, Licht: 0,139214,2,4,0,12,09,6,0,0,0,0,1,0,,1
"POINT (8.825332655000068 53.084072681000066)",Unfall 139215 (2017) Kat:3, Licht: 0,139215,3,7,3,11,08,4,1,0,0,1,0,0,,1
"POINT (8.797208418000025 53.076390444000026)",Unfall 139216 (2017) Kat:3, Licht: 2,139216,3,6,2,11,17,5,1,2,0,1,0,0,,0
"POINT (8.801924232000033 53.105031311000062)",Unfall 139219 (2017) Kat:2, Licht: 1,139219,2,3,5,12,16,5,1,1,0,1,0,0,,0
"POINT (8.778389931000049 53.095015025000066)",Unfall 139221 (2017) Kat:3, Licht: 0,139221,3,3,5,12,07,6,0,0,1,1,0,0,,0
"POINT (8.566297754000061 53.196230388000060)",Unfall 139225 (2017) Kat:2, Licht: 0,139225,2,1,0,12,00,1,2,0,1,0,0,0,,0
"POINT (8.827151444000037 53.034298232000026)",Unfall 139227 (2017) Kat:3, Licht: 2,139227,3,4,6,11,07,3,1,2,0,1,1,0,,0
"POINT (8.615780316000041 53.194510518000072)",Unfall 139228 (2017) Kat:2, Licht: 2,139228,2,1,1,11,17,3,1,2,0,1,0,1,,0
"POINT (8.844199910000043 53.075370212000053)",Unfall 139229 (2017) Kat:3, Licht: 0,139229,3,2,5,11,14,3,1,0,0,1,0,0,,0
"POINT (8.716150294000045 53.178234431000078)",Unfall 139231 (2017) Kat:3, Licht: 2,139231,3,3,6,12,17,5,1,2,0,0,1,0,,1
"POINT (8.825887342000044 53.078710401000080)",Unfall 139234 (2017) Kat:3, Licht: 2,139234,3,3,5,11,18,4,0,2,1,1,0,0,,0
"POINT (8.703364323000074 53.161751699000035)",Unfall 139235 (2017) Kat:2, Licht: 2,139235,2,4,6,11,19,3,1,2,0,1,1,0,,0
"POINT (8.766151624000031 53.084420449000049)",Unfall 139236 (2017) Kat:3, Licht: 0,139236,3,5,1,11,11,4,0,0,0,1,0,0,,1
"POINT (8.620706626000072 53.173852746000080)",Unfall 139237 (2017) Kat:2, Licht: 0,139237,2,4,6,11,11,3,1,0,0,1,1,0,,0
"POINT (8.775446886000054 53.076845847000072)",Unfall 139239 (2017) Kat:3, Licht: 2,139239,3,6,4,11,17,3,1,2,0,1,0,0,,0
"POINT (8.939398416000074 53.058463911000047)",Unfall 139240 (2017) Kat:3, Licht: 0,139240,3,2,5,11,14,3,1,0,1,1,0,0,,0
"POINT (8.921104661000072 53.085242126000082)",Unfall 139244 (2017) Kat:3, Licht: 2,139244,3,2,5,12,18,6,0,2,0,1,0,0,,0
"POINT (8.858976565000035 53.110809517000064)",Unfall 139246 (2017) Kat:3, Licht: 2,139246,3,3,5,12,16,5,1,2,0,1,0,0,,0
"POINT (8.843960523000021 53.066813796000076)",Unfall 139248 (2017) Kat:3, Licht: 0,139248,3,7,0,12,15,3,0,0,1,0,1,0,,0
"POINT (8.846121190000076 53.074968465000040)",Unfall 139249 (2017) Kat:3, Licht: 0,139249,3,6,4,11,08,3,0,0,1,0,0,0,,0
"POINT (8.796952836000060 53.068599446000064)",Unfall 139250 (2017) Kat:3, Licht: 0,139250,3,3,5,12,10,4,1,0,1,1,0,0,,0
"POINT (8.852409013000056 53.083380052000052)",Unfall 139251 (2017) Kat:3, Licht: 0,139251,3,6,3,11,08,3,1,0,0,1,0,0,,0
"POINT (8.805699900000036 53.094521049000036)",Unfall 139252 (2017) Kat:3, Licht: 2,139252,3,7,5,12,07,5,1,2,1,1,0,0,,0
"POINT (8.906904626000028 53.071340145000079)",Unfall 139253 (2017) Kat:3, Licht: 2,139253,3,3,5,11,05,2,1,2,1,1,0,0,,0
"POINT (8.959598298000060 53.039878044000034)",Unfall 139254 (2017) Kat:3, Licht: 2,139254,3,6,3,11,18,3,1,2,0,1,0,0,,0
"POINT (8.562213645000043 53.192285601000037)",Unfall 139255 (2017) Kat:3, Licht: 1,139255,3,2,5,11,07,2,1,1,1,1,0,0,,0
"POINT (8.751971746000038 53.122104897000042)",Unfall 139256 (2017) Kat:3, Licht: 1,139256,3,3,5,11,07,3,0,1,1,0,0,0,,1
"POINT (8.887743531000069 53.069070093000050)",Unfall 139257 (2017) Kat:3, Licht: 0,139257,3,2,5,11,14,2,1,0,1,1,0,0,,0
"POINT (8.870487773000036 53.094333059000064)",Unfall 139258 (2017) Kat:3, Licht: 0,139258,3,7,0,11,10,3,1,0,0,0,0,0,,1
"POINT (8.607509239000024 53.176119390000053)",Unfall 139261 (2017) Kat:3, Licht: 0,139261,3,3,5,12,09,3,1,0,0,1,0,0,,0
"POINT (8.902083813000047 53.071487881000053)",Unfall 139263 (2017) Kat:3, Licht: 2,139263,3,2,6,12,18,5,1,2,0,1,1,0,,0
"POINT (8.732575644000065 53.052219157000081)",Unfall 139267 (2017) Kat:3, Licht: 2,139267,3,3,5,12,17,6,1,2,0,1,0,0,,0
"POINT (8.800702512000044 53.102259118000063)",Unfall 139268 (2017) Kat:3, Licht: 2,139268,3,1,9,12,21,1,2,2,0,1,0,0,,0
"POINT (8.788150619000021 53.076453137000044)",Unfall 139269 (2017) Kat:3, Licht: 0,139269,3,3,5,12,09,3,1,0,1,1,0,0,,0
"POINT (8.891895172000034 53.049423238000031)",Unfall 139270 (2017) Kat:3, Licht: 2,139270,3,4,6,11,18,2,1,2,0,1,1,0,,0
"POINT (8.886096612000074 53.110599904000026)",Unfall 139271 (2017) Kat:3, Licht: 0,139271,3,3,5,11,12,2,1,0,0,1,0,0,,0
"POINT (8.854576169000040 53.080950958000074)",Unfall 139272 (2017) Kat:3, Licht: 2,139272,3,5,1,11,18,2,1,2,1,1,0,0,,0
"POINT (8.811687791000054 53.080417474000058)",Unfall 139273 (2017) Kat:3, Licht: 0,139273,3,6,3,12,09,6,1,0,0,1,0,0,,1
"POINT (8.842897622000066 53.106039455000030)",Unfall 139274 (2017) Kat:3, Licht: 2,139274,3,3,5,11,16,3,1,2,1,0,0,0,,1
"POINT (8.819634801000063 53.038317157000051)",Unfall 139275 (2017) Kat:3, Licht: 2,139275,3,3,5,12,16,6,0,2,1,1,0,0,,0
"POINT (8.936510911000028 53.058683257000041)",Unfall 139276 (2017) Kat:3, Licht: 1,139276,3,6,2,12,16,2,0,1,0,1,0,0,,0
"POINT (8.963274259000059 53.057942026000035)",Unfall 139277 (2017) Kat:3, Licht: 2,139277,3,3,5,11,16,3,1,2,1,1,0,0,,0
"POINT (8.708505878000040 53.151810482000030)",Unfall 139278 (2017) Kat:3, Licht: 2,139278,3,4,6,12,19,3,1,2,0,1,1,0,,0
"POINT (8.627075640000044 53.185109065000063)",Unfall 139280 (2017) Kat:3, Licht: 0,139280,3,6,1,11,08,2,1,0,0,1,0,0,,0
"POINT (8.573006785000075 53.198712532000059)",Unfall 139283 (2017) Kat:3, Licht: 2,139283,3,3,5,11,04,2,1,2,1,1,0,0,,0
"POINT (8.951435500000059 53.034819655000035)",Unfall 139284 (2017) Kat:2, Licht: 2,139284,2,3,5,11,18,1,1,2,0,1,0,0,,0
"POINT (8.785237098000039 53.102325238000049)",Unfall 139287 (2017) Kat:3, Licht: 1,139287,3,2,6,12,07,2,1,1,0,1,1,0,,0
"POINT (8.932441910000023 53.064256482000076)",Unfall 139289 (2017) Kat:3, Licht: 2,139289,3,6,4,12,18,2,1,2,0,1,0,0,,0
"POINT (8.818791733000069 53.077762915000051)",Unfall 139291 (2017) Kat:3, Licht: 0,139291,3,6,2,12,09,3,1,0,0,1,0,0,,0
"POINT (8.824396224000054 53.084375291000072)",Unfall 139293 (2017) Kat:3, Licht: 2,139293,3,2,5,12,17,5,1,2,1,1,0,0,,0
"POINT (8.946513597000035 53.076586550000059)",Unfall 139294 (2017) Kat:3, Licht: 0,139294,3,3,5,12,15,6,1,0,1,1,0,0,,0
"POINT (8.757915024000056 53.058070998000062)",Unfall 139295 (2017) Kat:3, Licht: 2,139295,3,3,5,12,19,7,1,2,0,1,0,0,,0
"POINT (8.772482575000026 53.109069064000039)",Unfall 139296 (2017) Kat:3, Licht: 0,139296,3,2,5,11,15,1,1,0,0,1,0,0,,1
"POINT (8.773299996000048 53.102046300000040)",Unfall 139297 (2017) Kat:2, Licht: 2,139297,2,6,4,11,21,1,1,2,1,0,0,0,,0