WKT,Name,OBJECTID,UKATEGORIE,UTYP1,UART,UMONAT,USTUNDE,UWOCHENTAG,STRZUSTAND,ULICHTVERH,ISTRAD,ISTPKW,ISTFUSS,ISTKRAD,ISTGKFZ,ISTSONSTIG
"POINT (8.716736051000055 53.177434622000078)",Unfall 139299 (2017) Kat:2, Licht: 0,139299,2,6,2,12,07,2,2,0,1,1,0,0,,0
"POINT (8.821566224000037 53.096272345000045)",Unfall 139300 (2017) Kat:3, Licht: 2,139300,3,1,1,12,07,4,2,2,1,1,0,0,,0
"POINT (8.863564067000027 53.071360913000035)",Unfall 139303 (2017) Kat:3, Licht: 0,139303,3,7,5,11,17,7,0,0,1,1,0,0,,0
"POINT (8.844168889000059 53.088106436000032)",Unfall 139304 (2017) Kat:3, Licht: 2,139304,3,3,5,11,19,7,0,2,0,1,0,0,,0
"POINT (8.855341518000046 53.068855323000037)",Unfall 139306 (2017) Kat:3, Licht: 0,139306,3,6,2,12,13,5,0,0,0,1,0,0,,0
"POINT (8.797165977000077 53.076345939000078)",Unfall 139307 (2017) Kat:3, Licht: 0,139307,3,4,6,12,15,7,1,0,1,0,1,0,,0
"POINT (8.751692802000036 53.084758102000080)",Unfall 139308 (2017) Kat:3, Licht: 0,139308,3,3,5,11,15,2,1,0,0,1,0,0,,1
"POINT (8.801481393000074 53.071404527000027)",Unfall 139309 (2017) Kat:3, Licht: 0,139309,3,3,5,11,08,2,1,0,0,1,0,0,,1
"POINT (8.741220062000025 53.134436212000082)",Unfall 139310 (2017) Kat:3, Licht: 0,139310,3,3,5,11,12,7,1,0,1,1,0,0,,0
"POINT (8.818140069000037 53.077731831000051)",Unfall 139311 (2017) Kat:3, Licht: 0,139311,3,3,5,11,11,7,1,0,1,1,0,0,,0
"POINT (8.728780540000059 53.057715229000053)",Unfall 139312 (2017) Kat:3, Licht: 2,139312,3,6,2,12,19,1,1,2,0,1,0,0,,0
"POINT (8.796964614000046 53.083151082000029)",Unfall 139316 (2017) Kat:3, Licht: 2,139316,3,3,5,12,19,7,0,2,0,1,0,0,,0
"POINT (8.887768036000068 53.109179820000065)",Unfall 139318 (2017) Kat:3, Licht: 2,139318,3,6,1,12,06,2,1,2,0,1,0,0,,0
"POINT (8.793683418000057 53.066391611000029)",Unfall 139320 (2017) Kat:3, Licht: 0,139320,3,2,6,12,15,3,0,0,0,0,1,0,,1
"POINT (8.831992072000048 53.071057869000072)",Unfall 139321 (2017) Kat:3, Licht: 2,139321,3,7,0,12,17,5,1,2,1,0,0,0,,0
"POINT (8.798675603000049 53.054525635000061)",Unfall 139327 (2017) Kat:3, Licht: 0,139327,3,3,5,12,16,3,0,0,1,1,0,0,,0
"POINT (8.862686369000073 53.106705699000031)",Unfall 139329 (2017) Kat:3, Licht: 0,139329,3,3,5,12,10,5,0,0,0,1,0,0,,0
"POINT (8.847909692000030 53.105746756000030)",Unfall 139332 (2017) Kat:3, Licht: 0,139332,3,2,5,12,08,6,0,0,1,1,0,0,,0
"POINT (8.816956360000063 53.078567402000033)",Unfall 139333 (2017) Kat:3, Licht: 0,139333,3,6,2,12,10,1,0,0,0,1,0,0,,0
"POINT (8.787204844000030 53.093391817000054)",Unfall 139334 (2017) Kat:3, Licht: 0,139334,3,5,1,11,12,7,1,0,0,1,0,0,,0
"POINT (8.800662166000052 53.078666940000062)",Unfall 139335 (2017) Kat:3, Licht: 0,139335,3,2,5,11,15,7,1,0,1,1,0,0,,0
"POINT (8.812387590000071 53.080951280000079)",Unfall 139338 (2017) Kat:3, Licht: 1,139338,3,3,5,11,15,2,1,1,0,1,0,0,,0
"POINT (8.578009956000074 53.186704099000053)",Unfall 139339 (2017) Kat:3, Licht: 2,139339,3,3,5,11,19,6,0,2,0,1,0,1,,0
"POINT (8.829122279000046 53.083346838000068)",Unfall 139340 (2017) Kat:3, Licht: 0,139340,3,3,0,11,10,6,0,0,0,1,0,0,,0
"POINT (8.769446568000035 53.082503598000073)",Unfall 139341 (2017) Kat:3, Licht: 2,139341,3,7,4,12,23,7,0,2,0,1,0,0,,0
"POINT (8.786745642000028 53.074388663000036)",Unfall 139343 (2017) Kat:3, Licht: 0,139343,3,2,5,11,08,2,1,0,1,1,0,0,,0
"POINT (8.795035570000039 53.084643561000064)",Unfall 139347 (2017) Kat:3, Licht: 0,139347,3,3,5,12,12,6,0,0,1,1,0,0,,0
"POINT (8.778780854000047 53.106078953000065)",Unfall 139349 (2017) Kat:3, Licht: 2,139349,3,4,6,12,07,2,1,2,0,1,1,0,,0
"POINT (8.577102850000074 53.188396154000031)",Unfall 139352 (2017) Kat:3, Licht: 1,139352,3,4,6,12,07,2,1,1,0,1,1,0,,0
"POINT (8.796536258000060 53.073705725000082)",Unfall 139354 (2017) Kat:3, Licht: 2,139354,3,5,1,12,03,3,1,2,0,1,0,0,,0
"POINT (8.740233297000032 53.137284659000045)",Unfall 139356 (2017) Kat:3, Licht: 0,139356,3,6,2,11,13,6,0,0,0,1,0,0,,0
"POINT (8.823247625000022 53.072835451000060)",Unfall 139357 (2017) Kat:3, Licht: 2,139357,3,4,6,11,04,1,1,2,0,1,1,0,,0
"POINT (8.711460593000027 53.147424198000067)",Unfall 139358 (2017) Kat:3, Licht: 2,139358,3,2,5,11,18,6,0,2,1,1,0,0,,0
"POINT (8.524078333000034 53.204034081000032)",Unfall 139359 (2017) Kat:3, Licht: 2,139359,3,3,5,11,03,6,1,2,0,1,0,0,,0
"POINT (8.796871296000063 53.094669678000059)",Unfall 139363 (2017) Kat:3, Licht: 0,139363,3,7,6,12,09,2,1,0,0,1,1,0,,0
"POINT (8.892343003000065 53.079500592000045)",Unfall 139368 (2017) Kat:3, Licht: 0,139368,3,4,6,12,13,5,0,0,0,1,1,0,,0
"POINT (8.801662246000035 53.069770784000070)",Unfall 139369 (2017) Kat:3, Licht: 2,139369,3,4,6,12,17,6,1,2,0,1,1,0,,0
"POINT (8.929313831000059 53.059082630000034)",Unfall 139370 (2017) Kat:3, Licht: 2,139370,3,6,2,11,18,6,1,2,0,1,0,0,,0
"POINT (8.902661868000052 53.100106703000051)",Unfall 139371 (2017) Kat:3, Licht: 0,139371,3,4,6,11,13,6,0,0,0,1,1,0,,0
"POINT (8.768763585000045 53.079750552000064)",Unfall 139372 (2017) Kat:2, Licht: 0,139372,2,3,5,11,09,6,0,0,0,1,0,0,,0
"POINT (8.575749123000037 53.202817511000035)",Unfall 139376 (2017) Kat:3, Licht: 0,139376,3,6,2,12,13,7,1,0,0,1,0,1,,0
"POINT (8.777330644000074 53.063799369000037)",Unfall 139377 (2017) Kat:3, Licht: 0,139377,3,6,2,11,08,1,1,0,0,1,0,0,,0
"POINT (8.713831030000051 53.140138775000082)",Unfall 139378 (2017) Kat:3, Licht: 2,139378,3,3,5,11,05,6,1,2,1,1,0,0,,0
"POINT (8.832294026000056 53.074205742000061)",Unfall 139379 (2017) Kat:3, Licht: 1,139379,3,6,3,11,16,6,0,1,1,0,0,0,,0
"POINT (8.831564331000038 53.081162228000039)",Unfall 139380 (2017) Kat:3, Licht: 0,139380,3,7,5,12,11,5,0,0,0,1,0,0,,1
"POINT (8.809452969000063 53.063223548000053)",Unfall 139381 (2017) Kat:3, Licht: 2,139381,3,5,1,12,00,1,1,2,1,1,0,0,,0
"POINT (8.932620595000060 53.085348613000065)",Unfall 139383 (2017) Kat:3, Licht: 0,139383,3,5,1,12,08,6,1,0,0,1,0,0,,0
"POINT (8.740210010000055 53.051446945000066)",Unfall 139387 (2017) Kat:3, Licht: 2,139387,3,6,4,12,17,2,1,2,1,0,0,0,,0
"POINT (8.802039042000047 53.094574654000041)",Unfall 139388 (2017) Kat:3, Licht: 0,139388,3,2,5,12,08,3,1,0,1,0,0,0,,1
"POINT (8.809194638000065 53.099005309000063)",Unfall 139389 (2017) Kat:3, Licht: 2,139389,3,1,9,12,01,5,1,2,1,0,0,0,,0
"POINT (8.897065664000024 53.118249538000043)",Unfall 139391 (2017) Kat:3, Licht: 2,139391,3,6,2,12,06,4,2,2,0,1,0,0,,1
"POINT (8.727717130000031 53.038318250000032)",Unfall 139394 (2017) Kat:3, Licht: 0,139394,3,4,6,11,13,5,1,0,0,1,1,0,,0
"POINT (8.809510351000029 53.051194095000028)",Unfall 139395 (2017) Kat:3, Licht: 2,139395,3,3,5,11,18,5,1,2,1,1,0,0,,0
"POINT (8.899204807000047 53.053195217000052)",Unfall 139396 (2017) Kat:3, Licht: 0,139396,3,3,5,11,15,5,1,0,1,1,0,0,,0
"POINT (8.809341676000031 53.099262499000076)",Unfall 139397 (2017) Kat:3, Licht: 0,139397,3,6,3,11,10,5,1,0,1,0,0,0,,0
"POINT (8.929020011000034 53.091965220000077)",Unfall 139398 (2017) Kat:3, Licht: 2,139398,3,3,5,12,19,5,1,2,0,1,0,0,,0
"POINT (8.756189382000059 53.113879757000063)",Unfall 139399 (2017) Kat:3, Licht: 2,139399,3,7,0,11,18,5,0,2,1,1,0,0,,0
"POINT (8.776235472000053 53.079599358000053)",Unfall 139402 (2017) Kat:3, Licht: 0,139402,3,3,5,12,15,7,1,0,0,1,0,0,,1
"POINT (8.737383897000029 53.133402640000043)",Unfall 139406 (2017) Kat:3, Licht: 0,139406,3,6,2,12,14,6,1,0,0,1,0,0,,0
"POINT (8.834497571000043 53.034304064000082)",Unfall 139407 (2017) Kat:3, Licht: 2,139407,3,1,9,12,00,2,1,2,0,1,0,0,,0
"POINT (8.806291639000051 53.084298967000052)",Unfall 139408 (2017) Kat:3, Licht: 2,139408,3,6,2,12,18,3,1,2,0,1,0,0,,0
"POINT (8.893051732000060 53.082516440000063)",Unfall 139411 (2017) Kat:3, Licht: 2,139411,3,6,2,12,20,1,2,2,0,1,0,0,,0
"POINT (8.853553021000039 53.064850912000054)",Unfall 139412 (2017) Kat:3, Licht: 2,139412,3,6,2,12,20,3,1,2,0,1,0,0,,0
"POINT (8.798900065000055 53.077512468000066)",Unfall 139413 (2017) Kat:3, Licht: 2,139413,3,6,2,12,16,2,1,2,0,1,0,0,,1
"POINT (8.824395739000067 53.084377810000035)",Unfall 139415 (2017) Kat:3, Licht: 2,139415,3,3,5,12,22,3,0,2,1,1,0,0,,1
"POINT (8.890897466000070 53.083007902000077)",Unfall 139417 (2017) Kat:3, Licht: 0,139417,3,6,2,12,13,5,1,0,0,1,0,0,,0
"POINT (8.786836243000039 53.082665165000037)",Unfall 139419 (2017) Kat:3, Licht: 2,139419,3,5,1,11,17,5,0,2,1,1,0,0,,0
"POINT (8.856483445000038 53.088827879000064)",Unfall 139420 (2017) Kat:3, Licht: 0,139420,3,5,1,11,17,5,1,0,1,1,0,0,,0
"POINT (8.802117934000023 53.067286448000061)",Unfall 139422 (2017) Kat:3, Licht: 2,139422,3,4,6,12,18,5,1,2,0,1,1,0,,0
"POINT (8.626251385000046 53.183840926000073)",Unfall 139424 (2017) Kat:3, Licht: 0,139424,3,2,5,11,15,7,0,0,1,1,0,0,,0
"POINT (8.941781357000025 53.038081472000044)",Unfall 139426 (2017) Kat:3, Licht: 0,139426,3,3,5,11,08,7,0,0,1,1,0,0,,0
"POINT (8.739832542000045 53.049923272000058)",Unfall 139427 (2017) Kat:3, Licht: 1,139427,3,5,1,12,17,1,1,1,0,1,0,0,,0
"POINT (8.582415060000074 53.182439992000070)",Unfall 139428 (2017) Kat:2, Licht: 2,139428,2,1,9,11,17,7,0,2,0,1,0,0,,0
"POINT (8.796868383000060 53.094669454000041)",Unfall 139429 (2017) Kat:3, Licht: 0,139429,3,7,0,12,09,6,1,0,1,0,0,0,,0
"POINT (8.816537409000034 53.084093059000054)",Unfall 139430 (2017) Kat:3, Licht: 2,139430,3,3,5,12,17,1,1,2,1,1,0,0,,0
"POINT (8.793319231000055 53.093007073000081)",Unfall 139436 (2017) Kat:3, Licht: 1,139436,3,6,2,12,16,6,0,1,0,1,0,0,,0
"POINT (8.718775965000077 53.087305644000082)",Unfall 139440 (2017) Kat:2, Licht: 0,139440,2,7,6,12,09,6,0,0,0,0,1,1,,0
"POINT (8.912293099000067 53.071213087000046)",Unfall 139442 (2017) Kat:2, Licht: 2,139442,2,1,9,12,06,1,1,2,0,1,0,0,,0
"POINT (8.852007496000056 53.073747373000060)",Unfall 139444 (2017) Kat:3, Licht: 2,139444,3,6,2,12,18,2,1,2,0,1,0,0,,0
"POINT (8.804145272000028 53.072394609000071)",Unfall 139445 (2017) Kat:3, Licht: 0,139445,3,3,6,12,10,3,1,0,0,1,1,0,,0
"POINT (8.805740832000026 53.073293996000075)",Unfall 139448 (2017) Kat:2, Licht: 2,139448,2,6,4,12,19,4,1,2,1,0,0,0,,0
"POINT (8.866124831000036 53.071840714000075)",Unfall 139450 (2017) Kat:3, Licht: 0,139450,3,6,3,12,13,2,0,0,0,1,0,0,,0
"POINT (8.874516345000075 53.060979972000041)",Unfall 139451 (2017) Kat:3, Licht: 0,139451,3,3,5,12,09,3,0,0,1,1,0,0,,0
"POINT (8.785021353000047 53.088666133000061)",Unfall 139452 (2017) Kat:3, Licht: 2,139452,3,3,5,12,06,4,0,2,1,1,0,0,,0
"POINT (8.805246497000042 53.083743170000048)",Unfall 139455 (2017) Kat:3, Licht: 1,139455,3,2,5,11,08,6,1,1,1,1,0,0,,0
"POINT (8.837350116000039 53.082559174000039)",Unfall 139456 (2017) Kat:2, Licht: 0,139456,2,4,6,12,09,3,1,0,0,0,1,0,,1
"POINT (8.792097115000047 53.085697960000061)",Unfall 139457 (2017) Kat:3, Licht: 0,139457,3,6,3,11,09,4,1,0,0,1,0,1,,0
"POINT (8.861718151000048 53.102822464000042)",Unfall 139458 (2017) Kat:3, Licht: 0,139458,3,2,5,11,16,6,0,0,1,1,0,0,,0
"POINT (8.778422220000039 53.093401029000063)",Unfall 139459 (2017) Kat:3, Licht: 0,139459,3,1,8,11,13,4,1,0,0,1,0,0,,0
"POINT (8.889982973000031 53.071596935000059)",Unfall 139460 (2017) Kat:2, Licht: 0,139460,2,6,3,11,15,4,1,0,0,1,0,0,,0
"POINT (8.860027695000042 53.065150685000049)",Unfall 139461 (2017) Kat:3, Licht: 2,139461,3,3,5,12,00,4,1,2,0,1,0,0,,0
"POINT (8.852178581000032 53.026648473000080)",Unfall 139462 (2017) Kat:3, Licht: 2,139462,3,6,4,12,08,6,1,2,1,0,0,0,,0
"POINT (8.723833709000076 53.043510168000068)",Unfall 139463 (2017) Kat:3, Licht: 0,139463,3,3,5,12,11,3,0,0,0,1,0,0,,0
"POINT (8.801644186000033 53.071452089000047)",Unfall 139464 (2017) Kat:3, Licht: 0,139464,3,3,5,11,13,6,0,0,1,1,0,0,,0
"POINT (8.780392765000045 53.105450922000045)",Unfall 139466 (2017) Kat:3, Licht: 0,139466,3,7,1,11,14,6,0,0,0,1,0,0,,1
"POINT (8.954672538000068 53.057628483000030)",Unfall 139468 (2017) Kat:2, Licht: 2,139468,2,3,6,11,20,5,1,2,0,1,1,0,,0
"POINT (8.775575163000042 53.060468916000048)",Unfall 139471 (2017) Kat:3, Licht: 2,139471,3,3,5,12,17,2,1,2,0,1,0,0,,0
"POINT (8.675141218000022 53.165400525000052)",Unfall 139475 (2017) Kat:3, Licht: 2,139475,3,5,1,12,17,1,2,2,0,1,0,0,,0
"POINT (8.817488077000064 53.072393718000058)",Unfall 139476 (2017) Kat:3, Licht: 0,139476,3,1,0,12,14,4,1,0,0,0,0,0,,1
"POINT (8.914122798000051 53.065299755000069)",Unfall 139477 (2017) Kat:3, Licht: 2,139477,3,3,5,11,05,4,1,2,1,1,0,0,,0
"POINT (8.695266070000059 53.168758255000057)",Unfall 139481 (2017) Kat:3, Licht: 1,139481,3,3,5,12,07,3,0,1,1,1,0,0,,0
"POINT (8.723754161000045 53.043560351000053)",Unfall 139482 (2017) Kat:3, Licht: 2,139482,3,4,6,12,07,4,1,2,0,1,1,0,,0
"POINT (8.788735185000064 53.072837815000071)",Unfall 139483 (2017) Kat:3, Licht: 1,139483,3,3,5,12,07,5,1,1,1,1,0,0,,0
"POINT (8.820232073000057 53.084006724000062)",Unfall 139484 (2017) Kat:3, Licht: 0,139484,3,3,5,11,14,6,1,0,1,1,0,0,,0
"POINT (8.930526683000039 53.059014652000030)",Unfall 139485 (2017) Kat:3, Licht: 0,139485,3,4,6,12,12,7,1,0,0,1,1,0,,0
"POINT (8.757379721000064 53.110533726000028)",Unfall 139486 (2017) Kat:3, Licht: 0,139486,3,7,2,11,16,6,0,0,0,1,0,0,,0
"POINT (8.825029785000027 53.084193451000033)",Unfall 139487 (2017) Kat:2, Licht: 2,139487,2,3,5,12,22,6,1,2,1,1,0,0,,0
"POINT (8.818101093000053 53.077723255000080)",Unfall 139489 (2017) Kat:3, Licht: 0,139489,3,3,5,11,07,6,1,0,1,1,0,0,,0
"POINT (8.818141735000040 53.077732198000035)",Unfall 139491 (2017) Kat:3, Licht: 2,139491,3,3,5,11,07,6,1,2,1,1,0,0,,0
"POINT (8.735693201000061 53.044310168000038)",Unfall 139492 (2017) Kat:3, Licht: 2,139492,3,3,5,12,17,6,1,2,1,1,0,0,,0
"POINT (8.786531024000055 53.083794413000078)",Unfall 139496 (2017) Kat:3, Licht: 0,139496,3,3,5,12,14,6,1,0,0,1,0,1,,0
"POINT (8.812609735000024 53.080836968000028)",Unfall 139498 (2017) Kat:3, Licht: 2,139498,3,6,2,12,16,1,1,2,0,1,0,0,,0
"POINT (8.793686892000039 53.066393806000065)",Unfall 139500 (2017) Kat:3, Licht: 2,139500,3,4,6,12,18,3,1,2,0,1,1,0,,0
"POINT (8.628688201000045 53.177788048000082)",Unfall 139501 (2017) Kat:3, Licht: 0,139501,3,3,5,12,11,4,2,0,1,1,0,0,,0
"POINT (8.831992072000048 53.071057869000072)",Unfall 139502 (2017) Kat:2, Licht: 2,139502,2,1,0,11,18,3,1,2,1,0,0,0,,0
"POINT (8.808042956000065 53.099719489000051)",Unfall 139503 (2017) Kat:3, Licht: 0,139503,3,3,5,11,09,3,0,0,1,1,0,0,,0
"POINT (8.571844668000040 53.189900049000073)",Unfall 139507 (2017) Kat:3, Licht: 0,139507,3,3,5,12,13,3,1,0,0,1,0,0,,0
"POINT (8.723827548000031 53.043536229000040)",Unfall 139508 (2017) Kat:3, Licht: 1,139508,3,3,5,12,14,4,1,1,0,1,0,0,,0
"POINT (8.888947989000030 53.110337002000051)",Unfall 139509 (2017) Kat:3, Licht: 2,139509,3,6,2,12,17,6,0,2,0,1,0,0,,0
"POINT (8.803841664000061 53.072335255000041)",Unfall 139510 (2017) Kat:3, Licht: 2,139510,3,3,5,12,17,2,0,2,1,0,0,0,,1
"POINT (8.889651823000065 53.061558003000073)",Unfall 139511 (2017) Kat:3, Licht: 2,139511,3,7,5,12,21,3,1,2,0,1,0,0,,1
"POINT (8.889104261000057 53.082567949000065)",Unfall 139512 (2017) Kat:3, Licht: 0,139512,3,6,2,11,14,6,1,0,0,1,0,0,,0
"POINT (8.800315416000046 53.078599255000029)",Unfall 139513 (2017) Kat:3, Licht: 2,139513,3,4,6,12,20,4,1,2,0,0,1,0,,1
"POINT (8.899544280000043 53.121083007000038)",Unfall 139514 (2017) Kat:3, Licht: 0,139514,3,7,5,11,14,6,1,0,0,1,0,0,,1
"POINT (8.788749272000075 53.098093669000036)",Unfall 139515 (2017) Kat:3, Licht: 0,139515,3,6,2,12,11,6,0,0,0,1,0,0,,0
"POINT (8.800651669000047 53.078609029000063)",Unfall 139516 (2017) Kat:3, Licht: 2,139516,3,7,0,11,17,3,1,2,1,0,0,0,,0
"POINT (8.899930627000060 53.059288400000071)",Unfall 139517 (2017) Kat:3, Licht: 2,139517,3,6,2,11,16,6,0,2,0,1,0,0,,0
"POINT (8.765082243000052 53.082732597000074)",Unfall 139518 (2017) Kat:3, Licht: 0,139518,3,6,4,12,11,4,1,0,0,1,0,1,,0
"POINT (8.826317276000054 53.083615073000033)",Unfall 139519 (2017) Kat:3, Licht: 2,139519,3,6,2,11,18,3,1,2,0,1,0,0,,0
"POINT (8.838224054000023 53.067734223000059)",Unfall 139520 (2017) Kat:3, Licht: 0,139520,3,3,5,11,15,6,0,0,1,1,0,0,,0
"POINT (8.849322439000048 53.054673723000064)",Unfall 139521 (2017) Kat:3, Licht: 2,139521,3,4,6,11,08,6,1,2,0,1,1,0,,0
"POINT (8.798210115000074 53.080106900000033)",Unfall 139525 (2017) Kat:3, Licht: 0,139525,3,1,0,12,09,5,0,0,1,0,0,0,,0
"POINT (8.888862666000023 53.100331331000064)",Unfall 139527 (2017) Kat:3, Licht: 0,139527,3,4,6,12,13,6,1,0,0,1,1,0,,0
"POINT (8.785532735000061 53.074858756000026)",Unfall 139529 (2017) Kat:3, Licht: 2,139529,3,2,6,12,22,7,1,2,0,1,1,0,,0
"POINT (8.702200114000050 53.167282448000037)",Unfall 139530 (2017) Kat:3, Licht: 2,139530,3,6,2,12,18,6,1,2,0,1,0,0,,0
"POINT (8.638064478000047 53.181746184000076)",Unfall 139532 (2017) Kat:3, Licht: 0,139532,3,7,0,12,10,5,0,0,1,1,0,0,,0
"POINT (8.869343221000065 53.067011029000071)",Unfall 139534 (2017) Kat:3, Licht: 0,139534,3,1,0,12,16,1,1,0,1,0,0,0,,0
"POINT (8.856186550000075 53.070487183000068)",Unfall 139539 (2017) Kat:3, Licht: 2,139539,3,6,3,12,19,2,1,2,0,1,0,0,,0
"POINT (8.811398395000026 53.080238019000035)",Unfall 139543 (2017) Kat:3, Licht: 2,139543,3,6,2,12,18,7,1,2,0,1,0,0,,0
"POINT (8.549895692000064 53.196919656000034)",Unfall 139545 (2017) Kat:3, Licht: 0,139545,3,1,0,12,09,2,2,0,0,0,0,1,,0
"POINT (8.845237623000060 53.090956957000060)",Unfall 139546 (2017) Kat:3, Licht: 2,139546,3,7,0,12,20,4,1,2,1,1,0,0,,0
"POINT (8.861946100000068 53.071690028000035)",Unfall 139547 (2017) Kat:3, Licht: 0,139547,3,3,5,11,10,3,0,0,1,1,0,0,,0
"POINT (8.856904558000053 53.072686608000026)",Unfall 139549 (2017) Kat:3, Licht: 1,139549,3,6,3,12,15,5,1,1,0,1,0,0,,1
"POINT (8.802579066000021 53.079789333000065)",Unfall 139550 (2017) Kat:3, Licht: 2,139550,3,1,0,12,19,7,1,2,1,1,0,0,,0
"POINT (8.874496021000027 53.101363513000081)",Unfall 139551 (2017) Kat:3, Licht: 0,139551,3,7,0,12,09,3,0,0,0,0,1,0,,1
"POINT (8.791034647000060 53.095495007000068)",Unfall 139552 (2017) Kat:3, Licht: 1,139552,3,2,3,11,16,5,1,1,1,1,0,0,,0
"POINT (8.702231505000043 53.167697632000056)",Unfall 139553 (2017) Kat:3, Licht: 0,139553,3,6,2,12,14,4,1,0,0,1,0,0,,0
"POINT (8.858116276000033 53.080194452000057)",Unfall 139554 (2017) Kat:3, Licht: 2,139554,3,6,2,11,17,5,1,2,0,1,0,0,,0
"POINT (8.807886109000037 53.094898125000043)",Unfall 139555 (2017) Kat:2, Licht: 2,139555,2,4,6,12,18,5,1,2,0,1,1,0,,0
"POINT (8.890916022000056 53.062945107000075)",Unfall 139556 (2017) Kat:3, Licht: 2,139556,3,6,2,11,22,3,1,2,0,1,1,0,,0
"POINT (8.523865490000048 53.204495676000079)",Unfall 139557 (2017) Kat:3, Licht: 0,139557,3,2,5,11,11,5,1,0,1,1,0,0,,0
"POINT (8.799825069000065 53.070067305000066)",Unfall 139559 (2017) Kat:3, Licht: 0,139559,3,3,5,11,13,5,0,0,1,1,0,0,,0
"POINT (8.853693604000057 53.082490469000049)",Unfall 139560 (2017) Kat:3, Licht: 0,139560,3,2,5,12,13,3,1,0,1,1,0,0,,0
"POINT (8.896714967000037 53.118385838000052)",Unfall 139561 (2017) Kat:3, Licht: 1,139561,3,3,5,12,16,4,1,1,1,1,0,0,,0
"POINT (8.810927752000055 53.092546319000064)",Unfall 139562 (2017) Kat:3, Licht: 0,139562,3,2,5,11,11,5,0,0,1,1,0,0,,0
"POINT (8.815550129000030 53.051534608000054)",Unfall 139563 (2017) Kat:3, Licht: 0,139563,3,3,5,12,10,5,1,0,1,1,0,0,,0
"POINT (8.795709709000050 53.056177263000052)",Unfall 139564 (2017) Kat:3, Licht: 0,139564,3,3,5,11,14,5,0,0,0,1,0,0,,0
"POINT (8.832758848000026 53.077500118000046)",Unfall 139565 (2017) Kat:3, Licht: 2,139565,3,4,6,12,16,1,0,2,0,1,1,0,,0
"POINT (8.705175092000047 53.175721236000072)",Unfall 139566 (2017) Kat:2, Licht: 1,139566,2,1,0,11,07,2,2,1,0,1,0,1,,0
"POINT (8.739678196000057 53.049092934000043)",Unfall 139567 (2017) Kat:3, Licht: 0,139567,3,6,2,11,10,5,0,0,0,1,0,0,,0
"POINT (8.807801715000039 53.072610518000033)",Unfall 139568 (2017) Kat:2, Licht: 0,139568,2,3,6,12,10,7,1,0,0,1,1,0,,0
"POINT (8.567441893000023 53.194342227000050)",Unfall 139569 (2017) Kat:3, Licht: 0,139569,3,6,2,11,11,5,1,0,0,1,0,0,,0
"POINT (8.909169463000069 53.056415816000026)",Unfall 139570 (2017) Kat:3, Licht: 0,139570,3,2,5,11,11,5,1,0,1,1,0,0,,0
"POINT (8.794901883000023 53.093938210000033)",Unfall 139571 (2017) Kat:3, Licht: 0,139571,3,3,5,12,13,6,1,0,1,1,0,0,,0
"POINT (8.752848735000043 53.121354711000038)",Unfall 139575 (2017) Kat:3, Licht: 0,139575,3,7,0,12,15,6,1,0,0,0,1,0,,1
"POINT (8.856550166000034 53.071412615000042)",Unfall 139577 (2017) Kat:3, Licht: 1,139577,3,4,6,12,07,6,1,1,0,1,1,0,,0
"POINT (8.630238121000048 53.192382071000054)",Unfall 139579 (2017) Kat:3, Licht: 2,139579,3,1,4,12,18,1,2,2,0,1,0,0,,0
"POINT (8.887902331000021 53.034635925000032)",Unfall 139581 (2017) Kat:3, Licht: 0,139581,3,3,5,12,14,3,1,0,0,0,0,0,,1
"POINT (8.785041849000038 53.102336735000051)",Unfall 139583 (2017) Kat:3, Licht: 2,139583,3,4,6,11,22,2,0,2,0,0,1,0,,1
"POINT (8.739103376000060 53.135190002000058)",Unfall 139584 (2017) Kat:3, Licht: 2,139584,3,2,5,11,13,2,0,2,1,1,0,0,,0
"POINT (8.809364346000052 53.077722563000066)",Unfall 139586 (2017) Kat:3, Licht: 0,139586,3,7,0,12,14,5,0,0,0,0,0,0,,1
"POINT (8.753873339000052 53.120292396000082)",Unfall 139587 (2017) Kat:3, Licht: 2,139587,3,2,4,12,20,6,0,2,0,1,0,0,,0
"POINT (8.607008389000043 53.176230427000064)",Unfall 139589 (2017) Kat:3, Licht: 0,139589,3,7,0,12,13,6,0,0,0,0,1,0,,1
"POINT (8.804473915000074 53.059285551000073)",Unfall 139590 (2017) Kat:3, Licht: 2,139590,3,4,6,12,17,2,0,2,0,0,1,0,,1
"POINT (8.809216231000050 53.078852218000065)",Unfall 139592 (2017) Kat:3, Licht: 0,139592,3,4,6,12,13,3,1,0,1,0,1,0,,0
"POINT (8.870731636000073 53.091286349000029)",Unfall 139593 (2017) Kat:3, Licht: 0,139593,3,7,0,11,15,4,1,0,0,1,0,0,,1
"POINT (8.870342063000066 53.127963883000064)",Unfall 139594 (2017) Kat:2, Licht: 2,139594,2,5,1,12,07,5,1,2,1,0,0,0,,1
"POINT (8.807498265000049 53.074117665000074)",Unfall 139595 (2017) Kat:3, Licht: 0,139595,3,4,6,11,14,2,0,0,1,0,1,0,,0
"POINT (8.599750921000066 53.177815470000041)",Unfall 139596 (2017) Kat:3, Licht: 2,139596,3,6,2,11,06,4,1,2,1,1,0,0,,0
"POINT (8.893345265000050 53.082428144000062)",Unfall 139597 (2017) Kat:2, Licht: 0,139597,2,6,2,12,12,6,0,0,0,1,0,0,,1