WKT,Name,OBJECTID,UKATEGORIE,UTYP1,UART,UMONAT,USTUNDE,UWOCHENTAG,STRZUSTAND,ULICHTVERH,ISTRAD,ISTPKW,ISTFUSS,ISTKRAD,ISTGKFZ,ISTSONSTIG
"POINT (8.885493112000063 53.110014875000047)",Unfall 139598 (2017) Kat:3, Licht: 2,139598,3,3,5,11,17,2,0,2,1,1,0,0,,0
"POINT (8.874917325000070 53.083190240000079)",Unfall 139599 (2017) Kat:2, Licht: 2,139599,2,7,0,11,06,4,1,2,1,0,0,0,,0
"POINT (8.806307456000070 53.084131297000056)",Unfall 139600 (2017) Kat:3, Licht: 0,139600,3,7,0,11,09,2,1,0,0,1,0,0,,0
"POINT (8.805744642000036 53.081395171000054)",Unfall 139601 (2017) Kat:3, Licht: 0,139601,3,4,6,11,11,4,0,0,0,1,1,0,,0
"POINT (8.516867532000049 53.205770053000037)",Unfall 139606 (2017) Kat:3, Licht: 0,139606,3,4,6,12,15,4,0,0,0,1,1,0,,0
"POINT (8.613441758000022 53.189253307000058)",Unfall 139608 (2017) Kat:3, Licht: 2,139608,3,6,0,12,17,5,1,2,1,1,0,0,,0
"POINT (8.823738504000062 53.033258220000050)",Unfall 139611 (2017) Kat:3, Licht: 0,139611,3,3,5,12,12,6,1,0,0,1,0,1,,0
"POINT (8.634600678000027 53.166307028000062)",Unfall 139614 (2017) Kat:3, Licht: 0,139614,3,3,5,12,10,7,1,0,0,1,0,0,,0
"POINT (8.572454689000040 53.199384146000057)",Unfall 139615 (2017) Kat:2, Licht: 1,139615,2,1,1,12,15,2,2,1,0,1,0,1,,0
"POINT (8.911776256000053 53.044435066000062)",Unfall 139620 (2017) Kat:3, Licht: 0,139620,3,7,0,11,08,2,2,0,0,0,0,1,,0
"POINT (8.860599356000023 53.029945528000042)",Unfall 26098 (2018) Kat:3, Licht: 0,26098,3,6,2,08,16,4,0,0,0,1,0,0,0,0
"POINT (8.609849713000074 53.181089847000067)",Unfall 26100 (2018) Kat:2, Licht: 2,26100,2,7,9,03,22,6,0,2,0,1,0,0,0,0
"POINT (8.631010019000030 53.178153888000054)",Unfall 26101 (2018) Kat:3, Licht: 0,26101,3,6,2,09,13,6,1,0,0,1,0,0,0,0
"POINT (8.717602087000046 53.050414724000063)",Unfall 26102 (2018) Kat:3, Licht: 1,26102,3,6,2,02,07,5,0,1,0,1,0,0,0,0
"POINT (8.814209957000060 53.023689603000037)",Unfall 26104 (2018) Kat:3, Licht: 0,26104,3,6,2,06,14,4,0,0,0,1,0,0,0,0
"POINT (8.716271276000043 53.173186418000057)",Unfall 26105 (2018) Kat:3, Licht: 0,26105,3,6,3,08,07,3,0,0,0,1,0,1,0,0
"POINT (8.791901198000062 53.082079163000060)",Unfall 26107 (2018) Kat:3, Licht: 0,26107,3,6,2,05,08,3,0,0,0,1,0,0,0,0
"POINT (8.921897011000056 53.032819700000061)",Unfall 26110 (2018) Kat:2, Licht: 0,26110,2,6,2,04,15,6,0,0,0,1,0,1,1,0
"POINT (8.871579763000057 53.034599017000062)",Unfall 26111 (2018) Kat:2, Licht: 0,26111,2,6,2,10,14,6,0,0,0,1,0,0,0,0
"POINT (8.799593839000067 53.055084880000038)",Unfall 26113 (2018) Kat:3, Licht: 0,26113,3,2,5,07,12,2,0,0,1,1,0,0,0,0
"POINT (8.807646120000072 53.023670191000065)",Unfall 26115 (2018) Kat:3, Licht: 0,26115,3,6,2,09,18,6,0,0,0,1,0,0,0,0
"POINT (8.778655260000051 53.124228368000047)",Unfall 26116 (2018) Kat:3, Licht: 1,26116,3,6,2,02,07,5,0,1,0,1,0,0,0,1
"POINT (8.663148300000046 53.172116691000042)",Unfall 26118 (2018) Kat:3, Licht: 0,26118,3,1,8,06,18,1,0,0,0,1,0,0,0,0
"POINT (8.734373758000061 53.146126586000037)",Unfall 26120 (2018) Kat:3, Licht: 0,26120,3,6,2,05,15,5,0,0,0,1,0,0,0,0
"POINT (8.795370528000035 53.097618340000054)",Unfall 26121 (2018) Kat:3, Licht: 1,26121,3,6,2,11,18,4,0,1,0,1,0,0,0,0
"POINT (8.774501029000021 53.069123530000070)",Unfall 26122 (2018) Kat:3, Licht: 0,26122,3,6,2,08,16,4,0,0,0,1,0,0,0,0
"POINT (8.775852369000063 53.067818931000033)",Unfall 26124 (2018) Kat:2, Licht: 0,26124,2,1,9,05,18,7,0,0,0,1,0,0,0,0
"POINT (8.872224726000070 53.034859547000053)",Unfall 26125 (2018) Kat:3, Licht: 0,26125,3,6,2,01,14,5,1,0,0,1,0,0,0,0
"POINT (8.857006400000046 53.028419604000078)",Unfall 26129 (2018) Kat:2, Licht: 0,26129,2,6,2,03,14,7,0,0,0,1,0,0,0,0
"POINT (8.835067019000064 53.023831339000026)",Unfall 26131 (2018) Kat:2, Licht: 1,26131,2,6,2,10,18,4,0,1,0,1,0,0,0,0
"POINT (8.737419652000028 53.141736496000078)",Unfall 26133 (2018) Kat:3, Licht: 0,26133,3,1,0,07,17,7,1,0,0,0,0,1,0,0
"POINT (8.747443366000027 53.053570673000081)",Unfall 26135 (2018) Kat:3, Licht: 0,26135,3,7,0,08,07,2,0,0,1,0,0,0,0,0
"POINT (8.714865101000044 53.180332892000081)",Unfall 26136 (2018) Kat:3, Licht: 0,26136,3,6,2,01,09,2,0,0,0,1,0,0,0,0
"POINT (8.654866395000056 53.172786278000046)",Unfall 26141 (2018) Kat:3, Licht: 0,26141,3,6,2,11,09,4,0,0,0,1,0,0,0,0
"POINT (8.854173238000044 53.027392288000044)",Unfall 26143 (2018) Kat:2, Licht: 2,26143,2,6,2,03,19,4,0,2,0,1,0,0,1,1
"POINT (8.854407560000027 53.027313617000061)",Unfall 26144 (2018) Kat:3, Licht: 0,26144,3,6,2,09,17,7,0,0,0,1,0,0,0,0
"POINT (8.773325626000030 53.068813241000043)",Unfall 26146 (2018) Kat:2, Licht: 0,26146,2,1,8,07,19,1,0,0,0,0,0,1,0,0
"POINT (8.789707898000074 53.057397069000046)",Unfall 26150 (2018) Kat:3, Licht: 0,26150,3,7,0,10,11,3,1,0,0,0,0,1,0,1
"POINT (8.709530692000044 53.178969231000053)",Unfall 26152 (2018) Kat:3, Licht: 0,26152,3,3,5,07,12,4,0,0,0,1,0,0,0,0
"POINT (8.880766767000068 53.037472231000038)",Unfall 26156 (2018) Kat:3, Licht: 0,26156,3,6,2,05,16,6,0,0,0,1,0,0,0,0
"POINT (8.800122864000059 53.054801552000072)",Unfall 26159 (2018) Kat:3, Licht: 2,26159,3,1,1,04,21,5,0,2,0,1,0,0,0,1
"POINT (8.817815798000027 53.048878038000055)",Unfall 26162 (2018) Kat:3, Licht: 0,26162,3,6,2,03,08,4,0,0,0,1,0,0,0,0
"POINT (8.827224040000033 53.023661637000032)",Unfall 26163 (2018) Kat:3, Licht: 0,26163,3,6,2,09,14,2,0,0,0,1,0,0,0,0
"POINT (8.722138836000056 53.159692701000040)",Unfall 26164 (2018) Kat:2, Licht: 0,26164,2,6,0,02,13,5,0,0,0,1,0,0,0,0
"POINT (8.712747913000044 53.179853251000054)",Unfall 26166 (2018) Kat:3, Licht: 0,26166,3,1,9,06,17,1,1,0,0,1,0,0,0,0
"POINT (8.691580692000059 53.173526424000045)",Unfall 26167 (2018) Kat:3, Licht: 0,26167,3,4,6,08,09,4,0,0,0,0,1,0,1,0
"POINT (8.865170034000073 53.109181322000040)",Unfall 26169 (2018) Kat:3, Licht: 0,26169,3,1,9,05,11,7,0,0,0,0,0,1,0,0
"POINT (8.737411107000071 53.143674494000038)",Unfall 26170 (2018) Kat:3, Licht: 1,26170,3,6,2,12,15,5,1,1,0,1,0,0,0,0
"POINT (8.843467039000075 53.024378610000042)",Unfall 26171 (2018) Kat:3, Licht: 0,26171,3,6,2,08,10,2,0,0,0,1,0,0,0,1
"POINT (8.882116170000074 53.037934807000056)",Unfall 26176 (2018) Kat:3, Licht: 0,26176,3,6,3,04,14,2,0,0,0,1,0,1,0,0
"POINT (8.790443814000071 53.061084195000035)",Unfall 26179 (2018) Kat:3, Licht: 0,26179,3,3,5,07,07,2,0,0,1,0,0,1,0,0
"POINT (8.789388206000069 53.078577400000029)",Unfall 26181 (2018) Kat:3, Licht: 0,26181,3,6,3,03,14,2,0,0,0,1,0,0,1,0
"POINT (8.880544551000071 53.037589187000037)",Unfall 26182 (2018) Kat:3, Licht: 0,26182,3,6,3,09,13,4,0,0,0,1,0,0,0,0
"POINT (8.862048517000062 53.030562267000050)",Unfall 26183 (2018) Kat:2, Licht: 0,26183,2,6,2,02,13,3,0,0,0,0,0,0,1,0
"POINT (8.879633024000043 53.037039362000030)",Unfall 26186 (2018) Kat:3, Licht: 0,26186,3,6,2,08,16,6,0,0,0,1,0,0,0,1
"POINT (8.855899961000034 53.027944936000040)",Unfall 26188 (2018) Kat:2, Licht: 0,26188,2,7,9,05,13,2,0,0,0,0,0,0,1,0
"POINT (8.860038575000033 53.113261065000074)",Unfall 26189 (2018) Kat:3, Licht: 2,26189,3,1,8,01,22,4,2,2,0,1,0,0,0,0
"POINT (8.741133462000050 53.140954193000027)",Unfall 26193 (2018) Kat:3, Licht: 0,26193,3,6,2,04,17,5,1,0,0,1,0,0,0,0
"POINT (8.530935570000054 53.197179621000032)",Unfall 26194 (2018) Kat:3, Licht: 0,26194,3,6,2,10,17,6,0,0,0,1,0,0,0,0
"POINT (8.714309622000030 53.180145149000055)",Unfall 26196 (2018) Kat:2, Licht: 0,26196,2,3,5,07,20,6,0,0,0,1,0,0,0,0
"POINT (8.816381058000047 53.116445020000072)",Unfall 26198 (2018) Kat:3, Licht: 1,26198,3,6,2,01,07,2,1,1,0,1,0,0,0,1
"POINT (8.843831275000071 53.024391449000063)",Unfall 26200 (2018) Kat:3, Licht: 0,26200,3,6,2,04,07,3,0,0,0,1,0,0,0,0
"POINT (8.852135416000067 53.026415189000033)",Unfall 26201 (2018) Kat:3, Licht: 2,26201,3,3,5,10,18,4,0,2,0,1,0,0,1,0
"POINT (8.917861159000040 53.034526908000032)",Unfall 26203 (2018) Kat:2, Licht: 0,26203,2,6,2,07,08,3,0,0,0,0,0,0,1,1
"POINT (8.860739886000033 53.112758694000036)",Unfall 26205 (2018) Kat:3, Licht: 0,26205,3,1,8,02,16,1,2,0,0,1,0,0,0,0
"POINT (8.853567343000066 53.026771418000067)",Unfall 26206 (2018) Kat:3, Licht: 0,26206,3,6,2,09,16,4,0,0,0,1,0,0,0,1
"POINT (8.838420689000031 53.023901538000075)",Unfall 26207 (2018) Kat:3, Licht: 0,26207,3,6,2,02,15,6,1,0,0,1,0,0,0,0
"POINT (8.753203977000055 53.055950151000047)",Unfall 26209 (2018) Kat:3, Licht: 0,26209,3,6,2,06,15,6,0,0,0,1,0,0,0,0
"POINT (8.821118825000042 53.116306918000078)",Unfall 26211 (2018) Kat:3, Licht: 0,26211,3,6,2,05,15,6,0,0,0,1,0,0,0,0
"POINT (8.796506006000072 53.086418228000070)",Unfall 26212 (2018) Kat:2, Licht: 0,26212,2,6,3,01,13,4,1,0,0,1,0,0,1,0
"POINT (8.868920071000048 53.109687490000056)",Unfall 26213 (2018) Kat:3, Licht: 0,26213,3,6,2,11,08,3,0,0,0,1,0,0,0,0
"POINT (8.639337954000041 53.174852168000029)",Unfall 26215 (2018) Kat:3, Licht: 1,26215,3,1,9,03,06,6,2,1,0,1,0,0,0,0
"POINT (8.780494136000073 53.068060837000075)",Unfall 26216 (2018) Kat:3, Licht: 0,26216,3,2,5,10,14,2,0,0,0,1,0,1,0,0
"POINT (8.803160795000053 53.053338291000046)",Unfall 26218 (2018) Kat:3, Licht: 0,26218,3,3,5,07,12,5,0,0,1,1,0,0,0,0
"POINT (8.790977595000072 53.080854037000051)",Unfall 26220 (2018) Kat:3, Licht: 0,26220,3,6,0,08,13,5,0,0,0,1,0,0,1,0
"POINT (8.683621851000055 53.173152082000058)",Unfall 26222 (2018) Kat:3, Licht: 0,26222,3,6,2,05,18,4,0,0,0,1,0,0,0,0
"POINT (8.877908538000042 53.036756471000047)",Unfall 26224 (2018) Kat:3, Licht: 0,26224,3,6,3,09,07,3,0,0,0,1,0,0,0,0
"POINT (8.915581831000054 53.035410696000042)",Unfall 26225 (2018) Kat:2, Licht: 0,26225,2,6,3,01,11,3,0,0,0,1,0,0,0,1
"POINT (8.817294438000033 53.116551257000026)",Unfall 26227 (2018) Kat:2, Licht: 0,26227,2,1,8,06,09,5,0,0,0,0,0,0,0,1
"POINT (8.845964689000027 53.024713447000067)",Unfall 26229 (2018) Kat:3, Licht: 0,26229,3,6,2,04,10,7,0,0,0,1,0,0,0,0
"POINT (8.643354253000041 53.174738005000052)",Unfall 26230 (2018) Kat:3, Licht: 0,26230,3,6,2,11,08,6,1,0,0,1,0,0,0,0
"POINT (8.710760924000056 53.179417688000058)",Unfall 26233 (2018) Kat:3, Licht: 2,26233,3,6,2,10,18,2,1,2,0,1,0,0,0,0
"POINT (8.779220890000033 53.068199166000056)",Unfall 26235 (2018) Kat:3, Licht: 0,26235,3,6,2,07,16,3,0,0,0,1,0,0,0,1
"POINT (8.712285157000054 53.178566170000067)",Unfall 26237 (2018) Kat:3, Licht: 0,26237,3,6,2,08,18,3,0,0,0,1,0,0,0,0
"POINT (8.765849340000045 53.060657637000077)",Unfall 26239 (2018) Kat:3, Licht: 0,26239,3,6,2,05,09,3,0,0,0,1,0,0,0,0
"POINT (8.878286893000052 53.036859563000064)",Unfall 26240 (2018) Kat:3, Licht: 0,26240,3,6,2,12,15,5,0,0,0,1,0,0,0,0
"POINT (8.736840824000069 53.053162377000035)",Unfall 26241 (2018) Kat:3, Licht: 2,26241,3,3,5,01,19,4,1,2,0,1,0,0,1,0
"POINT (8.794137959000068 53.119932787000039)",Unfall 26242 (2018) Kat:3, Licht: 1,26242,3,6,2,01,07,2,1,1,0,1,0,0,0,0
"POINT (8.795607806000021 53.085740648000069)",Unfall 26244 (2018) Kat:3, Licht: 0,26244,3,6,3,04,12,4,0,0,0,1,0,0,1,0
"POINT (8.811169913000072 53.113678340000035)",Unfall 26245 (2018) Kat:3, Licht: 1,26245,3,6,2,10,07,6,0,1,0,1,0,0,0,1
"POINT (8.709787442000049 53.179021959000067)",Unfall 26247 (2018) Kat:3, Licht: 0,26247,3,6,3,03,08,2,0,0,0,1,0,0,0,0
"POINT (8.754456006000055 53.075843170000041)",Unfall 26248 (2018) Kat:2, Licht: 0,26248,2,1,0,09,10,6,0,0,0,0,0,1,0,0
"POINT (8.789757806000068 53.061564915000076)",Unfall 26249 (2018) Kat:3, Licht: 0,26249,3,6,2,02,15,5,0,0,0,1,0,0,0,0
"POINT (8.756955962000063 53.075751368000056)",Unfall 26250 (2018) Kat:3, Licht: 0,26250,3,3,5,04,14,7,0,0,0,1,0,0,0,0
"POINT (8.863262844000076 53.031078285000035)",Unfall 26251 (2018) Kat:3, Licht: 0,26251,3,6,2,11,12,2,0,0,0,0,0,0,1,0
"POINT (8.886145381000063 53.040242781000075)",Unfall 26254 (2018) Kat:3, Licht: 0,26254,3,1,0,09,08,3,1,0,0,1,0,0,0,0
"POINT (8.822492834000059 53.023671928000056)",Unfall 26256 (2018) Kat:3, Licht: 0,26256,3,6,2,06,08,5,0,0,0,1,0,0,0,0
"POINT (8.858532433000050 53.028871314000071)",Unfall 26258 (2018) Kat:3, Licht: 0,26258,3,6,1,08,13,2,0,0,0,1,0,0,1,0
"POINT (8.963117264000061 53.069738870000037)",Unfall 26260 (2018) Kat:3, Licht: 0,26260,3,6,2,05,18,4,0,0,0,1,0,0,0,0
"POINT (8.882282119000024 53.037790646000076)",Unfall 26261 (2018) Kat:2, Licht: 0,26261,2,6,2,12,12,3,0,0,0,1,0,0,0,0
"POINT (8.839767962000053 53.115809513000045)",Unfall 26262 (2018) Kat:3, Licht: 2,26262,3,6,2,01,04,6,1,2,0,1,0,0,0,0
"POINT (8.863515025000027 53.031185263000054)",Unfall 26264 (2018) Kat:3, Licht: 0,26264,3,6,2,04,13,6,0,0,0,1,0,0,0,0
"POINT (8.858860825000022 53.029015175000040)",Unfall 26265 (2018) Kat:3, Licht: 0,26265,3,6,2,10,16,3,1,0,0,0,0,0,1,0
"POINT (8.854624590000071 53.027403591000052)",Unfall 26268 (2018) Kat:3, Licht: 0,26268,3,6,2,07,10,6,0,0,0,1,0,0,0,1
"POINT (8.965137606000042 53.065375815000039)",Unfall 26270 (2018) Kat:2, Licht: 0,26270,2,6,2,03,14,6,0,0,0,1,0,0,0,1
"POINT (8.811555527000053 53.115513545000056)",Unfall 26271 (2018) Kat:2, Licht: 0,26271,2,6,2,09,18,2,0,0,0,1,0,1,0,0
"POINT (8.861254805000044 53.030224480000072)",Unfall 26272 (2018) Kat:3, Licht: 0,26272,3,6,2,02,14,2,0,0,0,0,0,0,1,0
"POINT (8.773557031000053 53.069755751000059)",Unfall 26274 (2018) Kat:3, Licht: 2,26274,3,1,9,06,01,1,1,2,0,1,0,0,0,0
"POINT (8.893229056000052 53.091429390000030)",Unfall 26275 (2018) Kat:3, Licht: 2,26275,3,6,2,01,17,6,0,2,0,1,0,0,1,0
"POINT (8.852173953000033 53.026428634000069)",Unfall 26276 (2018) Kat:3, Licht: 0,26276,3,6,3,08,12,5,0,0,0,1,0,0,1,0
"POINT (8.791539864000072 53.056397059000062)",Unfall 26278 (2018) Kat:3, Licht: 0,26278,3,1,8,05,13,1,0,0,0,1,0,0,0,0
"POINT (8.843312494000031 53.024265178000064)",Unfall 26280 (2018) Kat:3, Licht: 0,26280,3,7,2,06,14,6,0,0,0,1,0,0,0,0
"POINT (8.716186084000071 53.173340034000034)",Unfall 26281 (2018) Kat:3, Licht: 0,26281,3,6,2,08,16,3,0,0,0,1,0,0,0,0
"POINT (8.967423178000047 53.060612810000066)",Unfall 26285 (2018) Kat:3, Licht: 0,26285,3,6,2,01,14,5,0,0,0,1,0,0,0,0
"POINT (8.862338192000038 53.030685543000061)",Unfall 26287 (2018) Kat:3, Licht: 0,26287,3,6,2,04,09,6,0,0,0,1,0,0,0,1
"POINT (8.794522117000042 53.094171884000048)",Unfall 26288 (2018) Kat:3, Licht: 0,26288,3,6,3,10,17,3,0,0,0,0,0,1,1,0
"POINT (8.810951706000026 53.034574230000032)",Unfall 26290 (2018) Kat:3, Licht: 0,26290,3,6,1,07,17,4,0,0,0,1,0,0,0,0
"POINT (8.746699047000050 53.053400696000040)",Unfall 26292 (2018) Kat:3, Licht: 0,26292,3,6,2,09,08,3,0,0,0,0,0,0,1,1
"POINT (8.892399796000063 53.091734184000074)",Unfall 26293 (2018) Kat:3, Licht: 1,26293,3,6,2,02,07,5,1,1,0,1,0,0,0,0
"POINT (8.835732178000058 53.023652287000061)",Unfall 26295 (2018) Kat:3, Licht: 0,26295,3,6,2,06,17,2,0,0,0,0,0,1,0,1
"POINT (8.805576378000069 53.117460745000074)",Unfall 26296 (2018) Kat:3, Licht: 0,26296,3,6,8,01,13,1,0,0,0,1,0,0,0,0
"POINT (8.795341288000032 53.096704200000033)",Unfall 26298 (2018) Kat:2, Licht: 0,26298,2,6,2,05,18,6,0,0,0,1,0,0,0,0
"POINT (8.790803581000034 53.060830789000079)",Unfall 26300 (2018) Kat:3, Licht: 0,26300,3,3,5,01,14,7,1,0,0,1,0,0,0,0
"POINT (8.836955799000066 53.023836208000034)",Unfall 26302 (2018) Kat:3, Licht: 0,26302,3,6,2,03,11,5,1,0,0,1,0,0,0,0
"POINT (8.769496354000069 53.061301139000079)",Unfall 26303 (2018) Kat:3, Licht: 0,26303,3,6,3,10,13,5,0,0,0,1,0,1,0,0
"POINT (8.803055570000026 53.117964709000034)",Unfall 26305 (2018) Kat:3, Licht: 1,26305,3,7,8,11,16,5,1,1,0,1,0,0,0,0
"POINT (8.796794631000068 53.088780081000039)",Unfall 26307 (2018) Kat:3, Licht: 0,26307,3,6,3,04,15,3,0,0,0,1,0,0,1,0
"POINT (8.968521508000038 53.057656191000035)",Unfall 26311 (2018) Kat:3, Licht: 0,26311,3,6,2,07,16,2,0,0,0,1,0,0,0,0
"POINT (8.744604466000055 53.076228637000042)",Unfall 26313 (2018) Kat:3, Licht: 2,26313,3,1,0,08,22,4,1,2,0,1,0,0,0,0
"POINT (8.715095883000060 53.180380937000052)",Unfall 26314 (2018) Kat:3, Licht: 0,26314,3,6,2,01,08,2,0,0,0,1,0,0,0,0
"POINT (8.728870355000026 53.145410165000044)",Unfall 26319 (2018) Kat:3, Licht: 0,26319,3,6,2,04,14,6,0,0,0,1,0,0,0,0
"POINT (8.866687288000037 53.110503002000030)",Unfall 26322 (2018) Kat:3, Licht: 0,26322,3,6,2,03,14,6,0,0,0,1,0,0,0,0
"POINT (8.847798254000054 53.025109016000044)",Unfall 26325 (2018) Kat:3, Licht: 0,26325,3,6,2,07,11,2,0,0,0,1,0,0,0,0
"POINT (8.791045805000067 53.080802386000073)",Unfall 26327 (2018) Kat:2, Licht: 0,26327,2,6,2,08,14,2,0,0,0,1,0,0,1,0
"POINT (8.851772190000077 53.026288463000071)",Unfall 26329 (2018) Kat:3, Licht: 0,26329,3,6,2,05,11,2,0,0,0,1,0,0,0,0
"POINT (8.855478302000051 53.027764036000065)",Unfall 26330 (2018) Kat:3, Licht: 0,26330,3,6,2,12,11,4,0,0,0,0,0,0,1,0
"POINT (8.825744157000031 53.023663497000030)",Unfall 26331 (2018) Kat:3, Licht: 0,26331,3,6,2,07,16,4,0,0,0,1,0,0,0,0
"POINT (8.737498686000038 53.078234015000078)",Unfall 26333 (2018) Kat:2, Licht: 0,26333,2,1,9,08,18,3,0,0,0,0,0,1,0,0
"POINT (8.852161183000021 53.114976622000029)",Unfall 26335 (2018) Kat:3, Licht: 0,26335,3,1,0,05,05,7,0,0,0,0,0,1,0,0
"POINT (8.816612671000030 53.044245446000048)",Unfall 26336 (2018) Kat:3, Licht: 0,26336,3,3,5,12,13,1,1,0,0,1,0,1,0,0
"POINT (8.527880503000063 53.198706485000059)",Unfall 26339 (2018) Kat:3, Licht: 0,26339,3,6,2,04,12,5,0,0,0,1,0,0,0,0
"POINT (8.853008907000060 53.114984490000040)",Unfall 26340 (2018) Kat:3, Licht: 0,26340,3,7,8,10,11,4,0,0,0,1,0,0,0,0
"POINT (8.848275553000065 53.025225308000074)",Unfall 26343 (2018) Kat:3, Licht: 0,26343,3,6,2,09,13,2,1,0,0,1,0,0,0,1
"POINT (8.716406882000058 53.172937115000082)",Unfall 26344 (2018) Kat:3, Licht: 0,26344,3,6,2,02,13,6,0,0,0,1,0,0,0,0
"POINT (8.627070756000023 53.179768875000036)",Unfall 26347 (2018) Kat:3, Licht: 0,26347,3,6,2,08,14,5,1,0,0,1,0,0,0,0
"POINT (8.745243445000028 53.138045617000046)",Unfall 26349 (2018) Kat:2, Licht: 0,26349,2,6,2,05,09,1,0,0,0,1,0,0,0,0
"POINT (8.962316128000055 53.071211544000050)",Unfall 26350 (2018) Kat:3, Licht: 0,26350,3,1,9,12,11,6,1,0,0,1,0,0,0,0
"POINT (8.728561061000050 53.150798909000059)",Unfall 26353 (2018) Kat:3, Licht: 0,26353,3,6,3,04,16,3,0,0,0,1,0,0,1,0
"POINT (8.779539529000033 53.068571993000035)",Unfall 26354 (2018) Kat:3, Licht: 0,26354,3,6,2,10,14,6,0,0,0,1,0,0,0,1
"POINT (8.793473761000030 53.058960239000044)",Unfall 26356 (2018) Kat:3, Licht: 0,26356,3,6,2,07,17,4,0,0,0,1,0,0,0,0
"POINT (8.723423824000065 53.156680473000051)",Unfall 26359 (2018) Kat:3, Licht: 0,26359,3,6,2,04,15,2,0,0,0,1,0,0,0,1
"POINT (8.776299834000042 53.067337334000058)",Unfall 26360 (2018) Kat:3, Licht: 0,26360,3,1,9,10,13,4,1,0,0,1,0,0,0,0
"POINT (8.867499772000031 53.032671257000061)",Unfall 26361 (2018) Kat:3, Licht: 0,26361,3,6,2,07,16,3,0,0,0,1,0,0,1,0
"POINT (8.808392061000063 53.051534682000067)",Unfall 26363 (2018) Kat:3, Licht: 1,26363,3,6,3,03,06,6,0,1,0,1,0,0,0,0
"POINT (8.854116995000027 53.027193156000067)",Unfall 26364 (2018) Kat:3, Licht: 0,26364,3,6,2,09,13,6,1,0,0,1,0,0,0,1
"POINT (8.790203235000035 53.079669815000045)",Unfall 26365 (2018) Kat:3, Licht: 0,26365,3,6,2,02,10,3,0,0,0,1,0,0,1,0
"POINT (8.717512251000073 53.169975004000037)",Unfall 26367 (2018) Kat:3, Licht: 0,26367,3,6,2,06,07,4,0,0,0,1,0,0,0,0
"POINT (8.817199289000030 53.116665833000070)",Unfall 26369 (2018) Kat:2, Licht: 0,26369,2,6,2,08,11,2,0,0,0,0,0,0,1,0
"POINT (8.710697105000065 53.179152114000033)",Unfall 26371 (2018) Kat:3, Licht: 0,26371,3,6,2,05,13,3,0,0,0,1,0,0,0,0
"POINT (8.797974517000057 53.087374220000072)",Unfall 26372 (2018) Kat:3, Licht: 2,26372,3,1,8,12,19,1,1,2,0,1,0,0,0,0
"POINT (8.772962100000029 53.126463140000055)",Unfall 26374 (2018) Kat:3, Licht: 2,26374,3,1,8,01,04,1,2,2,0,1,0,0,0,0
"POINT (8.765874539000038 53.060661640000035)",Unfall 26376 (2018) Kat:3, Licht: 0,26376,3,6,2,04,15,6,0,0,0,1,0,1,0,0
"POINT (8.902351802000055 53.085305531000074)",Unfall 26377 (2018) Kat:3, Licht: 0,26377,3,6,2,10,13,6,0,0,0,1,0,0,0,0
"POINT (8.811726179000061 53.114989929000046)",Unfall 26379 (2018) Kat:2, Licht: 2,26379,2,6,2,07,22,7,0,2,0,1,0,0,0,0
"POINT (8.736296204000041 53.142995007000081)",Unfall 26381 (2018) Kat:3, Licht: 2,26381,3,1,9,09,05,6,0,2,0,1,0,0,0,0
"POINT (8.728801085000043 53.150357124000038)",Unfall 26382 (2018) Kat:3, Licht: 1,26382,3,6,2,01,07,4,1,1,0,1,0,0,0,0
"POINT (8.757947222000041 53.058272255000077)",Unfall 26384 (2018) Kat:3, Licht: 0,26384,3,6,2,06,14,6,0,0,0,1,0,0,0,0
"POINT (8.714476142000024 53.176809157000037)",Unfall 26387 (2018) Kat:3, Licht: 0,26387,3,6,2,02,08,2,2,0,0,1,0,0,0,0
"POINT (8.789673854000057 53.057290347000048)",Unfall 26388 (2018) Kat:3, Licht: 0,26388,3,1,8,09,12,4,1,0,0,1,0,0,0,0
"POINT (8.786580207000043 53.121456895000051)",Unfall 26389 (2018) Kat:2, Licht: 2,26389,2,1,8,02,07,7,2,2,0,0,0,0,0,1
"POINT (8.777255209000032 53.124737233000076)",Unfall 26391 (2018) Kat:3, Licht: 1,26391,3,6,2,06,21,7,0,1,0,1,0,0,0,0
"POINT (8.895371721000061 53.038859199000058)",Unfall 26395 (2018) Kat:3, Licht: 0,26395,3,6,2,11,14,6,0,0,0,1,0,0,0,0
"POINT (8.818029862000060 53.023687657000039)",Unfall 26398 (2018) Kat:3, Licht: 0,26398,3,6,2,03,09,6,0,0,0,1,0,0,0,0
"POINT (8.728038434000041 53.151211102000048)",Unfall 26400 (2018) Kat:3, Licht: 0,26400,3,6,2,10,10,2,0,0,0,1,0,0,0,0
"POINT (8.875613564000048 53.036067848000073)",Unfall 26402 (2018) Kat:3, Licht: 0,26402,3,6,2,07,15,5,0,0,0,1,0,0,0,1
"POINT (8.797372860000053 53.087501152000073)",Unfall 26403 (2018) Kat:2, Licht: 0,26403,2,1,0,01,09,5,1,0,0,0,0,1,0,0
"POINT (8.854369889000054 53.114746832000037)",Unfall 26405 (2018) Kat:3, Licht: 0,26405,3,6,2,08,13,6,0,0,0,1,0,0,0,0
"POINT (8.789540101000057 53.078792950000036)",Unfall 26407 (2018) Kat:3, Licht: 0,26407,3,6,2,05,08,5,0,0,0,1,0,0,0,0
"POINT (8.710962184000039 53.179469823000034)",Unfall 26411 (2018) Kat:3, Licht: 0,26411,3,6,2,11,10,4,0,0,0,1,0,0,0,1
"POINT (8.845969173000071 53.024536737000062)",Unfall 26415 (2018) Kat:3, Licht: 0,26415,3,6,2,05,15,5,0,0,0,1,0,0,0,1