WKT,Name,OBJECTID,UKATEGORIE,UTYP1,UART,UMONAT,USTUNDE,UWOCHENTAG,STRZUSTAND,ULICHTVERH,ISTRAD,ISTPKW,ISTFUSS,ISTKRAD,ISTGKFZ,ISTSONSTIG
"POINT (8.714235999000039 53.180123966000053)",Unfall 26416 (2018) Kat:3, Licht: 0,26416,3,2,5,11,13,7,0,0,0,1,0,0,0,0
"POINT (8.765111718000071 53.073168789000079)",Unfall 26420 (2018) Kat:3, Licht: 0,26420,3,6,3,10,15,3,1,0,0,1,0,0,0,0
"POINT (8.853812471000026 53.026868447000027)",Unfall 26422 (2018) Kat:3, Licht: 0,26422,3,6,2,07,12,3,0,0,0,0,0,0,1,1
"POINT (8.812078341000074 53.036317487000076)",Unfall 26424 (2018) Kat:3, Licht: 0,26424,3,7,2,08,14,7,0,0,0,1,0,0,0,0
"POINT (8.769221367000057 53.061185959000056)",Unfall 26426 (2018) Kat:3, Licht: 0,26426,3,3,3,05,14,4,0,0,0,1,0,0,1,0
"POINT (8.709706646000029 53.179142267000032)",Unfall 26427 (2018) Kat:3, Licht: 2,26427,3,6,2,12,19,5,1,2,0,1,0,0,0,0
"POINT (8.717936397000074 53.168981388000077)",Unfall 26430 (2018) Kat:3, Licht: 0,26430,3,6,2,04,08,4,0,0,0,1,0,0,0,0
"POINT (8.736982280000063 53.053210258000036)",Unfall 26431 (2018) Kat:3, Licht: 0,26431,3,3,3,10,11,2,0,0,0,1,0,0,1,0
"POINT (8.846903699000052 53.024904756000069)",Unfall 26433 (2018) Kat:3, Licht: 2,26433,3,6,2,03,23,2,1,2,0,1,0,0,0,0
"POINT (8.791520142000024 53.081567640000060)",Unfall 26435 (2018) Kat:3, Licht: 0,26435,3,6,3,02,07,3,0,0,0,1,0,0,1,0
"POINT (8.943818444000044 53.027282370000080)",Unfall 26438 (2018) Kat:3, Licht: 0,26438,3,6,2,08,18,4,0,0,0,1,0,0,0,0
"POINT (8.790137947000062 53.079735584000048)",Unfall 26440 (2018) Kat:3, Licht: 0,26440,3,6,2,09,13,4,0,0,0,0,0,0,0,1
"POINT (8.898833338000031 53.038728150000054)",Unfall 26442 (2018) Kat:3, Licht: 0,26442,3,6,2,06,12,7,0,0,0,1,0,0,0,0
"POINT (8.865997595000067 53.032238590000077)",Unfall 26444 (2018) Kat:2, Licht: 2,26444,2,6,2,08,00,2,0,2,0,0,0,0,1,0
"POINT (8.796970642000076 53.119345559000067)",Unfall 26446 (2018) Kat:3, Licht: 0,26446,3,6,2,05,15,6,0,0,0,1,0,0,0,1
"POINT (8.867308027000036 53.032588560000079)",Unfall 26447 (2018) Kat:3, Licht: 2,26447,3,6,3,12,18,3,0,2,0,1,0,0,1,0
"POINT (8.870583071000056 53.033986661000029)",Unfall 26451 (2018) Kat:3, Licht: 2,26451,3,6,3,10,18,3,1,2,0,1,0,0,0,1
"POINT (8.711111183000071 53.178441864000035)",Unfall 26453 (2018) Kat:3, Licht: 0,26453,3,2,5,07,17,7,0,0,0,1,0,0,0,0
"POINT (8.725924853000038 53.153032907000068)",Unfall 26455 (2018) Kat:3, Licht: 0,26455,3,6,2,03,06,2,1,0,0,1,0,0,0,1
"POINT (8.872794307000049 53.035080146000041)",Unfall 26461 (2018) Kat:3, Licht: 1,26461,3,1,7,08,04,5,0,1,0,0,0,0,1,0
"POINT (8.526404417000038 53.199635748000048)",Unfall 26463 (2018) Kat:3, Licht: 2,26463,3,7,0,05,23,2,0,2,0,0,0,1,0,0
"POINT (8.790162241000076 53.057147595000060)",Unfall 26464 (2018) Kat:3, Licht: 0,26464,3,1,8,11,14,5,1,0,0,0,0,0,0,1
"POINT (8.842920908000053 53.024209906000067)",Unfall 26467 (2018) Kat:3, Licht: 0,26467,3,6,2,04,11,4,0,0,0,1,0,0,0,0
"POINT (8.874353267000060 53.035653555000067)",Unfall 26469 (2018) Kat:3, Licht: 0,26469,3,6,2,05,13,4,0,0,0,1,0,0,1,0
"POINT (8.710701853000046 53.179147723000028)",Unfall 26470 (2018) Kat:3, Licht: 2,26470,3,6,3,12,16,5,1,2,0,1,0,0,0,0
"POINT (8.722570102000077 53.158668882000029)",Unfall 26472 (2018) Kat:3, Licht: 0,26472,3,6,2,04,15,2,0,0,0,1,0,0,0,0
"POINT (8.903626416000066 53.084666738000067)",Unfall 26473 (2018) Kat:3, Licht: 0,26473,3,6,2,10,07,4,0,0,0,1,0,0,0,0
"POINT (8.655438755000034 53.172811226000078)",Unfall 26475 (2018) Kat:2, Licht: 2,26475,2,4,6,07,02,1,0,2,0,1,1,0,0,0
"POINT (8.704912394000075 53.175905614000044)",Unfall 26477 (2018) Kat:3, Licht: 2,26477,3,6,2,02,06,6,0,2,0,1,0,0,0,0
"POINT (8.932316474000061 53.028528547000064)",Unfall 26478 (2018) Kat:3, Licht: 0,26478,3,6,2,09,16,3,0,0,0,1,0,0,1,0
"POINT (8.796199821000073 53.099260202000039)",Unfall 26479 (2018) Kat:3, Licht: 2,26479,3,6,2,02,18,6,1,2,0,1,0,0,0,0
"POINT (8.795356210000023 53.090373170000078)",Unfall 26481 (2018) Kat:3, Licht: 0,26481,3,6,3,06,06,6,0,0,0,1,0,0,1,0
"POINT (8.854191107000077 53.027400669000031)",Unfall 26483 (2018) Kat:3, Licht: 0,26483,3,6,2,05,18,6,0,0,0,1,0,0,0,0
"POINT (8.925221322000027 53.030930965000039)",Unfall 26484 (2018) Kat:3, Licht: 0,26484,3,6,2,11,11,6,0,0,0,1,0,0,0,0
"POINT (8.808537827000066 53.117082379000067)",Unfall 26486 (2018) Kat:3, Licht: 0,26486,3,6,2,03,17,6,0,0,0,1,0,0,0,0
"POINT (8.802165992000028 53.105062287000067)",Unfall 26487 (2018) Kat:3, Licht: 0,26487,3,6,3,10,13,6,0,0,0,1,0,0,1,0
"POINT (8.789673448000031 53.079120535000072)",Unfall 26489 (2018) Kat:3, Licht: 0,26489,3,6,2,07,14,5,0,0,0,1,0,0,0,0
"POINT (8.797367545000043 53.056364746000042)",Unfall 26491 (2018) Kat:3, Licht: 0,26491,3,6,2,08,12,4,0,0,0,1,0,1,0,0
"POINT (8.819122031000063 53.048156405000043)",Unfall 26494 (2018) Kat:3, Licht: 1,26494,3,6,2,10,06,5,0,1,0,1,0,0,0,0
"POINT (8.782530212000040 53.066692378000027)",Unfall 26496 (2018) Kat:3, Licht: 1,26496,3,6,2,07,05,3,1,1,0,1,0,0,0,1
"POINT (8.727708960000030 53.151474317000066)",Unfall 26499 (2018) Kat:3, Licht: 1,26499,3,6,2,01,07,3,0,1,0,1,0,0,0,0
"POINT (8.931152522000048 53.079079004000050)",Unfall 26503 (2018) Kat:2, Licht: 0,26503,2,6,3,04,07,6,0,0,0,1,0,0,0,1
"POINT (8.717502667000076 53.170546263000062)",Unfall 26504 (2018) Kat:3, Licht: 0,26504,3,6,2,11,14,6,0,0,0,1,0,0,0,1
"POINT (8.867890136000028 53.109976038000070)",Unfall 26506 (2018) Kat:3, Licht: 0,26506,3,6,2,03,14,6,0,0,0,1,0,0,0,0
"POINT (8.790298404000055 53.057095548000063)",Unfall 26507 (2018) Kat:3, Licht: 0,26507,3,1,8,10,14,2,1,0,0,0,0,0,1,0
"POINT (8.805697456000075 53.109614885000042)",Unfall 26509 (2018) Kat:3, Licht: 0,26509,3,6,2,07,17,2,0,0,0,1,0,0,0,0
"POINT (8.859991701000070 53.029489846000047)",Unfall 26511 (2018) Kat:3, Licht: 0,26511,3,6,2,08,14,2,0,0,0,0,0,0,1,1
"POINT (8.796104219000029 53.086097079000069)",Unfall 26513 (2018) Kat:3, Licht: 0,26513,3,6,3,05,05,3,0,0,0,1,0,0,1,0
"POINT (8.732177106000052 53.147884891000047)",Unfall 26514 (2018) Kat:3, Licht: 0,26514,3,6,2,12,11,5,0,0,0,0,0,0,1,0
"POINT (8.734116938000057 53.182530235000058)",Unfall 26515 (2018) Kat:3, Licht: 0,26515,3,6,2,01,14,2,1,0,0,1,0,0,0,0
"POINT (8.733080826000048 53.147173271000042)",Unfall 26517 (2018) Kat:2, Licht: 0,26517,2,6,2,04,10,4,0,0,0,1,0,0,1,0
"POINT (8.925964469000064 53.079037507000066)",Unfall 26518 (2018) Kat:2, Licht: 0,26518,2,6,2,10,08,4,1,0,0,1,0,0,0,1
"POINT (8.773563691000049 53.067970903000059)",Unfall 26521 (2018) Kat:3, Licht: 0,26521,3,6,3,04,16,5,0,0,0,1,0,1,0,0
"POINT (8.633970135000027 53.176707640000075)",Unfall 26522 (2018) Kat:3, Licht: 0,26522,3,6,2,11,15,5,0,0,0,1,0,0,0,0
"POINT (8.849492199000054 53.025374128000067)",Unfall 26527 (2018) Kat:2, Licht: 0,26527,2,6,2,06,15,2,0,0,0,1,0,0,0,0
"POINT (8.794272370000044 53.091799341000069)",Unfall 26529 (2018) Kat:3, Licht: 0,26529,3,6,2,08,07,6,0,0,0,1,0,0,0,0
"POINT (8.819362975000047 53.048441003000050)",Unfall 26531 (2018) Kat:3, Licht: 0,26531,3,7,0,05,12,3,0,0,1,0,0,0,0,0
"POINT (8.809046849000026 53.111496756000065)",Unfall 26532 (2018) Kat:2, Licht: 0,26532,2,6,1,12,16,3,0,0,0,1,0,0,1,0
"POINT (8.847123418000024 53.024954927000067)",Unfall 26534 (2018) Kat:3, Licht: 0,26534,3,6,2,04,12,4,0,0,0,1,0,0,0,0
"POINT (8.913262264000025 53.079903636000040)",Unfall 26535 (2018) Kat:3, Licht: 0,26535,3,6,2,10,14,2,0,0,0,1,0,0,1,0
"POINT (8.712350025000035 53.179759429000057)",Unfall 26538 (2018) Kat:3, Licht: 0,26538,3,6,3,07,08,6,0,0,0,1,0,0,0,0
"POINT (8.717121472000031 53.170885401000078)",Unfall 26540 (2018) Kat:3, Licht: 0,26540,3,6,2,03,13,6,0,0,0,1,0,0,0,0
"POINT (8.858981556000060 53.029063041000029)",Unfall 26541 (2018) Kat:2, Licht: 0,26541,2,6,2,09,10,4,1,0,0,0,0,0,1,0
"POINT (8.870767835000038 53.034065288000079)",Unfall 26542 (2018) Kat:3, Licht: 2,26542,3,7,7,02,01,2,1,2,0,1,0,0,1,1
"POINT (8.849105359000021 53.025442531000067)",Unfall 26543 (2018) Kat:3, Licht: 0,26543,3,6,2,06,16,1,0,0,0,1,0,0,0,0
"POINT (8.808057217000055 53.082627553000066)",Unfall 139078 (2018) Kat:3, Licht: 2,139078,3,6,3,01,18,2,1,2,0,1,0,0,0,1
"POINT (8.850520475000053 53.041513739000038)",Unfall 139081 (2018) Kat:3, Licht: 2,139081,3,3,6,01,19,4,1,2,0,1,1,0,0,0
"POINT (8.821221739000066 53.052539456000034)",Unfall 139082 (2018) Kat:3, Licht: 2,139082,3,4,6,01,17,2,0,2,0,1,1,0,0,0
"POINT (8.870756539000070 53.098407241000075)",Unfall 139084 (2018) Kat:3, Licht: 2,139084,3,6,2,01,18,5,1,2,0,1,0,0,0,0
"POINT (8.737402154000051 53.046231355000032)",Unfall 139086 (2018) Kat:3, Licht: 2,139086,3,4,6,01,07,2,1,2,0,1,1,0,0,0
"POINT (8.772495793000076 53.109061311000062)",Unfall 139087 (2018) Kat:3, Licht: 0,139087,3,2,5,01,08,6,0,0,0,1,0,0,0,1
"POINT (8.873230337000052 53.101372672000082)",Unfall 139089 (2018) Kat:3, Licht: 0,139089,3,6,3,01,16,2,1,0,1,1,0,0,0,0
"POINT (8.623358191000023 53.173532710000075)",Unfall 139094 (2018) Kat:3, Licht: 0,139094,3,3,5,01,15,5,1,0,0,1,0,0,0,0
"POINT (8.799142486000051 53.083995003000041)",Unfall 139099 (2018) Kat:3, Licht: 2,139099,3,3,5,01,18,5,1,2,1,1,0,0,0,0
"POINT (8.808432122000056 53.082989407000071)",Unfall 139104 (2018) Kat:3, Licht: 2,139104,3,3,5,01,16,3,1,2,0,1,0,0,0,0
"POINT (8.837391108000077 53.037842819000048)",Unfall 139105 (2018) Kat:3, Licht: 2,139105,3,2,5,01,18,2,0,2,1,1,0,0,0,0
"POINT (8.788597806000041 53.072892641000067)",Unfall 139108 (2018) Kat:3, Licht: 0,139108,3,4,6,01,15,4,1,0,0,0,1,0,0,1
"POINT (8.788800277000064 53.098037450000049)",Unfall 139109 (2018) Kat:3, Licht: 0,139109,3,2,5,01,15,3,0,0,1,1,0,0,0,0
"POINT (8.899956749000069 53.123688245000039)",Unfall 139111 (2018) Kat:3, Licht: 2,139111,3,3,5,01,06,6,2,2,1,1,0,0,0,0
"POINT (8.807623587000023 53.059875400000067)",Unfall 139117 (2018) Kat:3, Licht: 2,139117,3,7,1,01,19,2,0,2,0,1,0,0,0,0
"POINT (8.918907156000046 53.092389548000028)",Unfall 139119 (2018) Kat:2, Licht: 0,139119,2,7,9,01,14,4,1,0,0,1,0,0,0,0
"POINT (8.803400095000029 53.080321008000055)",Unfall 139120 (2018) Kat:3, Licht: 0,139120,3,3,5,01,14,3,0,0,1,0,0,0,0,1
"POINT (8.803863293000063 53.085191515000076)",Unfall 139122 (2018) Kat:3, Licht: 0,139122,3,7,0,01,12,6,1,0,1,0,0,0,0,0
"POINT (8.839142906000063 53.071188438000036)",Unfall 139125 (2018) Kat:3, Licht: 0,139125,3,5,1,01,08,2,1,0,1,1,0,0,0,0
"POINT (8.761227259000066 53.114934493000078)",Unfall 139127 (2018) Kat:3, Licht: 2,139127,3,2,3,01,17,7,0,2,0,1,0,0,0,1
"POINT (8.625140310000063 53.169798221000065)",Unfall 139129 (2018) Kat:3, Licht: 1,139129,3,7,2,01,08,4,2,1,0,1,1,0,0,0
"POINT (8.566194790000054 53.182182880000028)",Unfall 139130 (2018) Kat:2, Licht: 2,139130,2,1,9,01,05,2,1,2,0,0,0,0,0,1
"POINT (8.860630870000023 53.068896504000065)",Unfall 139132 (2018) Kat:3, Licht: 0,139132,3,4,6,01,16,5,1,0,0,1,1,0,0,0
"POINT (8.914293930000042 53.065294359000063)",Unfall 139133 (2018) Kat:3, Licht: 2,139133,3,2,5,01,05,5,0,2,0,1,0,0,0,1
"POINT (8.932414862000030 53.064175693000038)",Unfall 139136 (2018) Kat:3, Licht: 1,139136,3,2,5,01,16,1,1,1,0,1,0,1,0,0
"POINT (8.831433211000046 53.036876734000032)",Unfall 139139 (2018) Kat:3, Licht: 0,139139,3,3,5,01,11,5,1,0,0,1,0,0,0,1
"POINT (8.946098919000065 53.068639206000057)",Unfall 139141 (2018) Kat:2, Licht: 2,139141,2,6,6,01,22,2,1,2,1,0,1,0,0,0
"POINT (8.835544590000040 53.035341710000068)",Unfall 139142 (2018) Kat:2, Licht: 2,139142,2,3,5,01,07,6,1,2,1,1,0,0,0,0
"POINT (8.914161639000042 53.062106909000079)",Unfall 139144 (2018) Kat:3, Licht: 2,139144,3,6,2,01,06,3,1,2,0,1,0,0,0,0
"POINT (8.785744583000053 53.061303903000066)",Unfall 139147 (2018) Kat:3, Licht: 0,139147,3,3,5,01,14,5,1,0,1,0,0,0,1,0
"POINT (8.800410158000034 53.069959995000033)",Unfall 139148 (2018) Kat:3, Licht: 0,139148,3,6,9,01,08,4,0,0,1,1,0,0,0,0
"POINT (8.841346978000047 53.035515175000057)",Unfall 139150 (2018) Kat:3, Licht: 2,139150,3,2,9,01,01,6,2,2,0,1,0,0,0,0
"POINT (8.593511799000055 53.184311109000078)",Unfall 139151 (2018) Kat:3, Licht: 2,139151,3,2,5,01,18,5,1,2,1,1,0,0,0,0
"POINT (8.703345341000045 53.161148144000038)",Unfall 139152 (2018) Kat:3, Licht: 2,139152,3,1,2,01,19,7,0,2,0,1,0,0,0,0
"POINT (8.814173696000069 53.085218243000043)",Unfall 139154 (2018) Kat:3, Licht: 2,139154,3,3,5,01,17,2,1,2,1,1,0,0,0,0
"POINT (8.852244916000075 53.026599812000029)",Unfall 139157 (2018) Kat:3, Licht: 1,139157,3,2,5,01,17,3,0,1,0,1,0,0,0,0
"POINT (8.855601391000050 53.084331631000055)",Unfall 139160 (2018) Kat:3, Licht: 0,139160,3,1,0,01,08,6,2,0,1,0,0,0,0,0
"POINT (8.794424209000056 53.074566541000081)",Unfall 139161 (2018) Kat:3, Licht: 2,139161,3,4,6,01,08,4,1,2,1,0,1,0,0,0
"POINT (8.618689154000037 53.176762414000052)",Unfall 139162 (2018) Kat:3, Licht: 0,139162,3,4,6,01,12,6,1,0,0,1,1,0,0,0
"POINT (8.811597588000041 53.091904722000038)",Unfall 139164 (2018) Kat:3, Licht: 2,139164,3,4,6,01,18,5,1,2,0,1,1,0,0,0
"POINT (8.825792948000071 53.078773948000048)",Unfall 139167 (2018) Kat:3, Licht: 0,139167,3,7,0,01,16,2,0,0,0,0,1,0,0,1
"POINT (8.787425031000055 53.089972236000051)",Unfall 139168 (2018) Kat:3, Licht: 1,139168,3,6,2,01,16,1,1,1,0,1,0,0,0,0
"POINT (8.879014919000042 53.085251260000064)",Unfall 139171 (2018) Kat:3, Licht: 1,139171,3,4,6,01,16,3,0,1,0,1,1,0,0,0
"POINT (8.761059723000074 53.114819107000073)",Unfall 139172 (2018) Kat:3, Licht: 0,139172,3,4,6,01,16,2,0,0,0,1,1,0,0,0
"POINT (8.871743995000031 53.063525119000076)",Unfall 139174 (2018) Kat:3, Licht: 2,139174,3,6,2,01,07,5,1,2,0,1,0,0,0,0
"POINT (8.886324356000046 53.071169270000041)",Unfall 139175 (2018) Kat:3, Licht: 2,139175,3,1,1,01,22,4,1,2,0,1,0,0,0,0
"POINT (8.804852937000021 53.080970004000051)",Unfall 139177 (2018) Kat:2, Licht: 0,139177,2,7,0,01,08,5,0,0,0,0,0,0,0,1
"POINT (8.759406021000075 53.115809991000049)",Unfall 139179 (2018) Kat:3, Licht: 0,139179,3,6,3,01,09,2,1,0,0,1,0,0,0,1
"POINT (8.823495431000026 53.036437075000038)",Unfall 139181 (2018) Kat:3, Licht: 2,139181,3,6,3,01,20,7,0,2,0,1,0,0,0,0
"POINT (8.838056588000029 53.067885405000027)",Unfall 139185 (2018) Kat:3, Licht: 0,139185,3,3,5,01,13,5,0,0,1,1,0,0,0,0
"POINT (8.853500025000074 53.064730836000081)",Unfall 139187 (2018) Kat:3, Licht: 1,139187,3,6,3,01,07,4,1,1,0,1,0,0,0,1
"POINT (8.872201896000036 53.067215638000050)",Unfall 139188 (2018) Kat:3, Licht: 0,139188,3,6,2,01,10,3,1,0,0,1,0,0,0,0
"POINT (8.787144369000032 53.075642402000028)",Unfall 139190 (2018) Kat:2, Licht: 2,139190,2,6,4,01,07,5,1,2,1,0,0,0,0,0
"POINT (8.702159743000038 53.167666741000062)",Unfall 139191 (2018) Kat:2, Licht: 0,139191,2,7,0,01,10,5,1,0,0,1,1,0,0,0
"POINT (8.575744643000064 53.202810631000034)",Unfall 139193 (2018) Kat:3, Licht: 1,139193,3,4,6,01,07,2,1,1,0,1,1,0,0,0
"POINT (8.880571827000040 53.076727430000062)",Unfall 139194 (2018) Kat:3, Licht: 2,139194,3,4,6,01,21,6,1,2,1,0,1,0,0,0
"POINT (8.752498247000062 53.119722081000077)",Unfall 139198 (2018) Kat:3, Licht: 0,139198,3,5,2,01,07,5,1,0,0,1,0,0,1,0
"POINT (8.898253210000064 53.043789397000069)",Unfall 139200 (2018) Kat:3, Licht: 0,139200,3,3,5,01,07,4,0,0,0,1,0,1,0,0
"POINT (8.962806542000067 53.060174614000061)",Unfall 139201 (2018) Kat:3, Licht: 0,139201,3,3,5,01,13,5,0,0,0,1,0,0,0,0
"POINT (8.811245528000029 53.092185327000038)",Unfall 139203 (2018) Kat:3, Licht: 0,139203,3,2,4,01,09,6,1,0,1,1,0,0,0,0
"POINT (8.740756001000023 53.052655322000078)",Unfall 139207 (2018) Kat:3, Licht: 2,139207,3,3,5,01,19,5,1,2,0,1,0,0,0,0
"POINT (8.855222242000025 53.077584429000069)",Unfall 139209 (2018) Kat:3, Licht: 2,139209,3,7,0,01,23,2,1,2,1,0,0,0,0,0
"POINT (8.827365570000040 53.078398003000075)",Unfall 139211 (2018) Kat:3, Licht: 2,139211,3,6,2,01,21,5,0,2,0,1,0,0,0,0
"POINT (8.822164282000074 53.072801078000055)",Unfall 139213 (2018) Kat:3, Licht: 2,139213,3,3,5,01,17,3,1,2,1,0,0,0,0,1
"POINT (8.957433357000070 53.057452252000076)",Unfall 139217 (2018) Kat:3, Licht: 1,139217,3,3,6,01,07,4,1,1,0,1,1,0,0,0
"POINT (8.835168255000042 53.091427994000071)",Unfall 139218 (2018) Kat:3, Licht: 0,139218,3,3,5,01,09,6,1,0,0,1,0,0,0,1
"POINT (8.959219558000029 53.041875394000044)",Unfall 139221 (2018) Kat:2, Licht: 1,139221,2,3,0,01,16,7,0,1,1,0,0,0,1,0
"POINT (8.699245864000034 53.168184399000040)",Unfall 139225 (2018) Kat:3, Licht: 2,139225,3,4,6,01,18,3,1,2,0,1,1,0,0,0
"POINT (8.686078925000061 53.173338144000070)",Unfall 139226 (2018) Kat:3, Licht: 2,139226,3,3,5,01,05,2,0,2,1,1,0,0,0,0
"POINT (8.840318623000030 53.076229709000074)",Unfall 139228 (2018) Kat:3, Licht: 0,139228,3,4,6,01,08,4,1,0,0,1,1,0,0,0
"POINT (8.809235029000035 53.078844838000066)",Unfall 139231 (2018) Kat:3, Licht: 2,139231,3,4,6,01,18,4,0,2,0,1,1,0,0,0
"POINT (8.797959337000066 53.073332569000058)",Unfall 139233 (2018) Kat:3, Licht: 1,139233,3,3,5,01,07,2,1,1,1,1,0,0,0,0
"POINT (8.603494355000066 53.184642307000047)",Unfall 139234 (2018) Kat:3, Licht: 0,139234,3,2,5,01,09,6,0,0,1,1,0,0,0,0
"POINT (8.727540844000032 53.037480085000027)",Unfall 139235 (2018) Kat:3, Licht: 1,139235,3,6,4,01,17,4,1,1,0,1,0,0,0,0
"POINT (8.773180140000022 53.101593176000051)",Unfall 139237 (2018) Kat:3, Licht: 0,139237,3,6,3,01,16,2,0,0,0,1,0,0,1,0
"POINT (8.863906194000037 53.071238877000042)",Unfall 139238 (2018) Kat:3, Licht: 2,139238,3,6,2,01,23,7,1,2,0,1,0,0,0,0
"POINT (8.879742656000076 53.112566945000026)",Unfall 139240 (2018) Kat:3, Licht: 2,139240,3,6,2,01,19,4,1,2,0,1,0,0,0,0
"POINT (8.629283388000033 53.172145162000049)",Unfall 139241 (2018) Kat:2, Licht: 2,139241,2,4,6,01,00,2,1,2,0,1,1,0,0,0
"POINT (8.782747040000061 53.094379204000063)",Unfall 139242 (2018) Kat:3, Licht: 0,139242,3,5,0,01,14,4,0,0,0,1,0,1,0,0
"POINT (8.889540136000051 53.061661702000038)",Unfall 139244 (2018) Kat:3, Licht: 0,139244,3,2,3,01,13,5,0,0,1,1,0,0,0,0
"POINT (8.799498898000024 53.070119004000048)",Unfall 139245 (2018) Kat:2, Licht: 1,139245,2,4,6,01,07,4,1,1,0,1,1,0,0,0
"POINT (8.647880456000053 53.171099907000041)",Unfall 139246 (2018) Kat:3, Licht: 0,139246,3,4,6,01,11,5,0,0,0,1,1,0,0,0
"POINT (8.770261929000071 53.093114460000038)",Unfall 139249 (2018) Kat:3, Licht: 2,139249,3,2,5,01,06,6,1,2,1,1,0,0,0,0
"POINT (8.836834856000053 53.068092303000071)",Unfall 139251 (2018) Kat:3, Licht: 1,139251,3,6,3,01,15,2,1,1,1,0,0,0,0,0
"POINT (8.865869676000045 53.071797458000049)",Unfall 139253 (2018) Kat:3, Licht: 0,139253,3,3,5,01,10,4,1,0,0,1,0,0,0,1
"POINT (8.887651902000073 53.109205723000059)",Unfall 139255 (2018) Kat:2, Licht: 2,139255,2,4,6,01,18,3,1,2,0,1,1,0,0,0
"POINT (8.796708239000054 53.089209731000039)",Unfall 139257 (2018) Kat:3, Licht: 0,139257,3,3,5,01,15,4,0,0,1,1,0,0,0,0
"POINT (8.839274357000022 53.098770067000032)",Unfall 139260 (2018) Kat:3, Licht: 0,139260,3,7,0,01,09,4,2,0,1,0,0,0,0,0
"POINT (8.576085393000028 53.190431665000062)",Unfall 139262 (2018) Kat:3, Licht: 2,139262,3,3,5,01,06,6,2,2,1,1,0,0,0,0
"POINT (8.692613451000057 53.117863447000047)",Unfall 139263 (2018) Kat:3, Licht: 2,139263,3,4,6,01,20,5,0,2,0,1,1,0,0,0
"POINT (8.793216057000052 53.092738752000059)",Unfall 139265 (2018) Kat:3, Licht: 2,139265,3,2,2,01,18,1,0,2,0,1,0,0,0,0
"POINT (8.802331766000066 53.101493692000076)",Unfall 139267 (2018) Kat:2, Licht: 2,139267,2,1,9,01,23,4,1,2,0,1,0,0,0,0
"POINT (8.799135206000074 53.069390845000044)",Unfall 139269 (2018) Kat:3, Licht: 0,139269,3,6,3,01,11,3,0,0,1,0,0,0,0,0
"POINT (8.800523278000071 53.078585220000036)",Unfall 139270 (2018) Kat:2, Licht: 0,139270,2,4,6,01,11,4,0,0,0,1,1,0,0,0
"POINT (8.750272589000076 53.126463334000050)",Unfall 139271 (2018) Kat:2, Licht: 0,139271,2,3,5,01,11,2,0,0,1,1,0,0,0,0
"POINT (8.847168921000048 53.086990929000081)",Unfall 139274 (2018) Kat:3, Licht: 2,139274,3,3,5,01,17,3,0,2,1,1,0,0,0,0
"POINT (8.861650125000040 53.099291035000078)",Unfall 139275 (2018) Kat:3, Licht: 0,139275,3,3,5,01,12,3,0,0,1,1,0,0,0,0
"POINT (8.763955321000026 53.113104896000038)",Unfall 139277 (2018) Kat:3, Licht: 2,139277,3,7,0,01,19,6,1,2,0,0,0,0,0,1
"POINT (8.949990024000044 53.062968092000062)",Unfall 139278 (2018) Kat:3, Licht: 1,139278,3,4,6,01,15,4,1,1,0,1,1,0,0,0
"POINT (8.805713982000043 53.076132766000057)",Unfall 139279 (2018) Kat:3, Licht: 2,139279,3,4,6,01,20,6,0,2,0,1,1,0,0,0
"POINT (8.819169459000023 53.036487353000041)",Unfall 139281 (2018) Kat:3, Licht: 0,139281,3,7,0,01,12,3,0,0,0,1,0,0,0,0
"POINT (8.828126419000057 53.072418113000026)",Unfall 139284 (2018) Kat:3, Licht: 1,139284,3,6,3,01,16,1,0,1,1,1,0,0,0,0
"POINT (8.788983895000058 53.069037611000056)",Unfall 139286 (2018) Kat:3, Licht: 2,139286,3,3,6,01,17,4,1,2,1,0,1,0,0,0
"POINT (8.798212658000068 53.080104980000044)",Unfall 139287 (2018) Kat:3, Licht: 0,139287,3,6,4,01,10,3,1,0,1,0,0,0,0,0
"POINT (8.826166148000027 53.083683353000026)",Unfall 139289 (2018) Kat:3, Licht: 1,139289,3,7,2,01,07,5,1,1,1,1,0,0,0,0
"POINT (8.690876125000045 53.168809581000062)",Unfall 139290 (2018) Kat:3, Licht: 0,139290,3,2,0,01,10,4,1,0,1,1,0,0,0,0
"POINT (8.871751501000063 53.101824173000068)",Unfall 139292 (2018) Kat:3, Licht: 0,139292,3,3,5,01,11,3,0,0,0,1,0,0,0,0
"POINT (8.800822382000035 53.078499514000043)",Unfall 139294 (2018) Kat:3, Licht: 2,139294,3,7,0,01,20,2,1,2,0,0,0,0,0,1
"POINT (8.890819192000038 53.108947017000048)",Unfall 139296 (2018) Kat:3, Licht: 0,139296,3,3,5,01,10,7,0,0,1,1,0,0,0,0
"POINT (8.641241618000038 53.165825017000031)",Unfall 139300 (2018) Kat:3, Licht: 2,139300,3,7,1,01,17,3,0,2,0,1,0,1,0,0
"POINT (8.592573819000052 53.182215829000029)",Unfall 139303 (2018) Kat:2, Licht: 2,139303,2,2,5,01,18,3,0,2,0,1,0,1,0,0
"POINT (8.555965153000045 53.185845974000074)",Unfall 139306 (2018) Kat:3, Licht: 0,139306,3,3,5,01,10,5,0,0,1,1,0,0,0,0
"POINT (8.549724391000041 53.190903574000060)",Unfall 139308 (2018) Kat:3, Licht: 0,139308,3,2,2,01,09,2,1,0,1,1,0,0,0,0
"POINT (8.792660871000066 53.082783087000053)",Unfall 139309 (2018) Kat:3, Licht: 2,139309,3,3,5,01,07,6,0,2,1,1,0,0,0,0