WKT,Name,OBJECTID,UKATEGORIE,UTYP1,UART,UMONAT,USTUNDE,UWOCHENTAG,STRZUSTAND,ULICHTVERH,ISTRAD,ISTPKW,ISTFUSS,ISTKRAD,ISTGKFZ,ISTSONSTIG
"POINT (8.854135192000058 53.087762832000067)",Unfall 139311 (2018) Kat:3, Licht: 1,139311,3,7,1,01,15,3,1,1,0,1,0,0,0,0
"POINT (8.814631829000064 53.081883784000070)",Unfall 139314 (2018) Kat:3, Licht: 0,139314,3,6,2,01,13,4,0,0,0,1,0,0,0,0
"POINT (8.729796036000039 53.178258165000045)",Unfall 139316 (2018) Kat:2, Licht: 2,139316,2,3,6,01,17,6,1,2,0,1,1,0,0,0
"POINT (8.870851847000040 53.067090859000075)",Unfall 139317 (2018) Kat:3, Licht: 2,139317,3,1,0,01,21,5,1,2,1,0,0,0,0,0
"POINT (8.642103229000043 53.173149446000082)",Unfall 139318 (2018) Kat:2, Licht: 0,139318,2,5,1,01,15,7,1,0,0,1,0,0,0,0
"POINT (8.945315467000057 53.065552272000048)",Unfall 139319 (2018) Kat:3, Licht: 0,139319,3,3,5,01,10,7,1,0,0,1,0,0,0,0
"POINT (8.782588955000051 53.087092768000048)",Unfall 139320 (2018) Kat:3, Licht: 2,139320,3,3,5,01,18,5,1,2,1,1,0,0,0,0
"POINT (8.558249767000064 53.199255083000082)",Unfall 139322 (2018) Kat:3, Licht: 0,139322,3,7,0,01,14,2,0,0,0,0,0,0,1,0
"POINT (8.962476356000025 53.058826247000070)",Unfall 139325 (2018) Kat:3, Licht: 2,139325,3,6,3,01,22,3,1,2,0,1,0,0,0,0
"POINT (8.786920018000046 53.100207191000038)",Unfall 139328 (2018) Kat:3, Licht: 0,139328,3,3,5,01,12,6,1,0,1,1,0,0,0,0
"POINT (8.891910486000029 53.080581049000045)",Unfall 139329 (2018) Kat:2, Licht: 0,139329,2,4,6,01,15,4,1,0,0,1,1,0,0,0
"POINT (8.572770262000063 53.195155360000058)",Unfall 139330 (2018) Kat:3, Licht: 2,139330,3,3,5,01,18,6,1,2,0,1,0,0,0,0
"POINT (8.713995124000064 53.139409812000054)",Unfall 139336 (2018) Kat:3, Licht: 0,139336,3,2,5,01,14,3,0,0,1,0,0,0,1,0
"POINT (8.788572719000058 53.072901296000055)",Unfall 139337 (2018) Kat:2, Licht: 0,139337,2,2,5,01,15,2,0,0,1,1,0,0,0,0
"POINT (8.883885984000074 53.032022457000039)",Unfall 139340 (2018) Kat:2, Licht: 2,139340,2,1,8,01,21,4,1,2,0,1,0,0,0,0
"POINT (8.850705029000039 53.071362994000026)",Unfall 139343 (2018) Kat:2, Licht: 2,139343,2,4,6,01,07,2,1,2,0,1,1,0,0,0
"POINT (8.823788642000068 53.077608010000063)",Unfall 139346 (2018) Kat:3, Licht: 2,139346,3,6,3,01,18,3,1,2,1,1,0,0,0,0
"POINT (8.762846116000048 53.123445070000059)",Unfall 139348 (2018) Kat:3, Licht: 0,139348,3,2,5,02,16,4,0,0,0,1,0,1,0,0
"POINT (8.863419385000043 53.068438062000041)",Unfall 139349 (2018) Kat:3, Licht: 1,139349,3,2,5,02,07,4,0,1,1,1,0,0,0,0
"POINT (8.806090955000059 53.093903072000046)",Unfall 139352 (2018) Kat:3, Licht: 2,139352,3,7,1,03,18,1,0,2,1,1,0,0,0,0
"POINT (8.800981076000028 53.061738725000055)",Unfall 139353 (2018) Kat:3, Licht: 0,139353,3,7,0,02,15,3,0,0,0,0,0,0,0,1
"POINT (8.852951735000033 53.083142870000074)",Unfall 139354 (2018) Kat:3, Licht: 0,139354,3,3,0,03,10,2,0,0,0,0,0,0,0,1
"POINT (8.882612763000054 53.063700066000081)",Unfall 139355 (2018) Kat:3, Licht: 0,139355,3,6,2,02,10,3,0,0,1,0,0,0,0,0
"POINT (8.838286559000039 53.067695868000044)",Unfall 139356 (2018) Kat:3, Licht: 0,139356,3,4,1,03,16,6,2,0,0,1,1,0,0,0
"POINT (8.781585557000028 53.100986264000028)",Unfall 139357 (2018) Kat:3, Licht: 2,139357,3,3,5,03,21,1,0,2,1,0,0,0,0,1
"POINT (8.812743451000074 53.073288705000039)",Unfall 139358 (2018) Kat:2, Licht: 2,139358,2,2,5,02,22,3,0,2,1,1,0,0,0,0
"POINT (8.738470454000037 53.047252831000037)",Unfall 139359 (2018) Kat:3, Licht: 0,139359,3,4,6,02,15,3,0,0,0,1,1,0,0,0
"POINT (8.801970496000024 53.086568609000039)",Unfall 139360 (2018) Kat:3, Licht: 0,139360,3,2,3,03,15,6,0,0,0,1,0,0,0,0
"POINT (8.737668255000074 53.134252038000056)",Unfall 139362 (2018) Kat:3, Licht: 0,139362,3,3,5,03,12,6,0,0,0,1,0,0,0,0
"POINT (8.837049834000027 53.082719213000075)",Unfall 139363 (2018) Kat:3, Licht: 0,139363,3,5,1,02,08,2,0,0,1,1,0,0,0,0
"POINT (8.808801621000043 53.078440571000044)",Unfall 139364 (2018) Kat:3, Licht: 0,139364,3,3,5,03,11,7,1,0,1,1,0,0,0,0
"POINT (8.787031134000074 53.100073061000046)",Unfall 139365 (2018) Kat:3, Licht: 0,139365,3,6,2,02,12,2,0,0,0,1,0,0,0,0
"POINT (8.819744618000073 53.053711630000066)",Unfall 139366 (2018) Kat:2, Licht: 2,139366,2,7,0,02,22,4,0,2,1,0,0,0,0,0
"POINT (8.750322096000048 53.126700295000035)",Unfall 139367 (2018) Kat:3, Licht: 0,139367,3,6,2,02,12,3,0,0,0,1,1,0,0,0
"POINT (8.871425487000067 53.099087804000078)",Unfall 139368 (2018) Kat:3, Licht: 0,139368,3,6,2,02,11,2,0,0,0,1,0,0,0,0
"POINT (8.848436442000036 53.051425494000057)",Unfall 139369 (2018) Kat:3, Licht: 0,139369,3,6,2,03,15,5,0,0,0,1,0,0,0,1
"POINT (8.940609384000027 53.079028460000075)",Unfall 139372 (2018) Kat:3, Licht: 0,139372,3,4,6,02,13,7,0,0,1,0,1,0,0,0
"POINT (8.851953764000029 53.055887907000056)",Unfall 139373 (2018) Kat:3, Licht: 0,139373,3,6,2,03,09,5,0,0,0,1,0,0,0,0
"POINT (8.813528526000027 53.080361946000039)",Unfall 139374 (2018) Kat:3, Licht: 2,139374,3,6,2,02,02,7,1,2,0,1,0,0,0,0
"POINT (8.806800340000052 53.060478180000075)",Unfall 139375 (2018) Kat:3, Licht: 2,139375,3,2,5,03,18,5,1,2,1,1,0,0,0,0
"POINT (8.808527999000035 53.082905360000041)",Unfall 139376 (2018) Kat:3, Licht: 0,139376,3,3,5,02,14,7,0,0,0,1,0,0,0,1
"POINT (8.867418794000059 53.065986908000070)",Unfall 139379 (2018) Kat:3, Licht: 0,139379,3,4,6,03,14,4,0,0,1,0,1,0,0,0
"POINT (8.824641097000040 53.068911218000039)",Unfall 139381 (2018) Kat:3, Licht: 0,139381,3,2,5,02,11,6,0,0,1,1,0,0,0,0
"POINT (8.613339580000059 53.184309604000077)",Unfall 139382 (2018) Kat:3, Licht: 0,139382,3,3,5,02,13,6,0,0,1,1,0,0,0,0
"POINT (8.804149099000028 53.072392463000028)",Unfall 139383 (2018) Kat:3, Licht: 0,139383,3,2,5,03,16,6,1,0,1,1,0,0,0,0
"POINT (8.792352403000052 53.085638173000063)",Unfall 139384 (2018) Kat:3, Licht: 0,139384,3,6,2,02,17,6,0,0,0,1,0,0,0,0
"POINT (8.716726798000025 53.056525579000038)",Unfall 139385 (2018) Kat:3, Licht: 0,139385,3,2,5,03,07,4,0,0,1,1,0,0,0,0
"POINT (8.886723917000040 53.051528584000039)",Unfall 139386 (2018) Kat:3, Licht: 0,139386,3,4,6,02,13,6,0,0,0,1,1,0,0,0
"POINT (8.864789075000033 53.070923830000027)",Unfall 139388 (2018) Kat:3, Licht: 0,139388,3,6,2,02,13,5,1,0,0,1,0,1,0,0
"POINT (8.712013686000034 53.139968073000034)",Unfall 139389 (2018) Kat:3, Licht: 1,139389,3,7,0,02,16,5,1,1,0,0,0,0,0,1
"POINT (8.836919945000034 53.082401177000065)",Unfall 139390 (2018) Kat:2, Licht: 0,139390,2,3,6,02,10,5,1,0,1,0,1,0,0,0
"POINT (8.804847599000027 53.065994211000032)",Unfall 139391 (2018) Kat:3, Licht: 0,139391,3,6,4,03,10,3,0,0,0,1,0,0,0,1
"POINT (8.809496635000073 53.095389619000059)",Unfall 139392 (2018) Kat:3, Licht: 0,139392,3,3,5,02,09,5,1,0,1,1,0,0,0,0
"POINT (8.867720368000050 53.072571664000066)",Unfall 139393 (2018) Kat:3, Licht: 0,139393,3,6,2,03,14,2,0,0,0,1,0,0,0,0
"POINT (8.820190013000058 53.079677600000082)",Unfall 139394 (2018) Kat:3, Licht: 0,139394,3,5,1,02,08,5,0,0,0,1,0,0,0,0
"POINT (8.775848767000070 53.060313642000040)",Unfall 139396 (2018) Kat:3, Licht: 0,139396,3,3,5,02,15,5,1,0,0,1,0,0,0,0
"POINT (8.564760318000026 53.197722762000069)",Unfall 139398 (2018) Kat:3, Licht: 1,139398,3,3,5,02,07,5,0,1,1,1,0,0,0,0
"POINT (8.862549948000037 53.067639608000036)",Unfall 139399 (2018) Kat:3, Licht: 0,139399,3,2,5,03,16,2,0,0,1,1,0,0,0,0
"POINT (8.607064795000042 53.176217922000035)",Unfall 139400 (2018) Kat:2, Licht: 2,139400,2,3,5,02,20,3,1,2,0,1,0,1,0,0
"POINT (8.787759811000058 53.099259302000064)",Unfall 139401 (2018) Kat:3, Licht: 2,139401,3,6,2,02,18,5,1,2,0,1,0,0,0,0
"POINT (8.793386879000025 53.092905745000053)",Unfall 139402 (2018) Kat:2, Licht: 2,139402,2,3,5,02,04,5,0,2,0,1,0,0,0,0
"POINT (8.789774347000048 53.096945764000054)",Unfall 139403 (2018) Kat:3, Licht: 0,139403,3,2,3,03,16,2,0,0,0,0,0,0,0,1
"POINT (8.851923384000031 53.067443969000067)",Unfall 139405 (2018) Kat:3, Licht: 0,139405,3,4,6,03,15,7,1,0,0,1,1,0,0,0
"POINT (8.800918984000020 53.071277085000077)",Unfall 139406 (2018) Kat:3, Licht: 0,139406,3,5,3,02,13,4,0,0,1,0,0,0,0,1
"POINT (8.601356476000035 53.177501511000060)",Unfall 139408 (2018) Kat:3, Licht: 2,139408,3,4,6,02,22,3,0,2,0,1,1,0,0,0
"POINT (8.896315651000066 53.076957428000071)",Unfall 139409 (2018) Kat:3, Licht: 0,139409,3,4,6,03,10,2,0,0,0,1,1,0,0,0
"POINT (8.610552545000076 53.175903103000053)",Unfall 139410 (2018) Kat:2, Licht: 0,139410,2,3,5,02,11,4,0,0,1,1,0,0,0,0
"POINT (8.784767169000077 53.065207174000079)",Unfall 139412 (2018) Kat:3, Licht: 0,139412,3,4,6,03,16,7,0,0,0,0,1,0,0,1
"POINT (8.690221680000036 53.174098352000044)",Unfall 139413 (2018) Kat:3, Licht: 0,139413,3,3,5,02,08,4,0,0,1,1,0,0,0,0
"POINT (8.786556918000031 53.074856783000030)",Unfall 139414 (2018) Kat:3, Licht: 0,139414,3,6,2,02,12,4,0,0,0,1,0,0,0,0
"POINT (8.802792328000066 53.079905250000081)",Unfall 139415 (2018) Kat:3, Licht: 0,139415,3,7,0,02,10,4,2,0,1,0,0,0,0,0
"POINT (8.577520014000072 53.183551280000074)",Unfall 139416 (2018) Kat:3, Licht: 0,139416,3,7,0,03,14,3,0,0,1,0,0,0,0,0
"POINT (8.634396575000039 53.173073866000038)",Unfall 139417 (2018) Kat:3, Licht: 0,139417,3,3,5,02,14,4,0,0,1,1,0,0,0,0
"POINT (8.855444869000053 53.064505935000057)",Unfall 139418 (2018) Kat:3, Licht: 2,139418,3,6,2,03,21,6,0,2,0,1,0,0,0,0
"POINT (8.875867400000061 53.079827753000075)",Unfall 139419 (2018) Kat:3, Licht: 0,139419,3,3,5,03,09,2,0,0,1,1,0,0,0,0
"POINT (8.844355857000039 53.075351163000050)",Unfall 139421 (2018) Kat:3, Licht: 0,139421,3,4,6,02,15,3,0,0,0,1,1,0,0,0
"POINT (8.789774347000048 53.096945764000054)",Unfall 139422 (2018) Kat:3, Licht: 0,139422,3,3,3,03,11,7,0,0,0,1,0,0,0,1
"POINT (8.755526505000034 53.119025525000040)",Unfall 139423 (2018) Kat:3, Licht: 0,139423,3,4,6,02,11,3,0,0,0,1,1,0,0,0
"POINT (8.874284893000038 53.078406159000053)",Unfall 139425 (2018) Kat:3, Licht: 0,139425,3,3,5,02,16,3,0,0,1,1,0,0,0,0
"POINT (8.827681165000058 53.083016045000079)",Unfall 139426 (2018) Kat:3, Licht: 0,139426,3,3,5,02,08,3,1,0,1,1,0,0,0,0
"POINT (8.729277230000037 53.039353129000062)",Unfall 139427 (2018) Kat:3, Licht: 0,139427,3,6,1,02,15,3,0,0,0,1,0,0,0,0
"POINT (8.683804016000067 53.173907163000081)",Unfall 139428 (2018) Kat:3, Licht: 0,139428,3,7,0,03,17,5,0,0,0,1,0,0,0,1
"POINT (8.714133182000069 53.138389181000036)",Unfall 139429 (2018) Kat:3, Licht: 0,139429,3,3,5,03,14,6,1,0,1,1,0,0,0,0
"POINT (8.805092068000022 53.092051180000055)",Unfall 139430 (2018) Kat:3, Licht: 0,139430,3,3,5,02,14,3,0,0,1,1,0,0,0,0
"POINT (8.619417938000026 53.184068439000043)",Unfall 139432 (2018) Kat:3, Licht: 0,139432,3,3,5,02,15,2,0,0,0,1,0,0,0,0
"POINT (8.768761459000075 53.079752348000056)",Unfall 139433 (2018) Kat:3, Licht: 0,139433,3,3,5,03,16,5,0,0,1,1,0,0,0,0
"POINT (8.565334250000035 53.197181925000052)",Unfall 139434 (2018) Kat:2, Licht: 0,139434,2,4,6,02,07,2,1,0,0,1,1,0,0,1
"POINT (8.795603602000028 53.067584612000076)",Unfall 139436 (2018) Kat:3, Licht: 0,139436,3,2,5,02,12,2,0,0,1,1,0,0,0,0
"POINT (8.800921240000037 53.071918827000047)",Unfall 139437 (2018) Kat:3, Licht: 2,139437,3,4,6,02,19,2,0,2,0,1,1,0,0,0
"POINT (8.753940475000036 53.112405734000049)",Unfall 139438 (2018) Kat:3, Licht: 0,139438,3,4,6,02,09,2,0,0,0,1,1,0,0,0
"POINT (8.892332543000066 53.079496087000052)",Unfall 139440 (2018) Kat:3, Licht: 0,139440,3,2,2,02,11,2,0,0,0,1,0,0,0,0
"POINT (8.827648136000050 53.072567607000053)",Unfall 139442 (2018) Kat:3, Licht: 2,139442,3,1,0,02,23,1,1,2,1,0,0,0,0,0
"POINT (8.721723142000030 53.141813083000045)",Unfall 139443 (2018) Kat:3, Licht: 0,139443,3,7,0,02,14,1,0,0,1,0,0,0,0,0
"POINT (8.876511859000061 53.081034276000082)",Unfall 139444 (2018) Kat:3, Licht: 0,139444,3,3,5,02,10,4,0,0,1,1,0,0,0,0
"POINT (8.825147486000049 53.084507446000032)",Unfall 139445 (2018) Kat:3, Licht: 0,139445,3,4,6,03,16,4,0,0,1,0,1,0,0,0
"POINT (8.852504157000055 53.073607220000042)",Unfall 139446 (2018) Kat:3, Licht: 2,139446,3,4,6,02,01,1,1,2,0,1,1,0,0,0
"POINT (8.873401274000059 53.084784161000073)",Unfall 139447 (2018) Kat:3, Licht: 0,139447,3,3,5,02,16,1,1,0,1,1,0,0,0,0
"POINT (8.753597260000049 53.065864956000041)",Unfall 139448 (2018) Kat:3, Licht: 2,139448,3,1,9,02,21,7,1,2,0,1,0,0,0,0
"POINT (8.775520033000021 53.060483421000072)",Unfall 139449 (2018) Kat:3, Licht: 0,139449,3,3,5,03,15,5,1,0,0,1,0,0,0,0
"POINT (8.909609549000038 53.082446124000057)",Unfall 139450 (2018) Kat:3, Licht: 0,139450,3,2,2,02,13,7,0,0,0,1,0,0,0,0
"POINT (8.891759256000057 53.049391994000075)",Unfall 139451 (2018) Kat:3, Licht: 2,139451,3,6,4,02,17,7,0,2,0,1,0,0,0,0
"POINT (8.859213234000038 53.063742882000042)",Unfall 139452 (2018) Kat:3, Licht: 0,139452,3,3,5,02,14,7,1,0,0,1,0,0,0,0
"POINT (8.875716841000042 53.082461155000033)",Unfall 139453 (2018) Kat:3, Licht: 0,139453,3,2,2,03,08,4,1,0,0,1,0,0,0,0
"POINT (8.804132755000069 53.072401639000077)",Unfall 139454 (2018) Kat:3, Licht: 0,139454,3,3,5,02,11,6,0,0,1,1,0,0,0,0
"POINT (8.849104992000036 53.068376362000038)",Unfall 139455 (2018) Kat:2, Licht: 2,139455,2,1,0,03,23,2,1,2,1,0,0,0,0,0
"POINT (8.877653280000061 53.079942409000068)",Unfall 139456 (2018) Kat:3, Licht: 0,139456,3,6,0,02,10,6,0,0,0,1,0,0,0,1
"POINT (8.784988770000041 53.060880206000036)",Unfall 139457 (2018) Kat:3, Licht: 0,139457,3,3,5,02,11,1,0,0,1,1,0,0,0,0
"POINT (8.919028350000076 53.038468138000042)",Unfall 139458 (2018) Kat:3, Licht: 0,139458,3,3,5,03,08,3,0,0,1,1,0,0,0,0
"POINT (8.823211063000031 53.068960510000068)",Unfall 139459 (2018) Kat:3, Licht: 0,139459,3,5,1,02,13,6,0,0,0,1,0,0,0,0
"POINT (8.748721952000039 53.121697966000056)",Unfall 139460 (2018) Kat:2, Licht: 2,139460,2,1,9,03,20,7,0,2,0,1,0,0,0,0
"POINT (8.753850009000075 53.088934009000070)",Unfall 139461 (2018) Kat:3, Licht: 0,139461,3,4,6,02,09,3,2,0,0,0,1,0,0,1
"POINT (8.810938205000070 53.089200031000075)",Unfall 139462 (2018) Kat:3, Licht: 0,139462,3,7,0,02,07,6,0,0,1,0,0,0,0,0
"POINT (8.832800601000031 53.077465756000038)",Unfall 139463 (2018) Kat:3, Licht: 0,139463,3,2,5,02,11,6,0,0,1,1,0,0,0,0
"POINT (8.907134648000067 53.078467659000069)",Unfall 139465 (2018) Kat:3, Licht: 2,139465,3,3,5,02,23,6,0,2,0,1,0,0,0,1
"POINT (8.739682517000063 53.049101533000055)",Unfall 139467 (2018) Kat:3, Licht: 0,139467,3,6,2,03,13,7,0,0,0,1,0,0,0,0
"POINT (8.818560865000052 53.080564644000049)",Unfall 139469 (2018) Kat:3, Licht: 0,139469,3,4,6,03,18,3,0,0,0,0,1,0,0,1
"POINT (8.753026464000072 53.118862017000026)",Unfall 139471 (2018) Kat:3, Licht: 0,139471,3,3,5,03,17,1,0,0,1,1,0,0,0,0
"POINT (8.617941339000026 53.174615582000058)",Unfall 139473 (2018) Kat:3, Licht: 0,139473,3,7,0,02,12,7,0,0,0,0,0,0,0,1
"POINT (8.815543110000021 53.051531095000030)",Unfall 139474 (2018) Kat:3, Licht: 0,139474,3,3,5,03,07,2,1,0,1,1,0,0,0,0
"POINT (8.792867309000030 53.091344821000064)",Unfall 139475 (2018) Kat:3, Licht: 0,139475,3,2,5,02,09,5,0,0,1,1,0,0,0,0
"POINT (8.853548115000024 53.064890629000047)",Unfall 139476 (2018) Kat:3, Licht: 2,139476,3,2,5,03,18,6,0,2,1,1,0,0,0,0
"POINT (8.940649349000069 53.068323776000057)",Unfall 139477 (2018) Kat:3, Licht: 0,139477,3,4,6,03,15,1,0,0,0,1,1,0,0,0
"POINT (8.715547382000068 53.142642827000032)",Unfall 139478 (2018) Kat:3, Licht: 0,139478,3,3,5,02,08,5,0,0,1,1,0,0,0,0
"POINT (8.876502014000039 53.078912959000036)",Unfall 139479 (2018) Kat:3, Licht: 0,139479,3,6,2,02,08,5,0,0,0,1,0,0,0,0
"POINT (8.960629491000077 53.069433021000066)",Unfall 139480 (2018) Kat:3, Licht: 2,139480,3,7,0,03,23,6,0,2,1,0,0,0,0,0
"POINT (8.799861588000056 53.079154612000082)",Unfall 139481 (2018) Kat:3, Licht: 2,139481,3,4,6,02,07,5,0,2,0,1,1,0,0,0
"POINT (8.759107355000026 53.115964660000031)",Unfall 139482 (2018) Kat:2, Licht: 1,139482,2,4,6,02,17,7,0,1,0,0,1,0,0,1
"POINT (8.773686493000071 53.110900537000077)",Unfall 139483 (2018) Kat:3, Licht: 0,139483,3,7,5,03,14,6,1,0,1,1,0,0,0,0
"POINT (8.838229750000039 53.067852328000072)",Unfall 139484 (2018) Kat:3, Licht: 0,139484,3,6,2,02,09,5,0,0,0,1,0,0,0,0
"POINT (8.814805994000039 53.079992718000028)",Unfall 139485 (2018) Kat:3, Licht: 0,139485,3,6,3,02,10,6,0,0,0,1,0,0,1,0
"POINT (8.878935533000060 53.101354961000027)",Unfall 139486 (2018) Kat:3, Licht: 0,139486,3,4,0,02,16,5,0,0,0,0,1,0,0,1
"POINT (8.910933412000077 53.077349542000036)",Unfall 139487 (2018) Kat:3, Licht: 0,139487,3,3,5,03,13,5,0,0,1,0,0,0,0,1
"POINT (8.811579031000065 53.081660156000055)",Unfall 139489 (2018) Kat:3, Licht: 0,139489,3,4,6,03,15,5,0,0,0,1,1,0,0,0
"POINT (8.702206450000062 53.167201532000036)",Unfall 139493 (2018) Kat:3, Licht: 0,139493,3,7,0,03,13,5,0,0,0,1,0,0,0,1
"POINT (8.891167290000055 53.034362922000071)",Unfall 139494 (2018) Kat:3, Licht: 2,139494,3,2,2,02,05,4,0,2,0,1,0,0,1,0
"POINT (8.788983895000058 53.069037611000056)",Unfall 139495 (2018) Kat:3, Licht: 1,139495,3,6,2,02,17,6,0,1,0,1,0,0,0,0
"POINT (8.711607348000030 53.147001601000056)",Unfall 139496 (2018) Kat:3, Licht: 0,139496,3,4,6,03,07,5,1,0,0,1,1,0,0,0
"POINT (8.576853038000024 53.181490993000068)",Unfall 139497 (2018) Kat:3, Licht: 2,139497,3,1,1,02,07,4,0,2,0,1,0,0,0,0
"POINT (8.786909232000028 53.074694516000079)",Unfall 139498 (2018) Kat:3, Licht: 0,139498,3,6,3,02,17,4,0,0,0,1,0,0,1,0
"POINT (8.789149358000032 53.097605625000028)",Unfall 139499 (2018) Kat:1, Licht: 0,139499,1,4,6,02,09,4,0,0,0,0,1,0,0,1
"POINT (8.778981707000071 53.078787472000045)",Unfall 139500 (2018) Kat:3, Licht: 0,139500,3,3,5,03,16,5,1,0,0,1,0,0,0,0
"POINT (8.817249053000069 53.039097933000050)",Unfall 139501 (2018) Kat:2, Licht: 0,139501,2,4,6,02,14,4,0,0,0,1,1,0,0,0
"POINT (8.761772838000070 53.121789118000038)",Unfall 139502 (2018) Kat:3, Licht: 0,139502,3,3,5,03,07,3,1,0,1,1,0,0,0,0
"POINT (8.938955723000049 53.058543987000064)",Unfall 139503 (2018) Kat:3, Licht: 2,139503,3,3,5,02,05,4,1,2,1,1,0,0,0,0
"POINT (8.793071353000073 53.083541705000073)",Unfall 139504 (2018) Kat:3, Licht: 0,139504,3,6,2,03,16,6,1,0,0,1,0,0,0,1
"POINT (8.750133394000045 53.123684527000080)",Unfall 139505 (2018) Kat:3, Licht: 2,139505,3,4,6,02,17,4,0,2,0,1,1,0,0,0
"POINT (8.817659742000046 53.078496270000073)",Unfall 139506 (2018) Kat:3, Licht: 0,139506,3,3,5,03,13,4,0,0,1,1,0,0,0,0
"POINT (8.916064666000068 53.071159068000043)",Unfall 139507 (2018) Kat:3, Licht: 2,139507,3,2,2,02,05,4,1,2,0,1,0,0,0,0
"POINT (8.923544303000028 53.059401904000026)",Unfall 139508 (2018) Kat:3, Licht: 0,139508,3,2,5,02,14,6,0,0,1,1,0,0,0,0
"POINT (8.902128571000048 53.071503970000037)",Unfall 139509 (2018) Kat:3, Licht: 2,139509,3,2,5,03,21,5,1,2,0,1,0,0,0,0
"POINT (8.780989961000046 53.101640406000058)",Unfall 139511 (2018) Kat:3, Licht: 1,139511,3,3,5,02,08,3,0,1,1,1,0,0,0,0
"POINT (8.731062224000027 53.135280104000060)",Unfall 139512 (2018) Kat:3, Licht: 0,139512,3,3,0,02,07,3,0,0,1,1,0,0,0,0
"POINT (8.804099012000052 53.072382247000064)",Unfall 139513 (2018) Kat:3, Licht: 0,139513,3,6,4,03,15,3,0,0,1,1,0,0,0,0
"POINT (8.719151280000062 53.088831940000034)",Unfall 139514 (2018) Kat:2, Licht: 0,139514,2,3,5,02,17,3,0,0,0,1,0,0,1,0
"POINT (8.758791575000032 53.111760343000071)",Unfall 139515 (2018) Kat:3, Licht: 0,139515,3,7,1,03,16,2,0,0,0,1,0,0,0,0
"POINT (8.765562788000068 53.071002845000066)",Unfall 139516 (2018) Kat:3, Licht: 0,139516,3,6,1,02,15,3,0,0,0,1,0,0,0,0
"POINT (8.813140535000059 53.078457135000065)",Unfall 139517 (2018) Kat:3, Licht: 1,139517,3,3,3,02,07,6,1,1,1,0,0,0,0,1
"POINT (8.937093420000053 53.088797163000038)",Unfall 139518 (2018) Kat:3, Licht: 0,139518,3,7,0,03,10,3,0,0,1,1,0,0,0,0
"POINT (8.848675350000065 53.050503852000077)",Unfall 139519 (2018) Kat:3, Licht: 2,139519,3,3,5,02,05,3,0,2,0,1,0,0,0,0
"POINT (8.888756820000026 53.108984655000029)",Unfall 139520 (2018) Kat:3, Licht: 0,139520,3,5,1,03,14,6,0,0,0,1,0,0,0,0
"POINT (8.825086884000029 53.084593770000026)",Unfall 139521 (2018) Kat:3, Licht: 0,139521,3,3,5,03,10,2,0,0,1,1,0,0,0,0
"POINT (8.809323297000049 53.078883382000072)",Unfall 139522 (2018) Kat:3, Licht: 0,139522,3,3,5,02,11,3,0,0,1,1,0,0,0,0
"POINT (8.863750558000049 53.106325076000076)",Unfall 139523 (2018) Kat:3, Licht: 0,139523,3,3,5,02,09,6,1,0,0,1,0,0,0,0
"POINT (8.779715157000055 53.059454755000047)",Unfall 139524 (2018) Kat:3, Licht: 0,139524,3,7,0,03,08,4,0,0,1,1,0,0,0,0
"POINT (8.845802030000073 53.033114101000081)",Unfall 139525 (2018) Kat:3, Licht: 2,139525,3,4,6,02,20,3,0,2,0,1,1,0,0,0
"POINT (8.899361523000039 53.059299585000076)",Unfall 139526 (2018) Kat:3, Licht: 0,139526,3,6,2,03,10,2,0,0,0,1,0,0,0,0
"POINT (8.875346345000025 53.082769685000073)",Unfall 139527 (2018) Kat:3, Licht: 2,139527,3,6,2,02,18,2,0,2,0,1,0,0,0,0
"POINT (8.646580873000062 53.164915689000054)",Unfall 139528 (2018) Kat:3, Licht: 0,139528,3,4,0,02,12,2,0,0,0,0,1,0,0,1
"POINT (8.881258657000046 53.101304236000033)",Unfall 139529 (2018) Kat:3, Licht: 0,139529,3,3,5,03,11,2,0,0,1,1,0,0,0,0
"POINT (8.795374278000054 53.095413595000082)",Unfall 139530 (2018) Kat:3, Licht: 0,139530,3,6,2,02,15,2,0,0,0,1,0,0,0,0
"POINT (8.869544495000071 53.064265605000060)",Unfall 139531 (2018) Kat:3, Licht: 0,139531,3,2,2,02,13,6,0,0,0,1,0,0,0,0
"POINT (8.832526074000043 53.069325892000052)",Unfall 139533 (2018) Kat:3, Licht: 2,139533,3,2,6,02,18,2,0,2,0,1,1,0,0,0
"POINT (8.887977094000064 53.066776482000080)",Unfall 139534 (2018) Kat:3, Licht: 0,139534,3,3,5,02,12,6,0,0,1,0,0,0,1,0
"POINT (8.805712453000069 53.081416704000048)",Unfall 139535 (2018) Kat:3, Licht: 2,139535,3,2,5,02,19,4,0,2,0,1,0,0,0,0
"POINT (8.760091627000065 53.124999420000051)",Unfall 139536 (2018) Kat:3, Licht: 0,139536,3,3,5,03,08,2,0,0,0,1,0,0,0,0
"POINT (8.809472163000066 53.077456022000035)",Unfall 139537 (2018) Kat:2, Licht: 0,139537,2,7,0,02,12,2,0,0,0,0,1,0,0,1
"POINT (8.775576342000022 53.060470164000037)",Unfall 139538 (2018) Kat:2, Licht: 0,139538,2,3,5,03,16,6,0,0,0,1,0,0,0,0
"POINT (8.959080116000052 53.047124794000069)",Unfall 139539 (2018) Kat:3, Licht: 0,139539,3,7,6,03,13,7,0,0,0,1,1,0,0,0