WKT,Name,OBJECTID,UKATEGORIE,UTYP1,UART,UMONAT,USTUNDE,UWOCHENTAG,STRZUSTAND,ULICHTVERH,ISTRAD,ISTPKW,ISTFUSS,ISTKRAD,ISTGKFZ,ISTSONSTIG
"POINT (8.807544819000043 53.074256261000073)",Unfall 139543 (2018) Kat:3, Licht: 0,139543,3,7,0,02,11,1,2,0,0,0,1,0,0,1
"POINT (8.763588827000035 53.108892652000065)",Unfall 139544 (2018) Kat:3, Licht: 0,139544,3,6,2,02,08,6,1,0,0,1,0,0,1,0
"POINT (8.584589741000059 53.181453328000032)",Unfall 139546 (2018) Kat:3, Licht: 0,139546,3,3,5,03,17,7,0,0,0,1,0,0,0,1
"POINT (8.936356975000024 53.073748439000042)",Unfall 139547 (2018) Kat:3, Licht: 0,139547,3,4,6,02,17,7,0,0,0,1,1,0,0,0
"POINT (8.747222508000050 53.126245073000064)",Unfall 139550 (2018) Kat:3, Licht: 2,139550,3,1,9,02,23,7,1,2,0,1,0,0,0,0
"POINT (8.737954678000051 53.056253536000042)",Unfall 139551 (2018) Kat:3, Licht: 0,139551,3,3,5,02,12,5,0,0,0,1,0,0,0,0
"POINT (8.772499123000046 53.109090702000060)",Unfall 139552 (2018) Kat:3, Licht: 1,139552,3,2,0,02,16,7,1,1,0,1,0,0,0,1
"POINT (8.898359640000024 53.119962606000058)",Unfall 139553 (2018) Kat:3, Licht: 0,139553,3,3,5,03,15,5,0,0,1,1,0,0,0,0
"POINT (8.747226544000057 53.126241660000062)",Unfall 139554 (2018) Kat:3, Licht: 0,139554,3,3,5,03,08,6,0,0,0,1,0,0,0,0
"POINT (8.781067600000029 53.078039030000070)",Unfall 139555 (2018) Kat:2, Licht: 2,139555,2,6,4,02,02,7,1,2,0,1,0,0,0,0
"POINT (8.899285089000045 53.059295600000041)",Unfall 139557 (2018) Kat:3, Licht: 0,139557,3,6,2,03,08,5,0,0,0,1,0,0,0,0
"POINT (8.808476648000067 53.088084961000050)",Unfall 139558 (2018) Kat:3, Licht: 0,139558,3,5,1,02,11,7,1,0,1,1,0,0,0,0
"POINT (8.793748009000069 53.085077877000060)",Unfall 139559 (2018) Kat:3, Licht: 0,139559,3,6,3,02,07,5,0,0,0,1,0,0,1,0
"POINT (8.889269317000071 53.098842422000075)",Unfall 139560 (2018) Kat:3, Licht: 0,139560,3,3,5,03,15,5,0,0,1,1,0,0,0,0
"POINT (8.789500355000030 53.105927164000036)",Unfall 139561 (2018) Kat:3, Licht: 2,139561,3,3,5,02,19,6,1,2,1,1,0,0,0,0
"POINT (8.783027435000065 53.076455752000072)",Unfall 139562 (2018) Kat:3, Licht: 0,139562,3,6,3,02,15,5,0,0,0,1,0,0,0,1
"POINT (8.875285755000050 53.080585977000055)",Unfall 139563 (2018) Kat:3, Licht: 0,139563,3,3,6,02,14,6,1,0,0,1,1,0,0,0
"POINT (8.629341135000061 53.172170202000075)",Unfall 139564 (2018) Kat:3, Licht: 0,139564,3,6,2,03,09,6,0,0,0,1,0,0,0,0
"POINT (8.766299706000041 53.073860176000039)",Unfall 139566 (2018) Kat:3, Licht: 0,139566,3,3,5,02,14,5,0,0,0,1,0,0,0,0
"POINT (8.890692900000033 53.083361860000082)",Unfall 139567 (2018) Kat:3, Licht: 2,139567,3,6,1,02,18,5,1,2,0,1,0,0,0,0
"POINT (8.801970496000024 53.086568609000039)",Unfall 139568 (2018) Kat:3, Licht: 2,139568,3,6,3,02,02,5,0,2,0,1,0,0,1,0
"POINT (8.734999338000023 53.058238891000030)",Unfall 139569 (2018) Kat:3, Licht: 1,139569,3,4,6,03,20,6,1,1,0,1,1,0,0,0
"POINT (8.804443045000028 53.062118515000066)",Unfall 139570 (2018) Kat:3, Licht: 2,139570,3,3,5,02,19,5,1,2,1,1,0,0,0,0
"POINT (8.714407951000055 53.180173439000043)",Unfall 139571 (2018) Kat:2, Licht: 0,139571,2,6,2,03,17,4,0,0,0,1,0,0,0,0
"POINT (8.870908504000056 53.098464740000054)",Unfall 139572 (2018) Kat:3, Licht: 0,139572,3,2,5,02,09,5,1,0,0,1,0,0,0,1
"POINT (8.780480881000074 53.068110168000032)",Unfall 139573 (2018) Kat:3, Licht: 0,139573,3,3,5,02,13,5,0,0,0,1,0,0,0,0
"POINT (8.722664133000023 53.044187601000033)",Unfall 139574 (2018) Kat:2, Licht: 0,139574,2,4,6,03,13,4,0,0,0,0,1,0,0,1
"POINT (8.839167170000053 53.076587980000056)",Unfall 139578 (2018) Kat:3, Licht: 0,139578,3,5,1,03,15,3,0,0,0,1,0,0,0,0
"POINT (8.807111888000065 53.060249167000052)",Unfall 139581 (2018) Kat:3, Licht: 0,139581,3,1,0,03,06,4,1,0,0,1,0,1,0,0
"POINT (8.944679239000038 53.038577027000031)",Unfall 139582 (2018) Kat:2, Licht: 2,139582,2,4,6,01,17,4,1,2,0,1,1,0,0,0
"POINT (8.800603711000065 53.091546539000035)",Unfall 139583 (2018) Kat:3, Licht: 0,139583,3,6,2,03,15,2,0,0,0,1,0,0,0,0
"POINT (8.702429948000031 53.139988471000038)",Unfall 139584 (2018) Kat:3, Licht: 1,139584,3,3,5,01,08,4,1,1,0,1,0,0,1,0
"POINT (8.807111888000065 53.060249167000052)",Unfall 139585 (2018) Kat:3, Licht: 0,139585,3,6,1,02,09,5,1,0,0,1,0,0,0,0
"POINT (8.853971424000065 53.083343315000036)",Unfall 139587 (2018) Kat:3, Licht: 2,139587,3,4,6,01,07,4,1,2,1,0,1,0,0,0
"POINT (8.898222329000021 53.043814167000050)",Unfall 139588 (2018) Kat:3, Licht: 0,139588,3,3,5,03,14,7,0,0,0,1,0,0,0,0
"POINT (8.794832516000042 53.074180178000063)",Unfall 139589 (2018) Kat:3, Licht: 0,139589,3,4,6,02,16,2,1,0,0,1,1,0,0,0
"POINT (8.761804465000068 53.087417504000030)",Unfall 139590 (2018) Kat:3, Licht: 1,139590,3,6,2,01,16,4,1,1,0,1,0,0,0,0
"POINT (8.721096240000065 53.044872853000072)",Unfall 139592 (2018) Kat:3, Licht: 0,139592,3,7,0,03,15,2,0,0,1,0,0,0,0,0
"POINT (8.579866782000067 53.183023450000064)",Unfall 139595 (2018) Kat:3, Licht: 1,139595,3,3,5,03,18,7,0,1,0,1,0,0,0,0
"POINT (8.870687675000056 53.095898296000030)",Unfall 139597 (2018) Kat:3, Licht: 0,139597,3,4,6,02,15,4,0,0,1,0,1,0,0,0
"POINT (8.753660360000026 53.111250549000033)",Unfall 139598 (2018) Kat:3, Licht: 2,139598,3,6,2,01,07,3,1,2,0,0,0,0,1,0
"POINT (8.788522382000053 53.093937872000026)",Unfall 139600 (2018) Kat:3, Licht: 0,139600,3,2,5,01,13,2,1,0,1,0,0,0,0,1
"POINT (8.952159751000067 53.065553479000073)",Unfall 139601 (2018) Kat:3, Licht: 0,139601,3,6,4,03,12,2,0,0,0,0,0,0,0,1
"POINT (8.832133466000073 53.068780261000029)",Unfall 139602 (2018) Kat:3, Licht: 0,139602,3,6,2,01,11,2,1,0,0,1,0,0,0,0
"POINT (8.785403051000060 53.088750122000079)",Unfall 139603 (2018) Kat:3, Licht: 0,139603,3,6,1,03,16,6,0,0,0,1,0,0,0,0
"POINT (8.750064617000021 53.092876463000039)",Unfall 139604 (2018) Kat:2, Licht: 0,139604,2,7,0,03,16,2,0,0,1,0,0,0,0,0
"POINT (8.728282247000038 53.057629524000049)",Unfall 139605 (2018) Kat:3, Licht: 1,139605,3,4,6,01,16,2,1,1,0,1,1,0,0,0
"POINT (8.566232311000022 53.196295018000058)",Unfall 139606 (2018) Kat:2, Licht: 0,139606,2,4,6,01,14,2,1,0,0,1,1,0,0,0
"POINT (8.959411734000071 53.040945715000078)",Unfall 139608 (2018) Kat:3, Licht: 2,139608,3,3,6,01,06,2,1,2,0,1,1,0,0,0
"POINT (8.804494443000067 53.085161107000033)",Unfall 139609 (2018) Kat:3, Licht: 0,139609,3,3,5,03,10,6,0,0,0,1,0,0,0,0
"POINT (8.952082265000058 53.034567867000078)",Unfall 139612 (2018) Kat:3, Licht: 0,139612,3,4,6,03,17,5,0,0,0,1,1,0,0,0
"POINT (8.838308899000026 53.067837211000040)",Unfall 139613 (2018) Kat:3, Licht: 0,139613,3,2,5,03,15,6,1,0,1,1,0,0,0,0
"POINT (8.562244631000056 53.192141071000037)",Unfall 139615 (2018) Kat:3, Licht: 0,139615,3,2,5,03,16,5,0,0,0,1,0,0,0,0
"POINT (8.777103163000049 53.106605096000067)",Unfall 139616 (2018) Kat:3, Licht: 0,139616,3,6,2,03,15,7,0,0,0,1,0,0,0,0
"POINT (8.776687220000042 53.097230930000080)",Unfall 139618 (2018) Kat:2, Licht: 2,139618,2,4,6,01,23,7,1,2,0,0,1,0,0,1
"POINT (8.886635733000048 53.051612378000073)",Unfall 139619 (2018) Kat:3, Licht: 1,139619,3,4,6,03,18,5,0,1,1,0,1,0,0,0
"POINT (8.898547790000066 53.043553112000041)",Unfall 139620 (2018) Kat:3, Licht: 0,139620,3,3,5,01,11,7,0,0,0,1,0,0,0,0
"POINT (8.732309202000067 53.039589659000058)",Unfall 139621 (2018) Kat:3, Licht: 0,139621,3,3,6,03,08,5,1,0,0,1,1,0,0,0
"POINT (8.894646434000038 53.059610967000026)",Unfall 139623 (2018) Kat:3, Licht: 2,139623,3,3,5,01,21,6,1,2,0,1,0,0,0,0
"POINT (8.853775668000026 53.082396702000040)",Unfall 139624 (2018) Kat:3, Licht: 1,139624,3,4,6,01,07,6,1,1,0,1,1,0,0,0
"POINT (8.833871310000063 53.039552113000070)",Unfall 139625 (2018) Kat:3, Licht: 0,139625,3,6,4,03,08,5,0,0,1,0,0,0,0,0
"POINT (8.811645112000065 53.077132898000059)",Unfall 139626 (2018) Kat:2, Licht: 0,139626,2,6,2,01,09,6,1,0,0,1,0,1,0,0
"POINT (8.850609180000049 53.085139650000031)",Unfall 139627 (2018) Kat:3, Licht: 0,139627,3,6,2,03,13,3,0,0,0,1,0,0,0,0
"POINT (8.823466289000066 53.032074122000040)",Unfall 139628 (2018) Kat:3, Licht: 2,139628,3,6,2,01,17,6,0,2,0,1,0,0,0,0
"POINT (8.761298569000076 53.114867727000046)",Unfall 139629 (2018) Kat:3, Licht: 0,139629,3,7,5,02,16,4,0,0,0,1,0,0,0,1
"POINT (8.632019598000056 53.176924912000061)",Unfall 139630 (2018) Kat:3, Licht: 0,139630,3,1,0,03,14,4,0,0,1,0,0,0,0,0
"POINT (8.921077501000070 53.052103093000028)",Unfall 139631 (2018) Kat:3, Licht: 0,139631,3,3,5,01,13,6,0,0,0,1,0,0,0,0
"POINT (8.804381298000067 53.075609298000074)",Unfall 139632 (2018) Kat:3, Licht: 2,139632,3,7,0,03,18,2,0,2,0,0,0,0,0,1
"POINT (8.807315823000067 53.082160087000034)",Unfall 139633 (2018) Kat:3, Licht: 0,139633,3,3,5,03,17,4,0,0,1,1,0,0,0,0
"POINT (8.811020116000066 53.098743983000077)",Unfall 139635 (2018) Kat:3, Licht: 0,139635,3,6,1,03,11,5,0,0,0,1,0,1,0,0
"POINT (8.928863674000070 53.071971773000030)",Unfall 139639 (2018) Kat:3, Licht: 2,139639,3,6,4,03,22,4,1,2,1,0,0,0,0,0
"POINT (8.891169129000048 53.049609855000028)",Unfall 139641 (2018) Kat:3, Licht: 0,139641,3,3,5,03,14,2,0,0,1,1,0,0,0,0
"POINT (8.940558514000031 53.077589806000049)",Unfall 139642 (2018) Kat:3, Licht: 1,139642,3,3,5,01,07,5,0,1,1,1,0,0,0,0
"POINT (8.766555070000038 53.115317199000060)",Unfall 139643 (2018) Kat:3, Licht: 1,139643,3,3,5,03,06,3,1,1,1,1,0,0,0,0
"POINT (8.916246294000075 53.071193235000067)",Unfall 139644 (2018) Kat:3, Licht: 0,139644,3,3,5,01,17,5,0,0,0,1,0,0,0,0
"POINT (8.926994901000057 53.038408569000069)",Unfall 139646 (2018) Kat:3, Licht: 1,139646,3,3,5,02,16,2,0,1,0,1,0,0,0,0
"POINT (8.862518384000055 53.067589657000042)",Unfall 139647 (2018) Kat:3, Licht: 0,139647,3,2,5,03,18,2,0,0,0,0,0,0,0,1
"POINT (8.885462364000034 53.109986064000054)",Unfall 139648 (2018) Kat:3, Licht: 0,139648,3,3,5,01,15,5,0,0,0,1,0,0,0,0
"POINT (8.817110372000059 53.078770570000074)",Unfall 139649 (2018) Kat:3, Licht: 0,139649,3,3,5,02,08,4,1,0,1,0,0,0,0,1
"POINT (8.804415224000024 53.080755521000071)",Unfall 139650 (2018) Kat:3, Licht: 0,139650,3,6,2,03,13,7,0,0,0,1,0,0,0,0
"POINT (8.859583140000041 53.072190181000053)",Unfall 139651 (2018) Kat:3, Licht: 0,139651,3,3,5,04,10,6,1,0,1,1,0,0,0,0
"POINT (8.878865024000049 53.079099255000074)",Unfall 139652 (2018) Kat:3, Licht: 0,139652,3,3,5,05,07,4,0,0,1,1,0,0,0,0
"POINT (8.625134145000061 53.179684824000049)",Unfall 139653 (2018) Kat:3, Licht: 2,139653,3,4,6,04,21,6,1,2,0,1,1,0,0,0
"POINT (8.914073145000032 53.059602708000057)",Unfall 139654 (2018) Kat:3, Licht: 0,139654,3,6,2,04,07,7,0,0,0,1,0,0,1,0
"POINT (8.867990145000022 53.072939375000033)",Unfall 139655 (2018) Kat:2, Licht: 0,139655,2,3,5,04,11,6,0,0,1,1,0,0,0,0
"POINT (8.870608437000044 53.094858346000080)",Unfall 139656 (2018) Kat:3, Licht: 0,139656,3,2,5,04,08,4,0,0,1,1,0,0,0,0
"POINT (8.788731463000033 53.076241927000069)",Unfall 139657 (2018) Kat:3, Licht: 0,139657,3,3,5,04,17,3,0,0,0,1,0,0,0,0
"POINT (8.813212327000031 53.080838652000068)",Unfall 139658 (2018) Kat:3, Licht: 0,139658,3,6,2,04,10,6,1,0,0,1,0,0,0,0
"POINT (8.791126371000075 53.091379594000045)",Unfall 139660 (2018) Kat:2, Licht: 0,139660,2,6,2,04,08,6,0,0,1,0,0,0,0,0
"POINT (8.792908199000067 53.093211679000035)",Unfall 139661 (2018) Kat:3, Licht: 2,139661,3,6,2,04,19,6,1,2,0,1,0,1,0,0
"POINT (8.875451110000029 53.101416466000046)",Unfall 139662 (2018) Kat:3, Licht: 0,139662,3,4,6,04,13,2,0,0,0,1,1,0,0,1
"POINT (8.807111888000065 53.060249167000052)",Unfall 139665 (2018) Kat:3, Licht: 0,139665,3,2,4,04,18,5,0,0,1,0,0,0,0,1
"POINT (8.623340750000068 53.181540556000073)",Unfall 139666 (2018) Kat:3, Licht: 0,139666,3,6,1,04,14,6,0,0,0,1,0,0,0,0
"POINT (8.618656592000036 53.174741106000056)",Unfall 139667 (2018) Kat:3, Licht: 0,139667,3,5,1,04,09,5,0,0,1,1,0,0,0,0
"POINT (8.818299732000071 53.086405178000064)",Unfall 139668 (2018) Kat:3, Licht: 0,139668,3,7,0,04,15,6,0,0,1,0,1,0,0,0
"POINT (8.789476048000040 53.082947927000077)",Unfall 139669 (2018) Kat:2, Licht: 0,139669,2,3,5,04,15,6,0,0,1,1,0,0,0,0
"POINT (8.896077625000032 53.114230750000047)",Unfall 139670 (2018) Kat:2, Licht: 0,139670,2,3,5,04,09,2,0,0,1,1,0,0,0,0
"POINT (8.622756289000051 53.181681994000030)",Unfall 139672 (2018) Kat:3, Licht: 0,139672,3,6,2,04,19,5,0,0,0,1,0,0,0,0
"POINT (8.786543619000042 53.087975617000041)",Unfall 139673 (2018) Kat:3, Licht: 0,139673,3,3,5,04,09,5,0,0,1,1,0,0,0,0
"POINT (8.885412748000022 53.050043812000069)",Unfall 139674 (2018) Kat:3, Licht: 0,139674,3,3,5,04,16,2,0,0,0,1,0,0,0,0
"POINT (8.870119315000068 53.102170272000080)",Unfall 139675 (2018) Kat:2, Licht: 0,139675,2,7,0,04,12,5,0,0,1,0,0,0,0,0
"POINT (8.615513965000048 53.194484539000030)",Unfall 139676 (2018) Kat:3, Licht: 0,139676,3,3,5,04,13,5,0,0,0,1,0,0,0,1
"POINT (8.823020773000053 53.073563135000029)",Unfall 139677 (2018) Kat:3, Licht: 0,139677,3,7,1,04,07,5,0,0,1,1,0,0,0,0
"POINT (8.565696041000024 53.182337116000042)",Unfall 139679 (2018) Kat:3, Licht: 0,139679,3,6,2,05,11,4,0,0,0,1,0,0,0,0
"POINT (8.782382003000066 53.153007448000039)",Unfall 139680 (2018) Kat:3, Licht: 0,139680,3,6,4,04,12,5,0,0,0,1,0,0,0,1
"POINT (8.878940673000045 53.079101575000038)",Unfall 139681 (2018) Kat:3, Licht: 0,139681,3,6,2,04,12,1,1,0,0,1,0,0,0,0
"POINT (8.893084234000071 53.054763350000030)",Unfall 139682 (2018) Kat:3, Licht: 0,139682,3,7,5,04,15,5,0,0,1,1,0,0,0,0
"POINT (8.804065687000048 53.076185739000039)",Unfall 139683 (2018) Kat:2, Licht: 0,139683,2,3,5,04,11,1,0,0,0,1,1,0,0,1
"POINT (8.795900446000076 53.106300188000034)",Unfall 139684 (2018) Kat:3, Licht: 0,139684,3,3,5,04,07,5,0,0,1,1,0,0,0,0
"POINT (8.807677234000039 53.083388701000047)",Unfall 139685 (2018) Kat:3, Licht: 0,139685,3,3,5,04,15,4,1,0,1,1,0,0,0,0
"POINT (8.620050344000049 53.182117367000046)",Unfall 139686 (2018) Kat:3, Licht: 0,139686,3,6,2,04,15,5,0,0,0,1,0,0,0,0
"POINT (8.728658647000032 53.085842582000055)",Unfall 139687 (2018) Kat:3, Licht: 2,139687,3,1,4,04,04,6,1,2,0,0,0,0,1,0
"POINT (8.737557886000047 53.138516478000042)",Unfall 139688 (2018) Kat:3, Licht: 0,139688,3,6,2,05,18,4,0,0,0,1,0,0,0,0
"POINT (8.805646393000075 53.073918887000048)",Unfall 139689 (2018) Kat:3, Licht: 0,139689,3,6,3,04,17,5,0,0,1,0,0,0,0,0
"POINT (8.784994121000068 53.102222955000059)",Unfall 139690 (2018) Kat:3, Licht: 0,139690,3,2,5,04,17,7,0,0,1,1,0,0,0,0
"POINT (8.886731965000024 53.109510587000045)",Unfall 139691 (2018) Kat:2, Licht: 0,139691,2,3,5,04,11,4,0,0,1,1,0,0,0,0
"POINT (8.774477429000058 53.062044821000029)",Unfall 139692 (2018) Kat:3, Licht: 0,139692,3,7,0,04,10,4,0,0,1,0,0,0,0,0
"POINT (8.619353863000072 53.184756733000029)",Unfall 139694 (2018) Kat:3, Licht: 0,139694,3,6,2,04,19,4,0,0,0,1,0,0,0,0
"POINT (8.823323136000056 53.076468395000063)",Unfall 139695 (2018) Kat:3, Licht: 0,139695,3,3,5,04,17,4,1,0,1,1,0,0,0,0
"POINT (8.551091202000066 53.197722489000057)",Unfall 139696 (2018) Kat:3, Licht: 0,139696,3,2,5,04,07,4,0,0,1,1,0,0,0,0
"POINT (8.805829927000048 53.081389331000082)",Unfall 139697 (2018) Kat:2, Licht: 0,139697,2,3,5,04,10,3,0,0,0,1,0,0,0,1
"POINT (8.803187385000058 53.084662045000073)",Unfall 139698 (2018) Kat:3, Licht: 0,139698,3,2,5,04,17,4,0,0,1,1,0,0,0,0
"POINT (8.798406413000066 53.085510674000034)",Unfall 139699 (2018) Kat:3, Licht: 0,139699,3,6,3,04,16,6,0,0,1,1,0,0,0,0
"POINT (8.584758073000046 53.181546943000058)",Unfall 139700 (2018) Kat:3, Licht: 0,139700,3,6,2,04,10,6,1,0,0,1,0,0,1,0
"POINT (8.890006261000053 53.064016516000038)",Unfall 139701 (2018) Kat:3, Licht: 0,139701,3,6,2,05,14,4,0,0,0,1,0,0,0,1
"POINT (8.844921677000059 53.045783073000052)",Unfall 139702 (2018) Kat:3, Licht: 2,139702,3,3,5,04,22,4,0,2,0,1,0,0,0,0
"POINT (8.582143072000065 53.214600334000068)",Unfall 139704 (2018) Kat:3, Licht: 0,139704,3,1,0,04,20,4,0,0,1,0,1,0,0,0
"POINT (8.777575768000077 53.106547929000044)",Unfall 139705 (2018) Kat:3, Licht: 0,139705,3,6,2,04,18,6,0,0,0,1,0,0,0,0
"POINT (8.804065687000048 53.076185739000039)",Unfall 139706 (2018) Kat:3, Licht: 0,139706,3,3,5,04,09,6,0,0,1,1,0,0,0,0
"POINT (8.816672951000044 53.078725897000027)",Unfall 139707 (2018) Kat:3, Licht: 0,139707,3,3,3,04,16,2,0,0,0,1,0,1,0,0
"POINT (8.802992214000028 53.069872302000078)",Unfall 139708 (2018) Kat:3, Licht: 0,139708,3,7,1,04,06,4,0,0,1,1,0,0,0,0
"POINT (8.811182022000025 53.057377453000072)",Unfall 139710 (2018) Kat:3, Licht: 0,139710,3,6,2,04,07,4,0,0,0,1,0,0,0,0
"POINT (8.805661549000035 53.083400575000041)",Unfall 139711 (2018) Kat:3, Licht: 2,139711,3,6,2,04,15,4,0,2,0,1,0,0,0,0
"POINT (8.931669532000058 53.062198529000057)",Unfall 139713 (2018) Kat:2, Licht: 1,139713,2,2,5,04,20,7,0,1,0,1,0,1,0,0
"POINT (8.843496808000054 53.081085504000043)",Unfall 139714 (2018) Kat:3, Licht: 2,139714,3,3,5,04,21,4,0,2,1,1,0,0,0,0
"POINT (8.752995564000059 53.121221960000071)",Unfall 139715 (2018) Kat:2, Licht: 0,139715,2,4,6,04,14,2,0,0,0,1,1,0,0,0
"POINT (8.875944272000027 53.082131903000061)",Unfall 139716 (2018) Kat:3, Licht: 2,139716,3,3,5,04,05,4,0,2,1,1,0,0,0,0
"POINT (8.802016852000065 53.105078115000026)",Unfall 139720 (2018) Kat:3, Licht: 0,139720,3,7,1,04,15,6,0,0,0,1,0,0,1,0
"POINT (8.544851373000029 53.193931651000071)",Unfall 139721 (2018) Kat:3, Licht: 0,139721,3,1,0,04,15,3,0,0,0,1,0,0,0,0
"POINT (8.796756568000035 53.068408215000034)",Unfall 139722 (2018) Kat:3, Licht: 2,139722,3,1,0,04,23,6,0,2,1,0,0,0,0,0
"POINT (8.767022172000054 53.084123627000054)",Unfall 139723 (2018) Kat:3, Licht: 0,139723,3,2,5,04,12,2,0,0,0,1,0,1,0,0
"POINT (8.775366917000042 53.107582642000068)",Unfall 139724 (2018) Kat:2, Licht: 0,139724,2,3,5,04,15,7,0,0,1,1,0,0,0,0
"POINT (8.796997496000074 53.076441732000035)",Unfall 139725 (2018) Kat:3, Licht: 0,139725,3,3,5,04,08,3,0,0,1,1,0,0,0,0
"POINT (8.788087080000025 53.076356663000070)",Unfall 139726 (2018) Kat:2, Licht: 0,139726,2,2,5,04,18,3,0,0,1,0,0,0,1,0
"POINT (8.877951573000075 53.079627760000051)",Unfall 139727 (2018) Kat:3, Licht: 0,139727,3,6,3,04,10,2,0,0,0,1,0,0,0,0
"POINT (8.634547693000059 53.173084941000070)",Unfall 139728 (2018) Kat:3, Licht: 0,139728,3,3,5,04,15,3,0,0,1,1,0,0,0,0
"POINT (8.786800457000027 53.100348997000026)",Unfall 139729 (2018) Kat:2, Licht: 0,139729,2,2,3,04,16,5,0,0,0,1,0,0,0,1
"POINT (8.765723337000054 53.108892772000047)",Unfall 139730 (2018) Kat:3, Licht: 0,139730,3,7,0,04,08,2,1,0,1,0,0,0,0,1
"POINT (8.865638231000048 53.066557237000040)",Unfall 139731 (2018) Kat:2, Licht: 0,139731,2,7,0,04,18,3,0,0,1,0,0,0,0,0
"POINT (8.775568183000075 53.060474852000027)",Unfall 139732 (2018) Kat:3, Licht: 0,139732,3,3,5,04,09,5,1,0,0,1,0,0,0,1
"POINT (8.890631796000037 53.061221172000046)",Unfall 139733 (2018) Kat:3, Licht: 0,139733,3,3,3,04,09,3,0,0,0,1,0,0,0,1
"POINT (8.790318951000074 53.070456765000074)",Unfall 139734 (2018) Kat:3, Licht: 0,139734,3,5,1,04,17,1,0,0,1,1,0,0,0,0
"POINT (8.820505360000027 53.076909782000030)",Unfall 139736 (2018) Kat:3, Licht: 0,139736,3,7,2,04,16,2,0,0,0,1,0,0,0,0
"POINT (8.799499319000063 53.070119365000039)",Unfall 139737 (2018) Kat:3, Licht: 2,139737,3,4,6,04,03,1,0,2,0,1,1,0,0,0
"POINT (8.853769949000025 53.065522514000065)",Unfall 139738 (2018) Kat:3, Licht: 0,139738,3,6,2,04,12,2,0,0,0,1,0,0,0,0
"POINT (8.798239957000021 53.055974110000079)",Unfall 139739 (2018) Kat:3, Licht: 0,139739,3,6,2,04,12,6,0,0,0,1,0,0,0,0
"POINT (8.802861694000058 53.101371734000054)",Unfall 139740 (2018) Kat:3, Licht: 0,139740,3,2,5,04,10,7,0,0,0,1,0,0,0,0
"POINT (8.739582427000073 53.051499381000042)",Unfall 139741 (2018) Kat:3, Licht: 0,139741,3,2,5,04,16,4,0,0,0,1,0,0,0,0
"POINT (8.578653712000062 53.181849856000042)",Unfall 139742 (2018) Kat:3, Licht: 0,139742,3,3,0,04,15,2,0,0,0,0,0,0,1,1
"POINT (8.808958903000075 53.083338788000049)",Unfall 139743 (2018) Kat:3, Licht: 2,139743,3,6,6,04,22,3,1,2,0,1,1,0,0,0
"POINT (8.870549553000046 53.091275045000032)",Unfall 139744 (2018) Kat:3, Licht: 0,139744,3,2,5,04,07,6,1,0,1,1,0,0,0,0
"POINT (8.797005870000021 53.076417308000032)",Unfall 139745 (2018) Kat:3, Licht: 0,139745,3,2,5,04,17,2,0,0,0,1,0,0,0,1
"POINT (8.884191156000043 53.105506123000055)",Unfall 139746 (2018) Kat:3, Licht: 0,139746,3,3,5,04,11,7,1,0,0,1,0,0,0,0
"POINT (8.778807828000026 53.099992774000043)",Unfall 139747 (2018) Kat:3, Licht: 0,139747,3,2,3,05,09,4,0,0,1,0,0,0,0,0
"POINT (8.626632791000077 53.184630153000057)",Unfall 139749 (2018) Kat:3, Licht: 0,139749,3,3,5,04,15,7,0,0,1,1,0,0,0,0
"POINT (8.807415780000042 53.070452609000029)",Unfall 139751 (2018) Kat:2, Licht: 0,139751,2,5,1,04,15,5,0,0,0,1,0,0,0,0
"POINT (8.618746784000052 53.177259023000033)",Unfall 139752 (2018) Kat:3, Licht: 0,139752,3,7,0,04,17,4,0,0,0,0,0,0,0,1
"POINT (8.781032788000061 53.067570256000067)",Unfall 139753 (2018) Kat:3, Licht: 0,139753,3,3,5,04,17,4,0,0,1,1,0,0,0,0
"POINT (8.890006261000053 53.064016516000038)",Unfall 139754 (2018) Kat:3, Licht: 0,139754,3,7,6,04,18,1,0,0,0,1,1,0,0,0
"POINT (8.702291324000044 53.169298201000061)",Unfall 139756 (2018) Kat:3, Licht: 0,139756,3,5,1,04,17,1,0,0,0,1,0,0,0,0
"POINT (8.794900354000049 53.093936283000062)",Unfall 139757 (2018) Kat:3, Licht: 0,139757,3,6,4,04,08,6,0,0,1,1,0,0,0,0
"POINT (8.801265400000034 53.068186473000026)",Unfall 139758 (2018) Kat:3, Licht: 0,139758,3,7,1,04,13,6,1,0,1,1,0,0,0,0
"POINT (8.815343546000065 53.082337022000047)",Unfall 139759 (2018) Kat:2, Licht: 2,139759,2,7,0,05,02,3,1,2,1,0,0,0,0,0
"POINT (8.809776648000025 53.078492896000057)",Unfall 139760 (2018) Kat:3, Licht: 0,139760,3,6,4,04,15,1,0,0,1,0,0,0,0,0
"POINT (8.769503590000056 53.110354234000056)",Unfall 139761 (2018) Kat:3, Licht: 0,139761,3,7,0,04,10,5,0,0,0,0,0,0,0,1
"POINT (8.797032422000029 53.071649958000080)",Unfall 139762 (2018) Kat:3, Licht: 0,139762,3,3,5,04,12,6,0,0,1,1,0,0,0,0
"POINT (8.804132755000069 53.072401639000077)",Unfall 139763 (2018) Kat:3, Licht: 0,139763,3,2,5,04,14,1,0,0,1,1,0,0,0,0
"POINT (8.757336799000029 53.117432846000042)",Unfall 139764 (2018) Kat:3, Licht: 0,139764,3,6,2,05,12,4,0,0,0,1,0,0,0,0