WKT,Name,OBJECTID,UKATEGORIE,UTYP1,UART,UMONAT,USTUNDE,UWOCHENTAG,STRZUSTAND,ULICHTVERH,ISTRAD,ISTPKW,ISTFUSS,ISTKRAD,ISTGKFZ,ISTSONSTIG
"POINT (8.827106562000040 53.086339849000069)",Unfall 139765 (2018) Kat:3, Licht: 0,139765,3,7,0,04,18,7,0,0,1,0,0,0,0,0
"POINT (8.852706668000053 53.047543194000070)",Unfall 139766 (2018) Kat:3, Licht: 0,139766,3,1,0,04,13,7,0,0,1,0,0,0,0,0
"POINT (8.869376222000028 53.074871690000066)",Unfall 139767 (2018) Kat:3, Licht: 0,139767,3,3,5,04,19,7,0,0,1,1,0,0,0,0
"POINT (8.584594201000073 53.181455808000067)",Unfall 139768 (2018) Kat:3, Licht: 0,139768,3,3,5,04,09,5,0,0,0,1,0,0,0,0
"POINT (8.795571638000070 53.067601129000082)",Unfall 139769 (2018) Kat:3, Licht: 0,139769,3,4,6,04,16,4,0,0,0,1,1,0,0,0
"POINT (8.809532754000031 53.083429974000069)",Unfall 139770 (2018) Kat:3, Licht: 0,139770,3,4,0,04,18,3,0,0,0,0,1,0,0,1
"POINT (8.898764707000055 53.084796773000051)",Unfall 139771 (2018) Kat:3, Licht: 0,139771,3,3,5,04,16,7,0,0,1,1,0,0,0,0
"POINT (8.834202603000051 53.086575121000067)",Unfall 139772 (2018) Kat:3, Licht: 0,139772,3,5,1,04,09,2,0,0,1,1,0,0,0,0
"POINT (8.739464517000045 53.055016302000070)",Unfall 139773 (2018) Kat:3, Licht: 1,139773,3,3,5,04,19,7,0,1,1,1,0,0,0,0
"POINT (8.882530776000067 53.057557109000072)",Unfall 139774 (2018) Kat:2, Licht: 0,139774,2,2,3,04,18,7,0,0,0,0,0,1,0,0
"POINT (8.837848049000058 53.076565252000080)",Unfall 139775 (2018) Kat:3, Licht: 0,139775,3,6,0,04,06,2,1,0,0,0,0,0,0,1
"POINT (8.817933554000035 53.052836662000061)",Unfall 139776 (2018) Kat:3, Licht: 0,139776,3,3,5,04,10,7,0,0,1,1,0,0,0,0
"POINT (8.847796533000064 53.066080188000058)",Unfall 139777 (2018) Kat:3, Licht: 0,139777,3,2,5,04,09,5,0,0,1,1,0,0,0,0
"POINT (8.741110544000037 53.091344787000082)",Unfall 139780 (2018) Kat:3, Licht: 0,139780,3,3,5,04,06,5,0,0,1,0,0,0,1,0
"POINT (8.812718449000045 53.081078093000031)",Unfall 139781 (2018) Kat:3, Licht: 2,139781,3,6,3,04,22,1,0,2,0,1,0,0,0,0
"POINT (8.712970148000068 53.143607300000042)",Unfall 139783 (2018) Kat:3, Licht: 0,139783,3,6,2,04,08,2,0,0,0,1,0,0,0,0
"POINT (8.854006727000069 53.083363272000042)",Unfall 139784 (2018) Kat:3, Licht: 1,139784,3,5,1,04,05,1,0,1,1,1,0,0,0,0
"POINT (8.617662556000028 53.192044022000061)",Unfall 139786 (2018) Kat:3, Licht: 0,139786,3,6,2,04,07,6,1,0,0,1,0,0,0,0
"POINT (8.786894795000023 53.100237626000080)",Unfall 139787 (2018) Kat:3, Licht: 0,139787,3,3,5,04,16,2,0,0,0,1,0,0,0,1
"POINT (8.617659176000075 53.192047795000065)",Unfall 139788 (2018) Kat:3, Licht: 0,139788,3,6,2,04,07,6,1,0,0,1,0,0,0,0
"POINT (8.849985765000042 53.065619725000033)",Unfall 139789 (2018) Kat:3, Licht: 0,139789,3,4,6,04,16,5,0,0,0,0,1,1,0,0
"POINT (8.796067896000068 53.086071779000065)",Unfall 139790 (2018) Kat:3, Licht: 0,139790,3,6,3,04,11,5,1,0,0,1,0,0,1,0
"POINT (8.617789831000039 53.174688016000061)",Unfall 139791 (2018) Kat:3, Licht: 0,139791,3,7,0,04,18,6,0,0,0,0,0,0,0,1
"POINT (8.756226660000039 53.118415065000079)",Unfall 139793 (2018) Kat:3, Licht: 0,139793,3,6,3,05,13,4,0,0,0,1,0,1,0,1
"POINT (8.584546070000044 53.181429040000069)",Unfall 139794 (2018) Kat:3, Licht: 0,139794,3,2,5,04,15,6,0,0,1,0,0,0,0,1
"POINT (8.851261452000074 53.104840173000071)",Unfall 139796 (2018) Kat:3, Licht: 0,139796,3,3,5,04,08,6,0,0,1,0,0,0,0,1
"POINT (8.729377904000046 53.128644261000034)",Unfall 139797 (2018) Kat:3, Licht: 2,139797,3,2,5,04,05,6,0,2,1,1,0,0,0,0
"POINT (8.859028405000061 53.072307331000047)",Unfall 139798 (2018) Kat:3, Licht: 0,139798,3,3,5,04,14,2,0,0,1,1,0,0,0,0
"POINT (8.604295956000044 53.184616857000037)",Unfall 139799 (2018) Kat:2, Licht: 2,139799,2,4,6,04,22,6,0,2,0,1,1,0,0,0
"POINT (8.686157696000066 53.171546477000049)",Unfall 139800 (2018) Kat:3, Licht: 0,139800,3,6,2,04,12,5,0,0,0,1,0,0,0,1
"POINT (8.752717355000073 53.121458742000073)",Unfall 139801 (2018) Kat:3, Licht: 0,139801,3,7,6,04,17,4,1,0,0,1,1,0,0,0
"POINT (8.890491329000042 53.070392080000033)",Unfall 139802 (2018) Kat:3, Licht: 0,139802,3,1,0,04,15,6,0,0,0,1,0,0,0,0
"POINT (8.929800550000039 53.075405801000045)",Unfall 139804 (2018) Kat:3, Licht: 0,139804,3,2,0,05,19,4,0,0,0,1,0,1,0,0
"POINT (8.788371250000068 53.098524416000032)",Unfall 139805 (2018) Kat:3, Licht: 0,139805,3,6,2,04,14,6,0,0,0,1,0,0,0,0
"POINT (8.791053257000044 53.091455231000054)",Unfall 139806 (2018) Kat:3, Licht: 0,139806,3,6,2,04,09,7,0,0,0,1,0,0,0,0
"POINT (8.890665601000023 53.082304815000043)",Unfall 139807 (2018) Kat:3, Licht: 0,139807,3,2,2,04,10,6,0,0,0,1,0,0,0,0
"POINT (8.899193185000058 53.120833749000042)",Unfall 139808 (2018) Kat:3, Licht: 0,139808,3,2,5,04,17,5,0,0,1,1,0,0,0,0
"POINT (8.757824331000052 53.058129478000069)",Unfall 139809 (2018) Kat:3, Licht: 0,139809,3,3,5,04,16,4,0,0,1,1,0,0,0,0
"POINT (8.812619470000072 53.059013267000068)",Unfall 139810 (2018) Kat:3, Licht: 0,139810,3,4,6,04,18,4,0,0,1,0,1,0,0,0
"POINT (8.756348717000037 53.118413271000065)",Unfall 139812 (2018) Kat:3, Licht: 0,139812,3,3,5,04,19,2,0,0,0,1,0,0,0,1
"POINT (8.571536075000040 53.191084995000040)",Unfall 139813 (2018) Kat:3, Licht: 0,139813,3,5,1,04,11,5,1,0,0,0,0,1,0,1
"POINT (8.882521759000042 53.063679417000060)",Unfall 139814 (2018) Kat:3, Licht: 0,139814,3,3,5,04,16,5,1,0,1,1,0,0,0,0
"POINT (8.756491744000073 53.088215758000047)",Unfall 139815 (2018) Kat:3, Licht: 0,139815,3,3,5,04,16,5,0,0,1,1,0,0,0,0
"POINT (8.739468757000054 53.048779672000080)",Unfall 139816 (2018) Kat:3, Licht: 0,139816,3,4,6,04,20,4,1,0,0,1,1,0,0,0
"POINT (8.889515802000062 53.061596652000048)",Unfall 139817 (2018) Kat:3, Licht: 0,139817,3,2,5,04,19,5,0,0,1,1,0,0,0,0
"POINT (8.832087278000074 53.068645086000060)",Unfall 139818 (2018) Kat:3, Licht: 0,139818,3,2,5,04,18,3,0,0,1,0,0,1,0,0
"POINT (8.790619442000036 53.085997389000056)",Unfall 139819 (2018) Kat:3, Licht: 0,139819,3,4,6,04,16,5,1,0,0,1,1,0,0,0
"POINT (8.819747148000033 53.069515703000036)",Unfall 139820 (2018) Kat:3, Licht: 0,139820,3,6,2,04,10,6,1,0,0,1,0,0,0,0
"POINT (8.716702044000044 53.056523857000059)",Unfall 139821 (2018) Kat:3, Licht: 0,139821,3,6,2,05,07,4,0,0,0,1,0,0,0,0
"POINT (8.874498489000075 53.097029080000027)",Unfall 139822 (2018) Kat:3, Licht: 0,139822,3,7,1,04,08,4,0,0,1,1,0,0,0,0
"POINT (8.818574921000050 53.051874609000038)",Unfall 139823 (2018) Kat:3, Licht: 0,139823,3,2,5,04,17,5,0,0,1,0,0,0,1,0
"POINT (8.808192137000049 53.059464546000072)",Unfall 139824 (2018) Kat:3, Licht: 0,139824,3,7,0,04,11,7,0,0,0,0,1,0,0,1
"POINT (8.963364695000053 53.065737585000079)",Unfall 139825 (2018) Kat:2, Licht: 0,139825,2,6,4,04,10,4,0,0,1,0,0,0,0,0
"POINT (8.870621220000032 53.096024847000081)",Unfall 139826 (2018) Kat:2, Licht: 0,139826,2,6,4,04,13,5,0,0,1,0,0,0,0,0
"POINT (8.739046897000037 53.047899575000031)",Unfall 139829 (2018) Kat:3, Licht: 0,139829,3,6,2,04,17,4,1,0,0,1,1,0,0,0
"POINT (8.726315991000035 53.132220723000046)",Unfall 139831 (2018) Kat:3, Licht: 0,139831,3,6,4,04,17,4,1,0,0,1,0,0,0,0
"POINT (8.760542810000061 53.115240103000076)",Unfall 139832 (2018) Kat:3, Licht: 0,139832,3,7,3,04,12,4,0,0,0,1,0,0,0,1
"POINT (8.618669770000054 53.174267326000063)",Unfall 139833 (2018) Kat:3, Licht: 2,139833,3,3,5,04,21,2,0,2,0,1,0,0,0,0
"POINT (8.719947963000038 53.057139607000067)",Unfall 139834 (2018) Kat:3, Licht: 0,139834,3,6,2,04,17,4,0,0,0,1,0,0,0,0
"POINT (8.665542054000071 53.175530303000073)",Unfall 139835 (2018) Kat:3, Licht: 0,139835,3,6,2,04,13,5,0,0,0,1,0,0,0,0
"POINT (8.838365206000049 53.096450260000040)",Unfall 139836 (2018) Kat:2, Licht: 0,139836,2,3,5,05,16,3,0,0,1,0,0,0,0,1
"POINT (8.801122897000028 53.078850834000036)",Unfall 139837 (2018) Kat:1, Licht: 2,139837,1,3,5,04,05,4,0,2,1,0,0,0,1,0
"POINT (8.850609180000049 53.085139650000031)",Unfall 139838 (2018) Kat:3, Licht: 0,139838,3,7,0,04,12,5,0,0,1,0,0,0,0,0
"POINT (8.792862181000032 53.073573124000063)",Unfall 139839 (2018) Kat:3, Licht: 0,139839,3,2,5,04,16,6,0,0,1,1,0,0,0,0
"POINT (8.813460591000023 53.070963357000039)",Unfall 139840 (2018) Kat:3, Licht: 0,139840,3,6,4,04,06,4,0,0,1,0,0,0,0,0
"POINT (8.927853261000053 53.072612209000056)",Unfall 139841 (2018) Kat:3, Licht: 0,139841,3,3,5,04,13,5,0,0,0,1,0,0,0,0
"POINT (8.816429820000053 53.083194405000029)",Unfall 139842 (2018) Kat:3, Licht: 0,139842,3,6,2,04,14,2,0,0,0,1,0,0,0,0
"POINT (8.800802313000077 53.068323440000029)",Unfall 139843 (2018) Kat:3, Licht: 0,139843,3,7,0,04,20,7,0,0,1,0,0,0,0,0
"POINT (8.809766118000027 53.099777957000072)",Unfall 139846 (2018) Kat:3, Licht: 1,139846,3,6,3,04,20,7,0,1,1,0,0,0,0,0
"POINT (8.704509106000046 53.155497649000040)",Unfall 139847 (2018) Kat:3, Licht: 0,139847,3,6,2,04,12,2,0,0,0,1,0,0,0,0
"POINT (8.765229314000067 53.112819783000077)",Unfall 139849 (2018) Kat:3, Licht: 2,139849,3,4,6,04,21,5,0,2,1,1,1,0,0,0
"POINT (8.795340459000045 53.098354845000074)",Unfall 139850 (2018) Kat:3, Licht: 0,139850,3,6,2,04,17,5,1,0,0,1,0,0,0,0
"POINT (8.731828673000052 53.058207288000062)",Unfall 139851 (2018) Kat:3, Licht: 2,139851,3,3,5,04,20,3,0,2,0,1,0,0,0,1
"POINT (8.882630819000042 53.063506937000056)",Unfall 139852 (2018) Kat:3, Licht: 2,139852,3,4,6,04,22,5,0,2,0,0,1,0,0,1
"POINT (8.788168122000059 53.076483973000052)",Unfall 139853 (2018) Kat:3, Licht: 0,139853,3,6,2,04,15,7,0,0,0,1,0,0,0,0
"POINT (8.761389087000055 53.118919275000053)",Unfall 139854 (2018) Kat:3, Licht: 0,139854,3,3,5,04,11,5,1,0,0,1,0,0,0,0
"POINT (8.894412356000032 53.051821947000064)",Unfall 139855 (2018) Kat:3, Licht: 0,139855,3,4,6,04,16,3,0,0,0,1,1,0,0,0
"POINT (8.914308070000061 53.065607845000045)",Unfall 139857 (2018) Kat:3, Licht: 2,139857,3,3,5,04,21,1,0,2,0,1,0,0,0,0
"POINT (8.796209626000064 53.086122358000068)",Unfall 139859 (2018) Kat:3, Licht: 0,139859,3,6,2,04,16,3,0,0,0,1,0,0,0,1
"POINT (8.871912374000033 53.066891880000071)",Unfall 139860 (2018) Kat:3, Licht: 2,139860,3,6,3,04,00,1,0,2,1,0,1,0,0,0
"POINT (8.766282614000033 53.118010970000057)",Unfall 139861 (2018) Kat:3, Licht: 0,139861,3,3,5,04,18,2,0,0,0,1,0,0,0,0
"POINT (8.719501442000023 53.056690442000047)",Unfall 139862 (2018) Kat:3, Licht: 0,139862,3,6,2,04,08,4,0,0,1,1,0,0,0,0
"POINT (8.565696041000024 53.182337116000042)",Unfall 139863 (2018) Kat:2, Licht: 0,139863,2,3,5,04,19,4,0,0,1,1,0,0,0,0
"POINT (8.865000087000055 53.064401526000040)",Unfall 139864 (2018) Kat:3, Licht: 0,139864,3,7,0,04,14,1,0,0,0,1,0,0,0,1
"POINT (8.831685978000053 53.081138332000080)",Unfall 139865 (2018) Kat:2, Licht: 0,139865,2,7,0,04,15,3,1,0,1,0,0,0,0,0
"POINT (8.663809254000057 53.175438674000077)",Unfall 139866 (2018) Kat:3, Licht: 0,139866,3,3,5,04,11,6,0,0,0,1,0,1,0,0
"POINT (8.842058402000021 53.075983042000075)",Unfall 139867 (2018) Kat:3, Licht: 0,139867,3,6,2,05,11,4,0,0,0,1,0,0,0,0
"POINT (8.763148954000030 53.122743025000034)",Unfall 139868 (2018) Kat:3, Licht: 0,139868,3,2,5,04,12,1,0,0,1,1,0,0,0,0
"POINT (8.818896599000027 53.111695220000058)",Unfall 139869 (2018) Kat:3, Licht: 0,139869,3,1,8,05,06,4,0,0,0,1,0,0,0,0
"POINT (8.803595426000072 53.072348903000034)",Unfall 139870 (2018) Kat:3, Licht: 2,139870,3,6,4,04,02,1,1,2,1,1,0,0,0,0
"POINT (8.873848285000065 53.101259900000059)",Unfall 139871 (2018) Kat:3, Licht: 0,139871,3,2,5,04,10,7,0,0,1,1,0,0,0,0
"POINT (8.851261452000074 53.104840173000071)",Unfall 139873 (2018) Kat:3, Licht: 0,139873,3,3,5,04,13,4,0,0,1,0,0,0,0,0
"POINT (8.771807700000068 53.094803082000055)",Unfall 139874 (2018) Kat:3, Licht: 0,139874,3,6,3,04,16,4,0,0,1,1,0,0,0,0
"POINT (8.914308424000069 53.065568046000067)",Unfall 139876 (2018) Kat:3, Licht: 0,139876,3,7,6,04,14,3,0,0,0,1,1,0,0,0
"POINT (8.819689169000071 53.113265571000056)",Unfall 139878 (2018) Kat:3, Licht: 0,139878,3,1,0,04,17,6,0,0,1,0,0,0,0,0
"POINT (8.825952185000062 53.073706446000074)",Unfall 139879 (2018) Kat:3, Licht: 0,139879,3,5,1,04,18,6,1,0,1,1,0,0,0,0
"POINT (8.782193409000058 53.077246545000037)",Unfall 139880 (2018) Kat:3, Licht: 0,139880,3,7,0,05,19,3,0,0,1,0,0,0,0,0
"POINT (8.799466802000040 53.069542799000033)",Unfall 139881 (2018) Kat:3, Licht: 0,139881,3,3,5,03,12,7,1,0,1,1,0,0,0,0
"POINT (8.820542583000076 53.069364625000048)",Unfall 139882 (2018) Kat:3, Licht: 0,139882,3,7,4,04,12,4,0,0,1,1,0,0,0,0
"POINT (8.805009805000054 53.074423385000046)",Unfall 139883 (2018) Kat:3, Licht: 0,139883,3,4,6,04,12,6,0,0,0,0,1,0,1,0
"POINT (8.760138840000025 53.087997651000080)",Unfall 139884 (2018) Kat:3, Licht: 0,139884,3,3,5,03,17,7,0,0,1,1,0,0,0,0
"POINT (8.603442786000073 53.184643944000072)",Unfall 139885 (2018) Kat:3, Licht: 0,139885,3,3,5,04,18,4,0,0,1,1,0,0,0,0
"POINT (8.871803024000030 53.099479307000081)",Unfall 139886 (2018) Kat:3, Licht: 0,139886,3,6,2,04,16,2,0,0,0,1,0,0,0,0
"POINT (8.851562245000025 53.111589055000081)",Unfall 139887 (2018) Kat:3, Licht: 0,139887,3,6,1,04,18,1,0,0,0,1,0,0,0,1
"POINT (8.788095114000043 53.073640194000063)",Unfall 139888 (2018) Kat:3, Licht: 0,139888,3,6,2,04,10,7,0,0,0,1,0,0,0,0
"POINT (8.691154285000039 53.168623613000079)",Unfall 139889 (2018) Kat:3, Licht: 0,139889,3,2,5,03,11,7,0,0,0,1,0,0,0,0
"POINT (8.781543503000023 53.077705383000080)",Unfall 139890 (2018) Kat:2, Licht: 0,139890,2,3,5,04,10,4,0,0,1,0,0,0,0,1
"POINT (8.824799126000073 53.084583689000056)",Unfall 139891 (2018) Kat:3, Licht: 0,139891,3,6,2,04,16,3,0,0,0,1,0,0,0,0
"POINT (8.850620806000052 53.094366091000040)",Unfall 139892 (2018) Kat:3, Licht: 0,139892,3,2,5,03,17,7,1,0,1,1,0,0,0,0
"POINT (8.848623925000027 53.050548091000053)",Unfall 139893 (2018) Kat:3, Licht: 0,139893,3,2,5,04,07,2,0,0,1,1,0,0,0,0
"POINT (8.776179629000069 53.098649982000040)",Unfall 139894 (2018) Kat:3, Licht: 1,139894,3,6,2,03,19,7,1,1,0,1,0,0,0,0
"POINT (8.784917535000034 53.102538770000081)",Unfall 139895 (2018) Kat:3, Licht: 0,139895,3,4,6,03,16,7,0,0,0,1,1,0,0,0
"POINT (8.820549017000076 53.072682614000030)",Unfall 139896 (2018) Kat:3, Licht: 0,139896,3,5,1,04,15,2,0,0,1,1,0,0,0,0
"POINT (8.808539325000027 53.082911577000061)",Unfall 139897 (2018) Kat:3, Licht: 2,139897,3,6,3,03,19,6,0,2,0,1,0,0,0,0
"POINT (8.786330040000053 53.069196834000081)",Unfall 139898 (2018) Kat:3, Licht: 0,139898,3,3,5,04,16,6,1,0,0,1,0,0,0,0
"POINT (8.863340359000063 53.024433292000026)",Unfall 139899 (2018) Kat:3, Licht: 0,139899,3,3,5,03,10,6,0,0,0,1,0,0,0,0
"POINT (8.847531818000050 53.071584790000031)",Unfall 139900 (2018) Kat:3, Licht: 0,139900,3,5,1,04,08,1,1,0,1,1,0,0,0,0
"POINT (8.855847505000043 53.103385933000027)",Unfall 139901 (2018) Kat:3, Licht: 0,139901,3,3,5,03,14,5,0,0,0,1,0,0,0,0
"POINT (8.783999829000038 53.075563448000082)",Unfall 139902 (2018) Kat:2, Licht: 0,139902,2,3,5,03,09,5,1,0,1,0,0,0,1,0
"POINT (8.894412248000037 53.053083384000047)",Unfall 139903 (2018) Kat:3, Licht: 0,139903,3,3,5,04,18,2,0,0,0,1,0,0,0,0
"POINT (8.919926956000040 53.073074068000039)",Unfall 139904 (2018) Kat:3, Licht: 0,139904,3,2,5,03,10,5,1,0,1,1,0,0,0,0
"POINT (8.876952378000055 53.101339333000055)",Unfall 139905 (2018) Kat:3, Licht: 0,139905,3,3,5,03,07,5,1,0,1,1,0,0,0,0
"POINT (8.884100662000037 53.063582379000081)",Unfall 139906 (2018) Kat:3, Licht: 0,139906,3,2,5,04,15,2,0,0,1,1,0,0,0,0
"POINT (8.870854767000026 53.098510131000069)",Unfall 139907 (2018) Kat:3, Licht: 0,139907,3,6,2,03,07,5,1,0,0,1,0,1,0,0
"POINT (8.798078297000075 53.090532768000060)",Unfall 139908 (2018) Kat:3, Licht: 0,139908,3,3,5,04,14,5,1,0,1,0,0,0,0,1
"POINT (8.851734095000040 53.070950190000076)",Unfall 139912 (2018) Kat:3, Licht: 0,139912,3,3,5,03,13,4,1,0,0,1,0,0,0,1
"POINT (8.788807130000066 53.076213818000042)",Unfall 139914 (2018) Kat:3, Licht: 0,139914,3,3,5,03,11,4,1,0,0,1,0,0,0,0
"POINT (8.901958420000028 53.073633868000059)",Unfall 139915 (2018) Kat:3, Licht: 0,139915,3,6,2,04,14,7,0,0,0,1,0,0,0,0
"POINT (8.791504493000048 53.064998559000060)",Unfall 139916 (2018) Kat:3, Licht: 0,139916,3,3,0,04,09,4,1,0,1,1,0,0,0,0
"POINT (8.788925749000043 53.097899001000030)",Unfall 139917 (2018) Kat:3, Licht: 2,139917,3,4,6,03,22,4,1,2,0,1,1,0,0,0
"POINT (8.562296214000071 53.192169602000035)",Unfall 139918 (2018) Kat:3, Licht: 0,139918,3,3,5,04,09,3,0,0,0,1,0,0,0,0
"POINT (8.814797581000050 53.081719562000046)",Unfall 139919 (2018) Kat:3, Licht: 0,139919,3,7,0,03,07,4,0,0,0,1,0,0,0,1
"POINT (8.823472183000035 53.084942471000033)",Unfall 139920 (2018) Kat:3, Licht: 0,139920,3,6,2,03,13,4,1,0,0,1,0,0,0,0
"POINT (8.877016525000045 53.080942971000070)",Unfall 139922 (2018) Kat:3, Licht: 0,139922,3,3,5,03,19,3,0,0,1,1,0,0,0,0
"POINT (8.787420518000033 53.089970509000068)",Unfall 139923 (2018) Kat:2, Licht: 0,139923,2,2,6,04,08,7,1,0,0,0,1,0,1,0
"POINT (8.624878836000050 53.178583850000052)",Unfall 139924 (2018) Kat:3, Licht: 0,139924,3,3,5,05,07,4,0,0,1,1,0,0,0,0
"POINT (8.871838730000036 53.077133502000038)",Unfall 139925 (2018) Kat:3, Licht: 0,139925,3,3,5,03,13,3,0,0,1,1,0,0,0,0
"POINT (8.952469917000030 53.057824556000071)",Unfall 139926 (2018) Kat:3, Licht: 0,139926,3,3,5,04,17,7,0,0,0,1,0,1,0,0
"POINT (8.816251032000025 53.072510312000077)",Unfall 139927 (2018) Kat:3, Licht: 0,139927,3,3,0,03,16,3,0,0,1,0,0,0,0,0
"POINT (8.796517583000025 53.089332990000059)",Unfall 139928 (2018) Kat:3, Licht: 0,139928,3,6,2,04,13,4,0,0,0,1,0,0,0,0
"POINT (8.789926864000051 53.071404743000073)",Unfall 139929 (2018) Kat:3, Licht: 0,139929,3,3,5,04,16,4,0,0,1,1,0,0,0,0
"POINT (8.864005604000056 53.068219925000051)",Unfall 139930 (2018) Kat:2, Licht: 0,139930,2,2,1,03,13,3,0,0,0,1,0,0,0,0
"POINT (8.801329154000030 53.071486789000062)",Unfall 139933 (2018) Kat:3, Licht: 2,139933,3,3,5,04,23,6,0,2,1,1,0,0,0,0
"POINT (8.783869577000075 53.075768286000027)",Unfall 139934 (2018) Kat:3, Licht: 0,139934,3,4,6,03,14,2,0,0,0,1,1,0,0,0
"POINT (8.795726237000054 53.056182726000031)",Unfall 139935 (2018) Kat:3, Licht: 0,139935,3,3,5,05,12,3,1,0,0,1,0,0,0,0
"POINT (8.818116591000035 53.046722290000048)",Unfall 139936 (2018) Kat:3, Licht: 0,139936,3,6,2,05,15,3,0,0,0,1,0,0,0,0
"POINT (8.807208479000053 53.082638615000064)",Unfall 139937 (2018) Kat:3, Licht: 0,139937,3,4,6,05,21,5,0,0,1,0,1,0,0,0
"POINT (8.765570123000032 53.161555162000070)",Unfall 139943 (2018) Kat:3, Licht: 0,139943,3,6,4,05,16,7,0,0,1,1,0,0,0,0
"POINT (8.613045340000042 53.194038666000040)",Unfall 139945 (2018) Kat:3, Licht: 0,139945,3,1,0,05,15,1,0,0,1,0,0,0,0,0
"POINT (8.784188053000037 53.103385633000073)",Unfall 139946 (2018) Kat:3, Licht: 0,139946,3,2,5,05,12,2,0,0,1,1,0,0,0,0
"POINT (8.849806510000065 53.067809054000065)",Unfall 139948 (2018) Kat:3, Licht: 0,139948,3,6,2,05,16,1,1,0,0,1,0,0,0,1
"POINT (8.848347090000061 53.038627521000080)",Unfall 139949 (2018) Kat:3, Licht: 0,139949,3,6,4,05,06,3,0,0,1,1,0,0,0,0
"POINT (8.776955544000032 53.063530806000074)",Unfall 139950 (2018) Kat:3, Licht: 0,139950,3,7,6,05,14,1,0,0,0,1,1,0,0,0
"POINT (8.786347457000034 53.100885715000061)",Unfall 139951 (2018) Kat:3, Licht: 0,139951,3,6,3,05,17,4,0,0,1,0,0,0,0,0
"POINT (8.818196688000057 53.051363624000032)",Unfall 139952 (2018) Kat:3, Licht: 0,139952,3,4,0,05,17,3,0,0,1,1,1,0,0,0
"POINT (8.606352352000044 53.176376295000068)",Unfall 139955 (2018) Kat:2, Licht: 1,139955,2,2,8,05,21,5,0,1,0,1,0,0,0,0
"POINT (8.899471693000066 53.059305327000061)",Unfall 139957 (2018) Kat:3, Licht: 2,139957,3,4,6,05,22,5,0,2,0,1,1,0,0,0
"POINT (8.822722871000053 53.078724242000078)",Unfall 139958 (2018) Kat:2, Licht: 0,139958,2,2,2,05,14,7,0,0,0,1,0,1,0,0
"POINT (8.736376779000068 53.133691360000057)",Unfall 139959 (2018) Kat:2, Licht: 0,139959,2,3,5,05,14,2,0,0,1,1,0,0,0,0
"POINT (8.816601718000072 53.084176779000074)",Unfall 139960 (2018) Kat:3, Licht: 0,139960,3,6,2,05,10,5,0,0,0,1,0,0,0,0
"POINT (8.787016355000048 53.100090926000064)",Unfall 139961 (2018) Kat:3, Licht: 0,139961,3,1,8,05,12,7,0,0,1,1,0,0,0,0
"POINT (8.836986973000023 53.099258715000076)",Unfall 139962 (2018) Kat:3, Licht: 0,139962,3,3,5,05,14,3,0,0,1,1,0,0,0,0
"POINT (8.731524418000049 53.054734932000031)",Unfall 139963 (2018) Kat:3, Licht: 0,139963,3,5,1,05,15,7,0,0,0,1,0,1,0,0
"POINT (8.814908696000032 53.054754614000046)",Unfall 139964 (2018) Kat:2, Licht: 0,139964,2,4,6,05,12,4,0,0,0,1,1,0,0,0
"POINT (8.905977993000022 53.078447228000073)",Unfall 139965 (2018) Kat:3, Licht: 0,139965,3,3,5,05,13,6,0,0,1,1,0,0,0,0
"POINT (8.947834724000074 53.058074581000028)",Unfall 139967 (2018) Kat:2, Licht: 0,139967,2,3,5,05,13,7,0,0,0,1,0,1,0,0
"POINT (8.803364783000063 53.107835002000058)",Unfall 139968 (2018) Kat:3, Licht: 0,139968,3,6,2,05,07,6,0,0,0,1,0,0,0,0
"POINT (8.820541263000052 53.069364828000062)",Unfall 139969 (2018) Kat:2, Licht: 0,139969,2,6,2,06,15,2,0,0,0,1,0,1,0,0
"POINT (8.876394636000043 53.081268116000047)",Unfall 139970 (2018) Kat:3, Licht: 0,139970,3,3,5,05,11,2,0,0,1,1,0,0,0,0
"POINT (8.782035916000041 53.077386799000067)",Unfall 139972 (2018) Kat:2, Licht: 0,139972,2,6,5,05,09,7,0,0,1,1,0,0,0,0
"POINT (8.891969968000069 53.080343703000040)",Unfall 139973 (2018) Kat:3, Licht: 0,139973,3,2,5,05,14,2,0,0,1,1,0,0,0,0
"POINT (8.868217671000025 53.061940585000059)",Unfall 139977 (2018) Kat:3, Licht: 0,139977,3,3,5,06,17,7,0,0,1,1,0,0,0,0
"POINT (8.852619314000037 53.060504692000052)",Unfall 139979 (2018) Kat:3, Licht: 0,139979,3,6,4,05,08,4,0,0,1,0,0,1,0,0
"POINT (8.849727767000047 53.049076145000072)",Unfall 139980 (2018) Kat:3, Licht: 0,139980,3,7,6,05,15,6,0,0,0,1,1,0,0,0
"POINT (8.868273099000021 53.091243222000060)",Unfall 139981 (2018) Kat:3, Licht: 0,139981,3,6,3,05,10,6,0,0,1,1,0,0,0,1
"POINT (8.836807637000050 53.082404271000030)",Unfall 139982 (2018) Kat:2, Licht: 2,139982,2,6,2,05,03,1,0,2,0,1,0,0,0,0
"POINT (8.877934056000072 53.079646238000066)",Unfall 139983 (2018) Kat:3, Licht: 0,139983,3,6,2,05,10,4,0,0,0,1,0,0,0,0
"POINT (8.917062325000075 53.039012294000031)",Unfall 139984 (2018) Kat:3, Licht: 0,139984,3,7,0,05,13,6,0,0,0,0,0,0,0,1