WKT,Name,OBJECTID,UKATEGORIE,UTYP1,UART,UMONAT,USTUNDE,UWOCHENTAG,STRZUSTAND,ULICHTVERH,ISTRAD,ISTPKW,ISTFUSS,ISTKRAD,ISTGKFZ,ISTSONSTIG
"POINT (8.864423816000056 53.066980991000037)",Unfall 139985 (2018) Kat:2, Licht: 0,139985,2,3,5,05,15,6,0,0,1,1,0,0,0,0
"POINT (8.690202291000048 53.169182841000065)",Unfall 139987 (2018) Kat:3, Licht: 0,139987,3,7,0,05,16,6,0,0,1,0,0,0,0,0
"POINT (8.693591695000066 53.168582151000066)",Unfall 139988 (2018) Kat:3, Licht: 0,139988,3,6,5,05,13,6,0,0,0,1,0,1,0,0
"POINT (8.820937999000023 53.051159755000072)",Unfall 139989 (2018) Kat:3, Licht: 0,139989,3,2,3,05,11,3,0,0,1,1,0,0,0,0
"POINT (8.911743147000038 53.107747830000051)",Unfall 139990 (2018) Kat:2, Licht: 0,139990,2,6,6,05,17,5,0,0,1,0,1,0,0,0
"POINT (8.715401133000057 53.052843827000061)",Unfall 139991 (2018) Kat:3, Licht: 0,139991,3,3,5,05,13,5,0,0,1,1,0,0,0,0
"POINT (8.854505681000035 53.067008117000057)",Unfall 139993 (2018) Kat:3, Licht: 2,139993,3,3,5,05,02,6,0,2,0,1,0,0,0,0
"POINT (8.780506752000065 53.100663797000038)",Unfall 139994 (2018) Kat:3, Licht: 0,139994,3,1,0,05,15,3,0,0,1,0,0,0,0,0
"POINT (8.953277862000050 53.034265565000055)",Unfall 139995 (2018) Kat:3, Licht: 0,139995,3,7,0,05,18,5,0,0,1,0,0,0,0,0
"POINT (8.801021936000041 53.077308242000072)",Unfall 139996 (2018) Kat:3, Licht: 0,139996,3,7,0,05,07,3,0,0,1,0,0,0,0,1
"POINT (8.751384174000066 53.114393818000053)",Unfall 139997 (2018) Kat:3, Licht: 0,139997,3,4,6,05,11,5,0,0,0,1,1,0,0,0
"POINT (8.800739657000065 53.078713670000070)",Unfall 139998 (2018) Kat:3, Licht: 2,139998,3,3,3,05,23,7,0,2,0,1,0,0,0,0
"POINT (8.834584009000025 53.085219882000047)",Unfall 139999 (2018) Kat:3, Licht: 0,139999,3,1,0,05,14,5,0,0,1,0,0,0,0,0
"POINT (8.828840544000059 53.072178343000076)",Unfall 140000 (2018) Kat:3, Licht: 1,140000,3,5,0,05,20,5,0,1,1,1,0,0,0,0
"POINT (8.702484005000031 53.170025927000040)",Unfall 140001 (2018) Kat:3, Licht: 0,140001,3,3,5,05,17,2,0,0,1,1,0,0,0,0
"POINT (8.822810638000021 53.075641854000082)",Unfall 140002 (2018) Kat:2, Licht: 0,140002,2,7,0,05,19,5,0,0,1,0,0,0,0,0
"POINT (8.963809072000061 53.061332484000047)",Unfall 140003 (2018) Kat:3, Licht: 0,140003,3,4,6,05,15,4,0,0,0,1,1,0,0,0
"POINT (8.919283055000051 53.041170940000029)",Unfall 140004 (2018) Kat:2, Licht: 2,140004,2,7,0,05,21,5,0,2,1,0,0,0,0,0
"POINT (8.837402237000049 53.037837347000050)",Unfall 140006 (2018) Kat:3, Licht: 0,140006,3,2,5,05,20,4,0,0,0,1,0,0,0,0
"POINT (8.796901239000022 53.064577303000078)",Unfall 140007 (2018) Kat:3, Licht: 0,140007,3,3,5,06,20,6,0,0,1,1,0,0,0,0
"POINT (8.608588369000074 53.175880138000082)",Unfall 140008 (2018) Kat:3, Licht: 0,140008,3,6,3,05,18,5,0,0,0,1,0,0,0,0
"POINT (8.901463549000027 53.059425738000073)",Unfall 140009 (2018) Kat:3, Licht: 0,140009,3,3,5,05,16,3,0,0,1,1,0,0,0,0
"POINT (8.845115247000024 53.077641270000072)",Unfall 140010 (2018) Kat:2, Licht: 0,140010,2,1,3,05,17,5,0,0,1,0,0,0,0,0
"POINT (8.723862059000055 53.043555845000071)",Unfall 140011 (2018) Kat:3, Licht: 0,140011,3,3,5,05,07,3,0,0,1,1,0,0,0,0
"POINT (8.848199480000062 53.113430133000065)",Unfall 140014 (2018) Kat:3, Licht: 0,140014,3,4,6,05,18,5,0,0,0,1,1,0,0,0
"POINT (8.827683686000057 53.083016573000066)",Unfall 140015 (2018) Kat:3, Licht: 0,140015,3,2,5,06,18,2,0,0,1,1,0,0,0,0
"POINT (8.793323651000037 53.083366865000073)",Unfall 140016 (2018) Kat:3, Licht: 0,140016,3,6,5,05,13,2,0,0,0,1,0,0,0,0
"POINT (8.709517327000071 53.167856874000051)",Unfall 140017 (2018) Kat:3, Licht: 0,140017,3,6,2,05,08,5,0,0,0,1,0,0,0,0
"POINT (8.569132060000072 53.181239863000030)",Unfall 140019 (2018) Kat:3, Licht: 0,140019,3,7,0,05,10,2,0,0,1,0,0,0,0,0
"POINT (8.618806805000077 53.178190027000028)",Unfall 140021 (2018) Kat:3, Licht: 0,140021,3,2,5,05,17,5,0,0,1,1,0,0,0,0
"POINT (8.825133329000039 53.084340901000076)",Unfall 140022 (2018) Kat:3, Licht: 0,140022,3,2,5,05,15,4,0,0,1,1,0,0,0,0
"POINT (8.881041187000051 53.061059660000069)",Unfall 140023 (2018) Kat:3, Licht: 0,140023,3,3,5,05,19,3,0,0,1,0,0,0,0,1
"POINT (8.818178825000075 53.077716682000073)",Unfall 140024 (2018) Kat:3, Licht: 0,140024,3,6,2,05,12,4,0,0,0,1,0,1,0,0
"POINT (8.831064157000071 53.076041371000031)",Unfall 140025 (2018) Kat:2, Licht: 0,140025,2,6,2,05,09,4,0,0,1,1,0,0,0,0
"POINT (8.618208060000029 53.174488067000027)",Unfall 140026 (2018) Kat:2, Licht: 0,140026,2,3,5,05,08,6,0,0,1,1,0,0,0,0
"POINT (8.774530816000038 53.111901088000081)",Unfall 140027 (2018) Kat:2, Licht: 0,140027,2,7,0,06,12,2,0,0,1,0,0,0,0,0
"POINT (8.528685527000050 53.193904557000053)",Unfall 140028 (2018) Kat:2, Licht: 0,140028,2,7,6,05,13,4,0,0,1,0,1,0,0,0
"POINT (8.796736357000043 53.082540843000061)",Unfall 140029 (2018) Kat:3, Licht: 0,140029,3,6,2,05,08,4,0,0,0,1,0,0,0,0
"POINT (8.902538933000074 53.069662989000051)",Unfall 140030 (2018) Kat:3, Licht: 0,140030,3,1,1,05,06,4,0,0,0,1,0,0,1,0
"POINT (8.902613135000024 53.126763572000073)",Unfall 140031 (2018) Kat:3, Licht: 0,140031,3,3,5,05,10,3,0,0,1,1,0,0,0,0
"POINT (8.901428151000062 53.059422408000046)",Unfall 140032 (2018) Kat:3, Licht: 0,140032,3,3,1,05,06,2,0,0,1,1,0,0,0,0
"POINT (8.614068121000059 53.178395073000047)",Unfall 140033 (2018) Kat:3, Licht: 0,140033,3,5,1,05,17,4,0,0,0,1,0,0,0,1
"POINT (8.695292600000073 53.168753454000068)",Unfall 140034 (2018) Kat:3, Licht: 0,140034,3,3,5,05,06,4,0,0,1,1,0,0,0,0
"POINT (8.771389369000076 53.095017795000047)",Unfall 140035 (2018) Kat:3, Licht: 0,140035,3,3,5,05,09,4,0,0,1,1,0,0,0,0
"POINT (8.904303285000026 53.047447215000034)",Unfall 140036 (2018) Kat:3, Licht: 0,140036,3,7,0,05,16,3,0,0,1,0,0,0,0,1
"POINT (8.601907510000046 53.180122731000040)",Unfall 140037 (2018) Kat:3, Licht: 0,140037,3,6,3,05,14,5,0,0,1,1,0,0,0,0
"POINT (8.802191467000057 53.076513439000053)",Unfall 140040 (2018) Kat:3, Licht: 0,140040,3,7,6,05,11,6,0,0,0,0,1,0,1,0
"POINT (8.906332195000061 53.071362905000058)",Unfall 140041 (2018) Kat:3, Licht: 0,140041,3,6,2,06,11,1,0,0,0,1,0,0,0,1
"POINT (8.638113782000062 53.173241363000045)",Unfall 140042 (2018) Kat:3, Licht: 0,140042,3,7,0,05,11,4,0,0,0,1,0,0,0,1
"POINT (8.816351990000044 53.077968702000078)",Unfall 140043 (2018) Kat:3, Licht: 0,140043,3,4,6,05,15,4,0,0,1,0,1,0,0,0
"POINT (8.723159052000028 53.138117720000082)",Unfall 140044 (2018) Kat:3, Licht: 0,140044,3,2,4,05,16,4,0,0,0,1,0,0,0,0
"POINT (8.804415224000024 53.080755521000071)",Unfall 140045 (2018) Kat:3, Licht: 0,140045,3,6,0,05,08,6,0,0,1,0,0,0,0,0
"POINT (8.807647748000022 53.059857814000054)",Unfall 140046 (2018) Kat:3, Licht: 0,140046,3,3,5,05,10,3,0,0,0,1,0,0,0,1
"POINT (8.751365510000028 53.129742046000047)",Unfall 140047 (2018) Kat:3, Licht: 0,140047,3,7,7,05,15,1,0,0,1,0,0,0,0,1
"POINT (8.842162290000033 53.031840781000028)",Unfall 140048 (2018) Kat:3, Licht: 0,140048,3,6,3,05,18,4,0,0,1,1,0,0,0,0
"POINT (8.793669636000061 53.074074985000038)",Unfall 140049 (2018) Kat:3, Licht: 0,140049,3,3,6,05,17,4,0,0,1,0,1,0,0,0
"POINT (8.749501873000043 53.124244240000053)",Unfall 140050 (2018) Kat:2, Licht: 2,140050,2,4,6,05,23,3,0,2,0,1,1,0,0,0
"POINT (8.960985834000042 53.061418843000070)",Unfall 140051 (2018) Kat:3, Licht: 0,140051,3,1,6,05,13,5,0,0,0,1,1,0,0,0
"POINT (8.824748810000074 53.084582270000055)",Unfall 140052 (2018) Kat:3, Licht: 0,140052,3,2,5,05,10,5,0,0,1,1,0,0,0,0
"POINT (8.758219616000076 53.116503779000027)",Unfall 140053 (2018) Kat:3, Licht: 0,140053,3,2,5,06,18,6,0,0,1,1,0,0,0,0
"POINT (8.810657870000057 53.096316902000069)",Unfall 140054 (2018) Kat:3, Licht: 0,140054,3,5,0,05,16,4,0,0,0,1,0,0,0,1
"POINT (8.751393914000062 53.125752323000029)",Unfall 140055 (2018) Kat:3, Licht: 0,140055,3,7,1,05,14,3,0,0,1,1,0,0,0,0
"POINT (8.852764430000036 53.073816589000046)",Unfall 140056 (2018) Kat:3, Licht: 0,140056,3,6,3,05,07,3,0,0,1,1,0,0,0,0
"POINT (8.898926462000077 53.127486785000031)",Unfall 140059 (2018) Kat:3, Licht: 0,140059,3,2,5,05,08,4,0,0,1,1,0,0,0,0
"POINT (8.810978308000074 53.092103116000033)",Unfall 140062 (2018) Kat:2, Licht: 0,140062,2,4,6,05,16,3,0,0,0,1,1,0,0,0
"POINT (8.775558172000046 53.060506811000039)",Unfall 140065 (2018) Kat:3, Licht: 0,140065,3,6,4,05,16,3,0,0,1,1,0,0,0,0
"POINT (8.720607021000035 53.132342716000039)",Unfall 140066 (2018) Kat:3, Licht: 0,140066,3,3,5,05,14,2,0,0,1,1,0,0,0,0
"POINT (8.803733619000070 53.080418140000063)",Unfall 140067 (2018) Kat:3, Licht: 0,140067,3,4,6,05,18,4,0,0,0,0,1,0,0,1
"POINT (8.959391368000070 53.047197505000042)",Unfall 140069 (2018) Kat:3, Licht: 0,140069,3,2,5,05,17,3,0,0,1,1,0,0,0,0
"POINT (8.800136740000028 53.062349643000061)",Unfall 140070 (2018) Kat:2, Licht: 0,140070,2,2,5,05,17,3,0,0,1,1,1,0,0,0
"POINT (8.800559495000073 53.078606213000057)",Unfall 140071 (2018) Kat:3, Licht: 0,140071,3,4,6,05,08,3,0,0,0,1,1,0,0,0
"POINT (8.792684447000056 53.065734951000081)",Unfall 140072 (2018) Kat:3, Licht: 0,140072,3,3,5,05,16,3,0,0,1,0,0,0,0,1
"POINT (8.777215860000069 53.065548168000078)",Unfall 140074 (2018) Kat:3, Licht: 0,140074,3,3,5,05,06,3,0,0,1,1,0,0,0,0
"POINT (8.815783131000046 53.054045579000046)",Unfall 140075 (2018) Kat:3, Licht: 0,140075,3,3,5,05,14,6,0,0,1,1,0,0,0,0
"POINT (8.870548209000049 53.097976887000073)",Unfall 140076 (2018) Kat:3, Licht: 0,140076,3,6,2,06,07,2,0,0,0,0,0,0,0,1
"POINT (8.624837571000057 53.178567627000064)",Unfall 140077 (2018) Kat:3, Licht: 0,140077,3,2,4,05,18,2,0,0,0,1,0,0,0,1
"POINT (8.807219658000065 53.064588149000031)",Unfall 140078 (2018) Kat:3, Licht: 0,140078,3,5,1,05,15,5,0,0,1,1,0,0,0,0
"POINT (8.786335481000037 53.074645447000080)",Unfall 140079 (2018) Kat:3, Licht: 0,140079,3,2,5,05,19,7,0,0,1,1,0,0,0,0
"POINT (8.713836242000070 53.141694389000065)",Unfall 140080 (2018) Kat:3, Licht: 0,140080,3,3,5,05,15,3,0,0,1,1,0,0,0,0
"POINT (8.711477824000042 53.168428110000036)",Unfall 140081 (2018) Kat:2, Licht: 0,140081,2,2,5,05,18,2,0,0,1,1,0,0,0,0
"POINT (8.684221425000033 53.163488595000047)",Unfall 140082 (2018) Kat:3, Licht: 0,140082,3,1,0,05,07,5,0,0,1,0,0,0,0,0
"POINT (8.822654550000038 53.078580887000044)",Unfall 140083 (2018) Kat:3, Licht: 0,140083,3,4,6,05,11,3,0,0,1,0,1,0,0,0
"POINT (8.850609180000049 53.085139650000031)",Unfall 140084 (2018) Kat:3, Licht: 1,140084,3,6,2,05,21,3,0,1,0,1,0,1,0,0
"POINT (8.812783029000059 53.073314164000067)",Unfall 140085 (2018) Kat:2, Licht: 0,140085,2,2,5,05,17,3,0,0,1,1,0,0,0,0
"POINT (8.795005522000054 53.084626609000054)",Unfall 140086 (2018) Kat:3, Licht: 0,140086,3,3,5,05,11,3,0,0,1,1,0,0,0,0
"POINT (8.763977304000036 53.086045927000043)",Unfall 140087 (2018) Kat:3, Licht: 0,140087,3,6,4,05,07,4,0,0,0,0,0,0,0,1
"POINT (8.887119621000068 53.062405830000046)",Unfall 140088 (2018) Kat:3, Licht: 0,140088,3,4,6,05,05,6,0,0,0,1,1,0,0,0
"POINT (8.807623327000044 53.082506419000026)",Unfall 140090 (2018) Kat:3, Licht: 0,140090,3,2,5,05,14,3,0,0,1,1,0,0,0,0
"POINT (8.772722273000056 53.112969177000082)",Unfall 140091 (2018) Kat:3, Licht: 0,140091,3,5,1,05,16,4,0,0,0,1,0,1,0,0
"POINT (8.870612940000058 53.096130760000051)",Unfall 140092 (2018) Kat:3, Licht: 0,140092,3,3,5,05,15,3,0,0,1,1,0,0,0,0
"POINT (8.941415981000034 53.064466495000033)",Unfall 140093 (2018) Kat:3, Licht: 0,140093,3,1,0,05,14,5,0,0,1,1,0,0,0,0
"POINT (8.799150574000066 53.068024174000072)",Unfall 140094 (2018) Kat:3, Licht: 0,140094,3,5,1,05,17,3,0,0,1,1,0,0,0,0
"POINT (8.929492566000022 53.059074530000032)",Unfall 140095 (2018) Kat:3, Licht: 0,140095,3,3,5,05,15,3,0,0,0,1,0,0,0,0
"POINT (8.876511942000036 53.045703460000027)",Unfall 140096 (2018) Kat:3, Licht: 0,140096,3,6,2,05,19,2,0,0,0,1,0,0,0,0
"POINT (8.726947050000035 53.045220068000049)",Unfall 140097 (2018) Kat:3, Licht: 1,140097,3,3,5,05,21,3,0,1,1,1,0,0,0,0
"POINT (8.732273727000063 53.054921441000033)",Unfall 140100 (2018) Kat:3, Licht: 0,140100,3,1,1,06,11,1,0,0,1,1,0,0,0,0
"POINT (8.886646066000026 53.099479308000070)",Unfall 140101 (2018) Kat:3, Licht: 0,140101,3,6,2,05,19,3,0,0,0,1,0,0,0,0
"POINT (8.782609999000044 53.087081151000064)",Unfall 140102 (2018) Kat:3, Licht: 2,140102,3,3,5,05,22,4,1,2,1,1,0,0,0,0
"POINT (8.819678142000043 53.079891410000073)",Unfall 140103 (2018) Kat:3, Licht: 0,140103,3,2,5,05,15,3,0,0,1,1,0,0,0,0
"POINT (8.737118611000028 53.079770214000064)",Unfall 140104 (2018) Kat:3, Licht: 0,140104,3,5,2,05,13,6,0,0,0,0,0,0,1,0
"POINT (8.741052599000057 53.052646885000058)",Unfall 140105 (2018) Kat:3, Licht: 0,140105,3,2,3,05,08,3,0,0,1,1,0,0,0,0
"POINT (8.933597548000023 53.038950197000077)",Unfall 140106 (2018) Kat:3, Licht: 0,140106,3,7,8,05,19,1,0,0,0,0,0,1,0,0
"POINT (8.572406221000051 53.197613141000033)",Unfall 140107 (2018) Kat:3, Licht: 0,140107,3,7,0,05,10,3,0,0,0,0,0,0,0,1
"POINT (8.784995008000067 53.102223274000039)",Unfall 140108 (2018) Kat:3, Licht: 0,140108,3,4,6,05,17,3,0,0,0,1,1,0,0,0
"POINT (8.793162299000073 53.092733362000047)",Unfall 140109 (2018) Kat:3, Licht: 0,140109,3,6,1,05,11,3,0,0,0,1,0,0,0,0
"POINT (8.579113035000034 53.183402890000082)",Unfall 140110 (2018) Kat:3, Licht: 0,140110,3,6,2,05,09,4,0,0,0,1,0,0,0,0
"POINT (8.928253728000072 53.076141887000063)",Unfall 140114 (2018) Kat:2, Licht: 0,140114,2,4,6,05,08,2,0,0,0,1,1,0,0,0
"POINT (8.833363081000073 53.071008560000053)",Unfall 140115 (2018) Kat:3, Licht: 2,140115,3,7,0,05,04,3,0,2,1,0,0,0,0,0
"POINT (8.807464919000040 53.082482179000067)",Unfall 140116 (2018) Kat:3, Licht: 0,140116,3,4,6,05,09,5,0,0,1,0,1,0,0,0
"POINT (8.817053480000027 53.076504051000029)",Unfall 140118 (2018) Kat:3, Licht: 0,140118,3,4,6,05,13,2,0,0,1,0,1,0,0,0
"POINT (8.806521871000030 53.083066491000068)",Unfall 140119 (2018) Kat:3, Licht: 0,140119,3,4,6,05,19,2,0,0,0,1,1,0,0,0
"POINT (8.785405257000036 53.070917209000072)",Unfall 140121 (2018) Kat:3, Licht: 0,140121,3,3,5,05,08,2,0,0,1,1,0,0,0,0
"POINT (8.799124245000030 53.056449435000047)",Unfall 140122 (2018) Kat:3, Licht: 0,140122,3,3,5,05,20,5,0,0,1,1,0,0,0,0
"POINT (8.762255750000065 53.090231698000082)",Unfall 140123 (2018) Kat:3, Licht: 0,140123,3,6,4,05,14,2,0,0,1,1,0,0,0,0
"POINT (8.934588973000075 53.067831722000051)",Unfall 140124 (2018) Kat:3, Licht: 0,140124,3,7,6,05,20,7,0,0,0,1,1,0,0,0
"POINT (8.899535217000050 53.059308639000051)",Unfall 140126 (2018) Kat:3, Licht: 0,140126,3,6,2,05,07,2,0,0,0,1,0,0,0,0
"POINT (8.824748810000074 53.084582270000055)",Unfall 140127 (2018) Kat:3, Licht: 0,140127,3,2,3,05,18,2,0,0,1,1,0,0,0,0
"POINT (8.824176787000056 53.070279955000046)",Unfall 140128 (2018) Kat:3, Licht: 0,140128,3,2,5,05,17,5,0,0,1,1,0,0,0,0
"POINT (8.851724105000074 53.026892410000073)",Unfall 140129 (2018) Kat:2, Licht: 0,140129,2,3,5,05,16,2,0,0,1,0,0,1,0,0
"POINT (8.856184798000072 53.070484618000080)",Unfall 140131 (2018) Kat:2, Licht: 0,140131,2,6,4,06,16,6,0,0,0,1,0,1,0,0
"POINT (8.729361156000039 53.085762414000044)",Unfall 140132 (2018) Kat:3, Licht: 0,140132,3,6,2,05,14,2,0,0,0,1,0,0,1,0
"POINT (8.820864988000039 53.039274325000065)",Unfall 140133 (2018) Kat:3, Licht: 2,140133,3,3,5,05,22,1,0,2,1,1,0,0,0,0
"POINT (8.785633683000071 53.070962341000040)",Unfall 140134 (2018) Kat:3, Licht: 0,140134,3,2,5,05,18,3,0,0,1,1,0,0,0,0
"POINT (8.784173493000026 53.103400067000052)",Unfall 140135 (2018) Kat:3, Licht: 0,140135,3,2,5,05,17,2,0,0,1,1,0,0,0,0
"POINT (8.738569096000049 53.137245467000071)",Unfall 140137 (2018) Kat:3, Licht: 0,140137,3,6,2,05,18,1,0,0,0,1,0,0,0,0
"POINT (8.806912963000059 53.081841559000054)",Unfall 140139 (2018) Kat:3, Licht: 0,140139,3,6,3,05,17,2,0,0,1,0,0,0,0,1
"POINT (8.774952505000044 53.062406384000042)",Unfall 140141 (2018) Kat:3, Licht: 0,140141,3,3,5,05,14,2,0,0,1,1,0,0,0,0
"POINT (8.847881233000067 53.066106324000032)",Unfall 140142 (2018) Kat:3, Licht: 2,140142,3,1,0,05,01,4,0,2,1,0,0,0,0,0
"POINT (8.524080109000067 53.204015620000064)",Unfall 140143 (2018) Kat:3, Licht: 0,140143,3,3,5,05,07,5,0,0,1,1,0,0,0,0
"POINT (8.781906533000040 53.056587234000062)",Unfall 140144 (2018) Kat:3, Licht: 0,140144,3,3,5,05,17,2,0,0,1,1,0,0,0,0
"POINT (8.684206075000077 53.163491595000039)",Unfall 140145 (2018) Kat:3, Licht: 0,140145,3,6,4,05,05,1,0,0,1,0,0,0,0,0
"POINT (8.614214697000023 53.176224273000059)",Unfall 140146 (2018) Kat:3, Licht: 0,140146,3,2,0,05,09,2,0,0,1,1,0,0,0,0
"POINT (8.803610760000026 53.080139361000079)",Unfall 140147 (2018) Kat:3, Licht: 0,140147,3,3,5,05,18,2,0,0,1,1,0,0,0,0
"POINT (8.901760576000072 53.109075800000028)",Unfall 140148 (2018) Kat:3, Licht: 0,140148,3,2,5,05,09,4,0,0,1,1,0,0,0,0
"POINT (8.828408262000039 53.037077938000039)",Unfall 140149 (2018) Kat:3, Licht: 0,140149,3,7,5,05,12,1,0,0,1,1,0,0,0,0
"POINT (8.524077849000037 53.204039128000034)",Unfall 140150 (2018) Kat:3, Licht: 0,140150,3,7,0,05,19,6,0,0,1,0,0,0,0,0
"POINT (8.770111429000053 53.061306539000043)",Unfall 140151 (2018) Kat:3, Licht: 0,140151,3,7,3,05,09,3,0,0,0,1,0,0,0,0
"POINT (8.729420469000047 53.039483787000052)",Unfall 140152 (2018) Kat:3, Licht: 0,140152,3,3,5,05,08,2,0,0,1,1,0,0,0,0
"POINT (8.816778290000059 53.088170939000065)",Unfall 140153 (2018) Kat:3, Licht: 0,140153,3,6,2,05,09,4,0,0,0,1,0,0,0,0
"POINT (8.741582613000048 53.050674303000051)",Unfall 140154 (2018) Kat:3, Licht: 0,140154,3,3,5,05,17,7,0,0,1,1,0,0,0,0
"POINT (8.851304488000039 53.037698461000048)",Unfall 140155 (2018) Kat:2, Licht: 0,140155,2,4,6,05,13,6,0,0,0,0,1,0,0,1
"POINT (8.947186531000057 53.058109280000053)",Unfall 140156 (2018) Kat:2, Licht: 0,140156,2,1,0,06,17,2,0,0,1,0,0,0,0,1
"POINT (8.773944907000043 53.058941399000048)",Unfall 140157 (2018) Kat:3, Licht: 0,140157,3,3,5,05,07,2,0,0,1,0,0,0,0,1
"POINT (8.944683661000056 53.038578764000079)",Unfall 140158 (2018) Kat:3, Licht: 0,140158,3,6,3,05,07,4,0,0,0,1,0,1,0,0
"POINT (8.877013915000021 53.075069306000046)",Unfall 140160 (2018) Kat:2, Licht: 1,140160,2,7,1,05,20,7,0,1,0,1,0,1,0,0
"POINT (8.847764930000039 53.044038718000081)",Unfall 140161 (2018) Kat:3, Licht: 0,140161,3,6,4,05,18,2,0,0,1,0,0,0,0,0
"POINT (8.803427239000030 53.085621212000035)",Unfall 140162 (2018) Kat:3, Licht: 0,140162,3,6,2,05,06,1,0,0,0,1,0,0,0,0
"POINT (8.801365417000056 53.079055900000071)",Unfall 140163 (2018) Kat:3, Licht: 2,140163,3,7,0,05,00,1,0,2,1,0,0,0,0,0
"POINT (8.801341103000027 53.071480333000068)",Unfall 140164 (2018) Kat:3, Licht: 0,140164,3,6,2,05,08,3,0,0,0,1,0,0,0,0
"POINT (8.836588783000025 53.068243242000051)",Unfall 140165 (2018) Kat:3, Licht: 0,140165,3,5,1,05,18,5,0,0,1,1,0,0,0,0
"POINT (8.827247999000065 53.084884274000046)",Unfall 140166 (2018) Kat:2, Licht: 0,140166,2,7,0,06,12,7,0,0,1,0,0,0,0,0
"POINT (8.806906046000051 53.097390132000044)",Unfall 140167 (2018) Kat:3, Licht: 0,140167,3,3,5,05,16,1,0,0,0,1,0,0,0,0
"POINT (8.575580468000055 53.191813747000026)",Unfall 140168 (2018) Kat:3, Licht: 0,140168,3,3,5,05,15,4,0,0,1,1,0,0,0,0
"POINT (8.875920690000044 53.082226656000046)",Unfall 140169 (2018) Kat:3, Licht: 0,140169,3,2,5,06,18,1,0,0,1,1,0,0,0,0
"POINT (8.820699502000025 53.072697494000067)",Unfall 140170 (2018) Kat:2, Licht: 0,140170,2,7,0,05,15,1,0,0,1,0,0,0,0,0
"POINT (8.891745543000070 53.084145718000059)",Unfall 140171 (2018) Kat:3, Licht: 0,140171,3,7,0,05,09,4,0,0,1,0,0,0,0,0
"POINT (8.862700849000021 53.065352870000027)",Unfall 140172 (2018) Kat:2, Licht: 0,140172,2,7,0,05,12,1,0,0,1,0,0,0,0,0
"POINT (8.908004536000021 53.039920786000039)",Unfall 140173 (2018) Kat:3, Licht: 0,140173,3,7,2,05,20,6,0,0,0,1,0,0,0,0
"POINT (8.707190139000034 53.170598205000033)",Unfall 140174 (2018) Kat:3, Licht: 0,140174,3,7,1,05,13,7,0,0,1,1,0,0,0,0
"POINT (8.776345141000036 53.102438437000046)",Unfall 140175 (2018) Kat:3, Licht: 0,140175,3,7,0,05,15,1,0,0,0,1,1,0,0,0
"POINT (8.831052765000038 53.085823151000056)",Unfall 140176 (2018) Kat:3, Licht: 0,140176,3,7,0,05,18,7,0,0,1,0,0,0,0,0
"POINT (8.824555587000077 53.068913822000070)",Unfall 140177 (2018) Kat:3, Licht: 0,140177,3,6,2,05,12,7,0,0,0,1,0,0,0,0
"POINT (8.903056635000041 53.078544915000066)",Unfall 140178 (2018) Kat:3, Licht: 0,140178,3,2,3,05,07,3,0,0,0,1,0,0,0,1
"POINT (8.715550555000050 53.053638416000069)",Unfall 140179 (2018) Kat:3, Licht: 0,140179,3,3,5,05,06,5,0,0,1,1,0,0,0,0
"POINT (8.825730915000065 53.068875757000058)",Unfall 140180 (2018) Kat:3, Licht: 0,140180,3,7,1,05,17,5,0,0,0,1,0,0,0,0
"POINT (8.903256943000031 53.046596652000062)",Unfall 140181 (2018) Kat:3, Licht: 0,140181,3,4,6,06,19,6,0,0,0,1,1,0,0,0
"POINT (8.859949377000021 53.133684807000066)",Unfall 140182 (2018) Kat:2, Licht: 0,140182,2,7,0,05,14,7,0,0,1,0,0,0,0,0
"POINT (8.894848846000059 53.046057527000073)",Unfall 140183 (2018) Kat:3, Licht: 0,140183,3,3,5,05,13,7,0,0,1,1,0,0,0,0
"POINT (8.801087952000046 53.078917985000032)",Unfall 140184 (2018) Kat:3, Licht: 0,140184,3,6,2,05,08,3,0,0,0,1,0,0,0,0
"POINT (8.858277549000036 53.048803086000078)",Unfall 140185 (2018) Kat:2, Licht: 0,140185,2,3,5,05,17,7,0,0,1,0,0,0,0,0
"POINT (8.822562930000061 53.075208311000040)",Unfall 140186 (2018) Kat:3, Licht: 0,140186,3,2,5,05,15,5,0,0,1,1,0,0,0,0
"POINT (8.823659060000068 53.071604259000026)",Unfall 140187 (2018) Kat:3, Licht: 2,140187,3,7,1,05,22,6,0,2,1,1,0,0,0,0
"POINT (8.837379062000025 53.037848741000062)",Unfall 140188 (2018) Kat:3, Licht: 0,140188,3,2,0,05,13,7,0,0,0,1,0,0,0,0
"POINT (8.850566375000028 53.071120726000061)",Unfall 140189 (2018) Kat:3, Licht: 0,140189,3,6,2,05,18,7,0,0,0,1,0,0,0,0
"POINT (8.702158317000055 53.167679683000074)",Unfall 140191 (2018) Kat:3, Licht: 0,140191,3,2,5,05,16,6,0,0,0,0,0,0,0,1
"POINT (8.808604510000066 53.082909820000054)",Unfall 140195 (2018) Kat:3, Licht: 0,140195,3,3,5,05,15,2,0,0,1,1,0,0,0,0
"POINT (8.753862428000048 53.122190282000076)",Unfall 140196 (2018) Kat:3, Licht: 0,140196,3,4,6,05,15,4,0,0,0,1,1,0,0,0