WKT,Name,OBJECTID,UKATEGORIE,UTYP1,UART,UMONAT,USTUNDE,UWOCHENTAG,STRZUSTAND,ULICHTVERH,ISTRAD,ISTPKW,ISTFUSS,ISTKRAD,ISTGKFZ,ISTSONSTIG
"POINT (8.820808346000035 53.051366188000031)",Unfall 140197 (2018) Kat:3, Licht: 0,140197,3,2,5,06,07,6,0,0,1,0,0,0,1,0
"POINT (8.797872444000063 53.066370243000051)",Unfall 140199 (2018) Kat:3, Licht: 2,140199,3,2,5,05,21,3,0,2,1,1,0,0,0,0
"POINT (8.799493309000070 53.069357440000033)",Unfall 140203 (2018) Kat:3, Licht: 1,140203,3,7,0,06,22,2,0,1,1,0,0,0,0,0
"POINT (8.894900612000072 53.059642513000028)",Unfall 140204 (2018) Kat:3, Licht: 0,140204,3,6,2,05,15,2,0,0,1,0,0,0,1,0
"POINT (8.891599124000038 53.060895698000081)",Unfall 140205 (2018) Kat:3, Licht: 1,140205,3,4,6,05,22,5,0,1,1,0,1,0,0,0
"POINT (8.751448086000039 53.109954501000061)",Unfall 140206 (2018) Kat:3, Licht: 0,140206,3,3,5,05,18,6,0,0,0,1,0,0,0,0
"POINT (8.570536785000058 53.201759366000033)",Unfall 140207 (2018) Kat:3, Licht: 0,140207,3,3,5,05,09,2,0,0,1,1,0,0,0,0
"POINT (8.732547025000031 53.134869457000036)",Unfall 140208 (2018) Kat:3, Licht: 0,140208,3,6,2,05,18,5,0,0,0,1,0,0,0,0
"POINT (8.807011666000051 53.064708834000044)",Unfall 140209 (2018) Kat:3, Licht: 0,140209,3,2,5,05,12,6,0,0,1,1,0,0,0,0
"POINT (8.852623044000040 53.060533036000038)",Unfall 140210 (2018) Kat:3, Licht: 0,140210,3,6,2,05,16,3,0,0,0,1,0,0,0,0
"POINT (8.780583757000045 53.068151103000048)",Unfall 140211 (2018) Kat:3, Licht: 0,140211,3,2,5,05,10,6,0,0,1,1,0,0,0,0
"POINT (8.791142647000072 53.064771280000059)",Unfall 140212 (2018) Kat:2, Licht: 0,140212,2,7,0,05,09,4,1,0,1,0,0,0,0,0
"POINT (8.828498024000055 53.080070579000051)",Unfall 140213 (2018) Kat:3, Licht: 0,140213,3,3,5,05,17,6,0,0,1,1,0,0,0,0
"POINT (8.763328819000037 53.116547255000057)",Unfall 140214 (2018) Kat:3, Licht: 0,140214,3,3,5,06,07,2,0,0,1,1,0,0,0,0
"POINT (8.936380395000072 53.073802721000050)",Unfall 140215 (2018) Kat:3, Licht: 0,140215,3,2,5,05,19,6,0,0,0,1,0,0,0,0
"POINT (8.851822313000071 53.072895023000058)",Unfall 140216 (2018) Kat:3, Licht: 0,140216,3,6,2,05,17,4,0,0,0,1,0,1,0,0
"POINT (8.816678567000054 53.092422277000082)",Unfall 140217 (2018) Kat:3, Licht: 0,140217,3,1,0,05,15,6,0,0,1,0,0,0,0,0
"POINT (8.817659742000046 53.078496270000073)",Unfall 140219 (2018) Kat:3, Licht: 0,140219,3,3,5,05,16,4,0,0,0,1,0,1,0,0
"POINT (8.842856373000075 53.089129834000062)",Unfall 140220 (2018) Kat:3, Licht: 0,140220,3,5,1,05,15,6,0,0,1,1,0,0,0,0
"POINT (8.888827689000038 53.085978305000026)",Unfall 140221 (2018) Kat:3, Licht: 0,140221,3,3,5,05,15,6,0,0,1,1,0,0,0,0
"POINT (8.792173301000048 53.082730869000045)",Unfall 140222 (2018) Kat:3, Licht: 0,140222,3,3,5,05,16,2,0,0,0,1,0,0,0,0
"POINT (8.752422037000031 53.119794683000066)",Unfall 140223 (2018) Kat:3, Licht: 0,140223,3,2,2,05,17,6,0,0,0,1,0,0,0,0
"POINT (8.959516233000045 53.040375950000055)",Unfall 140225 (2018) Kat:2, Licht: 2,140225,2,1,8,05,22,6,0,2,0,1,0,0,0,0
"POINT (8.910586335000062 53.077839764000032)",Unfall 140226 (2018) Kat:3, Licht: 2,140226,3,4,6,06,02,1,0,2,0,0,1,0,0,1
"POINT (8.738911799000050 53.047695392000037)",Unfall 140227 (2018) Kat:3, Licht: 0,140227,3,4,6,05,11,5,0,0,0,1,1,0,0,0
"POINT (8.783991970000045 53.104449975000080)",Unfall 140228 (2018) Kat:3, Licht: 0,140228,3,3,4,05,18,4,0,0,0,1,0,0,0,0
"POINT (8.815132900000037 53.077133490000051)",Unfall 140229 (2018) Kat:3, Licht: 0,140229,3,3,5,05,18,5,0,0,1,1,0,0,0,0
"POINT (8.870786686000031 53.064688447000037)",Unfall 140230 (2018) Kat:3, Licht: 0,140230,3,4,6,05,17,6,0,0,1,0,1,0,0,0
"POINT (8.794335768000053 53.071985367000082)",Unfall 140231 (2018) Kat:3, Licht: 2,140231,3,5,1,05,03,1,0,2,1,1,0,0,0,0
"POINT (8.871166660000029 53.068019290000052)",Unfall 140232 (2018) Kat:2, Licht: 0,140232,2,7,0,05,10,5,0,0,0,0,0,1,0,0
"POINT (8.881600919000050 53.111289097000054)",Unfall 140233 (2018) Kat:3, Licht: 0,140233,3,6,2,05,18,5,0,0,0,1,0,0,0,0
"POINT (8.798657405000029 53.054524744000048)",Unfall 140234 (2018) Kat:2, Licht: 0,140234,2,3,5,05,14,3,0,0,1,0,0,0,1,0
"POINT (8.793587971000022 53.092610339000032)",Unfall 140237 (2018) Kat:3, Licht: 0,140237,3,6,2,06,12,6,0,0,0,1,0,0,0,0
"POINT (8.852278511000066 53.088385574000029)",Unfall 140238 (2018) Kat:3, Licht: 2,140238,3,7,1,06,01,7,0,2,1,0,0,0,0,1
"POINT (8.717683792000059 53.176031968000075)",Unfall 140239 (2018) Kat:3, Licht: 0,140239,3,3,5,06,18,6,0,0,1,1,0,0,0,0
"POINT (8.801368969000066 53.071277218000034)",Unfall 140240 (2018) Kat:3, Licht: 0,140240,3,7,0,06,18,7,0,0,1,0,0,0,0,0
"POINT (8.753341729000056 53.120919732000061)",Unfall 140241 (2018) Kat:3, Licht: 0,140241,3,6,2,07,12,5,0,0,0,1,0,0,0,0
"POINT (8.828314988000045 53.080194541000026)",Unfall 140242 (2018) Kat:3, Licht: 1,140242,3,2,3,07,22,3,0,1,1,1,0,0,0,0
"POINT (8.837995076000027 53.078449142000068)",Unfall 140243 (2018) Kat:3, Licht: 0,140243,3,2,3,06,13,3,0,0,1,1,0,0,0,0
"POINT (8.595300281000050 53.179246099000068)",Unfall 140244 (2018) Kat:3, Licht: 0,140244,3,2,5,06,09,7,0,0,1,1,0,0,0,0
"POINT (8.810218358000043 53.069086668000068)",Unfall 140246 (2018) Kat:3, Licht: 0,140246,3,7,0,06,18,7,0,0,0,1,0,0,0,0
"POINT (8.809418515000061 53.074598379000065)",Unfall 140247 (2018) Kat:3, Licht: 0,140247,3,6,4,07,18,1,0,0,0,0,0,0,0,1
"POINT (8.814807824000070 53.054828755000074)",Unfall 140248 (2018) Kat:3, Licht: 0,140248,3,3,5,06,07,2,0,0,0,1,0,0,0,0
"POINT (8.807609051000043 53.072814821000065)",Unfall 140249 (2018) Kat:3, Licht: 0,140249,3,6,2,06,14,5,0,0,0,1,0,0,0,0
"POINT (8.712376618000064 53.147641344000078)",Unfall 140250 (2018) Kat:2, Licht: 0,140250,2,5,1,06,10,7,0,0,0,1,0,0,0,0
"POINT (8.803515597000057 53.076836193000076)",Unfall 140251 (2018) Kat:3, Licht: 0,140251,3,3,5,07,17,4,1,0,1,1,0,0,0,0
"POINT (8.822322793000069 53.069079343000055)",Unfall 140252 (2018) Kat:3, Licht: 0,140252,3,6,2,07,17,1,0,0,0,1,0,1,0,0
"POINT (8.832534374000034 53.068610527000033)",Unfall 140254 (2018) Kat:3, Licht: 0,140254,3,6,4,06,14,7,0,0,0,1,0,0,0,0
"POINT (8.721011930000032 53.132150820000049)",Unfall 140255 (2018) Kat:3, Licht: 0,140255,3,6,3,07,05,4,0,0,0,1,0,1,0,0
"POINT (8.879699305000031 53.112554382000042)",Unfall 140256 (2018) Kat:3, Licht: 0,140256,3,3,5,06,15,4,0,0,1,1,0,0,0,0
"POINT (8.874907543000063 53.062504677000049)",Unfall 140257 (2018) Kat:3, Licht: 0,140257,3,7,0,06,17,3,0,0,0,0,1,1,0,0
"POINT (8.879089665000038 53.083992743000067)",Unfall 140259 (2018) Kat:3, Licht: 0,140259,3,7,6,07,18,5,0,0,0,1,1,0,0,0
"POINT (8.961919129000023 53.053233710000029)",Unfall 140260 (2018) Kat:3, Licht: 0,140260,3,2,3,06,18,7,0,0,1,1,0,0,0,0
"POINT (8.891604444000052 53.060893908000082)",Unfall 140262 (2018) Kat:3, Licht: 0,140262,3,6,1,06,11,6,0,0,0,1,0,0,1,0
"POINT (8.882244411000045 53.100974918000077)",Unfall 140263 (2018) Kat:3, Licht: 0,140263,3,7,0,06,15,3,0,0,1,0,0,0,0,0
"POINT (8.860923537000076 53.063387234000061)",Unfall 140265 (2018) Kat:3, Licht: 0,140265,3,6,4,06,18,7,0,0,1,0,0,0,0,0
"POINT (8.833531473000051 53.094424680000031)",Unfall 140266 (2018) Kat:3, Licht: 0,140266,3,6,5,06,07,5,0,0,1,0,0,0,0,0
"POINT (8.786051430000043 53.077787117000071)",Unfall 140267 (2018) Kat:3, Licht: 0,140267,3,7,0,06,07,6,1,0,1,0,0,1,0,1
"POINT (8.566398677000052 53.189640365000059)",Unfall 140270 (2018) Kat:3, Licht: 1,140270,3,3,5,06,20,2,0,1,0,1,0,0,0,0
"POINT (8.853830148000043 53.065712765000058)",Unfall 140271 (2018) Kat:3, Licht: 0,140271,3,2,5,06,11,6,0,0,1,1,0,0,0,0
"POINT (8.934693637000066 53.083403348000047)",Unfall 140272 (2018) Kat:3, Licht: 0,140272,3,3,5,07,16,3,0,0,1,1,0,0,0,0
"POINT (8.886098418000074 53.059945614000071)",Unfall 140273 (2018) Kat:3, Licht: 0,140273,3,2,3,06,18,3,0,0,1,1,0,0,0,0
"POINT (8.818672964000029 53.069723320000037)",Unfall 140274 (2018) Kat:3, Licht: 0,140274,3,3,5,06,17,6,0,0,1,1,0,0,0,0
"POINT (8.879071916000044 53.065071725000053)",Unfall 140275 (2018) Kat:2, Licht: 0,140275,2,3,5,06,18,7,0,0,1,1,0,0,0,0
"POINT (8.850906042000077 53.071707130000050)",Unfall 140276 (2018) Kat:3, Licht: 0,140276,3,2,5,06,10,6,0,0,1,0,0,0,0,1
"POINT (8.836389800000063 53.071614156000066)",Unfall 140277 (2018) Kat:3, Licht: 0,140277,3,7,1,06,20,4,0,0,0,1,0,0,0,1
"POINT (8.888859743000069 53.090466708000065)",Unfall 140278 (2018) Kat:3, Licht: 0,140278,3,6,4,06,14,6,0,0,0,1,0,1,0,0
"POINT (8.799338948000070 53.077964207000036)",Unfall 140281 (2018) Kat:1, Licht: 0,140281,1,4,6,06,21,5,0,0,0,0,1,1,0,0
"POINT (8.612394436000045 53.175058131000071)",Unfall 140282 (2018) Kat:3, Licht: 0,140282,3,3,5,06,08,5,0,0,1,0,0,0,0,0
"POINT (8.872122257000058 53.099509080000075)",Unfall 140283 (2018) Kat:3, Licht: 0,140283,3,6,2,07,14,3,0,0,0,1,0,0,0,0
"POINT (8.875955859000044 53.082132275000049)",Unfall 140284 (2018) Kat:3, Licht: 0,140284,3,3,5,07,12,7,0,0,0,1,0,0,0,0
"POINT (8.792061861000036 53.073058569000068)",Unfall 140285 (2018) Kat:3, Licht: 0,140285,3,3,5,06,07,2,0,0,1,1,0,0,0,0
"POINT (8.832583740000075 53.069769446000066)",Unfall 140286 (2018) Kat:3, Licht: 0,140286,3,7,0,06,20,5,1,0,0,0,0,1,0,0
"POINT (8.749861236000072 53.123925326000062)",Unfall 140287 (2018) Kat:3, Licht: 0,140287,3,6,2,07,17,3,0,0,0,1,0,0,0,0
"POINT (8.832605525000076 53.033491056000059)",Unfall 140288 (2018) Kat:3, Licht: 0,140288,3,2,5,06,08,3,0,0,1,1,0,0,0,0
"POINT (8.801447123000060 53.080843916000049)",Unfall 140289 (2018) Kat:3, Licht: 0,140289,3,3,5,06,16,5,0,0,0,1,0,1,0,0
"POINT (8.875130006000063 53.082427061000033)",Unfall 140291 (2018) Kat:3, Licht: 0,140291,3,2,5,06,11,5,0,0,1,1,0,0,0,0
"POINT (8.871628540000074 53.062276552000071)",Unfall 140292 (2018) Kat:3, Licht: 0,140292,3,7,5,06,14,4,0,0,1,1,0,0,0,0
"POINT (8.667591636000054 53.175134384000046)",Unfall 140293 (2018) Kat:3, Licht: 0,140293,3,7,0,06,16,5,0,0,0,0,0,0,0,1
"POINT (8.754589332000023 53.116509082000050)",Unfall 140294 (2018) Kat:3, Licht: 0,140294,3,5,1,07,15,6,0,0,1,1,0,0,0,0
"POINT (8.785031836000030 53.088674192000042)",Unfall 140295 (2018) Kat:3, Licht: 0,140295,3,6,3,06,21,5,0,0,0,1,0,0,0,0
"POINT (8.656266891000030 53.174582596000050)",Unfall 140296 (2018) Kat:3, Licht: 0,140296,3,6,2,06,15,5,0,0,0,1,0,1,0,0
"POINT (8.894416115000070 53.052057988000058)",Unfall 140297 (2018) Kat:3, Licht: 2,140297,3,7,1,07,00,6,0,2,1,1,0,0,0,0
"POINT (8.811417737000056 53.091750527000045)",Unfall 140298 (2018) Kat:3, Licht: 0,140298,3,3,5,06,15,1,1,0,1,1,0,0,0,0
"POINT (8.758398532000058 53.115629400000046)",Unfall 140299 (2018) Kat:3, Licht: 0,140299,3,3,5,06,09,5,0,0,1,0,0,0,0,1
"POINT (8.837743549000038 53.082687454000052)",Unfall 140301 (2018) Kat:2, Licht: 0,140301,2,1,2,06,08,2,0,0,0,1,0,0,0,0
"POINT (8.897078432000058 53.118231249000075)",Unfall 140302 (2018) Kat:3, Licht: 0,140302,3,3,5,06,13,5,0,0,1,1,0,0,0,0
"POINT (8.907102596000073 53.040079946000048)",Unfall 140303 (2018) Kat:3, Licht: 0,140303,3,6,6,06,12,3,0,0,1,0,1,0,0,0
"POINT (8.817084274000024 53.078782982000064)",Unfall 140304 (2018) Kat:3, Licht: 0,140304,3,3,5,06,18,6,0,0,1,1,0,0,0,0
"POINT (8.807097691000024 53.078663945000073)",Unfall 140305 (2018) Kat:3, Licht: 0,140305,3,6,6,06,18,5,1,0,0,1,1,0,0,0
"POINT (8.824400877000073 53.084422197000038)",Unfall 140306 (2018) Kat:3, Licht: 0,140306,3,2,5,07,17,5,0,0,1,1,0,0,0,0
"POINT (8.807333125000071 53.082394064000027)",Unfall 140307 (2018) Kat:3, Licht: 0,140307,3,3,5,07,17,2,0,0,1,1,0,0,0,0
"POINT (8.728982819000066 53.145621485000049)",Unfall 140308 (2018) Kat:3, Licht: 0,140308,3,3,3,06,17,3,0,0,0,1,0,1,0,0
"POINT (8.892341730000055 53.079475369000079)",Unfall 140309 (2018) Kat:3, Licht: 0,140309,3,2,2,06,13,5,0,0,0,1,0,1,0,0
"POINT (8.809098287000040 53.063462561000051)",Unfall 140310 (2018) Kat:3, Licht: 0,140310,3,7,0,07,12,5,0,0,1,0,0,0,0,0
"POINT (8.809366030000035 53.031667796000079)",Unfall 140311 (2018) Kat:2, Licht: 0,140311,2,3,5,06,19,7,0,0,1,1,0,0,0,0
"POINT (8.819810436000068 53.051533128000074)",Unfall 140313 (2018) Kat:3, Licht: 0,140313,3,4,6,06,14,3,0,0,0,0,1,0,0,1
"POINT (8.623375390000035 53.173531034000064)",Unfall 140314 (2018) Kat:3, Licht: 0,140314,3,1,0,07,13,1,0,0,0,0,0,1,0,0
"POINT (8.831572650000055 53.085943168000028)",Unfall 140315 (2018) Kat:3, Licht: 0,140315,3,7,0,06,17,2,1,0,1,0,0,0,0,0
"POINT (8.764829558000031 53.109996031000037)",Unfall 140316 (2018) Kat:3, Licht: 0,140316,3,3,5,06,13,5,0,0,1,1,0,0,0,0
"POINT (8.714991097000052 53.110403363000046)",Unfall 140317 (2018) Kat:3, Licht: 0,140317,3,6,2,07,18,2,0,0,0,1,0,0,0,0
"POINT (8.817254607000052 53.078701975000058)",Unfall 140318 (2018) Kat:3, Licht: 0,140318,3,3,5,06,19,7,0,0,1,1,0,0,0,0
"POINT (8.784059650000074 53.089325998000049)",Unfall 140319 (2018) Kat:2, Licht: 0,140319,2,6,2,06,07,2,0,0,0,1,0,0,0,1
"POINT (8.800825490000023 53.068338302000029)",Unfall 140321 (2018) Kat:3, Licht: 2,140321,3,5,1,06,00,6,0,2,0,1,0,0,0,1
"POINT (8.822689579000041 53.078587179000067)",Unfall 140323 (2018) Kat:3, Licht: 0,140323,3,6,2,07,17,4,1,0,0,1,0,0,0,0
"POINT (8.625893588000054 53.170502293000027)",Unfall 140325 (2018) Kat:3, Licht: 0,140325,3,3,5,06,05,3,0,0,0,0,0,1,0,1
"POINT (8.832552210000074 53.068609148000064)",Unfall 140326 (2018) Kat:3, Licht: 0,140326,3,4,6,06,17,4,0,0,1,0,1,0,0,0
"POINT (8.934733419000054 53.070102731000077)",Unfall 140327 (2018) Kat:3, Licht: 0,140327,3,3,5,07,16,5,0,0,1,1,0,0,0,0
"POINT (8.757827883000061 53.122997846000032)",Unfall 140330 (2018) Kat:3, Licht: 0,140330,3,3,5,06,17,4,0,0,1,1,0,0,0,0
"POINT (8.831294060000062 53.075492338000060)",Unfall 140332 (2018) Kat:3, Licht: 0,140332,3,2,5,06,08,4,0,0,1,0,0,0,0,0
"POINT (8.758913127000028 53.116920839000045)",Unfall 140333 (2018) Kat:3, Licht: 0,140333,3,5,1,06,18,5,0,0,1,1,0,0,0,0
"POINT (8.848137095000027 53.051073881000036)",Unfall 140334 (2018) Kat:3, Licht: 0,140334,3,6,2,06,08,4,0,0,0,1,0,1,0,0
"POINT (8.810680754000032 53.071825780000040)",Unfall 140336 (2018) Kat:3, Licht: 2,140336,3,7,0,07,01,7,0,2,1,0,0,0,0,0
"POINT (8.887566700000036 53.062257743000032)",Unfall 140337 (2018) Kat:3, Licht: 0,140337,3,4,6,06,11,2,0,0,0,1,1,0,0,0
"POINT (8.838197099000070 53.067752343000052)",Unfall 140338 (2018) Kat:3, Licht: 1,140338,3,3,5,06,21,4,0,1,1,1,0,0,0,0
"POINT (8.749591357000043 53.120512042000030)",Unfall 140339 (2018) Kat:2, Licht: 0,140339,2,3,0,07,06,3,0,0,1,1,0,0,0,0
"POINT (8.941151949000073 53.058755555000062)",Unfall 140340 (2018) Kat:3, Licht: 0,140340,3,2,5,06,21,4,0,0,1,1,0,0,0,0
"POINT (8.864925102000029 53.095782584000062)",Unfall 140341 (2018) Kat:3, Licht: 0,140341,3,6,2,07,07,4,0,0,1,1,0,0,0,0
"POINT (8.789473577000024 53.071237988000064)",Unfall 140342 (2018) Kat:3, Licht: 0,140342,3,5,1,07,17,1,0,0,0,1,1,0,1,1
"POINT (8.829956710000033 53.068751806000080)",Unfall 140344 (2018) Kat:3, Licht: 0,140344,3,6,2,06,17,4,0,0,0,1,0,0,0,0
"POINT (8.824748810000074 53.084582270000055)",Unfall 140346 (2018) Kat:3, Licht: 0,140346,3,3,5,06,19,4,0,0,0,1,0,0,0,1
"POINT (8.622497699000064 53.181741293000073)",Unfall 140348 (2018) Kat:3, Licht: 0,140348,3,6,2,06,13,7,0,0,0,1,0,1,0,0
"POINT (8.752427486000045 53.112359895000054)",Unfall 140352 (2018) Kat:3, Licht: 0,140352,3,6,3,07,16,7,0,0,0,1,0,1,0,0
"POINT (8.813374979000059 53.058097283000052)",Unfall 140353 (2018) Kat:2, Licht: 0,140353,2,4,6,06,11,1,0,0,1,0,1,0,0,0
"POINT (8.605409682000072 53.176589456000045)",Unfall 140354 (2018) Kat:3, Licht: 0,140354,3,3,5,06,20,6,1,0,0,1,0,0,0,0
"POINT (8.815060437000057 53.039562754000031)",Unfall 140355 (2018) Kat:3, Licht: 0,140355,3,4,6,06,12,3,0,0,0,1,1,0,0,0
"POINT (8.839363930000047 53.033888414000046)",Unfall 140356 (2018) Kat:3, Licht: 0,140356,3,7,1,06,16,7,0,0,0,1,0,0,0,1
"POINT (8.802739005000035 53.063309502000038)",Unfall 140358 (2018) Kat:3, Licht: 0,140358,3,5,1,06,19,3,0,0,1,1,0,0,0,0
"POINT (8.839100658000064 53.089992400000028)",Unfall 140359 (2018) Kat:3, Licht: 0,140359,3,3,5,06,10,3,0,0,1,1,0,0,0,0
"POINT (8.833174287000077 53.078643424000063)",Unfall 140361 (2018) Kat:2, Licht: 0,140361,2,7,0,06,19,3,0,0,1,0,0,0,0,0
"POINT (8.567211958000030 53.181856437000079)",Unfall 140362 (2018) Kat:2, Licht: 0,140362,2,4,6,06,19,3,0,0,0,1,1,0,0,0
"POINT (8.792220203000056 53.082729086000029)",Unfall 140363 (2018) Kat:3, Licht: 0,140363,3,3,5,06,11,3,0,0,1,1,0,0,0,0
"POINT (8.557510750000063 53.184405716000072)",Unfall 140364 (2018) Kat:3, Licht: 0,140364,3,7,0,06,20,7,0,0,0,1,0,0,0,0
"POINT (8.822536802000059 53.075210490000075)",Unfall 140365 (2018) Kat:3, Licht: 0,140365,3,6,3,06,18,3,0,0,1,0,0,0,0,0
"POINT (8.721690369000044 53.137196165000034)",Unfall 140366 (2018) Kat:3, Licht: 0,140366,3,3,5,06,10,4,0,0,0,1,0,0,0,0
"POINT (8.847274985000070 53.092854150000051)",Unfall 140367 (2018) Kat:3, Licht: 0,140367,3,1,0,06,09,3,0,0,1,0,0,0,0,0
"POINT (8.850575293000077 53.071136639000031)",Unfall 140368 (2018) Kat:3, Licht: 0,140368,3,4,6,07,20,6,0,0,0,1,1,0,0,0
"POINT (8.899193185000058 53.120833749000042)",Unfall 140369 (2018) Kat:3, Licht: 0,140369,3,3,5,06,09,7,0,0,1,0,0,0,0,1
"POINT (8.857999810000024 53.088999814000033)",Unfall 140370 (2018) Kat:3, Licht: 0,140370,3,6,2,06,09,6,1,0,0,1,0,0,0,0
"POINT (8.793348908000041 53.092565829000080)",Unfall 140371 (2018) Kat:3, Licht: 0,140371,3,7,2,06,13,2,0,0,0,1,0,0,1,0
"POINT (8.635644725000077 53.166966765000041)",Unfall 140372 (2018) Kat:3, Licht: 0,140372,3,2,5,07,12,2,0,0,0,1,0,1,0,0
"POINT (8.728032862000021 53.077825964000056)",Unfall 140373 (2018) Kat:3, Licht: 0,140373,3,6,3,06,13,2,0,0,0,1,0,1,0,0
"POINT (8.823551117000022 53.044155190000026)",Unfall 140374 (2018) Kat:3, Licht: 0,140374,3,3,5,06,18,2,0,0,1,0,0,0,0,0
"POINT (8.827019799000027 53.076559441000029)",Unfall 140375 (2018) Kat:3, Licht: 0,140375,3,5,1,06,19,3,0,0,1,1,0,0,0,0
"POINT (8.702887787000066 53.171096498000054)",Unfall 140376 (2018) Kat:3, Licht: 0,140376,3,3,5,06,12,6,0,0,1,1,0,0,0,0
"POINT (8.626619157000050 53.184632108000073)",Unfall 140377 (2018) Kat:3, Licht: 0,140377,3,3,5,06,07,2,0,0,1,1,0,0,0,0
"POINT (8.808176142000036 53.094631459000027)",Unfall 140378 (2018) Kat:3, Licht: 0,140378,3,2,3,07,13,4,1,0,1,0,0,0,0,1
"POINT (8.759492891000036 53.125210861000028)",Unfall 140379 (2018) Kat:3, Licht: 0,140379,3,7,0,07,16,2,0,0,1,0,0,0,0,0
"POINT (8.922246308000069 53.040961177000042)",Unfall 140380 (2018) Kat:3, Licht: 1,140380,3,5,1,06,22,3,0,1,1,1,0,0,0,0
"POINT (8.805195789000038 53.072950730000059)",Unfall 140381 (2018) Kat:3, Licht: 0,140381,3,6,2,06,08,6,1,0,1,0,0,0,0,0
"POINT (8.876537149000058 53.081042483000033)",Unfall 140382 (2018) Kat:3, Licht: 0,140382,3,3,5,06,08,2,0,0,1,1,0,0,0,0
"POINT (8.800989484000070 53.085932535000040)",Unfall 140383 (2018) Kat:2, Licht: 0,140383,2,7,0,07,10,5,0,0,0,0,0,1,0,0
"POINT (8.875864543000034 53.074752340000032)",Unfall 140384 (2018) Kat:3, Licht: 0,140384,3,7,5,07,11,5,0,0,0,1,0,0,0,0
"POINT (8.774968179000041 53.077268996000043)",Unfall 140385 (2018) Kat:3, Licht: 0,140385,3,3,0,07,16,3,0,0,1,1,0,0,0,0
"POINT (8.895755339000061 53.051258602000075)",Unfall 140386 (2018) Kat:3, Licht: 0,140386,3,3,5,06,19,3,0,0,1,0,0,0,0,1
"POINT (8.953283015000068 53.095591795000075)",Unfall 140387 (2018) Kat:3, Licht: 0,140387,3,6,6,06,17,2,0,0,0,1,1,0,0,0
"POINT (8.714152416000047 53.180233126000076)",Unfall 140389 (2018) Kat:3, Licht: 0,140389,3,4,6,06,13,6,0,0,0,1,1,0,0,0
"POINT (8.838043130000074 53.081702343000075)",Unfall 140390 (2018) Kat:3, Licht: 0,140390,3,6,3,06,11,2,0,0,0,1,0,0,0,0
"POINT (8.795581088000063 53.075473638000062)",Unfall 140391 (2018) Kat:3, Licht: 0,140391,3,6,4,07,10,1,0,0,1,0,0,0,0,0
"POINT (8.791601510000021 53.075124843000026)",Unfall 140392 (2018) Kat:3, Licht: 0,140392,3,7,3,06,14,2,0,0,0,1,0,1,0,0
"POINT (8.877923644000020 53.079657222000037)",Unfall 140393 (2018) Kat:3, Licht: 0,140393,3,3,5,06,16,2,0,0,1,1,0,0,0,0
"POINT (8.807434565000051 53.094349415000067)",Unfall 140395 (2018) Kat:3, Licht: 0,140395,3,6,2,06,10,2,0,0,0,1,0,0,0,0
"POINT (8.933206513000073 53.066400732000034)",Unfall 140396 (2018) Kat:3, Licht: 0,140396,3,3,5,07,11,4,1,0,0,1,0,0,0,0
"POINT (8.814596746000063 53.091308507000065)",Unfall 140397 (2018) Kat:3, Licht: 0,140397,3,7,5,07,19,1,0,0,0,1,0,1,0,0
"POINT (8.888586091000036 53.082557580000071)",Unfall 140399 (2018) Kat:3, Licht: 0,140399,3,6,2,06,16,6,0,0,0,1,0,0,0,0
"POINT (8.858763111000030 53.072363354000061)",Unfall 140400 (2018) Kat:3, Licht: 0,140400,3,3,5,06,11,2,0,0,1,1,0,0,0,0
"POINT (8.787063272000069 53.100034213000072)",Unfall 140401 (2018) Kat:3, Licht: 0,140401,3,4,6,07,14,4,0,0,1,0,1,0,0,0
"POINT (8.641520985000057 53.176350220000074)",Unfall 140402 (2018) Kat:2, Licht: 0,140402,2,2,5,06,13,4,0,0,0,1,0,1,0,0
"POINT (8.798858379000023 53.105650671000035)",Unfall 140403 (2018) Kat:3, Licht: 0,140403,3,3,5,06,09,6,1,0,0,1,0,1,0,0
"POINT (8.877842297000029 53.039275053000040)",Unfall 140406 (2018) Kat:3, Licht: 0,140406,3,7,0,06,13,1,0,0,1,0,0,0,0,0
"POINT (8.787168589000032 53.073131542000056)",Unfall 140407 (2018) Kat:3, Licht: 0,140407,3,3,5,06,16,5,1,0,0,1,0,0,0,0
"POINT (8.740256384000077 53.054573050000045)",Unfall 140408 (2018) Kat:3, Licht: 2,140408,3,7,8,06,02,1,0,2,0,1,0,0,0,0
"POINT (8.846947059000058 53.048264740000036)",Unfall 140409 (2018) Kat:3, Licht: 0,140409,3,3,5,07,18,1,0,0,1,1,0,0,0,0
"POINT (8.837848049000058 53.076565252000080)",Unfall 140411 (2018) Kat:3, Licht: 0,140411,3,2,2,06,19,5,0,0,0,1,0,0,0,0
"POINT (8.736632721000035 53.045309745000054)",Unfall 140412 (2018) Kat:3, Licht: 0,140412,3,6,2,06,16,7,0,0,0,1,0,0,0,0
"POINT (8.703984250000076 53.172870804000070)",Unfall 140415 (2018) Kat:3, Licht: 0,140415,3,7,0,06,12,2,0,0,0,0,1,0,0,1
"POINT (8.758522686000049 53.056778409000060)",Unfall 140416 (2018) Kat:3, Licht: 0,140416,3,6,2,06,13,6,0,0,0,1,0,0,0,0
"POINT (8.753341729000056 53.120919732000061)",Unfall 140417 (2018) Kat:3, Licht: 0,140417,3,3,5,06,13,7,0,0,1,1,0,0,0,0