WKT,Name,OBJECTID,UKATEGORIE,UTYP1,UART,UMONAT,USTUNDE,UWOCHENTAG,STRZUSTAND,ULICHTVERH,ISTRAD,ISTPKW,ISTFUSS,ISTKRAD,ISTGKFZ,ISTSONSTIG
"POINT (8.755329302000064 53.113263971000038)",Unfall 140418 (2018) Kat:3, Licht: 0,140418,3,4,6,07,14,3,0,0,0,1,1,0,0,0
"POINT (8.783123801000045 53.075521958000081)",Unfall 140420 (2018) Kat:3, Licht: 0,140420,3,5,1,06,12,7,0,0,1,1,0,0,0,0
"POINT (8.853631620000044 53.064873382000030)",Unfall 140421 (2018) Kat:3, Licht: 0,140421,3,2,5,06,18,7,0,0,1,1,0,0,0,0
"POINT (8.776955544000032 53.063530806000074)",Unfall 140422 (2018) Kat:3, Licht: 0,140422,3,7,1,06,09,7,0,0,0,1,0,0,0,0
"POINT (8.849993289000054 53.112054340000043)",Unfall 140423 (2018) Kat:3, Licht: 0,140423,3,2,5,06,08,4,0,0,0,1,0,1,0,0
"POINT (8.565135537000060 53.186878665000052)",Unfall 140424 (2018) Kat:2, Licht: 2,140424,2,3,5,06,22,7,0,2,1,0,0,0,0,1
"POINT (8.876504314000044 53.081031828000050)",Unfall 140425 (2018) Kat:3, Licht: 0,140425,3,3,5,07,20,6,0,0,1,1,0,0,0,0
"POINT (8.729420469000047 53.039483787000052)",Unfall 140426 (2018) Kat:3, Licht: 0,140426,3,7,1,06,15,1,1,0,0,1,0,0,0,0
"POINT (8.711070248000056 53.168306428000051)",Unfall 140427 (2018) Kat:3, Licht: 0,140427,3,3,5,06,08,5,0,0,1,1,0,0,0,0
"POINT (8.853389186000072 53.064923813000064)",Unfall 140428 (2018) Kat:3, Licht: 0,140428,3,6,2,06,15,7,0,0,0,1,0,0,0,0
"POINT (8.737322341000038 53.051734520000082)",Unfall 140429 (2018) Kat:3, Licht: 0,140429,3,3,5,07,12,3,0,0,0,1,0,1,0,0
"POINT (8.929492566000022 53.059074530000032)",Unfall 140430 (2018) Kat:3, Licht: 0,140430,3,6,2,07,14,7,0,0,0,1,0,0,0,0
"POINT (8.851701105000075 53.095638142000041)",Unfall 140431 (2018) Kat:3, Licht: 0,140431,3,7,0,06,08,2,0,0,1,0,0,0,0,0
"POINT (8.776594477000060 53.097493311000051)",Unfall 140432 (2018) Kat:3, Licht: 0,140432,3,6,2,06,10,6,1,0,0,1,0,0,0,0
"POINT (8.778710926000031 53.094692015000078)",Unfall 140433 (2018) Kat:3, Licht: 0,140433,3,6,2,06,15,7,0,0,0,1,0,0,0,0
"POINT (8.874674404000075 53.101438429000041)",Unfall 140434 (2018) Kat:2, Licht: 0,140434,2,3,6,07,08,3,0,0,0,1,1,0,0,0
"POINT (8.836955459000023 53.099265527000057)",Unfall 140435 (2018) Kat:3, Licht: 0,140435,3,2,4,06,15,3,1,0,0,1,0,1,0,0
"POINT (8.844923404000042 53.066632505000030)",Unfall 140436 (2018) Kat:3, Licht: 0,140436,3,4,6,06,09,7,0,0,0,1,1,0,0,0
"POINT (8.712139248000028 53.145712351000043)",Unfall 140437 (2018) Kat:3, Licht: 0,140437,3,6,4,06,15,7,0,0,1,0,0,0,0,0
"POINT (8.869411074000027 53.067016676000037)",Unfall 140439 (2018) Kat:3, Licht: 0,140439,3,1,0,06,17,4,0,0,1,0,0,0,0,0
"POINT (8.856585559000052 53.071357940000041)",Unfall 140441 (2018) Kat:3, Licht: 0,140441,3,3,5,07,15,6,0,0,1,1,0,0,0,0
"POINT (8.711948115000041 53.091764457000068)",Unfall 140442 (2018) Kat:3, Licht: 2,140442,3,1,8,06,00,6,1,2,0,1,0,0,0,0
"POINT (8.819531898000037 53.080516949000071)",Unfall 140443 (2018) Kat:3, Licht: 0,140443,3,7,0,06,16,6,0,0,1,0,0,0,0,0
"POINT (8.756382334000023 53.118425560000048)",Unfall 140444 (2018) Kat:3, Licht: 0,140444,3,3,5,07,19,2,0,0,1,1,0,0,0,0
"POINT (8.910354932000075 53.078095988000030)",Unfall 140445 (2018) Kat:3, Licht: 0,140445,3,3,5,06,15,2,0,0,1,0,0,0,0,1
"POINT (8.859452999000041 53.088289003000057)",Unfall 140446 (2018) Kat:3, Licht: 0,140446,3,5,1,06,13,6,0,0,0,1,0,1,0,0
"POINT (8.809971564000023 53.095746610000049)",Unfall 140447 (2018) Kat:3, Licht: 0,140447,3,1,0,06,17,6,0,0,0,0,0,1,0,0
"POINT (8.804427610000062 53.075505934000034)",Unfall 140448 (2018) Kat:3, Licht: 0,140448,3,6,5,06,12,6,0,0,0,1,0,0,0,1
"POINT (8.893362984000021 53.082501304000061)",Unfall 140451 (2018) Kat:3, Licht: 0,140451,3,6,2,06,13,6,0,0,0,1,0,0,0,0
"POINT (8.844197780000059 53.075364880000052)",Unfall 140452 (2018) Kat:3, Licht: 2,140452,3,2,0,06,23,6,0,2,1,1,0,0,0,0
"POINT (8.900705570000071 53.120770948000029)",Unfall 140453 (2018) Kat:3, Licht: 0,140453,3,3,5,06,10,6,0,0,1,1,0,0,0,0
"POINT (8.925597913000047 53.073130568000067)",Unfall 140454 (2018) Kat:3, Licht: 0,140454,3,3,5,07,15,5,0,0,1,1,0,0,0,0
"POINT (8.788158871000064 53.098810691000040)",Unfall 140455 (2018) Kat:3, Licht: 0,140455,3,6,1,07,13,2,0,0,0,1,0,0,0,0
"POINT (8.855505611000069 53.081541525000034)",Unfall 140456 (2018) Kat:3, Licht: 0,140456,3,7,5,06,13,3,0,0,0,1,0,0,0,1
"POINT (8.838658030000033 53.082799845000068)",Unfall 140457 (2018) Kat:2, Licht: 0,140457,2,3,5,06,15,6,0,0,1,1,0,0,0,0
"POINT (8.849805855000057 53.050440890000061)",Unfall 140458 (2018) Kat:3, Licht: 0,140458,3,3,5,06,13,6,0,0,1,1,0,0,0,0
"POINT (8.771788104000052 53.078095645000076)",Unfall 140459 (2018) Kat:3, Licht: 0,140459,3,7,1,07,10,5,0,0,0,1,0,0,0,0
"POINT (8.790995011000064 53.072379290000072)",Unfall 140461 (2018) Kat:3, Licht: 0,140461,3,3,0,06,15,6,0,0,1,0,0,0,0,1
"POINT (8.785127696000075 53.088587963000066)",Unfall 140462 (2018) Kat:3, Licht: 0,140462,3,2,5,07,14,1,0,0,1,0,0,1,0,0
"POINT (8.794498001000022 53.117031617000066)",Unfall 140463 (2018) Kat:3, Licht: 2,140463,3,7,0,06,00,7,0,2,1,0,0,0,0,0
"POINT (8.941082332000065 53.067499688000055)",Unfall 140464 (2018) Kat:3, Licht: 0,140464,3,7,0,06,10,2,0,0,0,0,1,0,0,1
"POINT (8.773885324000048 53.095276618000071)",Unfall 140465 (2018) Kat:3, Licht: 0,140465,3,7,0,06,14,5,0,0,1,0,1,0,0,0
"POINT (8.811174574000063 53.076276856000050)",Unfall 140466 (2018) Kat:3, Licht: 0,140466,3,6,3,06,11,6,0,0,1,0,0,0,0,1
"POINT (8.798269601000072 53.055989879000037)",Unfall 140467 (2018) Kat:3, Licht: 1,140467,3,2,2,07,21,4,1,1,0,1,0,0,0,0
"POINT (8.738404242000058 53.055836249000038)",Unfall 140468 (2018) Kat:3, Licht: 0,140468,3,3,5,07,12,1,0,0,0,1,0,1,0,0
"POINT (8.883834674000070 53.040609570000072)",Unfall 140471 (2018) Kat:3, Licht: 0,140471,3,6,2,06,06,6,0,0,0,1,0,0,0,0
"POINT (8.940061494000076 53.067867214000046)",Unfall 140472 (2018) Kat:3, Licht: 0,140472,3,3,5,06,19,6,0,0,1,1,0,0,0,0
"POINT (8.567558186000042 53.194396781000080)",Unfall 140473 (2018) Kat:3, Licht: 0,140473,3,2,5,07,17,4,1,0,0,1,0,0,0,0
"POINT (8.783909037000058 53.067791313000043)",Unfall 140475 (2018) Kat:3, Licht: 0,140475,3,6,1,06,14,3,0,0,0,1,0,0,0,0
"POINT (8.796783278000021 53.066971433000049)",Unfall 140477 (2018) Kat:3, Licht: 0,140477,3,3,5,06,13,6,0,0,1,1,0,0,0,0
"POINT (8.914475851000077 53.059599974000037)",Unfall 140478 (2018) Kat:3, Licht: 0,140478,3,2,5,07,09,5,0,0,1,1,0,0,0,0
"POINT (8.867192962000047 53.062140029000034)",Unfall 140481 (2018) Kat:3, Licht: 0,140481,3,6,4,06,14,6,0,0,1,0,0,0,0,0
"POINT (8.656472696000037 53.175763710000069)",Unfall 140483 (2018) Kat:3, Licht: 0,140483,3,3,5,06,07,6,0,0,1,1,0,0,0,0
"POINT (8.805222251000032 53.073104467000064)",Unfall 140484 (2018) Kat:3, Licht: 0,140484,3,6,3,06,15,5,0,0,1,0,0,0,0,0
"POINT (8.814662702000021 53.042319109000061)",Unfall 140485 (2018) Kat:3, Licht: 0,140485,3,3,5,06,11,7,0,0,1,1,0,0,0,0
"POINT (8.925351284000044 53.059287742000038)",Unfall 140486 (2018) Kat:3, Licht: 0,140486,3,2,3,06,05,6,0,0,0,1,0,1,0,0
"POINT (8.700752038000076 53.167926996000062)",Unfall 140489 (2018) Kat:3, Licht: 0,140489,3,3,5,06,15,2,0,0,1,1,0,0,0,0
"POINT (8.918907156000046 53.092389548000028)",Unfall 140490 (2018) Kat:3, Licht: 0,140490,3,6,2,06,07,5,1,0,0,1,0,0,0,0
"POINT (8.871904957000027 53.086195397000040)",Unfall 140491 (2018) Kat:3, Licht: 2,140491,3,7,1,06,01,6,0,2,0,1,0,0,0,0
"POINT (8.825122865000026 53.084310300000027)",Unfall 140492 (2018) Kat:3, Licht: 0,140492,3,2,5,07,16,3,0,0,1,1,0,0,0,0
"POINT (8.799765936000028 53.079193246000045)",Unfall 140493 (2018) Kat:3, Licht: 0,140493,3,7,4,06,16,3,0,0,1,0,0,0,0,0
"POINT (8.801055109000060 53.064487998000061)",Unfall 140494 (2018) Kat:3, Licht: 2,140494,3,3,5,06,23,5,1,2,1,1,0,0,0,0
"POINT (8.853550725000048 53.064845717000026)",Unfall 140496 (2018) Kat:3, Licht: 0,140496,3,3,5,06,21,7,0,0,0,1,0,0,0,0
"POINT (8.868509391000032 53.069245366000075)",Unfall 140498 (2018) Kat:3, Licht: 0,140498,3,7,0,07,09,4,0,0,0,1,0,0,0,0
"POINT (8.870543666000060 53.098179180000045)",Unfall 140499 (2018) Kat:3, Licht: 0,140499,3,3,5,06,12,4,0,0,1,1,0,0,0,0
"POINT (8.846933475000071 53.048315680000030)",Unfall 140500 (2018) Kat:3, Licht: 0,140500,3,3,5,06,15,5,0,0,1,1,0,0,0,0
"POINT (8.800079437000022 53.070014098000058)",Unfall 140502 (2018) Kat:3, Licht: 0,140502,3,4,6,06,19,7,0,0,1,0,1,0,0,0
"POINT (8.774011474000076 53.080665138000029)",Unfall 140503 (2018) Kat:3, Licht: 0,140503,3,2,5,06,16,5,0,0,1,1,0,0,0,0
"POINT (8.734752990000061 53.081762748000074)",Unfall 140505 (2018) Kat:3, Licht: 0,140505,3,1,9,06,21,5,0,0,0,1,0,0,0,0
"POINT (8.845715217000077 53.033134732000065)",Unfall 140506 (2018) Kat:3, Licht: 0,140506,3,3,0,07,07,3,1,0,1,1,0,0,0,0
"POINT (8.860542635000059 53.049582181000062)",Unfall 140507 (2018) Kat:2, Licht: 0,140507,2,7,0,07,16,7,0,0,1,0,0,0,0,0
"POINT (8.845691054000042 53.030446992000066)",Unfall 140508 (2018) Kat:3, Licht: 0,140508,3,1,8,06,12,2,0,0,0,1,0,0,0,0
"POINT (8.791963403000068 53.082030869000050)",Unfall 140509 (2018) Kat:3, Licht: 0,140509,3,6,2,06,13,5,1,0,0,1,0,0,1,0
"POINT (8.788828789000036 53.104227642000069)",Unfall 140510 (2018) Kat:3, Licht: 0,140510,3,6,4,06,07,5,0,0,1,1,0,0,0,0
"POINT (8.731115857000077 53.054646999000056)",Unfall 140511 (2018) Kat:3, Licht: 0,140511,3,3,5,07,16,3,0,0,1,1,0,0,0,0
"POINT (8.916064867000046 53.071164798000041)",Unfall 140512 (2018) Kat:3, Licht: 0,140512,3,3,5,06,07,3,0,0,1,1,0,0,0,0
"POINT (8.803923183000052 53.072482052000055)",Unfall 140513 (2018) Kat:3, Licht: 0,140513,3,3,5,06,07,5,0,0,1,1,0,0,0,0
"POINT (8.910872262000055 53.039393856000061)",Unfall 140515 (2018) Kat:3, Licht: 0,140515,3,3,5,06,15,5,0,0,1,1,0,0,0,0
"POINT (8.915865604000032 53.059806060000028)",Unfall 140516 (2018) Kat:3, Licht: 0,140516,3,6,2,07,17,5,0,0,0,1,0,0,0,0
"POINT (8.557295245000034 53.184472322000033)",Unfall 140517 (2018) Kat:3, Licht: 0,140517,3,7,7,06,20,3,0,0,0,1,0,0,0,0
"POINT (8.838024643000040 53.067891507000070)",Unfall 140518 (2018) Kat:2, Licht: 0,140518,2,3,5,06,18,5,0,0,1,1,0,0,0,0
"POINT (8.788612873000034 53.070647675000032)",Unfall 140519 (2018) Kat:3, Licht: 0,140519,3,3,3,06,08,5,0,0,0,1,0,0,0,1
"POINT (8.899193185000058 53.120833749000042)",Unfall 140520 (2018) Kat:3, Licht: 0,140520,3,3,4,06,19,4,0,0,1,1,0,0,0,0
"POINT (8.789904920000026 53.086430496000048)",Unfall 140521 (2018) Kat:3, Licht: 0,140521,3,6,2,06,07,5,0,0,0,1,0,0,0,0
"POINT (8.772062071000050 53.094673073000081)",Unfall 140522 (2018) Kat:3, Licht: 0,140522,3,2,5,07,07,6,1,0,1,1,0,0,0,0
"POINT (8.722095401000047 53.158710011000039)",Unfall 140523 (2018) Kat:3, Licht: 0,140523,3,2,5,06,14,7,0,0,1,0,0,0,0,0
"POINT (8.860280124000042 53.102824858000076)",Unfall 140524 (2018) Kat:3, Licht: 0,140524,3,2,5,06,09,5,0,0,1,1,0,0,0,0
"POINT (8.800134096000022 53.091354098000068)",Unfall 140525 (2018) Kat:3, Licht: 0,140525,3,7,0,06,10,5,0,0,0,0,0,0,1,0
"POINT (8.799905727000066 53.094605790000060)",Unfall 140527 (2018) Kat:3, Licht: 0,140527,3,4,6,06,16,2,0,0,1,0,1,0,0,0
"POINT (8.765190467000025 53.083744034000063)",Unfall 140528 (2018) Kat:2, Licht: 0,140528,2,4,6,06,14,5,0,0,0,0,1,0,0,1
"POINT (8.888702272000046 53.058238618000075)",Unfall 140530 (2018) Kat:3, Licht: 0,140530,3,6,2,06,16,6,0,0,0,1,0,0,1,0
"POINT (8.748462084000039 53.085332823000044)",Unfall 140531 (2018) Kat:3, Licht: 0,140531,3,2,5,06,13,4,0,0,0,1,0,0,0,0
"POINT (8.884098768000058 53.109023473000036)",Unfall 140532 (2018) Kat:3, Licht: 0,140532,3,6,2,07,14,5,0,0,0,1,0,0,0,0
"POINT (8.895693178000045 53.033771041000080)",Unfall 140533 (2018) Kat:3, Licht: 0,140533,3,2,5,07,06,2,0,0,0,1,0,0,0,0
"POINT (8.717915451000067 53.056606022000040)",Unfall 140534 (2018) Kat:3, Licht: 0,140534,3,6,0,06,08,3,1,0,0,1,0,1,0,0
"POINT (8.872504878000029 53.100029703000075)",Unfall 140535 (2018) Kat:3, Licht: 0,140535,3,6,2,06,17,5,0,0,0,1,0,0,0,0
"POINT (8.802579704000038 53.082658424000044)",Unfall 140536 (2018) Kat:3, Licht: 0,140536,3,4,6,06,09,4,0,0,1,0,1,0,0,0
"POINT (8.800662421000027 53.079982754000071)",Unfall 140537 (2018) Kat:3, Licht: 0,140537,3,4,6,07,10,5,0,0,0,1,1,0,0,0
"POINT (8.804415224000024 53.080755521000071)",Unfall 140538 (2018) Kat:3, Licht: 0,140538,3,1,7,06,11,5,1,0,0,0,0,1,0,0
"POINT (8.785774179000043 53.102775444000031)",Unfall 140539 (2018) Kat:3, Licht: 0,140539,3,2,5,06,13,4,0,0,1,1,0,0,0,0
"POINT (8.738974440000050 53.135094527000035)",Unfall 140540 (2018) Kat:2, Licht: 0,140540,2,1,8,07,20,1,0,0,0,1,0,0,0,0
"POINT (8.849987484000053 53.074174680000056)",Unfall 140541 (2018) Kat:3, Licht: 0,140541,3,7,0,07,15,6,0,0,0,1,0,0,0,0
"POINT (8.832390001000022 53.086161824000044)",Unfall 140542 (2018) Kat:3, Licht: 0,140542,3,7,0,06,09,4,0,0,1,0,0,0,0,0
"POINT (8.619383646000074 53.184069815000043)",Unfall 140543 (2018) Kat:3, Licht: 0,140543,3,2,3,07,11,2,0,0,1,0,0,0,1,0
"POINT (8.781589005000058 53.100982809000072)",Unfall 140544 (2018) Kat:2, Licht: 0,140544,2,2,5,06,18,2,1,0,1,1,0,0,0,0
"POINT (8.800177096000027 53.069994634000068)",Unfall 140545 (2018) Kat:3, Licht: 0,140545,3,2,5,06,07,4,0,0,1,1,0,0,0,0
"POINT (8.819470297000066 53.048613782000075)",Unfall 140546 (2018) Kat:2, Licht: 0,140546,2,2,5,06,08,6,0,0,1,0,0,0,1,0
"POINT (8.847161999000036 53.086993732000053)",Unfall 140547 (2018) Kat:3, Licht: 0,140547,3,2,5,06,16,4,0,0,1,1,0,0,0,0
"POINT (8.959599025000046 53.039626602000055)",Unfall 140548 (2018) Kat:3, Licht: 0,140548,3,7,1,07,09,4,1,0,0,1,0,0,0,0
"POINT (8.864165823000064 53.068901700000026)",Unfall 140549 (2018) Kat:3, Licht: 0,140549,3,7,0,07,14,1,0,0,1,0,0,0,0,0
"POINT (8.854441201000043 53.066983353000069)",Unfall 140551 (2018) Kat:3, Licht: 0,140551,3,4,6,06,12,4,0,0,0,1,1,0,0,0
"POINT (8.878432388000022 53.079120571000033)",Unfall 140553 (2018) Kat:3, Licht: 0,140553,3,4,6,06,14,4,0,0,0,1,1,0,0,0
"POINT (8.760445155000070 53.048889421000069)",Unfall 140554 (2018) Kat:3, Licht: 0,140554,3,6,4,06,07,4,0,0,0,1,0,1,0,0
"POINT (8.638126209000063 53.173254923000059)",Unfall 140556 (2018) Kat:3, Licht: 0,140556,3,2,5,06,13,4,0,0,1,1,0,0,0,0
"POINT (8.776530032000039 53.079497293000031)",Unfall 140557 (2018) Kat:3, Licht: 2,140557,3,1,8,06,02,5,0,2,0,1,0,0,0,0
"POINT (8.813440572000047 53.099446472000068)",Unfall 140559 (2018) Kat:3, Licht: 0,140559,3,7,6,07,13,3,0,0,1,0,1,0,0,0
"POINT (8.765220278000072 53.112824664000073)",Unfall 140560 (2018) Kat:3, Licht: 0,140560,3,4,6,07,12,7,0,0,0,1,1,0,0,0
"POINT (8.807831352000051 53.077861738000081)",Unfall 140561 (2018) Kat:3, Licht: 0,140561,3,6,3,06,12,1,0,0,0,1,0,0,0,1
"POINT (8.813910906000047 53.033015624000029)",Unfall 140562 (2018) Kat:3, Licht: 0,140562,3,2,0,06,13,5,0,0,1,0,1,0,0,0
"POINT (8.761327805000065 53.059479180000039)",Unfall 140565 (2018) Kat:3, Licht: 0,140565,3,6,4,07,07,1,0,0,1,0,0,0,0,0
"POINT (8.904464052000037 53.078505263000068)",Unfall 140567 (2018) Kat:3, Licht: 0,140567,3,3,5,06,10,3,0,0,1,1,0,0,0,0
"POINT (8.880520419000050 53.084724668000035)",Unfall 140569 (2018) Kat:3, Licht: 0,140569,3,4,6,06,17,4,0,0,0,1,1,0,0,0
"POINT (8.941643220000060 53.060417917000052)",Unfall 140570 (2018) Kat:3, Licht: 0,140570,3,3,5,06,08,3,0,0,1,1,0,0,0,0
"POINT (8.760167798000055 53.110095150000063)",Unfall 140571 (2018) Kat:3, Licht: 0,140571,3,4,6,06,15,7,0,0,0,1,1,0,0,0
"POINT (8.896110522000072 53.048314302000051)",Unfall 140572 (2018) Kat:3, Licht: 0,140572,3,1,0,06,08,3,0,0,0,0,0,1,0,0
"POINT (8.806814257000042 53.060467950000032)",Unfall 140573 (2018) Kat:3, Licht: 0,140573,3,2,3,06,15,4,0,0,1,1,0,0,0,0
"POINT (8.800677937000046 53.078676450000046)",Unfall 140574 (2018) Kat:3, Licht: 2,140574,3,6,3,06,23,3,0,2,0,1,0,1,0,0
"POINT (8.734733250000033 53.055811908000067)",Unfall 140575 (2018) Kat:3, Licht: 0,140575,3,7,5,07,18,7,0,0,1,1,0,0,0,0
"POINT (8.826905991000047 53.083330275000037)",Unfall 140576 (2018) Kat:3, Licht: 2,140576,3,3,3,06,22,1,1,2,0,1,0,1,0,0
"POINT (8.808396555000059 53.088019833000033)",Unfall 140577 (2018) Kat:3, Licht: 0,140577,3,6,3,06,11,3,0,0,1,0,0,0,0,0
"POINT (8.789774347000048 53.096945764000054)",Unfall 140578 (2018) Kat:3, Licht: 0,140578,3,3,5,06,18,7,0,0,0,1,0,0,0,1
"POINT (8.959080116000052 53.047124794000069)",Unfall 140581 (2018) Kat:3, Licht: 0,140581,3,2,1,06,20,2,0,0,1,0,0,0,0,0
"POINT (8.871906209000031 53.091492522000067)",Unfall 140582 (2018) Kat:3, Licht: 0,140582,3,7,1,06,17,3,0,0,0,1,1,0,0,0
"POINT (8.579347628000051 53.210703378000062)",Unfall 140583 (2018) Kat:3, Licht: 0,140583,3,3,5,07,15,3,0,0,0,1,0,0,0,0
"POINT (8.829545734000021 53.071907478000071)",Unfall 140584 (2018) Kat:3, Licht: 0,140584,3,3,5,06,17,3,0,0,1,1,0,0,0,0
"POINT (8.572289331000036 53.195676875000061)",Unfall 140585 (2018) Kat:3, Licht: 0,140585,3,7,0,06,12,3,0,0,1,0,0,0,0,0
"POINT (8.808478185000070 53.081191304000072)",Unfall 140586 (2018) Kat:3, Licht: 2,140586,3,4,6,06,23,7,0,2,0,1,1,0,0,0
"POINT (8.791246495000053 53.091528790000041)",Unfall 140587 (2018) Kat:3, Licht: 0,140587,3,3,5,06,14,3,0,0,1,0,0,0,1,0
"POINT (8.854614882000021 53.080963357000030)",Unfall 140588 (2018) Kat:3, Licht: 0,140588,3,7,6,06,09,4,0,0,1,1,1,0,0,0
"POINT (8.754536264000024 53.119281651000051)",Unfall 140589 (2018) Kat:3, Licht: 0,140589,3,3,5,06,16,3,0,0,1,1,0,0,0,0
"POINT (8.856426821000071 53.088890298000081)",Unfall 140590 (2018) Kat:3, Licht: 0,140590,3,6,2,07,12,6,0,0,0,1,0,0,0,0
"POINT (8.831436507000035 53.030295016000082)",Unfall 140591 (2018) Kat:3, Licht: 0,140591,3,7,1,06,12,3,0,0,0,1,0,0,0,0
"POINT (8.830457398000021 53.085677975000067)",Unfall 140592 (2018) Kat:3, Licht: 0,140592,3,7,0,07,20,2,0,0,1,0,0,0,0,0
"POINT (8.870681797000032 53.095898341000066)",Unfall 140593 (2018) Kat:3, Licht: 0,140593,3,7,2,06,20,2,0,0,0,0,0,1,0,1
"POINT (8.949854754000057 53.057962689000078)",Unfall 140594 (2018) Kat:3, Licht: 0,140594,3,6,3,06,19,3,0,0,0,1,0,0,0,0
"POINT (8.769503590000056 53.110354234000056)",Unfall 140596 (2018) Kat:3, Licht: 0,140596,3,6,2,06,13,6,0,0,0,1,0,0,0,0
"POINT (8.649279643000057 53.172167592000051)",Unfall 140597 (2018) Kat:3, Licht: 0,140597,3,6,4,07,16,4,1,0,0,1,0,0,0,0
"POINT (8.872318842000027 53.077420575000076)",Unfall 140598 (2018) Kat:3, Licht: 0,140598,3,3,5,07,16,2,0,0,1,1,0,0,0,0
"POINT (8.880479121000064 53.059824623000054)",Unfall 140599 (2018) Kat:3, Licht: 0,140599,3,6,0,08,20,3,0,0,1,0,1,0,0,0
"POINT (8.796285148000038 53.086223099000051)",Unfall 140600 (2018) Kat:3, Licht: 0,140600,3,6,2,08,15,5,0,0,0,1,0,0,0,0
"POINT (8.807177477000039 53.074090647000048)",Unfall 140601 (2018) Kat:3, Licht: 0,140601,3,6,4,08,19,7,0,0,1,0,0,0,0,0
"POINT (8.800508109000020 53.070963869000082)",Unfall 140602 (2018) Kat:3, Licht: 0,140602,3,6,3,08,17,5,0,0,0,1,0,1,0,0
"POINT (8.704149904000076 53.161048553000057)",Unfall 140603 (2018) Kat:3, Licht: 0,140603,3,7,0,08,17,5,0,0,0,0,0,0,0,1
"POINT (8.952498421000030 53.093254359000071)",Unfall 140604 (2018) Kat:3, Licht: 0,140604,3,6,4,08,11,4,0,0,1,1,0,0,0,0
"POINT (8.796881915000029 53.100001283000040)",Unfall 140605 (2018) Kat:3, Licht: 0,140605,3,6,3,08,09,5,0,0,0,1,0,1,0,0
"POINT (8.741937032000067 53.127946986000040)",Unfall 140606 (2018) Kat:3, Licht: 0,140606,3,7,1,08,16,6,0,0,1,1,0,0,0,0
"POINT (8.924568918000034 53.044089847000066)",Unfall 140607 (2018) Kat:2, Licht: 0,140607,2,3,5,08,18,6,0,0,1,1,0,0,0,0
"POINT (8.891972630000055 53.048027328000046)",Unfall 140608 (2018) Kat:3, Licht: 0,140608,3,6,2,08,16,2,1,0,0,1,0,0,0,0
"POINT (8.806866414000069 53.081972703000076)",Unfall 140609 (2018) Kat:3, Licht: 0,140609,3,3,0,08,13,5,0,0,1,1,0,0,0,0
"POINT (8.871018132000074 53.087416851000057)",Unfall 140610 (2018) Kat:3, Licht: 0,140610,3,3,5,08,17,3,0,0,1,1,0,0,0,0
"POINT (8.899955478000038 53.123510966000026)",Unfall 140611 (2018) Kat:2, Licht: 0,140611,2,7,6,08,11,7,1,0,0,1,1,0,0,0
"POINT (8.776761444000044 53.106052648000059)",Unfall 140612 (2018) Kat:2, Licht: 0,140612,2,3,5,08,14,5,0,0,1,1,0,0,0,0
"POINT (8.768712288000074 53.102954708000027)",Unfall 140614 (2018) Kat:3, Licht: 0,140614,3,1,0,08,08,5,0,0,1,0,0,0,0,0
"POINT (8.764701544000047 53.123822144000030)",Unfall 140615 (2018) Kat:3, Licht: 0,140615,3,4,6,08,15,5,0,0,0,1,1,0,0,0
"POINT (8.586625118000029 53.176998516000026)",Unfall 140616 (2018) Kat:3, Licht: 0,140616,3,2,5,08,14,3,0,0,0,1,0,0,0,1
"POINT (8.898549400000036 53.119926064000026)",Unfall 140617 (2018) Kat:3, Licht: 0,140617,3,3,5,08,07,4,0,0,1,1,0,0,0,0
"POINT (8.756170653000027 53.125223602000062)",Unfall 140618 (2018) Kat:3, Licht: 0,140618,3,7,6,08,11,5,0,0,1,0,1,0,0,0
"POINT (8.808367147000070 53.083023776000061)",Unfall 140619 (2018) Kat:3, Licht: 0,140619,3,2,5,08,16,5,0,0,1,1,0,0,0,0
"POINT (8.823124279000069 53.079445479000071)",Unfall 140620 (2018) Kat:3, Licht: 0,140620,3,3,5,08,17,5,0,0,1,0,0,0,0,0
"POINT (8.751244896000060 53.110932882000043)",Unfall 140621 (2018) Kat:3, Licht: 0,140621,3,3,5,08,12,5,0,0,0,1,0,1,0,0
"POINT (8.820807311000067 53.051245421000033)",Unfall 140622 (2018) Kat:3, Licht: 0,140622,3,2,5,08,13,3,1,0,0,1,0,0,0,0
"POINT (8.749757267000064 53.124017548000040)",Unfall 140625 (2018) Kat:3, Licht: 2,140625,3,6,2,08,22,6,0,2,0,1,0,0,0,0
"POINT (8.727784874000065 53.077761982000027)",Unfall 140626 (2018) Kat:3, Licht: 0,140626,3,6,4,08,16,2,0,0,0,1,0,0,1,0
"POINT (8.740496636000046 53.137591948000079)",Unfall 140628 (2018) Kat:3, Licht: 0,140628,3,3,5,08,18,2,0,0,1,1,0,0,0,0
"POINT (8.799209516000076 53.069550115000027)",Unfall 140630 (2018) Kat:3, Licht: 0,140630,3,7,0,08,07,3,0,0,1,0,0,0,0,0
"POINT (8.663794630000041 53.175436529000081)",Unfall 140631 (2018) Kat:3, Licht: 0,140631,3,2,5,08,11,6,0,0,1,1,0,0,0,0
"POINT (8.854074838000031 53.030555029000027)",Unfall 140632 (2018) Kat:3, Licht: 0,140632,3,3,5,08,09,4,0,0,0,1,0,0,0,0
"POINT (8.790403511000022 53.092161796000028)",Unfall 140633 (2018) Kat:3, Licht: 0,140633,3,3,5,08,08,5,0,0,1,1,0,0,0,0