WKT,Name,OBJECTID,UKATEGORIE,UTYP1,UART,UMONAT,USTUNDE,UWOCHENTAG,STRZUSTAND,ULICHTVERH,ISTRAD,ISTPKW,ISTFUSS,ISTKRAD,ISTGKFZ,ISTSONSTIG
"POINT (8.577966690000039 53.181598245000032)",Unfall 140634 (2018) Kat:2, Licht: 0,140634,2,4,6,08,14,4,0,0,1,0,1,0,0,0
"POINT (8.806105631000037 53.073300388000064)",Unfall 140635 (2018) Kat:2, Licht: 0,140635,2,2,5,08,17,4,0,0,1,0,0,0,0,0
"POINT (8.781934453000076 53.097473779000040)",Unfall 140636 (2018) Kat:3, Licht: 0,140636,3,5,1,08,13,2,0,0,1,1,0,0,0,0
"POINT (8.778368264000051 53.076234897000063)",Unfall 140637 (2018) Kat:3, Licht: 0,140637,3,7,1,08,16,4,0,0,1,1,0,0,0,0
"POINT (8.803438615000061 53.080255020000038)",Unfall 140638 (2018) Kat:3, Licht: 0,140638,3,2,3,08,09,4,0,0,1,0,0,0,0,1
"POINT (8.887388274000045 53.109285875000069)",Unfall 140640 (2018) Kat:3, Licht: 1,140640,3,6,2,08,20,5,1,1,0,1,0,0,0,0
"POINT (8.951599080000051 53.057866176000061)",Unfall 140641 (2018) Kat:2, Licht: 0,140641,2,2,3,08,16,4,0,0,1,0,0,0,0,1
"POINT (8.790427076000071 53.082788527000048)",Unfall 140642 (2018) Kat:3, Licht: 0,140642,3,3,4,08,17,2,0,0,1,0,0,0,0,0
"POINT (8.783917788000053 53.065724105000072)",Unfall 140643 (2018) Kat:3, Licht: 1,140643,3,3,5,08,05,4,0,1,1,1,0,0,0,0
"POINT (8.817700923000075 53.028351122000061)",Unfall 140644 (2018) Kat:3, Licht: 0,140644,3,7,0,08,07,4,0,0,1,0,0,0,0,1
"POINT (8.776669057000049 53.097552068000027)",Unfall 140645 (2018) Kat:3, Licht: 0,140645,3,3,5,08,07,2,0,0,1,1,0,0,0,0
"POINT (8.874160360000076 53.066857170000048)",Unfall 140646 (2018) Kat:2, Licht: 0,140646,2,2,5,08,07,4,0,0,1,1,0,0,0,0
"POINT (8.891690937000021 53.084244213000034)",Unfall 140647 (2018) Kat:3, Licht: 0,140647,3,3,5,08,08,5,0,0,1,1,0,0,0,0
"POINT (8.783909037000058 53.067791313000043)",Unfall 140648 (2018) Kat:3, Licht: 0,140648,3,6,2,08,12,4,0,0,0,1,0,0,0,1
"POINT (8.562281538000036 53.192234093000081)",Unfall 140649 (2018) Kat:3, Licht: 0,140649,3,3,5,08,11,4,0,0,0,1,0,0,0,1
"POINT (8.729295038000032 53.046528668000064)",Unfall 140651 (2018) Kat:3, Licht: 0,140651,3,3,6,08,07,3,0,0,0,1,1,0,0,0
"POINT (8.818960581000056 53.077884028000028)",Unfall 140652 (2018) Kat:3, Licht: 0,140652,3,3,5,08,12,4,0,0,1,1,0,0,0,0
"POINT (8.808430658000077 53.075184080000042)",Unfall 140653 (2018) Kat:3, Licht: 0,140653,3,1,0,08,16,4,0,0,1,0,0,0,0,0
"POINT (8.865394886000047 53.071675833000029)",Unfall 140654 (2018) Kat:3, Licht: 0,140654,3,6,2,08,11,4,0,0,0,1,0,0,0,0
"POINT (8.890278919000025 53.114945686000056)",Unfall 140655 (2018) Kat:3, Licht: 0,140655,3,2,5,08,08,4,0,0,1,1,0,0,0,0
"POINT (8.812402493000036 53.086037741000041)",Unfall 140656 (2018) Kat:3, Licht: 0,140656,3,2,5,08,17,1,0,0,1,1,0,0,0,0
"POINT (8.796689002000051 53.082548171000042)",Unfall 140657 (2018) Kat:3, Licht: 0,140657,3,2,5,08,17,4,0,0,1,1,0,0,0,0
"POINT (8.891540202000044 53.060915524000052)",Unfall 140658 (2018) Kat:3, Licht: 0,140658,3,2,0,08,17,4,0,0,0,0,0,1,0,0
"POINT (8.831644932000074 53.081123894000029)",Unfall 140659 (2018) Kat:3, Licht: 0,140659,3,7,1,08,17,4,0,0,1,0,0,0,0,0
"POINT (8.608501739000076 53.175899345000062)",Unfall 140660 (2018) Kat:3, Licht: 0,140660,3,6,2,08,08,6,0,0,0,1,0,0,0,0
"POINT (8.751750497000046 53.163913601000047)",Unfall 140662 (2018) Kat:3, Licht: 0,140662,3,2,5,08,18,4,0,0,1,1,0,0,0,0
"POINT (8.619345698000075 53.182968664000043)",Unfall 140663 (2018) Kat:3, Licht: 0,140663,3,3,5,07,07,3,0,0,1,1,0,0,0,0
"POINT (8.825122865000026 53.084310300000027)",Unfall 140664 (2018) Kat:3, Licht: 0,140664,3,3,5,08,06,7,1,0,1,1,0,0,0,0
"POINT (8.795005038000056 53.084626336000042)",Unfall 140665 (2018) Kat:3, Licht: 0,140665,3,2,3,08,16,3,0,0,1,1,0,0,0,0
"POINT (8.946563928000046 53.050035043000037)",Unfall 140666 (2018) Kat:2, Licht: 0,140666,2,7,0,07,13,3,0,0,0,0,0,0,1,0
"POINT (8.824064855000074 53.079228079000075)",Unfall 140667 (2018) Kat:3, Licht: 0,140667,3,7,0,08,09,4,0,0,0,0,0,1,0,0
"POINT (8.801684034000061 53.094582087000049)",Unfall 140668 (2018) Kat:2, Licht: 0,140668,2,6,3,08,14,1,0,0,1,1,0,0,0,0
"POINT (8.775253958000064 53.070459757000037)",Unfall 140669 (2018) Kat:3, Licht: 0,140669,3,7,0,08,09,3,0,0,1,1,0,0,0,0
"POINT (8.833347659000026 53.081729477000067)",Unfall 140670 (2018) Kat:3, Licht: 0,140670,3,6,2,08,14,2,0,0,0,1,0,0,0,0
"POINT (8.705675937000024 53.174125598000046)",Unfall 140671 (2018) Kat:3, Licht: 0,140671,3,6,2,07,13,3,0,0,1,0,0,0,0,0
"POINT (8.737107460000061 53.128774055000065)",Unfall 140672 (2018) Kat:3, Licht: 2,140672,3,7,1,08,01,7,0,2,1,1,0,0,0,0
"POINT (8.927739705000022 53.072518377000051)",Unfall 140673 (2018) Kat:3, Licht: 0,140673,3,3,5,07,20,3,0,0,1,1,0,0,0,0
"POINT (8.876473559000033 53.101334021000071)",Unfall 140674 (2018) Kat:3, Licht: 0,140674,3,4,6,07,10,3,0,0,0,1,1,0,0,0
"POINT (8.704679386000066 53.154709362000062)",Unfall 140675 (2018) Kat:3, Licht: 0,140675,3,3,5,08,12,4,0,0,1,1,0,0,0,0
"POINT (8.804618228000038 53.085793178000074)",Unfall 140676 (2018) Kat:3, Licht: 0,140676,3,3,5,07,18,3,0,0,1,1,0,0,0,0
"POINT (8.807318406000036 53.073953486000050)",Unfall 140677 (2018) Kat:3, Licht: 0,140677,3,3,5,08,13,6,0,0,1,0,1,0,0,0
"POINT (8.856348191000052 53.082291895000026)",Unfall 140678 (2018) Kat:2, Licht: 0,140678,2,3,5,08,12,2,0,0,1,1,0,0,0,0
"POINT (8.867391271000031 53.063385829000026)",Unfall 140679 (2018) Kat:3, Licht: 2,140679,3,4,6,08,22,6,0,2,0,0,1,0,0,1
"POINT (8.821919540000067 53.085692617000063)",Unfall 140681 (2018) Kat:3, Licht: 0,140681,3,6,4,07,18,3,0,0,0,1,0,0,0,0
"POINT (8.848685874000069 53.051683549000074)",Unfall 140682 (2018) Kat:3, Licht: 0,140682,3,6,2,08,15,3,0,0,0,1,0,0,0,0
"POINT (8.889382269000066 53.120049719000065)",Unfall 140684 (2018) Kat:2, Licht: 0,140684,2,5,1,07,15,2,0,0,1,1,0,0,0,0
"POINT (8.769445113000074 53.110662786000034)",Unfall 140685 (2018) Kat:3, Licht: 0,140685,3,3,5,08,14,5,0,0,1,1,0,0,0,0
"POINT (8.963396745000068 53.057384861000060)",Unfall 140686 (2018) Kat:3, Licht: 0,140686,3,6,2,08,09,2,1,0,0,1,0,0,0,0
"POINT (8.817494594000038 53.095884599000044)",Unfall 140687 (2018) Kat:3, Licht: 0,140687,3,7,1,07,14,2,0,0,1,1,0,0,0,0
"POINT (8.900821545000042 53.041813825000077)",Unfall 140688 (2018) Kat:3, Licht: 0,140688,3,4,6,08,13,3,0,0,1,0,1,0,0,0
"POINT (8.855652565000071 53.103543255000034)",Unfall 140689 (2018) Kat:3, Licht: 0,140689,3,2,3,08,11,3,0,0,0,1,0,0,0,1
"POINT (8.832046816000059 53.077554934000034)",Unfall 140690 (2018) Kat:3, Licht: 0,140690,3,3,5,08,13,7,1,0,1,1,0,0,0,0
"POINT (8.830170508000037 53.085606291000033)",Unfall 140691 (2018) Kat:3, Licht: 0,140691,3,2,4,07,11,2,0,0,1,1,0,0,0,0
"POINT (8.843201517000068 53.068946878000077)",Unfall 140692 (2018) Kat:3, Licht: 2,140692,3,5,1,08,21,6,0,2,1,1,0,0,0,0
"POINT (8.786308792000057 53.057298494000065)",Unfall 140693 (2018) Kat:3, Licht: 0,140693,3,2,5,07,06,2,0,0,1,1,0,0,0,0
"POINT (8.844065372000046 53.071961237000039)",Unfall 140694 (2018) Kat:3, Licht: 0,140694,3,7,1,07,15,2,0,0,1,1,0,0,0,0
"POINT (8.809526689000052 53.072024456000065)",Unfall 140695 (2018) Kat:3, Licht: 0,140695,3,3,3,08,11,3,0,0,0,1,0,0,0,0
"POINT (8.865895118000026 53.070428215000049)",Unfall 140697 (2018) Kat:2, Licht: 0,140697,2,6,3,07,12,2,0,0,0,1,0,1,0,0
"POINT (8.808967465000023 53.072158198000068)",Unfall 140698 (2018) Kat:3, Licht: 0,140698,3,7,0,08,13,6,0,0,1,0,0,0,0,0
"POINT (8.821414025000024 53.047832556000060)",Unfall 140699 (2018) Kat:3, Licht: 0,140699,3,3,5,08,17,2,0,0,0,1,0,1,0,0
"POINT (8.783382867000057 53.103926185000034)",Unfall 140700 (2018) Kat:3, Licht: 0,140700,3,5,1,08,19,5,1,0,0,1,0,1,0,0
"POINT (8.824952920000044 53.084191975000067)",Unfall 140701 (2018) Kat:3, Licht: 0,140701,3,3,5,07,17,2,0,0,1,1,0,0,0,0
"POINT (8.855941581000025 53.103490682000029)",Unfall 140702 (2018) Kat:3, Licht: 0,140702,3,3,5,08,18,3,0,0,1,0,0,0,0,1
"POINT (8.782219700000042 53.075607051000077)",Unfall 140703 (2018) Kat:3, Licht: 2,140703,3,3,5,08,04,6,0,2,0,1,0,0,0,0
"POINT (8.950653224000064 53.060110726000062)",Unfall 140704 (2018) Kat:3, Licht: 0,140704,3,3,5,07,17,2,0,0,1,1,0,0,0,0
"POINT (8.778042909000021 53.062073717000033)",Unfall 140705 (2018) Kat:3, Licht: 0,140705,3,3,5,08,14,5,0,0,1,1,0,0,0,0
"POINT (8.811349421000045 53.081494666000026)",Unfall 140707 (2018) Kat:3, Licht: 0,140707,3,4,6,07,20,1,0,0,0,0,1,0,0,1
"POINT (8.827741121000031 53.072540019000030)",Unfall 140708 (2018) Kat:3, Licht: 0,140708,3,7,0,08,12,2,0,0,0,0,0,0,0,1
"POINT (8.801270971000065 53.071518224000044)",Unfall 140709 (2018) Kat:3, Licht: 0,140709,3,3,5,08,17,4,0,0,1,1,0,0,0,0
"POINT (8.760548726000025 53.122864677000052)",Unfall 140710 (2018) Kat:3, Licht: 0,140710,3,3,5,07,17,1,0,0,1,1,0,0,0,0
"POINT (8.510433049000028 53.215508986000032)",Unfall 140712 (2018) Kat:3, Licht: 0,140712,3,1,8,07,18,7,1,0,0,1,0,0,0,0
"POINT (8.809235904000047 53.077935641000067)",Unfall 140713 (2018) Kat:3, Licht: 2,140713,3,4,6,08,16,3,0,2,1,0,1,0,0,0
"POINT (8.886603076000029 53.100501656000063)",Unfall 140714 (2018) Kat:3, Licht: 2,140714,3,7,1,08,01,4,0,2,1,1,0,0,0,0
"POINT (8.566868522000050 53.194073712000034)",Unfall 140715 (2018) Kat:3, Licht: 0,140715,3,6,2,07,18,7,1,0,0,1,0,0,0,0
"POINT (8.805135300000075 53.095533019000072)",Unfall 140716 (2018) Kat:3, Licht: 0,140716,3,1,1,08,13,5,0,0,1,1,0,0,0,0
"POINT (8.824479892000056 53.084451626000032)",Unfall 140717 (2018) Kat:3, Licht: 0,140717,3,3,5,08,16,5,0,0,0,1,0,0,0,0
"POINT (8.827130714000020 53.079576685000063)",Unfall 140718 (2018) Kat:2, Licht: 2,140718,2,7,7,07,02,7,0,2,1,0,1,0,0,0
"POINT (8.822167094000065 53.041050275000032)",Unfall 140719 (2018) Kat:3, Licht: 0,140719,3,3,5,08,11,2,0,0,0,1,0,0,0,0
"POINT (8.895030995000070 53.055496027000061)",Unfall 140721 (2018) Kat:3, Licht: 0,140721,3,4,6,08,19,5,0,0,0,1,1,0,0,0
"POINT (8.886469834000025 53.100363135000066)",Unfall 140724 (2018) Kat:3, Licht: 0,140724,3,7,0,08,11,1,0,0,1,0,0,0,0,1
"POINT (8.667591636000054 53.175134384000046)",Unfall 140725 (2018) Kat:3, Licht: 0,140725,3,7,0,08,15,7,0,0,1,0,0,0,0,0
"POINT (8.685811875000070 53.173842822000040)",Unfall 140727 (2018) Kat:3, Licht: 0,140727,3,2,5,08,09,3,0,0,1,1,0,0,0,0
"POINT (8.864670574000058 53.095099675000029)",Unfall 140728 (2018) Kat:3, Licht: 0,140728,3,3,5,07,15,6,0,0,1,1,0,0,0,0
"POINT (8.825131438000028 53.084335367000051)",Unfall 140729 (2018) Kat:3, Licht: 0,140729,3,2,5,08,19,4,0,0,1,1,0,0,0,0
"POINT (8.795890246000056 53.065146550000065)",Unfall 140730 (2018) Kat:2, Licht: 0,140730,2,7,1,08,13,2,1,0,1,1,0,0,0,0
"POINT (8.808567361000030 53.082926969000027)",Unfall 140732 (2018) Kat:3, Licht: 0,140732,3,2,0,07,14,6,0,0,0,1,0,0,0,1
"POINT (8.772516281000037 53.077825815000040)",Unfall 140734 (2018) Kat:3, Licht: 0,140734,3,2,3,08,13,4,0,0,0,1,0,1,0,0
"POINT (8.952886284000044 53.057792597000059)",Unfall 140735 (2018) Kat:3, Licht: 0,140735,3,6,2,08,20,5,1,0,0,1,0,0,0,0
"POINT (8.952537616000029 53.068697067000073)",Unfall 140736 (2018) Kat:3, Licht: 2,140736,3,7,0,07,22,6,0,2,0,1,0,0,0,0
"POINT (8.578924255000061 53.183660968000027)",Unfall 140737 (2018) Kat:2, Licht: 0,140737,2,1,0,08,09,2,1,0,0,0,0,1,0,0
"POINT (8.851939691000041 53.073019474000034)",Unfall 140738 (2018) Kat:3, Licht: 0,140738,3,1,0,07,12,6,0,0,1,0,0,0,0,0
"POINT (8.572508918000040 53.183962515000076)",Unfall 140740 (2018) Kat:3, Licht: 0,140740,3,2,5,07,11,6,0,0,1,1,0,0,0,0
"POINT (8.758568383000068 53.115769493000073)",Unfall 140742 (2018) Kat:3, Licht: 0,140742,3,1,0,08,08,7,0,0,0,1,0,0,0,0
"POINT (8.618227754000031 53.174478651000072)",Unfall 140743 (2018) Kat:3, Licht: 0,140743,3,7,0,08,12,7,0,0,0,0,0,0,0,1
"POINT (8.788544559000059 53.077075458000081)",Unfall 140746 (2018) Kat:3, Licht: 0,140746,3,6,2,08,13,4,0,0,0,1,0,0,0,0
"POINT (8.809311183000034 53.083457756000030)",Unfall 140747 (2018) Kat:3, Licht: 0,140747,3,6,3,08,17,1,0,0,0,1,0,1,0,0
"POINT (8.796063333000063 53.083896942000081)",Unfall 140748 (2018) Kat:3, Licht: 0,140748,3,6,1,08,14,3,0,0,0,1,0,0,0,0
"POINT (8.829133210000066 53.072068588000036)",Unfall 140749 (2018) Kat:3, Licht: 1,140749,3,3,5,08,00,1,0,1,0,1,0,0,0,1
"POINT (8.562310457000024 53.192212152000081)",Unfall 140750 (2018) Kat:3, Licht: 0,140750,3,2,4,07,13,5,0,0,0,1,0,0,0,0
"POINT (8.878146323000067 53.070882703000052)",Unfall 140751 (2018) Kat:3, Licht: 0,140751,3,4,6,08,18,7,0,0,0,1,1,0,0,0
"POINT (8.740719632000037 53.052684029000034)",Unfall 140752 (2018) Kat:3, Licht: 0,140752,3,3,5,07,14,5,0,0,1,1,0,0,0,0
"POINT (8.865093827000067 53.066789395000058)",Unfall 140753 (2018) Kat:2, Licht: 0,140753,2,3,5,07,18,5,0,0,1,1,0,0,0,0
"POINT (8.838654705000067 53.082799452000074)",Unfall 140754 (2018) Kat:3, Licht: 0,140754,3,7,0,08,11,3,0,0,1,0,0,0,0,0
"POINT (8.815326319000064 53.084706065000034)",Unfall 140755 (2018) Kat:3, Licht: 0,140755,3,4,6,08,13,7,0,0,1,0,1,0,0,0
"POINT (8.821725174000051 53.082176751000077)",Unfall 140756 (2018) Kat:3, Licht: 0,140756,3,6,2,08,11,5,1,0,0,1,0,0,0,0
"POINT (8.953999545000045 53.066529230000071)",Unfall 140757 (2018) Kat:3, Licht: 0,140757,3,4,6,07,15,5,0,0,0,0,1,0,0,1
"POINT (8.937195860000031 53.075067889000081)",Unfall 140758 (2018) Kat:3, Licht: 0,140758,3,6,2,08,15,6,0,0,0,1,0,0,0,0
"POINT (8.668569793000074 53.164671351000038)",Unfall 140759 (2018) Kat:3, Licht: 0,140759,3,7,0,07,13,5,0,0,0,1,0,0,0,0
"POINT (8.885953344000029 53.065267268000071)",Unfall 140760 (2018) Kat:3, Licht: 0,140760,3,7,0,07,08,5,0,0,0,1,0,0,0,1
"POINT (8.681222602000048 53.163135236000073)",Unfall 140761 (2018) Kat:3, Licht: 0,140761,3,6,4,08,14,4,0,0,1,0,0,0,0,0
"POINT (8.771742336000045 53.062063856000066)",Unfall 140762 (2018) Kat:3, Licht: 0,140762,3,4,6,07,09,5,0,0,0,1,1,0,0,0
"POINT (8.962607568000067 53.045501203000072)",Unfall 140763 (2018) Kat:2, Licht: 0,140763,2,1,0,08,07,6,0,0,0,0,0,1,0,0
"POINT (8.782528688000070 53.101366903000041)",Unfall 140764 (2018) Kat:3, Licht: 0,140764,3,7,2,08,16,7,0,0,1,1,0,0,0,0
"POINT (8.831335892000027 53.071268835000069)",Unfall 140765 (2018) Kat:3, Licht: 0,140765,3,7,2,08,20,2,1,0,1,0,0,0,0,0
"POINT (8.910018147000073 53.085481025000036)",Unfall 140766 (2018) Kat:2, Licht: 0,140766,2,7,9,07,18,5,0,0,1,0,0,0,0,0
"POINT (8.776687726000034 53.097229543000026)",Unfall 140767 (2018) Kat:3, Licht: 0,140767,3,6,2,08,10,3,0,0,0,1,0,0,0,0
"POINT (8.813716659000022 53.078106110000078)",Unfall 140768 (2018) Kat:2, Licht: 0,140768,2,6,9,08,18,7,1,0,0,0,0,1,0,0
"POINT (8.801989841000022 53.071424852000064)",Unfall 140769 (2018) Kat:3, Licht: 0,140769,3,3,5,07,15,5,0,0,1,1,0,0,0,0
"POINT (8.865134454000042 53.070692379000036)",Unfall 140772 (2018) Kat:3, Licht: 0,140772,3,6,2,07,16,4,0,0,0,1,0,0,0,0
"POINT (8.800150532000032 53.062340147000043)",Unfall 140773 (2018) Kat:3, Licht: 0,140773,3,7,0,08,12,3,0,0,1,0,0,0,0,1
"POINT (8.842856373000075 53.089129834000062)",Unfall 140774 (2018) Kat:3, Licht: 0,140774,3,6,2,08,15,7,0,0,0,1,0,0,0,0
"POINT (8.779458548000036 53.093850125000074)",Unfall 140775 (2018) Kat:3, Licht: 0,140775,3,5,1,08,16,4,0,0,1,1,0,0,0,0
"POINT (8.786634500000048 53.089398330000051)",Unfall 140776 (2018) Kat:2, Licht: 0,140776,2,3,5,07,19,4,0,0,1,1,0,0,0,0
"POINT (8.789062542000067 53.068995057000052)",Unfall 140777 (2018) Kat:3, Licht: 0,140777,3,2,5,08,20,5,0,0,0,1,0,1,0,0
"POINT (8.767953996000074 53.073212928000032)",Unfall 140778 (2018) Kat:3, Licht: 0,140778,3,7,3,08,07,5,0,0,1,1,0,0,0,0
"POINT (8.943853224000065 53.066302408000070)",Unfall 140779 (2018) Kat:3, Licht: 0,140779,3,3,5,08,13,7,0,0,1,0,0,0,0,0
"POINT (8.823838639000030 53.071115873000053)",Unfall 140780 (2018) Kat:3, Licht: 0,140780,3,6,3,07,14,3,0,0,1,1,0,0,0,0
"POINT (8.641514758000028 53.176335649000066)",Unfall 140783 (2018) Kat:2, Licht: 0,140783,2,3,5,07,11,3,0,0,0,1,0,0,0,0
"POINT (8.779354593000051 53.100201796000079)",Unfall 140784 (2018) Kat:3, Licht: 0,140784,3,2,5,08,19,3,0,0,1,1,0,0,0,0
"POINT (8.889967341000045 53.079191357000070)",Unfall 140785 (2018) Kat:3, Licht: 0,140785,3,7,0,08,08,6,0,0,1,0,0,0,0,0
"POINT (8.786007353000059 53.068163158000061)",Unfall 140786 (2018) Kat:3, Licht: 0,140786,3,3,5,07,10,3,0,0,1,1,0,0,0,0
"POINT (8.805570394000029 53.081167190000031)",Unfall 140787 (2018) Kat:3, Licht: 0,140787,3,4,6,08,14,5,0,0,1,0,1,0,0,0
"POINT (8.618640564000032 53.175009473000046)",Unfall 140788 (2018) Kat:2, Licht: 0,140788,2,3,5,07,17,3,0,0,1,1,0,0,0,0
"POINT (8.694829854000034 53.165012654000066)",Unfall 140789 (2018) Kat:3, Licht: 2,140789,3,1,8,07,00,3,0,2,0,0,0,1,0,0
"POINT (8.711221583000054 53.147885403000032)",Unfall 140790 (2018) Kat:3, Licht: 0,140790,3,1,0,08,12,3,1,0,0,0,0,1,0,0
"POINT (8.822688717000062 53.075207482000053)",Unfall 140791 (2018) Kat:3, Licht: 2,140791,3,2,4,08,23,7,0,2,1,1,0,0,0,0
"POINT (8.858050693000052 53.069519048000075)",Unfall 140792 (2018) Kat:3, Licht: 0,140792,3,7,5,08,14,4,0,0,0,1,0,1,0,0
"POINT (8.828939140000045 53.072143580000045)",Unfall 140793 (2018) Kat:3, Licht: 0,140793,3,4,6,07,18,3,0,0,0,1,1,0,0,0
"POINT (8.822294936000048 53.027081758000065)",Unfall 140795 (2018) Kat:3, Licht: 2,140795,3,1,0,08,22,5,0,2,1,0,0,0,0,0
"POINT (8.907280502000049 53.082089706000033)",Unfall 140796 (2018) Kat:3, Licht: 0,140796,3,6,4,07,19,3,0,0,1,0,0,0,0,0
"POINT (8.811367169000050 53.075851590000070)",Unfall 140797 (2018) Kat:3, Licht: 0,140797,3,7,8,08,12,2,0,0,0,0,1,0,1,0
"POINT (8.787423733000026 53.089971739000077)",Unfall 140800 (2018) Kat:3, Licht: 0,140800,3,2,5,07,16,2,0,0,1,1,0,0,0,0
"POINT (8.739932398000065 53.136825973000043)",Unfall 140801 (2018) Kat:3, Licht: 0,140801,3,6,2,07,10,2,0,0,0,1,0,0,0,0
"POINT (8.948117801000024 53.055762464000054)",Unfall 140802 (2018) Kat:3, Licht: 0,140802,3,3,5,07,15,2,0,0,1,0,0,0,0,0
"POINT (8.605101721000040 53.184589779000078)",Unfall 140803 (2018) Kat:2, Licht: 0,140803,2,4,6,08,19,5,0,0,0,1,1,0,0,0
"POINT (8.769503590000056 53.110354234000056)",Unfall 140804 (2018) Kat:3, Licht: 0,140804,3,7,2,07,12,2,0,0,0,1,0,0,0,0
"POINT (8.856084616000032 53.088704579000080)",Unfall 140806 (2018) Kat:3, Licht: 0,140806,3,7,1,08,08,2,0,0,1,1,0,0,0,0
"POINT (8.798275803000024 53.065462463000074)",Unfall 140809 (2018) Kat:3, Licht: 0,140809,3,3,5,07,17,1,0,0,0,1,0,0,0,0
"POINT (8.635331978000068 53.166995205000035)",Unfall 140810 (2018) Kat:3, Licht: 0,140810,3,4,6,08,14,4,0,0,0,1,1,0,0,0
"POINT (8.716139248000047 53.178217154000038)",Unfall 140811 (2018) Kat:3, Licht: 0,140811,3,3,5,08,07,4,0,0,1,1,0,0,0,0
"POINT (8.900192035000032 53.124036124000042)",Unfall 140812 (2018) Kat:3, Licht: 0,140812,3,6,2,07,14,1,0,0,0,1,0,0,0,0
"POINT (8.507040830000051 53.217196224000077)",Unfall 140814 (2018) Kat:3, Licht: 1,140814,3,6,4,07,20,1,0,1,1,1,0,0,0,0
"POINT (8.556204746000049 53.185096441000042)",Unfall 140815 (2018) Kat:3, Licht: 0,140815,3,2,5,08,06,4,0,0,1,1,0,0,0,0
"POINT (8.889416219000054 53.090038675000073)",Unfall 140818 (2018) Kat:3, Licht: 0,140818,3,1,8,08,18,6,0,0,0,1,0,0,0,0
"POINT (8.786610404000044 53.074524808000035)",Unfall 140819 (2018) Kat:3, Licht: 0,140819,3,6,2,08,17,2,1,0,0,1,0,0,0,0
"POINT (8.803053431000024 53.067077749000077)",Unfall 140820 (2018) Kat:3, Licht: 0,140820,3,5,1,07,15,7,0,0,1,1,0,0,0,0
"POINT (8.930731031000050 53.059634185000050)",Unfall 140824 (2018) Kat:3, Licht: 0,140824,3,6,0,08,07,6,0,0,0,1,0,0,0,1
"POINT (8.868524533000027 53.066942050000080)",Unfall 140825 (2018) Kat:3, Licht: 1,140825,3,3,5,08,05,3,1,1,1,1,0,0,0,0
"POINT (8.784821144000034 53.102651338000044)",Unfall 140826 (2018) Kat:3, Licht: 0,140826,3,4,6,07,16,6,0,0,0,1,1,0,0,0
"POINT (8.773017182000046 53.108768340000040)",Unfall 140827 (2018) Kat:3, Licht: 0,140827,3,3,5,08,13,4,0,0,1,1,0,0,0,0
"POINT (8.876647698000056 53.065936554000075)",Unfall 140828 (2018) Kat:3, Licht: 0,140828,3,6,1,08,15,2,1,0,0,1,0,0,0,1
"POINT (8.825154040000030 53.084514072000047)",Unfall 140829 (2018) Kat:3, Licht: 0,140829,3,2,3,08,18,3,0,0,1,1,0,0,0,0
"POINT (8.812853133000033 53.073375025000075)",Unfall 140830 (2018) Kat:3, Licht: 0,140830,3,7,0,07,11,6,0,0,1,0,0,0,0,0
"POINT (8.830993494000040 53.040862174000040)",Unfall 140831 (2018) Kat:3, Licht: 0,140831,3,2,5,08,18,7,0,0,1,1,0,0,0,0
"POINT (8.850788713000043 53.027513151000051)",Unfall 140832 (2018) Kat:3, Licht: 0,140832,3,6,2,07,13,6,0,0,0,1,0,1,0,0
"POINT (8.782764423000060 53.101449201000037)",Unfall 140833 (2018) Kat:3, Licht: 0,140833,3,7,0,07,10,6,0,0,1,0,0,0,0,0
"POINT (8.813218316000075 53.078410257000030)",Unfall 140834 (2018) Kat:3, Licht: 0,140834,3,4,6,08,17,4,0,0,1,0,1,0,0,0
"POINT (8.703006023000057 53.171328435000078)",Unfall 140835 (2018) Kat:2, Licht: 0,140835,2,3,5,08,11,6,0,0,1,1,0,0,0,0
"POINT (8.848054960000070 53.050974012000040)",Unfall 140836 (2018) Kat:3, Licht: 0,140836,3,6,2,07,12,6,0,0,0,1,0,0,0,0
"POINT (8.757296651000047 53.117467651000027)",Unfall 140837 (2018) Kat:2, Licht: 0,140837,2,4,6,08,13,6,0,0,0,1,1,0,0,0
"POINT (8.837848049000058 53.076565252000080)",Unfall 140838 (2018) Kat:3, Licht: 0,140838,3,6,6,08,15,6,0,0,0,1,1,0,0,0
"POINT (8.937717152000062 53.068692440000063)",Unfall 140839 (2018) Kat:2, Licht: 0,140839,2,2,5,08,07,6,0,0,1,1,0,0,0,0
"POINT (8.868450694000046 53.082040412000026)",Unfall 140840 (2018) Kat:3, Licht: 2,140840,3,4,6,07,21,6,0,2,0,0,1,0,0,1
"POINT (8.938732500000072 53.063776594000046)",Unfall 140841 (2018) Kat:3, Licht: 0,140841,3,4,6,08,16,3,0,0,0,1,1,0,0,0
"POINT (8.572981244000062 53.198743478000040)",Unfall 140842 (2018) Kat:3, Licht: 0,140842,3,1,0,08,18,3,0,0,0,0,0,1,0,0
"POINT (8.809195063000061 53.078860309000049)",Unfall 140843 (2018) Kat:3, Licht: 0,140843,3,3,5,08,12,7,1,0,0,1,0,0,0,1
"POINT (8.769000371000061 53.112827579000054)",Unfall 140846 (2018) Kat:3, Licht: 0,140846,3,3,5,07,13,5,0,0,1,1,0,0,0,0
"POINT (8.790855042000032 53.099002346000077)",Unfall 140847 (2018) Kat:3, Licht: 0,140847,3,3,5,07,16,5,0,0,1,0,0,0,0,0