WKT,Name,OBJECTID,UKATEGORIE,UTYP1,UART,UMONAT,USTUNDE,UWOCHENTAG,STRZUSTAND,ULICHTVERH,ISTRAD,ISTPKW,ISTFUSS,ISTKRAD,ISTGKFZ,ISTSONSTIG
"POINT (8.842949215000033 53.088528667000048)",Unfall 140848 (2018) Kat:3, Licht: 0,140848,3,3,5,08,15,3,1,0,1,1,0,0,0,0
"POINT (8.895288663000031 53.055804502000058)",Unfall 140849 (2018) Kat:3, Licht: 0,140849,3,6,2,08,19,6,0,0,0,1,0,0,0,1
"POINT (8.685278513000071 53.176004127000056)",Unfall 140850 (2018) Kat:3, Licht: 0,140850,3,3,5,07,17,5,0,0,1,1,0,0,0,0
"POINT (8.812859860000060 53.073382728000070)",Unfall 140852 (2018) Kat:3, Licht: 0,140852,3,3,3,07,10,5,0,0,1,1,0,0,0,0
"POINT (8.806920074000061 53.083784204000040)",Unfall 140853 (2018) Kat:3, Licht: 2,140853,3,6,3,07,23,5,0,2,0,1,0,0,0,0
"POINT (8.737442589000068 53.056730480000056)",Unfall 140854 (2018) Kat:3, Licht: 0,140854,3,6,2,08,10,3,0,0,0,1,0,0,0,0
"POINT (8.831926484000064 53.071078702000079)",Unfall 140855 (2018) Kat:3, Licht: 2,140855,3,1,0,08,23,6,0,2,1,1,0,0,0,0
"POINT (8.748458768000035 53.125158011000053)",Unfall 140857 (2018) Kat:3, Licht: 2,140857,3,3,5,07,22,5,0,2,1,1,0,0,0,0
"POINT (8.883875119000038 53.079094690000034)",Unfall 140858 (2018) Kat:3, Licht: 0,140858,3,2,5,08,20,6,1,0,1,1,0,0,0,0
"POINT (8.800543518000040 53.078596952000055)",Unfall 140860 (2018) Kat:3, Licht: 2,140860,3,2,5,08,21,6,0,2,1,1,0,0,0,0
"POINT (8.871044512000026 53.064631509000037)",Unfall 140862 (2018) Kat:3, Licht: 0,140862,3,3,5,08,14,3,0,0,1,1,0,0,0,0
"POINT (8.578520660000038 53.207145364000041)",Unfall 140863 (2018) Kat:3, Licht: 0,140863,3,3,5,08,08,6,0,0,1,1,0,0,0,0
"POINT (8.870619403000035 53.096048085000064)",Unfall 140864 (2018) Kat:3, Licht: 0,140864,3,6,2,07,13,4,0,0,0,1,0,1,0,0
"POINT (8.778695492000054 53.064771229000030)",Unfall 140865 (2018) Kat:3, Licht: 2,140865,3,7,0,08,00,3,0,2,1,0,0,0,0,0
"POINT (8.866420709000067 53.098888798000075)",Unfall 140866 (2018) Kat:3, Licht: 0,140866,3,3,5,08,17,5,0,0,1,1,0,0,0,0
"POINT (8.758007625000062 53.058168991000059)",Unfall 140867 (2018) Kat:3, Licht: 0,140867,3,3,5,07,06,4,0,0,1,1,0,0,0,0
"POINT (8.789774347000048 53.096945764000054)",Unfall 140868 (2018) Kat:3, Licht: 0,140868,3,1,0,07,11,4,0,0,0,0,0,1,0,0
"POINT (8.950539623000054 53.067101334000029)",Unfall 140869 (2018) Kat:3, Licht: 0,140869,3,7,0,08,10,2,0,0,0,1,0,0,1,0
"POINT (8.737736432000077 53.134294910000051)",Unfall 140870 (2018) Kat:3, Licht: 0,140870,3,3,5,08,13,6,0,0,1,1,0,0,0,0
"POINT (8.718133120000061 53.175421171000039)",Unfall 140871 (2018) Kat:2, Licht: 0,140871,2,3,5,08,09,4,0,0,1,1,0,0,0,0
"POINT (8.779289320000032 53.093735721000030)",Unfall 140872 (2018) Kat:3, Licht: 0,140872,3,4,6,07,12,4,0,0,1,0,1,0,0,0
"POINT (8.787177679000024 53.083126566000033)",Unfall 140874 (2018) Kat:3, Licht: 0,140874,3,2,5,08,16,5,0,0,1,1,0,0,0,0
"POINT (8.763540324000076 53.108933987000057)",Unfall 140875 (2018) Kat:3, Licht: 0,140875,3,3,5,08,11,6,0,0,1,1,0,0,0,0
"POINT (8.794960311000068 53.091199550000056)",Unfall 140876 (2018) Kat:3, Licht: 0,140876,3,6,2,07,17,4,0,0,0,1,0,0,0,0
"POINT (8.927621498000065 53.072695307000060)",Unfall 140877 (2018) Kat:3, Licht: 0,140877,3,3,5,08,13,4,0,0,1,1,0,0,0,0
"POINT (8.716705637000075 53.056524108000076)",Unfall 140878 (2018) Kat:3, Licht: 0,140878,3,3,5,07,15,4,0,0,0,1,0,0,0,0
"POINT (8.902001959000074 53.102554669000028)",Unfall 140879 (2018) Kat:3, Licht: 0,140879,3,6,4,08,14,5,0,0,0,1,0,0,0,1
"POINT (8.824532161000036 53.084504759000026)",Unfall 140880 (2018) Kat:3, Licht: 1,140880,3,3,3,08,21,5,0,1,1,1,0,0,0,0
"POINT (8.807404538000071 53.082222393000052)",Unfall 140881 (2018) Kat:3, Licht: 0,140881,3,3,5,08,10,6,0,0,1,0,0,0,0,0
"POINT (8.878332886000067 53.079553369000052)",Unfall 140882 (2018) Kat:3, Licht: 0,140882,3,6,2,07,12,3,0,0,0,1,0,0,0,1
"POINT (8.835361255000066 53.097292947000028)",Unfall 140883 (2018) Kat:3, Licht: 2,140883,3,1,8,08,01,2,0,2,0,0,0,0,0,1
"POINT (8.576083640000036 53.190433457000040)",Unfall 140884 (2018) Kat:3, Licht: 0,140884,3,6,2,07,14,3,0,0,0,1,0,0,0,0
"POINT (8.816797230000077 53.080867720000072)",Unfall 140885 (2018) Kat:3, Licht: 0,140885,3,3,5,08,16,5,0,0,1,0,0,0,0,1
"POINT (8.761059464000027 53.059381518000066)",Unfall 140886 (2018) Kat:3, Licht: 0,140886,3,7,0,07,08,3,0,0,1,0,0,0,0,0
"POINT (8.822474238000041 53.054108799000062)",Unfall 140887 (2018) Kat:3, Licht: 0,140887,3,6,3,07,09,3,0,0,1,0,0,0,0,0
"POINT (8.897156373000030 53.059237801000052)",Unfall 140888 (2018) Kat:3, Licht: 0,140888,3,6,3,08,13,1,0,0,0,1,0,0,0,0
"POINT (8.798286327000028 53.073243466000065)",Unfall 140890 (2018) Kat:3, Licht: 0,140890,3,6,3,08,18,3,0,0,0,1,0,0,0,1
"POINT (8.864375897000059 53.071159320000049)",Unfall 140891 (2018) Kat:3, Licht: 0,140891,3,2,2,07,10,3,0,0,0,1,0,1,0,0
"POINT (8.942072349000057 53.060339706000036)",Unfall 140892 (2018) Kat:3, Licht: 0,140892,3,1,8,08,06,4,0,0,0,1,0,0,0,1
"POINT (8.623381315000074 53.173530457000027)",Unfall 140893 (2018) Kat:2, Licht: 0,140893,2,3,5,08,07,2,1,0,0,0,0,0,1,1
"POINT (8.791053257000044 53.091455231000054)",Unfall 140895 (2018) Kat:3, Licht: 0,140895,3,3,5,07,15,3,0,0,0,1,0,1,0,0
"POINT (8.839485941000021 53.080343540000058)",Unfall 140896 (2018) Kat:3, Licht: 0,140896,3,7,1,08,15,1,0,0,1,1,0,0,0,0
"POINT (8.851158666000060 53.085235780000062)",Unfall 140897 (2018) Kat:3, Licht: 0,140897,3,3,5,07,17,3,0,0,1,1,0,0,0,0
"POINT (8.775153421000027 53.100468418000048)",Unfall 140898 (2018) Kat:3, Licht: 0,140898,3,3,5,08,07,4,0,0,1,1,0,0,0,0
"POINT (8.753758628000071 53.123433625000075)",Unfall 140899 (2018) Kat:3, Licht: 0,140899,3,3,5,08,12,2,0,0,1,1,0,0,0,0
"POINT (8.570549288000052 53.199076524000077)",Unfall 140903 (2018) Kat:2, Licht: 0,140903,2,7,8,07,17,2,0,0,1,0,0,0,0,0
"POINT (8.852460495000059 53.073651432000077)",Unfall 140904 (2018) Kat:3, Licht: 0,140904,3,6,2,08,15,7,0,0,0,1,0,0,0,0
"POINT (8.623328822000076 53.173535571000059)",Unfall 140906 (2018) Kat:3, Licht: 0,140906,3,4,6,08,14,3,0,0,0,1,1,0,0,0
"POINT (8.854041641000038 53.066100814000038)",Unfall 140907 (2018) Kat:3, Licht: 0,140907,3,3,5,07,19,2,0,0,1,1,0,0,0,0
"POINT (8.676834584000062 53.165651988000036)",Unfall 140908 (2018) Kat:3, Licht: 0,140908,3,2,5,08,11,4,0,0,1,1,0,0,0,0
"POINT (8.758035366000058 53.058181658000080)",Unfall 140909 (2018) Kat:2, Licht: 2,140909,2,3,5,08,21,1,0,2,0,1,0,1,0,0
"POINT (8.732660747000068 53.037920985000028)",Unfall 140910 (2018) Kat:3, Licht: 0,140910,3,6,2,08,10,3,0,0,0,1,0,0,0,0
"POINT (8.634105947000023 53.182695891000037)",Unfall 140912 (2018) Kat:3, Licht: 0,140912,3,3,5,07,06,2,0,0,0,1,0,1,0,0
"POINT (8.840027196000051 53.103925368000034)",Unfall 140913 (2018) Kat:3, Licht: 0,140913,3,1,0,08,16,7,0,0,1,0,0,0,0,0
"POINT (8.739025025000046 53.135131986000033)",Unfall 140914 (2018) Kat:2, Licht: 0,140914,2,6,2,07,16,2,0,0,0,1,0,0,0,0
"POINT (8.736771305000048 53.079901556000038)",Unfall 140915 (2018) Kat:3, Licht: 0,140915,3,6,3,07,14,2,0,0,0,1,0,0,1,0
"POINT (8.787015859000064 53.082930916000066)",Unfall 140916 (2018) Kat:3, Licht: 0,140916,3,3,5,08,09,3,0,0,1,1,0,0,0,0
"POINT (8.778666442000031 53.078893355000048)",Unfall 140917 (2018) Kat:3, Licht: 0,140917,3,5,1,08,14,5,0,0,0,1,0,0,0,0
"POINT (8.664794588000063 53.166396998000039)",Unfall 140918 (2018) Kat:3, Licht: 0,140918,3,7,6,08,14,5,0,0,0,0,1,0,0,1
"POINT (8.883432803000062 53.110645877000081)",Unfall 140919 (2018) Kat:2, Licht: 1,140919,2,2,5,07,20,2,0,1,0,1,0,0,0,0
"POINT (8.510763737000048 53.226789968000048)",Unfall 140920 (2018) Kat:3, Licht: 2,140920,3,7,9,08,00,6,0,2,0,1,0,0,0,0
"POINT (8.855197471000054 53.081031785000050)",Unfall 140921 (2018) Kat:3, Licht: 0,140921,3,6,2,08,14,6,0,0,0,1,0,0,0,0
"POINT (8.889457911000022 53.061615758000073)",Unfall 140922 (2018) Kat:3, Licht: 0,140922,3,3,5,08,11,5,0,0,0,1,0,0,0,1
"POINT (8.824797974000035 53.084583657000053)",Unfall 140923 (2018) Kat:2, Licht: 0,140923,2,3,6,07,11,2,0,0,1,0,1,0,0,0
"POINT (8.779326953000066 53.068826117000071)",Unfall 140924 (2018) Kat:3, Licht: 2,140924,3,6,5,08,22,3,0,2,1,1,0,0,0,0
"POINT (8.801989713000069 53.071425069000043)",Unfall 140926 (2018) Kat:3, Licht: 0,140926,3,3,5,07,11,2,0,0,1,1,0,0,0,0
"POINT (8.799462329000050 53.069538478000027)",Unfall 140927 (2018) Kat:3, Licht: 2,140927,3,2,5,08,04,6,1,2,0,1,0,0,0,0
"POINT (8.790732496000032 53.095805078000069)",Unfall 140928 (2018) Kat:3, Licht: 0,140928,3,1,0,08,15,2,1,0,1,0,0,0,0,0
"POINT (8.677141657000050 53.173334245000035)",Unfall 140929 (2018) Kat:3, Licht: 0,140929,3,6,2,07,18,2,0,0,0,1,0,1,0,0
"POINT (8.770709326000031 53.102009037000073)",Unfall 140930 (2018) Kat:3, Licht: 0,140930,3,1,0,08,10,3,0,0,1,0,0,0,0,0
"POINT (8.879802249000022 53.064872596000043)",Unfall 140931 (2018) Kat:3, Licht: 0,140931,3,6,1,08,10,7,1,0,0,1,0,0,0,1
"POINT (8.770254104000060 53.093118454000034)",Unfall 140932 (2018) Kat:3, Licht: 0,140932,3,3,5,07,07,2,0,0,0,1,0,0,0,0
"POINT (8.772722273000056 53.112969177000082)",Unfall 140933 (2018) Kat:3, Licht: 0,140933,3,3,6,08,17,6,0,0,0,1,1,0,0,0
"POINT (8.762302009000052 53.114354577000029)",Unfall 140934 (2018) Kat:3, Licht: 0,140934,3,2,5,07,19,2,0,0,1,1,0,0,0,0
"POINT (8.828055076000055 53.072440886000038)",Unfall 140936 (2018) Kat:3, Licht: 2,140936,3,7,0,08,03,3,0,2,1,0,0,0,0,0
"POINT (8.801261462000070 53.078246095000054)",Unfall 140937 (2018) Kat:3, Licht: 0,140937,3,4,6,08,10,4,0,0,0,1,1,0,0,0
"POINT (8.788168034000023 53.076483816000064)",Unfall 140938 (2018) Kat:3, Licht: 0,140938,3,3,5,07,17,1,0,0,0,1,0,0,0,0
"POINT (8.584403482000028 53.181382725000049)",Unfall 140939 (2018) Kat:3, Licht: 0,140939,3,2,5,08,19,5,0,0,1,0,0,0,0,1
"POINT (8.833732369000074 53.086461047000057)",Unfall 140940 (2018) Kat:2, Licht: 1,140940,2,1,0,08,19,5,1,1,1,0,0,0,0,0
"POINT (8.898605689000021 53.043506671000046)",Unfall 140942 (2018) Kat:3, Licht: 0,140942,3,6,0,08,07,3,0,0,1,0,0,0,0,0
"POINT (8.770257538000067 53.093116702000032)",Unfall 140944 (2018) Kat:3, Licht: 0,140944,3,3,5,08,17,5,0,0,1,1,0,0,0,0
"POINT (8.871807564000051 53.062463325000067)",Unfall 140946 (2018) Kat:3, Licht: 0,140946,3,5,1,07,14,7,0,0,1,1,0,0,0,0
"POINT (8.638989042000048 53.173211191000064)",Unfall 140947 (2018) Kat:3, Licht: 0,140947,3,1,8,08,08,5,0,0,1,0,0,0,0,0
"POINT (8.841813254000044 53.096473732000049)",Unfall 140948 (2018) Kat:3, Licht: 0,140948,3,7,3,07,13,7,0,0,1,0,0,0,0,0
"POINT (8.624508770000034 53.177193686000066)",Unfall 140949 (2018) Kat:3, Licht: 0,140949,3,2,3,07,08,7,0,0,1,1,0,0,0,0
"POINT (8.750703552000061 53.064578261000065)",Unfall 140950 (2018) Kat:2, Licht: 0,140950,2,2,4,08,16,3,1,0,0,1,0,0,0,0
"POINT (8.879704007000044 53.112555745000066)",Unfall 140951 (2018) Kat:3, Licht: 0,140951,3,6,2,08,13,4,0,0,0,0,0,1,0,1
"POINT (8.835457488000031 53.097158680000064)",Unfall 140952 (2018) Kat:2, Licht: 0,140952,2,2,5,07,16,7,0,0,0,1,0,1,0,0
"POINT (8.837500173000024 53.050946328000066)",Unfall 140953 (2018) Kat:3, Licht: 0,140953,3,6,8,08,12,5,0,0,0,1,0,0,0,1
"POINT (8.875851937000050 53.081813667000063)",Unfall 140954 (2018) Kat:2, Licht: 0,140954,2,2,5,08,10,5,0,0,1,1,0,0,0,0
"POINT (8.724925382000038 53.044128138000076)",Unfall 140955 (2018) Kat:3, Licht: 0,140955,3,5,1,07,08,7,0,0,0,1,0,0,0,0
"POINT (8.849430865000045 53.065737554000066)",Unfall 140956 (2018) Kat:3, Licht: 0,140956,3,6,2,08,16,2,0,0,0,1,0,0,0,0
"POINT (8.844260412000040 53.078049012000065)",Unfall 140957 (2018) Kat:3, Licht: 0,140957,3,7,1,07,11,7,0,0,1,1,0,0,0,0
"POINT (8.751661603000059 53.122342668000044)",Unfall 140959 (2018) Kat:3, Licht: 0,140959,3,3,5,07,08,7,0,0,1,1,0,0,0,0
"POINT (8.877687718000061 53.082528618000026)",Unfall 140961 (2018) Kat:3, Licht: 0,140961,3,3,5,08,10,1,0,0,1,1,0,0,0,0
"POINT (8.894404208000026 53.051310288000082)",Unfall 140962 (2018) Kat:3, Licht: 0,140962,3,6,2,08,14,2,0,0,0,1,0,0,0,0
"POINT (8.886660446000064 53.079184120000036)",Unfall 140963 (2018) Kat:3, Licht: 0,140963,3,3,5,08,15,3,0,0,1,1,0,0,0,0
"POINT (8.802854408000030 53.101374760000056)",Unfall 140964 (2018) Kat:3, Licht: 0,140964,3,3,5,07,10,6,0,0,1,1,0,0,0,0
"POINT (8.633914012000048 53.182512599000063)",Unfall 140965 (2018) Kat:3, Licht: 0,140965,3,1,7,08,19,4,0,0,1,0,0,0,0,0
"POINT (8.935033739000062 53.083565279000027)",Unfall 140966 (2018) Kat:3, Licht: 0,140966,3,3,5,08,09,2,0,0,0,1,0,0,0,0
"POINT (8.781213651000030 53.087854847000074)",Unfall 140967 (2018) Kat:2, Licht: 2,140967,2,7,7,07,00,6,0,2,1,0,0,0,0,0
"POINT (8.847640452000064 53.049192387000062)",Unfall 140968 (2018) Kat:3, Licht: 1,140968,3,3,5,08,18,2,1,1,1,1,0,0,0,0
"POINT (8.752014787000064 53.122111099000051)",Unfall 140970 (2018) Kat:3, Licht: 0,140970,3,3,5,07,14,6,0,0,1,1,0,0,0,0
"POINT (8.837509524000041 53.037784593000026)",Unfall 140971 (2018) Kat:3, Licht: 0,140971,3,6,4,08,14,4,0,0,1,0,0,0,0,0
"POINT (8.885993492000068 53.040651811000032)",Unfall 140972 (2018) Kat:3, Licht: 0,140972,3,6,2,08,17,4,0,0,0,1,0,0,0,0
"POINT (8.929492566000022 53.059074530000032)",Unfall 140973 (2018) Kat:3, Licht: 0,140973,3,3,5,07,13,6,0,0,1,1,0,0,0,0
"POINT (8.777137136000022 53.079310137000050)",Unfall 140974 (2018) Kat:3, Licht: 0,140974,3,1,0,08,08,2,0,0,0,0,0,1,0,0
"POINT (8.805661549000035 53.083400575000041)",Unfall 140975 (2018) Kat:3, Licht: 0,140975,3,2,5,07,17,5,0,0,1,1,0,0,0,0
"POINT (8.750121991000071 53.125897833000067)",Unfall 140977 (2018) Kat:3, Licht: 0,140977,3,3,5,07,13,5,0,0,1,1,0,0,0,0
"POINT (8.621404279000046 53.171701866000035)",Unfall 140978 (2018) Kat:2, Licht: 0,140978,2,7,0,08,16,7,0,0,0,0,0,0,0,1
"POINT (8.882919773000026 53.100716350000027)",Unfall 140979 (2018) Kat:3, Licht: 0,140979,3,3,2,08,16,2,1,0,1,1,0,0,0,0
"POINT (8.959570678000034 53.052816182000072)",Unfall 140980 (2018) Kat:3, Licht: 0,140980,3,7,1,07,15,5,0,0,0,1,0,0,0,0
"POINT (8.813288690000036 53.085617299000035)",Unfall 140981 (2018) Kat:3, Licht: 0,140981,3,2,5,08,13,4,0,0,1,1,0,0,0,0
"POINT (8.736544547000051 53.133643866000057)",Unfall 140983 (2018) Kat:3, Licht: 0,140983,3,7,1,08,16,3,0,0,0,1,0,0,0,0
"POINT (8.781937277000054 53.096381276000045)",Unfall 140985 (2018) Kat:3, Licht: 0,140985,3,3,5,07,11,5,0,0,1,1,0,0,0,0
"POINT (8.756947217000061 53.117770564000068)",Unfall 140987 (2018) Kat:3, Licht: 0,140987,3,3,5,09,11,7,0,0,0,1,0,0,0,0
"POINT (8.799418004000074 53.102065726000035)",Unfall 140988 (2018) Kat:3, Licht: 0,140988,3,1,9,09,13,5,0,0,0,1,0,0,0,1
"POINT (8.783765388000063 53.103722304000030)",Unfall 140989 (2018) Kat:3, Licht: 0,140989,3,6,2,10,14,6,0,0,0,1,0,0,0,1
"POINT (8.665649908000034 53.094510713000034)",Unfall 140990 (2018) Kat:3, Licht: 0,140990,3,6,2,10,15,3,1,0,0,1,0,0,0,0
"POINT (8.888055386000076 53.068755181000029)",Unfall 140992 (2018) Kat:3, Licht: 0,140992,3,3,5,09,15,4,0,0,1,1,0,0,0,0
"POINT (8.878840411000056 53.079021524000041)",Unfall 140993 (2018) Kat:3, Licht: 0,140993,3,2,5,09,09,6,0,0,0,1,0,0,0,0
"POINT (8.760553525000034 53.083668519000071)",Unfall 140995 (2018) Kat:3, Licht: 0,140995,3,2,5,10,14,7,0,0,0,1,0,1,0,0
"POINT (8.837461249000057 53.082648702000029)",Unfall 140997 (2018) Kat:3, Licht: 0,140997,3,6,2,09,13,3,0,0,0,1,0,0,0,0
"POINT (8.574298496000040 53.200559258000055)",Unfall 140999 (2018) Kat:3, Licht: 0,140999,3,2,5,10,12,3,0,0,1,1,0,0,0,0
"POINT (8.758124574000021 53.116738590000068)",Unfall 141001 (2018) Kat:3, Licht: 0,141001,3,3,1,09,09,6,1,0,0,1,0,0,0,0
"POINT (8.810880091000058 53.083590588000050)",Unfall 141002 (2018) Kat:3, Licht: 0,141002,3,4,6,10,11,5,0,0,0,1,1,0,0,0
"POINT (8.887281118000033 53.056266414000049)",Unfall 141003 (2018) Kat:3, Licht: 2,141003,3,1,0,10,22,2,0,2,1,0,0,0,0,0
"POINT (8.800939765000067 53.067222380000032)",Unfall 141004 (2018) Kat:3, Licht: 0,141004,3,7,0,09,09,4,0,0,1,0,0,0,0,1
"POINT (8.831747688000064 53.071135493000043)",Unfall 141005 (2018) Kat:2, Licht: 0,141005,2,5,1,09,17,3,0,0,1,1,0,0,0,0
"POINT (8.872992106000027 53.084758834000070)",Unfall 141006 (2018) Kat:3, Licht: 0,141006,3,3,5,09,18,5,0,0,1,1,0,0,0,0
"POINT (8.803428694000047 53.080313942000032)",Unfall 141007 (2018) Kat:3, Licht: 2,141007,3,3,5,09,06,4,1,2,1,0,0,0,0,0
"POINT (8.802868353000065 53.101368969000077)",Unfall 141008 (2018) Kat:3, Licht: 0,141008,3,3,5,10,09,6,0,0,1,1,0,0,0,0
"POINT (8.818443433000027 53.080000404000032)",Unfall 141009 (2018) Kat:3, Licht: 0,141009,3,4,6,09,07,4,1,0,1,0,1,0,0,0
"POINT (8.804144321000024 53.072395145000030)",Unfall 141010 (2018) Kat:3, Licht: 0,141010,3,3,5,09,12,2,1,0,1,1,0,0,0,0
"POINT (8.785788805000038 53.074818218000075)",Unfall 141011 (2018) Kat:3, Licht: 0,141011,3,6,2,09,15,4,1,0,0,1,0,0,0,1
"POINT (8.742589547000023 53.116828483000063)",Unfall 141012 (2018) Kat:3, Licht: 0,141012,3,3,5,09,13,6,0,0,1,0,0,0,1,0
"POINT (8.714078728000061 53.138794281000060)",Unfall 141013 (2018) Kat:3, Licht: 0,141013,3,1,9,09,12,4,1,0,0,1,0,0,0,0
"POINT (8.903781724000055 53.059768898000073)",Unfall 141015 (2018) Kat:3, Licht: 0,141015,3,1,4,09,14,4,1,0,1,1,0,0,0,0
"POINT (8.839656159000072 53.081902023000055)",Unfall 141016 (2018) Kat:3, Licht: 2,141016,3,4,6,09,21,1,0,2,0,1,1,0,0,0
"POINT (8.798149177000028 53.080151353000076)",Unfall 141018 (2018) Kat:3, Licht: 0,141018,3,7,5,09,12,4,1,0,0,1,0,1,0,0
"POINT (8.864192100000025 53.099127242000066)",Unfall 141019 (2018) Kat:3, Licht: 0,141019,3,3,5,08,08,5,1,0,1,1,0,0,0,0
"POINT (8.852191407000021 53.056620378000048)",Unfall 141020 (2018) Kat:3, Licht: 0,141020,3,6,2,10,17,3,0,0,0,1,0,0,0,0
"POINT (8.552055433000021 53.187061910000068)",Unfall 141021 (2018) Kat:3, Licht: 0,141021,3,3,5,09,14,4,1,0,0,1,0,0,0,0
"POINT (8.737272826000037 53.046091852000075)",Unfall 141023 (2018) Kat:3, Licht: 0,141023,3,6,2,10,06,2,0,0,0,1,0,0,0,1
"POINT (8.622561354000027 53.169420511000055)",Unfall 141024 (2018) Kat:3, Licht: 0,141024,3,3,5,09,12,4,1,0,1,1,0,0,0,0
"POINT (8.625884913000050 53.170503880000069)",Unfall 141026 (2018) Kat:3, Licht: 2,141026,3,7,0,09,05,4,0,2,0,0,0,0,0,1
"POINT (8.791525611000054 53.058476706000079)",Unfall 141027 (2018) Kat:3, Licht: 0,141027,3,6,2,09,06,4,1,0,0,1,0,0,0,0
"POINT (8.961572796000041 53.066747996000061)",Unfall 141028 (2018) Kat:3, Licht: 0,141028,3,3,5,10,14,6,0,0,1,1,0,0,0,0
"POINT (8.875927191000073 53.082147761000044)",Unfall 141029 (2018) Kat:3, Licht: 0,141029,3,3,5,09,11,4,1,0,0,1,0,0,0,0
"POINT (8.878532847000031 53.078930686000035)",Unfall 141030 (2018) Kat:3, Licht: 1,141030,3,2,5,09,18,2,1,1,0,1,0,0,0,0
"POINT (8.871635642000058 53.091795230000059)",Unfall 141031 (2018) Kat:3, Licht: 0,141031,3,6,2,09,06,4,1,0,0,1,0,0,0,0
"POINT (8.892316209000057 53.099502395000059)",Unfall 141032 (2018) Kat:3, Licht: 0,141032,3,7,0,10,17,7,0,0,1,0,0,0,0,0
"POINT (8.891677774000073 53.062952220000057)",Unfall 141034 (2018) Kat:3, Licht: 0,141034,3,3,5,09,18,4,0,0,1,1,0,0,0,0
"POINT (8.943746860000033 53.058297802000027)",Unfall 141035 (2018) Kat:3, Licht: 0,141035,3,2,5,10,07,2,0,0,1,1,0,0,0,0
"POINT (8.790979314000026 53.053687023000066)",Unfall 141037 (2018) Kat:3, Licht: 0,141037,3,2,3,09,18,5,0,0,0,1,0,0,1,0
"POINT (8.874375140000041 53.063304643000038)",Unfall 141038 (2018) Kat:3, Licht: 2,141038,3,5,1,10,05,2,1,2,1,1,0,0,0,0
"POINT (8.735533416000067 53.055313977000026)",Unfall 141040 (2018) Kat:3, Licht: 0,141040,3,2,5,09,08,2,0,0,1,0,0,0,0,0
"POINT (8.770266323000044 53.093112218000044)",Unfall 141041 (2018) Kat:3, Licht: 0,141041,3,3,5,09,14,4,0,0,1,1,0,0,0,0
"POINT (8.940001491000032 53.080299365000030)",Unfall 141043 (2018) Kat:3, Licht: 2,141043,3,7,0,10,19,5,0,2,0,1,0,0,0,0
"POINT (8.801349429000027 53.068107629000053)",Unfall 141045 (2018) Kat:3, Licht: 0,141045,3,3,5,09,15,1,1,0,0,1,0,1,0,0
"POINT (8.809421446000044 53.160547226000062)",Unfall 141047 (2018) Kat:3, Licht: 0,141047,3,6,3,10,14,7,0,0,1,0,0,0,0,0
"POINT (8.734765419000041 53.147664248000069)",Unfall 141048 (2018) Kat:3, Licht: 2,141048,3,1,8,10,05,3,1,2,0,0,0,0,0,1
"POINT (8.764636555000038 53.113128014000040)",Unfall 141049 (2018) Kat:3, Licht: 0,141049,3,7,0,09,14,3,0,0,0,0,0,0,0,1
"POINT (8.796544634000043 53.079366637000078)",Unfall 141050 (2018) Kat:3, Licht: 0,141050,3,3,0,09,07,4,0,0,1,1,0,0,0,0
"POINT (8.812852689000067 53.073374515000069)",Unfall 141051 (2018) Kat:3, Licht: 2,141051,3,7,0,09,21,7,0,2,1,0,0,0,0,0
"POINT (8.613412579000055 53.185413728000071)",Unfall 141052 (2018) Kat:3, Licht: 0,141052,3,1,1,09,13,3,0,0,1,1,0,0,0,0
"POINT (8.828403271000070 53.036204865000059)",Unfall 141053 (2018) Kat:3, Licht: 2,141053,3,4,6,10,22,7,0,2,0,1,1,0,0,0
"POINT (8.702353768000023 53.167683532000069)",Unfall 141054 (2018) Kat:3, Licht: 0,141054,3,6,2,09,14,3,0,0,0,1,0,0,0,0
"POINT (8.836300833000053 53.077025050000032)",Unfall 141055 (2018) Kat:3, Licht: 0,141055,3,6,1,09,12,3,0,0,0,1,0,0,0,0
"POINT (8.761413285000060 53.123240298000042)",Unfall 141056 (2018) Kat:3, Licht: 0,141056,3,3,5,09,17,1,0,0,1,1,0,0,0,0
"POINT (8.806917323000050 53.081845255000076)",Unfall 141057 (2018) Kat:3, Licht: 0,141057,3,4,6,09,15,3,0,0,1,0,1,0,0,0
"POINT (8.808225139000058 53.094592918000046)",Unfall 141060 (2018) Kat:3, Licht: 0,141060,3,7,8,09,10,3,0,0,0,1,1,0,0,0
"POINT (8.733479129000045 53.087393189000068)",Unfall 141061 (2018) Kat:3, Licht: 2,141061,3,3,5,10,18,5,0,2,0,0,0,0,1,0
"POINT (8.850561218000053 53.071111527000028)",Unfall 141062 (2018) Kat:3, Licht: 0,141062,3,6,3,09,14,3,0,0,0,1,0,0,0,1
"POINT (8.882046118000062 53.079097729000068)",Unfall 141063 (2018) Kat:3, Licht: 0,141063,3,3,5,09,12,7,0,0,1,1,0,0,0,0
"POINT (8.891557260000070 53.079399892000026)",Unfall 141064 (2018) Kat:3, Licht: 0,141064,3,6,2,09,08,3,0,0,0,1,0,0,0,1
"POINT (8.807687025000064 53.072665023000070)",Unfall 141065 (2018) Kat:3, Licht: 0,141065,3,1,0,08,06,5,1,0,0,0,0,0,0,1
"POINT (8.632227727000043 53.168801242000029)",Unfall 141066 (2018) Kat:2, Licht: 0,141066,2,4,6,10,13,6,0,0,0,1,1,0,0,0