WKT,Name,OBJECTID,UKATEGORIE,UTYP1,UART,UMONAT,USTUNDE,UWOCHENTAG,STRZUSTAND,ULICHTVERH,ISTRAD,ISTPKW,ISTFUSS,ISTKRAD,ISTGKFZ,ISTSONSTIG
"POINT (8.716486022000026 53.134492350000073)",Unfall 141067 (2018) Kat:3, Licht: 0,141067,3,2,5,10,14,3,1,0,1,0,0,0,1,0
"POINT (8.824115473000063 53.033802661000038)",Unfall 141069 (2018) Kat:3, Licht: 0,141069,3,3,5,09,07,4,0,0,1,1,0,0,0,0
"POINT (8.876539717000071 53.081043316000034)",Unfall 141070 (2018) Kat:3, Licht: 2,141070,3,6,2,09,20,6,0,2,0,1,0,0,0,0
"POINT (8.770313466000062 53.093237561000080)",Unfall 141071 (2018) Kat:3, Licht: 0,141071,3,3,5,09,18,2,0,0,1,1,0,0,0,0
"POINT (8.837701009000057 53.095035663000033)",Unfall 141072 (2018) Kat:3, Licht: 0,141072,3,7,0,10,11,7,0,0,0,0,1,0,0,1
"POINT (8.961209553000060 53.050853631000052)",Unfall 141073 (2018) Kat:3, Licht: 0,141073,3,6,2,09,11,2,0,0,0,1,0,0,0,0
"POINT (8.853784520000033 53.090339966000045)",Unfall 141074 (2018) Kat:3, Licht: 0,141074,3,3,5,09,18,1,0,0,1,1,0,0,0,0
"POINT (8.827729320000060 53.079964893000067)",Unfall 141076 (2018) Kat:3, Licht: 0,141076,3,3,5,09,13,2,0,0,1,0,0,0,0,0
"POINT (8.658494599000051 53.158131291000075)",Unfall 141077 (2018) Kat:3, Licht: 0,141077,3,6,0,08,07,5,1,0,0,1,0,1,0,0
"POINT (8.831974952000053 53.071063307000031)",Unfall 141078 (2018) Kat:3, Licht: 0,141078,3,5,1,10,10,3,0,0,1,0,0,0,0,1
"POINT (8.879580491000070 53.101538270000049)",Unfall 141079 (2018) Kat:3, Licht: 0,141079,3,4,0,09,14,2,0,0,1,0,1,0,0,0
"POINT (8.788264337000044 53.063012452000066)",Unfall 141080 (2018) Kat:3, Licht: 0,141080,3,6,2,09,14,6,1,0,0,1,0,0,0,0
"POINT (8.898944847000053 53.128489185000035)",Unfall 141081 (2018) Kat:3, Licht: 0,141081,3,6,2,10,07,2,1,0,0,1,0,0,0,1
"POINT (8.836956678000036 53.032290958000033)",Unfall 141082 (2018) Kat:3, Licht: 0,141082,3,7,1,09,17,2,0,0,1,1,0,0,0,0
"POINT (8.894741124000063 53.059722889000057)",Unfall 141083 (2018) Kat:3, Licht: 1,141083,3,3,3,09,17,1,0,1,0,1,0,0,0,0
"POINT (8.916732804000048 53.059705320000035)",Unfall 141085 (2018) Kat:3, Licht: 0,141085,3,6,2,09,15,2,0,0,0,1,0,0,0,1
"POINT (8.719066022000050 53.045632728000044)",Unfall 141086 (2018) Kat:3, Licht: 0,141086,3,6,2,09,13,6,1,0,0,1,0,0,0,0
"POINT (8.809485405000032 53.077412940000045)",Unfall 141087 (2018) Kat:3, Licht: 0,141087,3,7,0,10,14,6,0,0,1,0,1,0,0,0
"POINT (8.812296634000063 53.095689739000079)",Unfall 141088 (2018) Kat:3, Licht: 0,141088,3,3,5,10,14,2,1,0,1,0,0,0,0,1
"POINT (8.804031987000030 53.080445303000033)",Unfall 141089 (2018) Kat:2, Licht: 0,141089,2,4,6,09,12,2,0,0,0,0,1,0,0,1
"POINT (8.870459881000045 53.098501840000040)",Unfall 141090 (2018) Kat:2, Licht: 0,141090,2,7,0,09,10,3,0,0,1,0,0,0,0,0
"POINT (8.783864597000047 53.087670206000041)",Unfall 141091 (2018) Kat:3, Licht: 0,141091,3,6,2,09,11,5,0,0,0,1,0,0,0,0
"POINT (8.581865552000068 53.212950616000057)",Unfall 141092 (2018) Kat:3, Licht: 2,141092,3,2,5,09,22,1,0,2,0,1,0,0,0,0
"POINT (8.567846934000045 53.194515186000046)",Unfall 141093 (2018) Kat:3, Licht: 0,141093,3,6,2,10,14,6,0,0,0,1,0,1,0,0
"POINT (8.930770507000034 53.059738877000029)",Unfall 141094 (2018) Kat:3, Licht: 1,141094,3,3,5,09,19,1,0,1,0,1,0,0,0,0
"POINT (8.795936331000064 53.079577282000059)",Unfall 141095 (2018) Kat:3, Licht: 2,141095,3,4,6,09,03,1,0,2,0,1,1,0,0,0
"POINT (8.780726494000021 53.101920355000061)",Unfall 141096 (2018) Kat:3, Licht: 0,141096,3,3,5,09,17,2,1,0,0,1,0,1,0,0
"POINT (8.633470452000040 53.182099078000078)",Unfall 141097 (2018) Kat:3, Licht: 2,141097,3,4,6,09,23,1,0,2,1,0,1,0,0,0
"POINT (8.844184054000039 53.075332705000051)",Unfall 141098 (2018) Kat:3, Licht: 0,141098,3,6,3,10,16,2,0,0,1,0,0,0,1,0
"POINT (8.801513967000062 53.071324915000048)",Unfall 141099 (2018) Kat:3, Licht: 0,141099,3,6,2,09,14,1,0,0,0,1,0,0,0,0
"POINT (8.809242224000059 53.063374051000039)",Unfall 141100 (2018) Kat:3, Licht: 0,141100,3,3,5,09,15,5,0,0,1,0,0,1,0,0
"POINT (8.964188879000062 53.062313460000041)",Unfall 141101 (2018) Kat:3, Licht: 2,141101,3,6,2,10,20,2,1,2,0,1,0,0,0,0
"POINT (8.940258149000044 53.082347988000038)",Unfall 141102 (2018) Kat:3, Licht: 2,141102,3,4,6,09,21,1,0,2,0,1,1,0,0,0
"POINT (8.809920565000027 53.088735802000031)",Unfall 141103 (2018) Kat:3, Licht: 0,141103,3,4,6,09,09,2,0,0,1,0,1,0,0,0
"POINT (8.661768881000057 53.164390754000067)",Unfall 141104 (2018) Kat:3, Licht: 0,141104,3,2,0,09,10,4,0,0,0,1,0,0,0,1
"POINT (8.789637533000075 53.078921556000068)",Unfall 141105 (2018) Kat:3, Licht: 2,141105,3,6,3,09,20,1,0,2,0,1,0,0,0,0
"POINT (8.791127508000045 53.091529360000038)",Unfall 141106 (2018) Kat:3, Licht: 0,141106,3,7,0,09,15,3,0,0,0,0,0,1,0,0
"POINT (8.916384269000048 53.071297021000078)",Unfall 141108 (2018) Kat:3, Licht: 0,141108,3,6,2,09,14,1,0,0,0,1,0,0,0,0
"POINT (8.882456743000034 53.057773452000049)",Unfall 141109 (2018) Kat:3, Licht: 1,141109,3,1,0,10,06,6,0,1,1,0,0,0,0,0
"POINT (8.785539953000068 53.083177875000047)",Unfall 141110 (2018) Kat:2, Licht: 2,141110,2,7,0,09,04,1,0,2,1,0,0,0,0,0
"POINT (8.631868073000021 53.169555740000078)",Unfall 141111 (2018) Kat:3, Licht: 0,141111,3,6,2,09,17,2,0,0,0,1,0,0,0,0
"POINT (8.812619204000043 53.098247219000029)",Unfall 141112 (2018) Kat:2, Licht: 0,141112,2,2,5,09,12,1,0,0,0,1,0,1,0,0
"POINT (8.736632721000035 53.045309745000054)",Unfall 141114 (2018) Kat:3, Licht: 2,141114,3,7,5,09,21,1,0,2,0,1,0,0,0,0
"POINT (8.897030016000031 53.118254729000057)",Unfall 141115 (2018) Kat:3, Licht: 0,141115,3,3,5,09,18,4,0,0,0,1,0,0,0,0
"POINT (8.833774461000076 53.081866954000077)",Unfall 141121 (2018) Kat:3, Licht: 0,141121,3,3,5,09,07,2,0,0,1,1,0,0,0,0
"POINT (8.953327862000037 53.095762198000045)",Unfall 141122 (2018) Kat:2, Licht: 0,141122,2,4,6,10,15,5,0,0,1,0,1,0,0,0
"POINT (8.912647005000054 53.098490257000037)",Unfall 141123 (2018) Kat:3, Licht: 2,141123,3,6,9,09,00,7,0,2,1,1,0,0,0,0
"POINT (8.762769913000057 53.114107890000071)",Unfall 141124 (2018) Kat:3, Licht: 0,141124,3,7,8,09,08,1,0,0,0,1,0,0,0,1
"POINT (8.632039399000064 53.191766952000080)",Unfall 141125 (2018) Kat:3, Licht: 0,141125,3,3,5,09,10,7,0,0,0,1,0,0,0,0
"POINT (8.817702391000069 53.069924587000060)",Unfall 141127 (2018) Kat:3, Licht: 0,141127,3,2,5,10,12,3,1,0,1,1,0,0,0,0
"POINT (8.832141158000070 53.068640922000043)",Unfall 141128 (2018) Kat:3, Licht: 0,141128,3,6,2,09,11,7,0,0,1,1,0,0,0,0
"POINT (8.563042020000069 53.195459899000070)",Unfall 141130 (2018) Kat:3, Licht: 0,141130,3,1,0,09,12,7,0,0,1,0,0,0,0,0
"POINT (8.878320095000049 53.044386057000054)",Unfall 141131 (2018) Kat:3, Licht: 0,141131,3,6,2,09,14,1,1,0,0,1,0,0,0,0
"POINT (8.697403782000038 53.116517495000039)",Unfall 141132 (2018) Kat:3, Licht: 0,141132,3,3,5,09,09,7,0,0,0,1,0,0,0,0
"POINT (8.824853081000072 53.073049062000052)",Unfall 141133 (2018) Kat:3, Licht: 2,141133,3,4,6,10,20,7,0,2,1,0,1,0,0,0
"POINT (8.893458502000044 53.079443022000078)",Unfall 141134 (2018) Kat:3, Licht: 0,141134,3,4,6,10,15,5,0,0,0,1,1,0,0,0
"POINT (8.816750622000029 53.078682459000049)",Unfall 141135 (2018) Kat:3, Licht: 2,141135,3,4,6,09,05,7,0,2,0,1,1,0,0,0
"POINT (8.597535790000052 53.184836361000066)",Unfall 141136 (2018) Kat:3, Licht: 0,141136,3,3,0,09,08,4,0,0,0,1,0,0,0,1
"POINT (8.824226575000068 53.083811932000060)",Unfall 141138 (2018) Kat:3, Licht: 0,141138,3,5,1,09,13,7,0,0,1,1,0,0,0,0
"POINT (8.806908787000054 53.078690594000079)",Unfall 141139 (2018) Kat:3, Licht: 1,141139,3,4,6,10,19,7,0,1,0,1,1,0,0,0
"POINT (8.791926956000054 53.090309609000030)",Unfall 141140 (2018) Kat:3, Licht: 0,141140,3,3,5,09,07,3,1,0,0,1,0,0,0,1
"POINT (8.785215551000022 53.088593326000080)",Unfall 141141 (2018) Kat:3, Licht: 0,141141,3,3,5,09,15,7,0,0,0,1,0,1,0,0
"POINT (8.911348364000048 53.078437635000057)",Unfall 141142 (2018) Kat:3, Licht: 0,141142,3,3,5,09,17,7,0,0,1,0,0,0,0,1
"POINT (8.792107126000076 53.073035779000065)",Unfall 141143 (2018) Kat:3, Licht: 0,141143,3,2,5,10,17,4,0,0,1,1,0,0,0,0
"POINT (8.789359409000042 53.078702958000065)",Unfall 141145 (2018) Kat:3, Licht: 0,141145,3,6,3,09,10,6,1,0,0,1,0,0,1,0
"POINT (8.831228883000051 53.030024599000058)",Unfall 141147 (2018) Kat:3, Licht: 0,141147,3,3,5,08,19,5,0,0,0,1,0,0,0,0
"POINT (8.883297430000027 53.078943376000041)",Unfall 141148 (2018) Kat:3, Licht: 0,141148,3,4,6,10,13,6,0,0,0,1,1,0,0,0
"POINT (8.937742801000070 53.068685390000041)",Unfall 141149 (2018) Kat:3, Licht: 2,141149,3,6,2,10,20,3,1,2,0,1,0,0,0,0
"POINT (8.803296047000060 53.080041302000041)",Unfall 141150 (2018) Kat:3, Licht: 0,141150,3,3,0,09,14,6,1,0,1,1,0,0,0,0
"POINT (8.739406507000069 53.132718208000028)",Unfall 141151 (2018) Kat:3, Licht: 0,141151,3,2,0,09,11,4,0,0,0,1,0,0,0,1
"POINT (8.870265503000042 53.096887221000031)",Unfall 141152 (2018) Kat:3, Licht: 0,141152,3,7,0,09,16,6,0,0,0,0,0,0,0,1
"POINT (8.717854687000056 53.056602787000031)",Unfall 141153 (2018) Kat:3, Licht: 0,141153,3,1,9,09,07,6,1,0,0,0,0,1,0,0
"POINT (8.831924055000059 53.071079473000054)",Unfall 141154 (2018) Kat:3, Licht: 0,141154,3,7,0,09,15,7,0,0,1,0,0,0,0,0
"POINT (8.745338137000033 53.131269374000055)",Unfall 141156 (2018) Kat:3, Licht: 0,141156,3,6,0,09,15,6,1,0,0,1,0,0,0,0
"POINT (8.833955017000051 53.077324341000065)",Unfall 141157 (2018) Kat:3, Licht: 0,141157,3,6,3,09,07,4,0,0,1,0,0,0,0,0
"POINT (8.619268651000027 53.182128185000067)",Unfall 141159 (2018) Kat:3, Licht: 0,141159,3,6,2,09,15,6,1,0,0,1,0,1,0,0
"POINT (8.813661000000025 53.080606872000033)",Unfall 141160 (2018) Kat:3, Licht: 1,141160,3,7,0,10,18,7,0,1,1,0,0,0,0,0
"POINT (8.679250240000044 53.172725603000060)",Unfall 141161 (2018) Kat:3, Licht: 0,141161,3,7,0,09,15,3,0,0,0,1,1,0,0,0
"POINT (8.825106532000064 53.084188545000075)",Unfall 141162 (2018) Kat:3, Licht: 0,141162,3,3,5,09,07,6,0,0,1,1,0,0,0,0
"POINT (8.871765096000047 53.091436147000081)",Unfall 141164 (2018) Kat:3, Licht: 0,141164,3,6,2,10,16,3,0,0,1,1,0,0,0,0
"POINT (8.921117023000022 53.037610991000065)",Unfall 141165 (2018) Kat:3, Licht: 0,141165,3,6,3,09,09,6,0,0,1,1,0,0,0,0
"POINT (8.704695255000047 53.154640603000075)",Unfall 141166 (2018) Kat:3, Licht: 0,141166,3,3,5,09,12,6,1,0,1,1,0,0,0,0
"POINT (8.715850264000039 53.054173605000074)",Unfall 141167 (2018) Kat:3, Licht: 0,141167,3,3,5,10,11,5,0,0,0,1,0,0,0,0
"POINT (8.807674102000021 53.072672074000081)",Unfall 141168 (2018) Kat:3, Licht: 0,141168,3,6,3,10,11,2,1,0,0,1,0,0,0,1
"POINT (8.831565181000030 53.081284072000074)",Unfall 141169 (2018) Kat:3, Licht: 0,141169,3,1,0,09,12,6,0,0,1,0,0,0,0,0
"POINT (8.832794545000070 53.077601272000038)",Unfall 141170 (2018) Kat:3, Licht: 0,141170,3,7,0,09,08,3,0,0,0,1,0,1,0,0
"POINT (8.656489330000056 53.174608810000052)",Unfall 141171 (2018) Kat:3, Licht: 0,141171,3,3,5,09,17,5,0,0,1,1,0,0,0,0
"POINT (8.855092312000068 53.078588355000079)",Unfall 141172 (2018) Kat:2, Licht: 0,141172,2,6,5,09,07,6,1,0,0,1,0,1,0,0
"POINT (8.848012494000045 53.047229540000046)",Unfall 141174 (2018) Kat:3, Licht: 0,141174,3,4,6,10,16,6,0,0,0,1,1,0,0,0
"POINT (8.604289228000027 53.176847707000036)",Unfall 141175 (2018) Kat:3, Licht: 0,141175,3,3,5,09,07,6,0,0,1,1,0,0,0,0
"POINT (8.875225886000067 53.082434134000039)",Unfall 141176 (2018) Kat:3, Licht: 0,141176,3,1,0,09,08,2,1,0,1,0,0,0,0,0
"POINT (8.824427355000069 53.084260832000041)",Unfall 141177 (2018) Kat:3, Licht: 1,141177,3,3,5,09,20,6,0,1,1,1,0,0,0,0
"POINT (8.610309461000043 53.184420285000044)",Unfall 141179 (2018) Kat:2, Licht: 0,141179,2,5,0,10,17,2,0,0,0,1,0,1,0,0
"POINT (8.907695535000073 53.035352370000055)",Unfall 141180 (2018) Kat:3, Licht: 0,141180,3,3,5,09,13,6,1,0,0,1,0,1,0,0
"POINT (8.809113853000042 53.082659783000054)",Unfall 141181 (2018) Kat:3, Licht: 0,141181,3,3,6,09,16,5,0,0,0,1,1,0,0,0
"POINT (8.748457278000046 53.085336615000074)",Unfall 141183 (2018) Kat:3, Licht: 2,141183,3,3,5,09,21,6,0,2,1,1,0,0,0,0
"POINT (8.619444482000063 53.184055459000035)",Unfall 141184 (2018) Kat:3, Licht: 0,141184,3,4,6,10,13,3,0,0,0,1,1,0,0,0
"POINT (8.618357057000026 53.191223976000060)",Unfall 141185 (2018) Kat:3, Licht: 0,141185,3,2,5,09,15,6,1,0,1,1,0,0,0,0
"POINT (8.814058053000053 53.039349532000074)",Unfall 141187 (2018) Kat:3, Licht: 0,141187,3,6,2,10,13,2,1,0,0,1,0,0,0,0
"POINT (8.755381816000067 53.119147300000066)",Unfall 141188 (2018) Kat:3, Licht: 0,141188,3,3,5,09,17,6,0,0,1,1,0,0,0,0
"POINT (8.829330189000075 53.068783714000062)",Unfall 141189 (2018) Kat:3, Licht: 2,141189,3,1,0,09,20,3,0,2,1,0,0,0,0,0
"POINT (8.832087278000074 53.068645086000060)",Unfall 141190 (2018) Kat:3, Licht: 0,141190,3,6,2,09,13,4,0,0,0,1,0,0,0,0
"POINT (8.775515058000053 53.060480267000059)",Unfall 141191 (2018) Kat:3, Licht: 1,141191,3,3,5,09,20,6,0,1,0,1,0,0,0,0
"POINT (8.952205758000048 53.065601421000054)",Unfall 141192 (2018) Kat:2, Licht: 0,141192,2,4,6,09,17,6,0,0,1,0,1,0,0,0
"POINT (8.863351625000064 53.067341791000047)",Unfall 141193 (2018) Kat:3, Licht: 0,141193,3,5,1,10,15,6,0,0,0,1,0,1,0,0
"POINT (8.554212472000074 53.199088720000077)",Unfall 141194 (2018) Kat:3, Licht: 0,141194,3,3,5,09,17,6,0,0,0,1,0,0,0,0
"POINT (8.740721008000037 53.052682942000047)",Unfall 141195 (2018) Kat:3, Licht: 0,141195,3,3,5,09,18,2,1,0,1,1,0,0,0,0
"POINT (8.962356968000051 53.053225430000055)",Unfall 141196 (2018) Kat:3, Licht: 0,141196,3,6,2,09,14,6,1,0,0,1,0,0,0,0
"POINT (8.808856684000034 53.083074949000036)",Unfall 141197 (2018) Kat:3, Licht: 0,141197,3,2,5,10,15,1,0,0,1,1,0,0,0,0
"POINT (8.774043596000070 53.101331983000080)",Unfall 141198 (2018) Kat:3, Licht: 0,141198,3,2,5,09,11,6,0,0,0,0,0,0,1,1
"POINT (8.786209577000022 53.103062124000076)",Unfall 141199 (2018) Kat:3, Licht: 0,141199,3,2,5,09,14,4,0,0,1,1,0,0,0,0
"POINT (8.765510313000050 53.082414407000044)",Unfall 141200 (2018) Kat:2, Licht: 0,141200,2,7,0,09,18,1,0,0,1,0,0,0,0,0
"POINT (8.958241741000052 53.057433544000048)",Unfall 141203 (2018) Kat:3, Licht: 1,141203,3,3,5,10,06,2,1,1,0,1,0,1,0,0
"POINT (8.857395226000051 53.080517370000052)",Unfall 141205 (2018) Kat:3, Licht: 0,141205,3,3,5,09,10,2,0,0,1,1,0,0,0,0
"POINT (8.787865547000024 53.069681378000041)",Unfall 141206 (2018) Kat:3, Licht: 0,141206,3,5,1,09,09,4,0,0,0,1,0,0,0,0
"POINT (8.511551846000032 53.208636221000063)",Unfall 141207 (2018) Kat:3, Licht: 0,141207,3,4,6,09,18,5,0,0,0,1,1,0,0,0
"POINT (8.798855293000031 53.101570267000056)",Unfall 141208 (2018) Kat:3, Licht: 2,141208,3,6,2,09,20,6,0,2,0,1,0,0,0,0
"POINT (8.785954092000054 53.083121576000053)",Unfall 141209 (2018) Kat:3, Licht: 0,141209,3,6,2,10,15,5,0,0,0,1,0,0,1,0
"POINT (8.818843485000059 53.051840807000076)",Unfall 141210 (2018) Kat:3, Licht: 0,141210,3,4,6,09,07,5,0,0,0,1,1,0,0,0
"POINT (8.888007180000045 53.066703479000068)",Unfall 141211 (2018) Kat:3, Licht: 0,141211,3,3,5,09,18,1,1,0,0,1,0,0,0,0
"POINT (8.823754383000050 53.077219736000075)",Unfall 141212 (2018) Kat:3, Licht: 0,141212,3,4,6,09,10,5,0,0,0,1,1,0,0,0
"POINT (8.756323270000053 53.118403969000042)",Unfall 141213 (2018) Kat:3, Licht: 0,141213,3,7,5,10,17,7,0,0,0,1,0,0,0,0
"POINT (8.780112180000060 53.099209527000028)",Unfall 141214 (2018) Kat:3, Licht: 0,141214,3,4,6,10,11,4,0,0,1,0,1,0,0,1
"POINT (8.943904016000033 53.037987526000052)",Unfall 141215 (2018) Kat:3, Licht: 0,141215,3,2,5,09,12,5,0,0,1,0,0,0,0,1
"POINT (8.825038134000067 53.084581895000042)",Unfall 141216 (2018) Kat:3, Licht: 0,141216,3,3,5,09,17,4,0,0,1,1,0,0,0,0
"POINT (8.556236146000060 53.185060962000080)",Unfall 141217 (2018) Kat:3, Licht: 0,141217,3,6,2,09,12,7,0,0,0,1,0,1,0,0
"POINT (8.938311811000062 53.081439146000037)",Unfall 141218 (2018) Kat:3, Licht: 0,141218,3,6,3,09,16,5,0,0,1,1,0,0,0,0
"POINT (8.838202491000061 53.067748134000055)",Unfall 141219 (2018) Kat:3, Licht: 0,141219,3,3,5,10,17,7,0,0,1,1,0,0,0,0
"POINT (8.786218983000026 53.103014675000054)",Unfall 141220 (2018) Kat:3, Licht: 0,141220,3,6,2,09,18,3,0,0,0,1,0,0,0,0
"POINT (8.571859543000073 53.196092744000055)",Unfall 141221 (2018) Kat:3, Licht: 0,141221,3,3,5,09,15,5,1,0,1,1,0,0,0,0
"POINT (8.870726252000054 53.098479682000061)",Unfall 141222 (2018) Kat:2, Licht: 0,141222,2,6,4,09,08,6,0,0,1,0,0,0,0,0
"POINT (8.835941742000046 53.070195288000036)",Unfall 141223 (2018) Kat:2, Licht: 2,141223,2,4,6,10,20,4,0,2,0,0,1,1,0,0
"POINT (8.802850738000075 53.085754767000026)",Unfall 141224 (2018) Kat:3, Licht: 0,141224,3,6,2,09,15,5,1,0,0,1,0,0,0,0
"POINT (8.801998505000029 53.085184455000046)",Unfall 141225 (2018) Kat:2, Licht: 2,141225,2,4,6,09,19,6,1,2,0,1,1,0,0,0
"POINT (8.850957899000036 53.045342513000037)",Unfall 141227 (2018) Kat:2, Licht: 0,141227,2,6,4,09,15,5,0,0,1,0,0,0,0,0
"POINT (8.640522548000035 53.174991509000051)",Unfall 141228 (2018) Kat:3, Licht: 0,141228,3,3,5,09,10,6,0,0,0,1,0,0,0,0
"POINT (8.796875328000056 53.094669987000032)",Unfall 141229 (2018) Kat:3, Licht: 0,141229,3,1,4,10,11,5,0,0,1,0,0,0,0,1
"POINT (8.824584240000036 53.068912950000026)",Unfall 141230 (2018) Kat:3, Licht: 0,141230,3,3,5,09,16,5,1,0,0,1,0,0,0,1
"POINT (8.816575874000023 53.084099446000039)",Unfall 141231 (2018) Kat:3, Licht: 2,141231,3,6,4,09,05,7,1,2,0,1,0,0,0,0
"POINT (8.788975062000077 53.073131874000069)",Unfall 141232 (2018) Kat:3, Licht: 0,141232,3,6,2,09,15,5,0,0,0,1,0,0,0,0
"POINT (8.738729078000063 53.146262671000045)",Unfall 141233 (2018) Kat:3, Licht: 0,141233,3,6,2,10,15,6,0,0,0,1,0,0,0,0
"POINT (8.853314428000033 53.082927642000072)",Unfall 141234 (2018) Kat:3, Licht: 0,141234,3,2,5,10,17,3,1,0,1,1,0,0,0,0
"POINT (8.747269738000057 53.126203936000081)",Unfall 141235 (2018) Kat:3, Licht: 1,141235,3,2,5,09,19,5,1,1,0,1,0,0,0,0
"POINT (8.837377334000053 53.037849591000054)",Unfall 141236 (2018) Kat:3, Licht: 0,141236,3,2,3,09,08,4,0,0,1,0,0,0,0,1
"POINT (8.785191260000033 53.074488311000039)",Unfall 141237 (2018) Kat:3, Licht: 0,141237,3,2,5,09,13,6,0,0,1,0,0,0,0,0
"POINT (8.578292194000028 53.206793910000044)",Unfall 141238 (2018) Kat:3, Licht: 0,141238,3,7,5,09,17,5,1,0,1,1,0,0,0,0
"POINT (8.813069906000067 53.098853735000034)",Unfall 141239 (2018) Kat:3, Licht: 0,141239,3,7,2,09,12,6,0,0,0,1,0,0,0,0
"POINT (8.896134247000020 53.117710187000057)",Unfall 141240 (2018) Kat:3, Licht: 0,141240,3,6,2,10,15,7,0,0,0,1,0,0,0,0
"POINT (8.818156510000051 53.052300476000028)",Unfall 141241 (2018) Kat:3, Licht: 0,141241,3,6,2,09,07,5,0,0,0,1,0,0,0,0
"POINT (8.762717049000059 53.060316576000048)",Unfall 141242 (2018) Kat:3, Licht: 1,141242,3,3,5,09,19,3,0,1,1,1,0,0,0,0
"POINT (8.739089540000066 53.135179757000060)",Unfall 141243 (2018) Kat:3, Licht: 0,141243,3,7,0,09,12,5,0,0,1,0,0,0,0,0
"POINT (8.807316628000024 53.082160670000064)",Unfall 141244 (2018) Kat:3, Licht: 0,141244,3,3,5,09,08,6,0,0,1,0,0,0,0,0
"POINT (8.818243549000044 53.046707403000028)",Unfall 141245 (2018) Kat:3, Licht: 0,141245,3,7,0,09,18,1,0,0,1,0,0,0,0,0
"POINT (8.787577511000052 53.069839402000071)",Unfall 141246 (2018) Kat:3, Licht: 0,141246,3,2,5,10,17,3,0,0,1,1,0,0,0,0
"POINT (8.569774203000065 53.204520675000026)",Unfall 141247 (2018) Kat:3, Licht: 0,141247,3,1,0,09,15,5,1,0,1,0,0,0,0,0
"POINT (8.716962941000077 53.046857669000076)",Unfall 141248 (2018) Kat:3, Licht: 0,141248,3,1,8,09,12,6,1,0,0,1,0,0,0,0
"POINT (8.958359931000075 53.046487728000045)",Unfall 141249 (2018) Kat:3, Licht: 0,141249,3,6,2,10,17,2,1,0,0,1,0,0,0,0
"POINT (8.565401317000067 53.190264701000046)",Unfall 141250 (2018) Kat:3, Licht: 0,141250,3,3,5,09,16,5,1,0,0,1,0,0,0,0
"POINT (8.812567664000028 53.090845612000066)",Unfall 141251 (2018) Kat:3, Licht: 0,141251,3,5,1,09,09,3,0,0,1,1,0,0,0,0
"POINT (8.716687054000033 53.134588215000065)",Unfall 141253 (2018) Kat:3, Licht: 0,141253,3,2,5,09,16,5,1,0,1,1,0,0,0,0
"POINT (8.720428682000033 53.172876466000048)",Unfall 141254 (2018) Kat:3, Licht: 0,141254,3,6,4,09,12,6,0,0,1,1,0,0,0,0
"POINT (8.884009241000058 53.042206039000064)",Unfall 141255 (2018) Kat:3, Licht: 0,141255,3,1,4,10,09,6,0,0,0,1,0,0,0,0
"POINT (8.823337678000030 53.046018024000034)",Unfall 141257 (2018) Kat:3, Licht: 0,141257,3,3,5,09,07,5,0,0,1,1,0,0,0,0
"POINT (8.783053684000038 53.076429480000058)",Unfall 141259 (2018) Kat:3, Licht: 0,141259,3,2,2,09,13,5,0,0,0,1,0,0,0,0
"POINT (8.897585924000055 53.079364088000034)",Unfall 141260 (2018) Kat:3, Licht: 0,141260,3,3,5,09,15,5,0,0,1,1,0,0,0,0
"POINT (8.961894004000044 53.053237035000052)",Unfall 141262 (2018) Kat:3, Licht: 0,141262,3,6,3,10,09,6,0,0,0,1,0,0,0,0
"POINT (8.859063258000049 53.084445114000061)",Unfall 141263 (2018) Kat:3, Licht: 0,141263,3,3,5,09,14,5,0,0,1,1,0,0,0,0
"POINT (8.729114017000029 53.128649658000029)",Unfall 141264 (2018) Kat:3, Licht: 0,141264,3,6,2,09,17,2,1,0,0,1,0,0,0,0
"POINT (8.845390842000029 53.084276512000031)",Unfall 141267 (2018) Kat:3, Licht: 0,141267,3,6,3,10,14,3,0,0,1,0,0,0,0,0
"POINT (8.735308859000043 53.044099675000041)",Unfall 141268 (2018) Kat:3, Licht: 0,141268,3,2,5,09,17,4,0,0,0,1,0,1,0,0
"POINT (8.611131190000037 53.175301922000074)",Unfall 141269 (2018) Kat:2, Licht: 0,141269,2,3,5,09,15,5,0,0,1,1,0,0,0,0
"POINT (8.819116063000024 53.080277149000040)",Unfall 141270 (2018) Kat:3, Licht: 0,141270,3,3,5,09,14,2,0,0,1,1,0,0,0,0
"POINT (8.613754357000062 53.173321207000072)",Unfall 141271 (2018) Kat:2, Licht: 0,141271,2,3,5,10,12,2,1,0,0,1,0,1,0,0
"POINT (8.933696356000041 53.038888259000032)",Unfall 141272 (2018) Kat:3, Licht: 0,141272,3,7,0,09,16,4,0,0,0,1,0,0,0,0
"POINT (8.849644988000023 53.041513014000031)",Unfall 141274 (2018) Kat:3, Licht: 0,141274,3,6,3,09,11,4,0,0,1,1,0,0,0,0
"POINT (8.811192636000044 53.080111113000044)",Unfall 141275 (2018) Kat:3, Licht: 0,141275,3,3,5,09,16,4,0,0,1,1,0,0,0,0
"POINT (8.802524742000060 53.079854669000042)",Unfall 141276 (2018) Kat:3, Licht: 0,141276,3,3,5,09,12,5,0,0,1,1,0,0,0,0