WKT,Name,OBJECTID,UKATEGORIE,UTYP1,UART,UMONAT,USTUNDE,UWOCHENTAG,STRZUSTAND,ULICHTVERH,ISTRAD,ISTPKW,ISTFUSS,ISTKRAD,ISTGKFZ,ISTSONSTIG
"POINT (8.549791287000062 53.196913005000056)",Unfall 141278 (2018) Kat:3, Licht: 0,141278,3,6,2,09,07,4,0,0,1,0,0,0,0,0
"POINT (8.751674200000025 53.084813579000070)",Unfall 141280 (2018) Kat:3, Licht: 0,141280,3,3,5,09,13,4,0,0,1,0,0,0,1,0
"POINT (8.640027834000023 53.187973413000066)",Unfall 141281 (2018) Kat:3, Licht: 0,141281,3,3,5,09,12,5,0,0,1,1,0,0,0,0
"POINT (8.850249113000075 53.070554625000057)",Unfall 141282 (2018) Kat:3, Licht: 0,141282,3,3,5,10,07,6,0,0,1,0,0,0,0,0
"POINT (8.670167879000076 53.174595408000073)",Unfall 141283 (2018) Kat:2, Licht: 0,141283,2,3,5,09,13,4,0,0,1,0,0,0,0,0
"POINT (8.878562669000075 53.078932457000064)",Unfall 141284 (2018) Kat:3, Licht: 0,141284,3,2,5,09,12,2,1,0,1,1,0,0,0,0
"POINT (8.871961733000035 53.067133912000031)",Unfall 141285 (2018) Kat:2, Licht: 0,141285,2,3,5,09,14,3,0,0,1,0,0,0,0,1
"POINT (8.898139536000031 53.127462764000029)",Unfall 141286 (2018) Kat:3, Licht: 0,141286,3,3,5,09,16,5,0,0,1,1,0,1,0,0
"POINT (8.825077970000052 53.084203313000046)",Unfall 141287 (2018) Kat:3, Licht: 0,141287,3,2,5,10,12,2,0,0,1,1,0,0,0,0
"POINT (8.808067610000023 53.072478428000068)",Unfall 141288 (2018) Kat:3, Licht: 0,141288,3,1,0,09,19,3,0,0,0,0,0,1,0,0
"POINT (8.938750655000035 53.063771845000076)",Unfall 141290 (2018) Kat:3, Licht: 0,141290,3,4,6,10,13,2,1,0,1,0,1,0,0,0
"POINT (8.730746548000070 53.040556766000066)",Unfall 141291 (2018) Kat:3, Licht: 0,141291,3,3,5,09,08,3,0,0,1,1,0,0,0,0
"POINT (8.565581845000054 53.193524221000075)",Unfall 141292 (2018) Kat:3, Licht: 1,141292,3,2,5,09,20,2,0,1,0,1,0,1,0,0
"POINT (8.627984296000022 53.169144003000042)",Unfall 141294 (2018) Kat:3, Licht: 0,141294,3,6,2,09,14,3,0,0,0,1,0,0,0,0
"POINT (8.812990629000069 53.058561037000061)",Unfall 141295 (2018) Kat:3, Licht: 0,141295,3,7,1,09,16,5,0,0,1,1,0,0,0,0
"POINT (8.800716158000057 53.078567658000054)",Unfall 141296 (2018) Kat:3, Licht: 0,141296,3,3,5,10,14,5,0,0,1,1,0,0,0,0
"POINT (8.811145190000048 53.096791875000065)",Unfall 141297 (2018) Kat:3, Licht: 0,141297,3,4,6,09,11,3,0,0,0,1,1,0,0,0
"POINT (8.555801460000055 53.185839145000045)",Unfall 141298 (2018) Kat:2, Licht: 0,141298,2,1,0,09,12,1,1,0,1,0,0,0,0,0
"POINT (8.787296777000051 53.087569920000078)",Unfall 141299 (2018) Kat:3, Licht: 0,141299,3,3,5,09,07,3,0,0,1,1,0,0,0,0
"POINT (8.643282860000056 53.165283448000082)",Unfall 141300 (2018) Kat:1, Licht: 2,141300,1,1,9,10,00,7,0,2,0,0,0,1,0,0
"POINT (8.757721975000038 53.126557366000043)",Unfall 141301 (2018) Kat:3, Licht: 1,141301,3,7,1,10,18,3,1,1,0,1,0,0,0,0
"POINT (8.785043805000043 53.102240836000078)",Unfall 141302 (2018) Kat:3, Licht: 2,141302,3,3,5,09,21,3,0,2,1,0,0,1,0,0
"POINT (8.837302556000054 53.076883363000036)",Unfall 141303 (2018) Kat:3, Licht: 2,141303,3,3,5,09,05,4,0,2,0,1,0,0,0,0
"POINT (8.856187739000063 53.070488925000063)",Unfall 141304 (2018) Kat:3, Licht: 0,141304,3,3,5,09,11,7,0,0,0,1,0,0,0,0
"POINT (8.745458914000039 53.155520037000031)",Unfall 141305 (2018) Kat:2, Licht: 0,141305,2,6,2,09,16,3,0,0,0,1,0,0,0,0
"POINT (8.884010866000040 53.073406372000079)",Unfall 141306 (2018) Kat:3, Licht: 0,141306,3,3,5,10,08,7,0,0,1,1,0,0,0,0
"POINT (8.759503432000031 53.113645538000071)",Unfall 141307 (2018) Kat:2, Licht: 0,141307,2,6,3,10,11,5,0,0,1,0,0,0,0,0
"POINT (8.840552421000041 53.104445534000035)",Unfall 141308 (2018) Kat:3, Licht: 0,141308,3,6,2,09,16,3,0,0,0,1,0,0,0,0
"POINT (8.782115469000075 53.070759049000060)",Unfall 141309 (2018) Kat:3, Licht: 0,141309,3,6,2,09,17,4,0,0,0,1,0,0,0,0
"POINT (8.832273214000054 53.068630714000051)",Unfall 141310 (2018) Kat:3, Licht: 0,141310,3,6,3,09,16,1,0,0,1,0,0,0,0,0
"POINT (8.741036681000026 53.052643265000029)",Unfall 141312 (2018) Kat:3, Licht: 0,141312,3,3,5,10,16,7,0,0,1,1,0,0,0,0
"POINT (8.871116606000044 53.098445196000057)",Unfall 141313 (2018) Kat:3, Licht: 0,141313,3,2,5,09,07,3,1,0,0,1,0,0,0,1
"POINT (8.813748290000035 53.057647280000026)",Unfall 141315 (2018) Kat:3, Licht: 0,141315,3,3,6,09,16,5,0,0,1,1,1,0,0,0
"POINT (8.759744046000037 53.110193726000034)",Unfall 141316 (2018) Kat:3, Licht: 0,141316,3,4,6,10,11,5,0,0,1,0,1,0,0,0
"POINT (8.903245657000070 53.100271741000029)",Unfall 141317 (2018) Kat:3, Licht: 0,141317,3,7,6,09,19,2,0,0,0,1,1,0,0,0
"POINT (8.893452012000068 53.098149281000076)",Unfall 141318 (2018) Kat:3, Licht: 0,141318,3,1,0,09,10,7,0,0,0,0,0,1,0,0
"POINT (8.897643859000027 53.058909852000056)",Unfall 141319 (2018) Kat:3, Licht: 0,141319,3,6,0,09,17,2,0,0,0,1,0,0,0,0
"POINT (8.759313139000028 53.119489136000027)",Unfall 141320 (2018) Kat:3, Licht: 1,141320,3,6,4,08,20,5,0,1,0,1,0,0,0,0
"POINT (8.856562377000046 53.072782439000036)",Unfall 141321 (2018) Kat:3, Licht: 0,141321,3,6,2,10,14,6,0,0,0,1,0,0,0,0
"POINT (8.845141132000038 53.045747639000069)",Unfall 141322 (2018) Kat:3, Licht: 0,141322,3,2,5,10,11,3,1,0,1,0,0,0,1,0
"POINT (8.621723527000029 53.168652983000072)",Unfall 141323 (2018) Kat:3, Licht: 0,141323,3,6,3,09,15,2,0,0,1,0,0,0,0,0
"POINT (8.940562502000034 53.077513998000029)",Unfall 141324 (2018) Kat:3, Licht: 0,141324,3,6,2,09,14,4,0,0,0,1,0,0,0,0
"POINT (8.946996890000037 53.076011219000065)",Unfall 141325 (2018) Kat:3, Licht: 0,141325,3,3,5,09,15,6,0,0,1,1,0,0,0,0
"POINT (8.844115125000030 53.075171113000067)",Unfall 141326 (2018) Kat:3, Licht: 0,141326,3,6,1,09,12,2,0,0,1,1,0,0,0,0
"POINT (8.826210787000036 53.083663185000034)",Unfall 141327 (2018) Kat:3, Licht: 0,141327,3,3,6,09,14,5,0,0,1,0,1,0,0,0
"POINT (8.835106630000041 53.082067281000036)",Unfall 141329 (2018) Kat:3, Licht: 0,141329,3,7,0,09,08,2,0,0,0,0,0,0,0,1
"POINT (8.816412407000030 53.103998117000060)",Unfall 141331 (2018) Kat:3, Licht: 2,141331,3,7,0,09,05,2,1,2,1,0,0,0,0,0
"POINT (8.847666863000029 53.112759433000065)",Unfall 141332 (2018) Kat:3, Licht: 2,141332,3,7,0,09,03,5,0,2,0,1,0,0,0,0
"POINT (8.808974799000055 53.072155778000081)",Unfall 141333 (2018) Kat:3, Licht: 2,141333,3,7,0,10,21,3,0,2,1,0,0,0,0,0
"POINT (8.574854666000022 53.201452831000040)",Unfall 141334 (2018) Kat:2, Licht: 0,141334,2,3,5,09,07,2,0,0,1,1,0,0,0,0
"POINT (8.806461346000049 53.073192461000076)",Unfall 141335 (2018) Kat:3, Licht: 0,141335,3,6,4,10,11,7,0,0,1,0,0,0,0,0
"POINT (8.780333650000046 53.075838216000079)",Unfall 141336 (2018) Kat:3, Licht: 0,141336,3,3,5,09,07,3,0,0,1,1,0,0,0,0
"POINT (8.888735831000076 53.110145837000061)",Unfall 141337 (2018) Kat:3, Licht: 0,141337,3,6,2,09,17,2,0,0,0,1,0,0,0,0
"POINT (8.806510276000040 53.074614880000070)",Unfall 141338 (2018) Kat:2, Licht: 0,141338,2,7,0,10,16,3,0,0,1,0,0,0,0,0
"POINT (8.914192108000066 53.059803944000066)",Unfall 141340 (2018) Kat:3, Licht: 2,141340,3,3,5,09,19,6,1,2,0,1,0,0,0,0
"POINT (8.800672836000047 53.078673374000061)",Unfall 141342 (2018) Kat:3, Licht: 0,141342,3,6,2,10,13,2,1,0,0,1,0,0,0,0
"POINT (8.779274042000054 53.068846760000042)",Unfall 141343 (2018) Kat:3, Licht: 0,141343,3,3,5,09,11,1,0,0,0,1,0,0,0,0
"POINT (8.795183281000050 53.081846836000068)",Unfall 141344 (2018) Kat:3, Licht: 0,141344,3,7,0,09,17,3,0,0,1,1,0,0,0,0
"POINT (8.800539539000056 53.095524320000038)",Unfall 141345 (2018) Kat:3, Licht: 2,141345,3,7,7,09,20,5,0,2,1,0,0,0,0,0
"POINT (8.822496198000067 53.069054513000026)",Unfall 141346 (2018) Kat:3, Licht: 0,141346,3,4,6,09,17,1,0,0,1,0,1,0,0,0
"POINT (8.809978613000055 53.062652268000079)",Unfall 141347 (2018) Kat:2, Licht: 0,141347,2,7,8,10,16,6,0,0,1,0,0,0,0,0
"POINT (8.842745264000030 53.069028026000069)",Unfall 141348 (2018) Kat:3, Licht: 0,141348,3,7,1,09,15,1,0,0,1,1,0,0,0,0
"POINT (8.741906942000071 53.053617617000043)",Unfall 141349 (2018) Kat:3, Licht: 0,141349,3,7,4,09,12,2,1,0,0,1,0,1,0,0
"POINT (8.754793518000042 53.124199316000045)",Unfall 141350 (2018) Kat:3, Licht: 0,141350,3,3,5,09,16,1,0,0,0,1,0,0,0,1
"POINT (8.892823300000032 53.079433677000054)",Unfall 141351 (2018) Kat:2, Licht: 0,141351,2,4,6,10,15,2,0,0,0,1,1,0,0,0
"POINT (8.812623860000031 53.098252737000053)",Unfall 141352 (2018) Kat:3, Licht: 0,141352,3,2,5,09,14,1,0,0,0,1,0,0,0,0
"POINT (8.619822165000073 53.174049621000052)",Unfall 141353 (2018) Kat:2, Licht: 2,141353,2,7,0,09,00,5,0,2,1,0,0,0,0,0
"POINT (8.557392587000038 53.189528175000078)",Unfall 141354 (2018) Kat:3, Licht: 0,141354,3,3,5,10,14,2,1,0,0,1,0,1,0,0
"POINT (8.797721319000061 53.073394771000039)",Unfall 141355 (2018) Kat:3, Licht: 0,141355,3,6,3,09,13,1,0,0,0,1,0,0,0,1
"POINT (8.886354881000045 53.071514993000051)",Unfall 141356 (2018) Kat:3, Licht: 2,141356,3,3,5,09,21,2,0,2,1,0,0,0,0,1
"POINT (8.852332087000036 53.086016235000045)",Unfall 141357 (2018) Kat:3, Licht: 0,141357,3,4,6,09,17,6,0,0,1,0,1,0,0,0
"POINT (8.768362790000026 53.083444403000044)",Unfall 141358 (2018) Kat:3, Licht: 0,141358,3,6,2,10,14,2,1,0,0,1,0,0,0,0
"POINT (8.817543111000020 53.079347263000045)",Unfall 141359 (2018) Kat:3, Licht: 0,141359,3,5,1,09,15,1,0,0,1,1,0,0,0,0
"POINT (8.810468152000055 53.071856787000058)",Unfall 141360 (2018) Kat:2, Licht: 0,141360,2,1,0,09,09,3,0,0,1,0,0,0,0,0
"POINT (8.825123493000035 53.084179777000031)",Unfall 141362 (2018) Kat:3, Licht: 0,141362,3,6,2,09,12,7,0,0,0,1,0,0,0,0
"POINT (8.854505681000035 53.067008117000057)",Unfall 141363 (2018) Kat:3, Licht: 0,141363,3,2,5,10,07,6,0,0,1,1,0,0,0,0
"POINT (8.870034079000050 53.096768114000042)",Unfall 141364 (2018) Kat:3, Licht: 0,141364,3,5,1,09,13,7,0,0,0,1,0,0,0,0
"POINT (8.737154439000051 53.079759177000028)",Unfall 141365 (2018) Kat:3, Licht: 2,141365,3,6,2,09,20,2,1,2,0,1,0,0,0,0
"POINT (8.753894597000056 53.088917991000073)",Unfall 141367 (2018) Kat:2, Licht: 0,141367,2,4,6,10,17,1,0,0,0,1,1,0,0,0
"POINT (8.896310015000040 53.093504431000042)",Unfall 141368 (2018) Kat:3, Licht: 0,141368,3,3,0,08,12,6,0,0,1,1,0,0,0,0
"POINT (8.720141169000044 53.056724488000043)",Unfall 141369 (2018) Kat:3, Licht: 0,141369,3,3,5,09,17,4,0,0,1,0,0,0,0,1
"POINT (8.863419977000035 53.068438601000082)",Unfall 141371 (2018) Kat:2, Licht: 0,141371,2,3,5,08,10,6,0,0,0,1,0,1,0,0
"POINT (8.857973296000068 53.082723889000079)",Unfall 141372 (2018) Kat:3, Licht: 0,141372,3,7,0,10,17,1,0,0,1,0,0,0,0,0
"POINT (8.827490191000038 53.079882638000072)",Unfall 141374 (2018) Kat:3, Licht: 0,141374,3,4,6,08,13,6,0,0,1,0,1,0,0,0
"POINT (8.882878084000026 53.104136524000069)",Unfall 141375 (2018) Kat:3, Licht: 0,141375,3,7,0,09,16,1,0,0,1,0,0,0,0,0
"POINT (8.574889580000047 53.192631867000046)",Unfall 141376 (2018) Kat:2, Licht: 0,141376,2,4,6,10,14,5,0,0,0,1,1,0,0,0
"POINT (8.805418148000058 53.091047228000036)",Unfall 141377 (2018) Kat:3, Licht: 2,141377,3,7,0,08,23,6,0,2,0,0,0,0,0,1
"POINT (8.909268719000067 53.059562934000041)",Unfall 141378 (2018) Kat:3, Licht: 0,141378,3,3,5,09,17,4,0,0,1,1,0,0,0,0
"POINT (8.799685005000072 53.077983895000045)",Unfall 141379 (2018) Kat:3, Licht: 0,141379,3,7,0,08,14,6,0,0,1,0,0,0,0,0
"POINT (8.855351506000034 53.045479901000078)",Unfall 141381 (2018) Kat:3, Licht: 0,141381,3,6,0,08,17,6,0,0,1,0,0,0,0,1
"POINT (8.798183230000063 53.090574013000037)",Unfall 141382 (2018) Kat:3, Licht: 0,141382,3,1,4,09,14,1,1,0,0,1,0,0,0,0
"POINT (8.789695053000060 53.097026196000058)",Unfall 141384 (2018) Kat:3, Licht: 0,141384,3,6,2,10,13,7,0,0,0,1,0,0,0,0
"POINT (8.799196270000039 53.083880910000062)",Unfall 141387 (2018) Kat:3, Licht: 0,141387,3,6,2,09,17,4,0,0,0,1,0,0,0,0
"POINT (8.739108031000058 53.048013850000075)",Unfall 141388 (2018) Kat:3, Licht: 0,141388,3,6,2,09,14,7,0,0,0,1,0,0,0,0
"POINT (8.826733357000023 53.076015801000040)",Unfall 141390 (2018) Kat:3, Licht: 2,141390,3,5,1,10,21,7,0,2,1,1,0,0,0,0
"POINT (8.800691103000077 53.078684390000035)",Unfall 141391 (2018) Kat:2, Licht: 0,141391,2,1,0,09,09,3,1,0,1,0,0,0,0,0
"POINT (8.878406779000045 53.065346404000081)",Unfall 141393 (2018) Kat:3, Licht: 0,141393,3,4,6,10,16,4,0,0,0,1,1,0,0,0
"POINT (8.800944989000072 53.084491947000060)",Unfall 141394 (2018) Kat:3, Licht: 0,141394,3,3,0,08,16,5,0,0,1,1,0,0,0,0
"POINT (8.762741589000029 53.114122878000046)",Unfall 141395 (2018) Kat:3, Licht: 2,141395,3,6,2,09,21,6,1,2,0,1,0,0,0,0
"POINT (8.688875392000057 53.169591369000045)",Unfall 141396 (2018) Kat:3, Licht: 0,141396,3,7,0,08,18,5,0,0,1,0,0,0,0,1
"POINT (8.762769956000057 53.114107867000030)",Unfall 141397 (2018) Kat:3, Licht: 0,141397,3,7,0,08,19,5,0,0,0,0,0,0,0,1
"POINT (8.820584754000038 53.069358139000030)",Unfall 141398 (2018) Kat:3, Licht: 2,141398,3,6,4,10,23,6,0,2,1,0,0,0,0,0
"POINT (8.796862012000076 53.062966201000052)",Unfall 141400 (2018) Kat:3, Licht: 0,141400,3,3,5,09,14,4,0,0,1,1,0,0,0,0
"POINT (8.827113176000069 53.083229797000058)",Unfall 141401 (2018) Kat:3, Licht: 0,141401,3,7,0,10,10,2,0,0,0,1,0,0,0,0
"POINT (8.832832086000053 53.080556703000070)",Unfall 141402 (2018) Kat:3, Licht: 0,141402,3,4,6,11,12,6,0,0,1,0,1,0,0,0
"POINT (8.898036623000053 53.112975088000042)",Unfall 141403 (2018) Kat:3, Licht: 0,141403,3,6,3,11,13,5,1,0,1,0,0,0,0,0
"POINT (8.934370022000053 53.069295217000047)",Unfall 141404 (2018) Kat:3, Licht: 0,141404,3,7,0,10,15,2,0,0,1,0,0,0,0,0
"POINT (8.775524702000041 53.079899710000063)",Unfall 141405 (2018) Kat:3, Licht: 2,141405,3,7,3,10,17,2,1,2,0,1,0,0,0,0
"POINT (8.567547685000022 53.194391856000038)",Unfall 141406 (2018) Kat:3, Licht: 0,141406,3,2,5,11,15,2,1,0,0,1,0,0,0,0
"POINT (8.752292211000054 53.113280887000030)",Unfall 141407 (2018) Kat:3, Licht: 0,141407,3,6,2,11,12,2,0,0,0,1,0,0,0,0
"POINT (8.783263148000060 53.069656627000029)",Unfall 141412 (2018) Kat:3, Licht: 0,141412,3,4,6,11,10,3,0,0,0,1,1,0,0,0
"POINT (8.775581185000021 53.060467382000070)",Unfall 141413 (2018) Kat:3, Licht: 2,141413,3,3,5,11,18,2,0,2,0,1,0,0,0,0
"POINT (8.809195063000061 53.078860309000049)",Unfall 141414 (2018) Kat:3, Licht: 0,141414,3,7,6,12,13,2,1,0,0,0,1,0,0,1
"POINT (8.914308869000024 53.065517997000029)",Unfall 141415 (2018) Kat:3, Licht: 0,141415,3,6,3,11,14,6,0,0,0,1,0,0,1,0
"POINT (8.799835721000022 53.094607195000037)",Unfall 141416 (2018) Kat:3, Licht: 0,141416,3,4,6,10,10,7,1,0,0,1,1,0,0,0
"POINT (8.803215852000051 53.072222838000073)",Unfall 141417 (2018) Kat:3, Licht: 2,141417,3,2,0,11,17,5,0,2,0,1,1,0,0,0
"POINT (8.769128644000034 53.061172039000041)",Unfall 141418 (2018) Kat:3, Licht: 2,141418,3,7,3,11,18,4,0,2,0,1,0,0,1,0
"POINT (8.798823879000054 53.065839517000029)",Unfall 141419 (2018) Kat:3, Licht: 2,141419,3,7,0,10,18,7,0,2,1,0,0,0,0,0
"POINT (8.571862217000046 53.196086508000064)",Unfall 141420 (2018) Kat:2, Licht: 0,141420,2,2,6,10,09,7,1,0,0,1,1,0,0,0
"POINT (8.818341928000052 53.077482965000058)",Unfall 141421 (2018) Kat:3, Licht: 0,141421,3,6,3,11,12,1,1,0,0,1,0,0,0,0
"POINT (8.862503427000036 53.099282605000042)",Unfall 141423 (2018) Kat:3, Licht: 0,141423,3,3,5,10,15,7,0,0,1,1,0,0,0,0
"POINT (8.805577760000062 53.090883387000076)",Unfall 141424 (2018) Kat:3, Licht: 0,141424,3,2,5,11,16,4,0,0,0,1,0,0,0,1
"POINT (8.832067977000065 53.068645979000053)",Unfall 141425 (2018) Kat:3, Licht: 0,141425,3,3,5,12,09,4,0,0,1,1,0,0,0,0
"POINT (8.800860487000023 53.068448541000066)",Unfall 141426 (2018) Kat:3, Licht: 0,141426,3,3,5,10,14,7,0,0,1,1,0,0,0,0
"POINT (8.626998995000065 53.169737532000056)",Unfall 141427 (2018) Kat:3, Licht: 2,141427,3,3,5,11,17,2,0,2,0,1,0,0,0,0
"POINT (8.942422614000066 53.058367425000029)",Unfall 141428 (2018) Kat:3, Licht: 0,141428,3,3,5,11,13,2,0,0,0,1,0,0,0,0
"POINT (8.741199488000063 53.134157831000039)",Unfall 141430 (2018) Kat:3, Licht: 0,141430,3,3,5,11,07,5,1,0,1,1,0,0,0,0
"POINT (8.891446641000073 53.060947004000070)",Unfall 141431 (2018) Kat:3, Licht: 0,141431,3,4,0,12,10,4,0,0,0,0,1,0,0,1
"POINT (8.846162974000038 53.092978807000065)",Unfall 141432 (2018) Kat:2, Licht: 0,141432,2,5,1,11,14,5,0,0,1,1,0,0,0,0
"POINT (8.772285305000025 53.110363250000034)",Unfall 141433 (2018) Kat:3, Licht: 0,141433,3,1,9,10,11,6,1,0,0,1,0,0,0,0
"POINT (8.807442169000069 53.094383773000061)",Unfall 141435 (2018) Kat:3, Licht: 0,141435,3,3,5,11,11,5,0,0,0,1,0,0,0,0
"POINT (8.808432122000056 53.082989407000071)",Unfall 141436 (2018) Kat:3, Licht: 2,141436,3,3,5,12,01,1,1,2,0,1,0,0,0,0
"POINT (8.807180432000052 53.083754710000051)",Unfall 141437 (2018) Kat:3, Licht: 0,141437,3,6,2,11,09,6,1,0,0,1,0,0,0,1
"POINT (8.843343992000030 53.072183195000036)",Unfall 141438 (2018) Kat:3, Licht: 2,141438,3,2,4,10,20,6,1,2,0,1,0,1,0,0
"POINT (8.773581185000069 53.110760737000078)",Unfall 141439 (2018) Kat:3, Licht: 0,141439,3,3,5,11,08,5,1,0,1,1,0,0,0,0
"POINT (8.813839070000029 53.080201537000050)",Unfall 141440 (2018) Kat:3, Licht: 2,141440,3,7,0,11,22,4,1,2,1,0,0,0,0,1
"POINT (8.874639199000058 53.083277036000027)",Unfall 141441 (2018) Kat:3, Licht: 1,141441,3,3,5,10,18,6,1,1,0,1,0,0,0,0
"POINT (8.893183005000026 53.060253681000063)",Unfall 141442 (2018) Kat:3, Licht: 0,141442,3,3,0,10,14,6,1,0,1,1,0,0,0,0
"POINT (8.784963892000064 53.088765654000042)",Unfall 141443 (2018) Kat:3, Licht: 0,141443,3,6,2,11,21,7,1,0,0,1,0,0,0,0
"POINT (8.850108615000067 53.085233142000050)",Unfall 141444 (2018) Kat:3, Licht: 0,141444,3,2,5,12,11,6,1,0,1,1,0,0,0,0
"POINT (8.799472118000040 53.077901728000029)",Unfall 141445 (2018) Kat:3, Licht: 1,141445,3,4,6,11,07,6,0,1,1,0,1,0,0,0
"POINT (8.833164667000062 53.070140465000065)",Unfall 141446 (2018) Kat:3, Licht: 0,141446,3,3,5,10,16,6,1,0,1,1,0,0,0,0
"POINT (8.799583830000074 53.079266921000055)",Unfall 141447 (2018) Kat:3, Licht: 0,141447,3,7,0,11,11,4,0,0,0,0,0,0,0,1
"POINT (8.780458038000063 53.063591204000033)",Unfall 141449 (2018) Kat:3, Licht: 0,141449,3,3,5,10,14,6,1,0,0,1,0,0,0,0
"POINT (8.785822487000075 53.057289597000079)",Unfall 141451 (2018) Kat:3, Licht: 2,141451,3,4,6,11,16,6,0,2,0,1,1,0,0,0
"POINT (8.801329766000038 53.071486459000027)",Unfall 141452 (2018) Kat:3, Licht: 0,141452,3,2,5,10,17,6,1,0,1,1,0,0,0,0
"POINT (8.837328156000069 53.076805304000061)",Unfall 141453 (2018) Kat:3, Licht: 2,141453,3,3,5,11,17,3,1,2,1,1,0,0,0,0
"POINT (8.588966314000061 53.183057165000037)",Unfall 141454 (2018) Kat:3, Licht: 0,141454,3,3,5,11,11,3,0,0,1,1,0,0,0,0
"POINT (8.766716899000073 53.085082270000044)",Unfall 141455 (2018) Kat:3, Licht: 2,141455,3,6,3,12,19,7,1,2,1,1,0,0,0,0
"POINT (8.820964156000059 53.081556798000065)",Unfall 141456 (2018) Kat:3, Licht: 1,141456,3,2,5,10,17,6,1,1,1,1,0,0,0,0
"POINT (8.733448735000025 53.087339037000049)",Unfall 141457 (2018) Kat:3, Licht: 0,141457,3,3,5,11,08,4,0,0,1,1,0,0,0,0
"POINT (8.825091133000058 53.084196508000048)",Unfall 141458 (2018) Kat:3, Licht: 0,141458,3,3,5,11,11,3,0,0,1,1,0,0,0,0
"POINT (8.850558836000062 53.071107275000031)",Unfall 141461 (2018) Kat:3, Licht: 2,141461,3,3,5,11,22,6,0,2,0,1,0,0,0,0
"POINT (8.730056576000038 53.043352161000030)",Unfall 141463 (2018) Kat:3, Licht: 0,141463,3,5,1,11,07,6,0,0,1,1,0,0,0,0
"POINT (8.740640416000076 53.052651307000076)",Unfall 141465 (2018) Kat:3, Licht: 0,141465,3,4,6,11,15,3,0,0,0,1,1,0,0,0
"POINT (8.914222080000059 53.059804516000042)",Unfall 141466 (2018) Kat:3, Licht: 2,141466,3,7,5,12,22,3,1,2,0,1,0,0,0,0
"POINT (8.775564647000067 53.060476884000082)",Unfall 141468 (2018) Kat:3, Licht: 0,141468,3,3,5,11,15,6,0,0,0,1,0,0,0,0
"POINT (8.757900565000057 53.058528080000031)",Unfall 141472 (2018) Kat:3, Licht: 0,141472,3,2,5,11,15,2,0,0,1,1,0,0,0,0
"POINT (8.589042255000038 53.183074838000039)",Unfall 141473 (2018) Kat:3, Licht: 2,141473,3,2,3,11,18,2,0,2,1,1,0,0,0,0
"POINT (8.899936528000069 53.116380403000051)",Unfall 141474 (2018) Kat:3, Licht: 0,141474,3,6,2,10,10,5,1,0,0,1,0,0,0,0
"POINT (8.803194549000068 53.080258760000049)",Unfall 141475 (2018) Kat:3, Licht: 2,141475,3,7,0,11,23,6,1,2,1,0,0,0,0,0
"POINT (8.861747657000024 53.067924324000046)",Unfall 141476 (2018) Kat:3, Licht: 1,141476,3,1,0,12,07,5,1,1,1,0,0,0,0,0
"POINT (8.853726849000054 53.082467008000037)",Unfall 141477 (2018) Kat:3, Licht: 0,141477,3,3,3,11,09,5,1,0,0,1,0,0,0,1
"POINT (8.811822205000055 53.081532608000032)",Unfall 141478 (2018) Kat:3, Licht: 1,141478,3,6,2,10,07,5,0,1,0,1,0,0,0,0
"POINT (8.811405479000030 53.101062793000040)",Unfall 141479 (2018) Kat:3, Licht: 1,141479,3,3,5,11,16,4,0,1,1,0,0,0,0,1
"POINT (8.876541798000062 53.081043992000048)",Unfall 141480 (2018) Kat:2, Licht: 0,141480,2,3,5,10,10,5,1,0,1,1,0,0,0,0
"POINT (8.883715507000034 53.073719905000075)",Unfall 141481 (2018) Kat:3, Licht: 0,141481,3,3,5,11,10,6,1,0,0,1,0,1,0,0
"POINT (8.716218429000037 53.047570047000079)",Unfall 141482 (2018) Kat:2, Licht: 0,141482,2,6,2,12,11,5,1,0,0,1,0,0,0,0
"POINT (8.851824817000022 53.088649682000039)",Unfall 141483 (2018) Kat:3, Licht: 0,141483,3,6,4,11,14,5,1,0,1,0,0,0,0,0
"POINT (8.785402969000074 53.068515208000065)",Unfall 141484 (2018) Kat:3, Licht: 2,141484,3,3,5,10,18,5,1,2,1,1,0,0,0,0
"POINT (8.702030635000028 53.174528955000028)",Unfall 141485 (2018) Kat:2, Licht: 2,141485,2,6,4,11,19,4,1,2,0,1,0,0,0,0
"POINT (8.578277762000028 53.185004194000044)",Unfall 141486 (2018) Kat:3, Licht: 0,141486,3,3,5,11,10,3,0,0,1,1,0,0,0,0
"POINT (8.885990352000022 53.086037115000067)",Unfall 141487 (2018) Kat:3, Licht: 0,141487,3,3,6,12,15,3,1,0,0,1,1,0,0,0
"POINT (8.947185302000037 53.064528222000035)",Unfall 141488 (2018) Kat:2, Licht: 0,141488,2,2,3,11,08,1,0,0,0,1,0,0,0,0
"POINT (8.807807901000047 53.075702157000080)",Unfall 141489 (2018) Kat:3, Licht: 0,141489,3,7,0,10,16,5,1,0,1,0,0,0,0,1
"POINT (8.848784998000042 53.031897623000077)",Unfall 141490 (2018) Kat:3, Licht: 0,141490,3,6,1,11,10,6,0,0,1,1,0,0,0,0
"POINT (8.766056281000033 53.118145980000065)",Unfall 141491 (2018) Kat:3, Licht: 0,141491,3,6,4,11,08,5,0,0,0,1,0,0,0,0
"POINT (8.834365584000068 53.081995797000047)",Unfall 141492 (2018) Kat:3, Licht: 1,141492,3,2,5,11,16,5,1,1,1,1,0,0,0,0