WKT,Name,OBJECTID,UKATEGORIE,UTYP1,UART,UMONAT,USTUNDE,UWOCHENTAG,STRZUSTAND,ULICHTVERH,ISTRAD,ISTPKW,ISTFUSS,ISTKRAD,ISTGKFZ,ISTSONSTIG
"POINT (8.770100393000064 53.095257770000046)",Unfall 141493 (2018) Kat:3, Licht: 2,141493,3,3,5,10,20,5,0,2,1,1,0,0,0,0
"POINT (8.687332861000073 53.170057577000080)",Unfall 141494 (2018) Kat:2, Licht: 0,141494,2,4,6,10,14,5,1,0,0,1,1,0,0,0
"POINT (8.808912758000076 53.063575819000050)",Unfall 141495 (2018) Kat:3, Licht: 0,141495,3,1,0,11,15,2,1,0,1,0,0,0,0,0
"POINT (8.884825609000075 53.049382458000082)",Unfall 141496 (2018) Kat:3, Licht: 2,141496,3,6,2,11,06,2,0,2,0,1,0,0,0,0
"POINT (8.876522018000060 53.081037573000060)",Unfall 141497 (2018) Kat:3, Licht: 1,141497,3,2,5,10,08,5,1,1,1,1,0,0,0,0
"POINT (8.787642645000062 53.072253287000080)",Unfall 141498 (2018) Kat:3, Licht: 0,141498,3,6,2,11,15,5,0,0,0,1,0,0,0,0
"POINT (8.741031764000070 53.052642148000075)",Unfall 141499 (2018) Kat:3, Licht: 2,141499,3,6,2,12,21,4,1,2,0,1,0,0,0,0
"POINT (8.830488226000057 53.071562838000034)",Unfall 141500 (2018) Kat:3, Licht: 0,141500,3,6,3,11,12,5,0,0,1,1,0,0,0,0
"POINT (8.824377412000047 53.084418384000060)",Unfall 141501 (2018) Kat:3, Licht: 2,141501,3,2,3,10,06,5,1,2,0,1,0,0,0,1
"POINT (8.819665668000027 53.038305675000061)",Unfall 141502 (2018) Kat:3, Licht: 0,141502,3,2,5,11,11,3,0,0,1,1,0,0,0,0
"POINT (8.811345308000057 53.072440613000026)",Unfall 141503 (2018) Kat:3, Licht: 2,141503,3,1,0,10,21,4,0,2,1,0,0,0,0,0
"POINT (8.870613572000025 53.096122685000068)",Unfall 141505 (2018) Kat:2, Licht: 0,141505,2,2,0,11,14,6,0,0,1,1,0,0,0,0
"POINT (8.937279384000021 53.090940675000070)",Unfall 141506 (2018) Kat:3, Licht: 1,141506,3,3,5,10,07,5,1,1,0,1,0,1,0,0
"POINT (8.615678332000073 53.194354614000076)",Unfall 141507 (2018) Kat:2, Licht: 0,141507,2,2,5,11,10,5,0,0,1,1,0,0,0,0
"POINT (8.961839927000028 53.066659911000045)",Unfall 141508 (2018) Kat:2, Licht: 0,141508,2,4,6,11,14,4,0,0,0,1,1,0,0,0
"POINT (8.801250637000067 53.079000611000026)",Unfall 141509 (2018) Kat:3, Licht: 0,141509,3,3,5,10,17,5,0,0,1,1,0,0,0,0
"POINT (8.882053604000021 53.079199717000051)",Unfall 141510 (2018) Kat:3, Licht: 0,141510,3,3,5,11,16,2,0,0,1,1,0,0,0,0
"POINT (8.866399115000036 53.070233598000073)",Unfall 141511 (2018) Kat:3, Licht: 0,141511,3,6,2,11,15,5,1,0,0,1,0,0,0,0
"POINT (8.736290444000076 53.044935167000062)",Unfall 141512 (2018) Kat:3, Licht: 1,141512,3,7,0,12,16,2,1,1,0,0,0,0,0,1
"POINT (8.824459175000072 53.084374988000036)",Unfall 141514 (2018) Kat:3, Licht: 1,141514,3,3,5,10,07,5,1,1,1,1,0,0,0,0
"POINT (8.734362210000029 53.134321195000041)",Unfall 141516 (2018) Kat:3, Licht: 1,141516,3,6,2,11,20,5,1,1,0,1,0,0,0,0
"POINT (8.760258715000020 53.115379314000052)",Unfall 141522 (2018) Kat:3, Licht: 0,141522,3,3,5,11,13,5,0,0,1,0,0,0,0,0
"POINT (8.820291113000053 53.030124487000080)",Unfall 141523 (2018) Kat:3, Licht: 0,141523,3,1,0,12,08,4,2,0,1,0,0,0,0,0
"POINT (8.764219215000026 53.085880683000028)",Unfall 141524 (2018) Kat:3, Licht: 0,141524,3,4,6,11,08,5,0,0,0,1,1,0,0,0
"POINT (8.842496838000045 53.067080420000082)",Unfall 141526 (2018) Kat:3, Licht: 0,141526,3,6,1,11,09,2,1,0,0,1,0,0,0,1
"POINT (8.878575184000056 53.078933199000062)",Unfall 141527 (2018) Kat:3, Licht: 1,141527,3,3,5,12,16,7,0,1,1,1,0,0,0,0
"POINT (8.806042708000064 53.086865496000030)",Unfall 141528 (2018) Kat:3, Licht: 0,141528,3,6,4,11,14,6,0,0,1,0,0,1,0,0
"POINT (8.737024766000047 53.079711756000052)",Unfall 141529 (2018) Kat:3, Licht: 2,141529,3,3,5,10,07,4,1,2,0,1,0,0,1,0
"POINT (8.710030102000076 53.150614646000065)",Unfall 141530 (2018) Kat:3, Licht: 1,141530,3,6,4,11,16,4,1,1,1,0,0,0,0,0
"POINT (8.575349844000073 53.192146586000035)",Unfall 141532 (2018) Kat:3, Licht: 0,141532,3,3,5,10,08,4,1,0,1,1,0,0,0,0
"POINT (8.824460431000034 53.084385142000031)",Unfall 141533 (2018) Kat:3, Licht: 0,141533,3,3,1,10,09,4,1,0,1,1,0,0,0,0
"POINT (8.892348529000060 53.079460034000078)",Unfall 141534 (2018) Kat:3, Licht: 0,141534,3,4,6,11,13,7,0,0,0,1,1,0,0,0
"POINT (8.778680473000065 53.064710037000054)",Unfall 141535 (2018) Kat:3, Licht: 0,141535,3,4,0,12,11,6,1,0,0,0,1,0,1,0
"POINT (8.814545264000060 53.081455143000028)",Unfall 141536 (2018) Kat:3, Licht: 0,141536,3,4,6,11,13,6,0,0,0,1,1,0,0,0
"POINT (8.806531810000024 53.064992817000075)",Unfall 141537 (2018) Kat:2, Licht: 0,141537,2,7,0,10,12,4,1,0,1,0,0,0,0,0
"POINT (8.837359139000057 53.037890773000072)",Unfall 141538 (2018) Kat:3, Licht: 0,141538,3,2,5,11,14,4,0,0,1,1,0,0,0,0
"POINT (8.693244362000030 53.178236287000061)",Unfall 141539 (2018) Kat:3, Licht: 0,141539,3,1,1,12,13,3,0,0,1,0,0,0,0,1
"POINT (8.679515261000063 53.172050989000070)",Unfall 141540 (2018) Kat:3, Licht: 0,141540,3,3,5,10,11,4,1,0,0,1,0,1,0,0
"POINT (8.827789205000045 53.072525752000047)",Unfall 141541 (2018) Kat:3, Licht: 0,141541,3,7,0,11,11,1,1,0,1,0,0,0,0,0
"POINT (8.808413217000066 53.082999407000045)",Unfall 141542 (2018) Kat:3, Licht: 2,141542,3,6,2,11,22,7,1,2,0,1,0,0,0,0
"POINT (8.860693340000069 53.079164857000080)",Unfall 141543 (2018) Kat:3, Licht: 0,141543,3,3,5,10,07,4,1,0,1,1,0,0,0,0
"POINT (8.740816520000067 53.053074260000074)",Unfall 141544 (2018) Kat:3, Licht: 0,141544,3,3,5,11,12,4,0,0,1,1,0,0,0,0
"POINT (8.797165876000065 53.088033521000057)",Unfall 141545 (2018) Kat:3, Licht: 1,141545,3,6,2,12,06,4,2,1,0,1,0,0,0,0
"POINT (8.805185195000036 53.093597341000077)",Unfall 141546 (2018) Kat:3, Licht: 0,141546,3,2,4,10,10,4,1,0,1,1,0,0,0,0
"POINT (8.716660841000021 53.134553936000032)",Unfall 141547 (2018) Kat:3, Licht: 2,141547,3,2,0,11,00,1,1,2,0,1,0,0,0,0
"POINT (8.777363506000029 53.079774363000070)",Unfall 141548 (2018) Kat:3, Licht: 2,141548,3,7,8,12,18,7,0,2,0,1,0,0,0,0
"POINT (8.856381907000070 53.089481316000047)",Unfall 141549 (2018) Kat:3, Licht: 2,141549,3,6,3,10,17,4,1,2,1,1,0,0,0,0
"POINT (8.845708383000044 53.033140465000031)",Unfall 141551 (2018) Kat:2, Licht: 2,141551,2,3,5,11,06,3,1,2,1,1,0,0,0,0
"POINT (8.858874219000029 53.090436033000060)",Unfall 141552 (2018) Kat:3, Licht: 2,141552,3,6,2,10,18,4,1,2,0,1,0,0,0,0
"POINT (8.946721616000048 53.064787935000027)",Unfall 141553 (2018) Kat:3, Licht: 0,141553,3,3,0,11,12,6,0,0,0,1,0,0,0,1
"POINT (8.822975334000034 53.073686958000053)",Unfall 141554 (2018) Kat:3, Licht: 2,141554,3,5,1,12,23,5,1,2,1,1,0,0,0,0
"POINT (8.824439033000033 53.084486516000027)",Unfall 141556 (2018) Kat:3, Licht: 2,141556,3,3,5,10,07,4,1,2,1,1,0,0,0,0
"POINT (8.818418762000022 53.086489653000058)",Unfall 141557 (2018) Kat:3, Licht: 1,141557,3,3,5,10,16,4,0,1,0,1,0,0,0,1
"POINT (8.814155391000043 53.077814405000026)",Unfall 141559 (2018) Kat:3, Licht: 0,141559,3,6,3,11,08,3,0,0,1,1,0,0,0,0
"POINT (8.718385584000032 53.135315219000063)",Unfall 141560 (2018) Kat:3, Licht: 2,141560,3,3,5,12,17,3,1,2,0,1,0,1,0,0
"POINT (8.817898576000061 53.052821208000069)",Unfall 141562 (2018) Kat:3, Licht: 0,141562,3,2,5,10,14,4,1,0,0,1,0,0,0,1
"POINT (8.775735714000064 53.099398696000037)",Unfall 141563 (2018) Kat:3, Licht: 0,141563,3,6,2,11,13,6,0,0,0,1,0,0,1,1
"POINT (8.882380804000036 53.057481875000065)",Unfall 141564 (2018) Kat:3, Licht: 2,141564,3,3,5,11,21,5,0,2,0,1,0,0,0,0
"POINT (8.878912978000074 53.078947851000066)",Unfall 141565 (2018) Kat:3, Licht: 0,141565,3,2,5,10,16,4,1,0,0,1,0,0,0,0
"POINT (8.806311865000055 53.073456751000037)",Unfall 141568 (2018) Kat:3, Licht: 2,141568,3,2,2,11,17,6,0,2,0,1,0,0,0,0
"POINT (8.932317946000069 53.038820122000061)",Unfall 141569 (2018) Kat:3, Licht: 0,141569,3,2,5,10,11,3,1,0,1,1,0,0,0,0
"POINT (8.785385792000056 53.068525214000033)",Unfall 141570 (2018) Kat:3, Licht: 0,141570,3,7,0,10,08,3,0,0,0,1,0,0,0,1
"POINT (8.796635266000067 53.082709037000029)",Unfall 141571 (2018) Kat:3, Licht: 0,141571,3,3,5,11,08,3,0,0,1,1,0,0,0,0
"POINT (8.769780939000043 53.094992649000062)",Unfall 141572 (2018) Kat:3, Licht: 2,141572,3,4,6,11,20,3,0,2,0,1,1,0,0,0
"POINT (8.849384185000076 53.068911465000042)",Unfall 141573 (2018) Kat:3, Licht: 0,141573,3,6,0,10,09,3,1,0,0,1,0,0,0,1
"POINT (8.577957066000067 53.206257597000047)",Unfall 141574 (2018) Kat:3, Licht: 0,141574,3,3,5,11,11,6,0,0,0,1,0,0,0,0
"POINT (8.760162151000031 53.087945380000065)",Unfall 141575 (2018) Kat:3, Licht: 0,141575,3,3,5,12,07,5,1,0,1,1,0,0,0,0
"POINT (8.806296412000052 53.073467740000069)",Unfall 141576 (2018) Kat:3, Licht: 0,141576,3,6,1,11,09,5,2,0,0,1,0,0,0,0
"POINT (8.702435556000069 53.082985631000042)",Unfall 141577 (2018) Kat:3, Licht: 0,141577,3,6,2,10,07,3,1,0,0,1,0,1,0,0
"POINT (8.785091211000065 53.088562064000030)",Unfall 141578 (2018) Kat:3, Licht: 0,141578,3,6,1,11,15,4,0,0,0,1,0,0,1,0
"POINT (8.826426286000071 53.070811318000040)",Unfall 141579 (2018) Kat:3, Licht: 0,141579,3,3,5,10,15,4,0,0,1,1,0,0,0,0
"POINT (8.804144409000060 53.072395095000047)",Unfall 141580 (2018) Kat:3, Licht: 2,141580,3,3,5,11,19,3,0,2,1,1,0,0,0,0
"POINT (8.852701788000047 53.050525815000071)",Unfall 141582 (2018) Kat:3, Licht: 0,141582,3,3,5,11,09,7,0,0,0,1,0,0,0,0
"POINT (8.856583983000064 53.082480185000065)",Unfall 141583 (2018) Kat:3, Licht: 0,141583,3,3,5,10,16,3,1,0,1,1,0,0,0,0
"POINT (8.832670854000071 53.080633858000056)",Unfall 141584 (2018) Kat:3, Licht: 0,141584,3,4,6,11,12,6,0,0,1,0,1,0,0,0
"POINT (8.844174236000072 53.075391059000026)",Unfall 141585 (2018) Kat:3, Licht: 0,141585,3,7,0,10,09,4,0,0,0,1,0,0,0,0
"POINT (8.936763943000074 53.058663695000064)",Unfall 141586 (2018) Kat:3, Licht: 0,141586,3,3,5,11,08,5,1,0,1,1,0,0,0,0
"POINT (8.902111358000070 53.071610067000051)",Unfall 141587 (2018) Kat:3, Licht: 0,141587,3,6,1,10,12,3,1,0,0,1,0,0,0,0
"POINT (8.849875656000052 53.085259362000045)",Unfall 141588 (2018) Kat:3, Licht: 0,141588,3,6,2,10,13,3,1,0,0,1,0,0,0,0
"POINT (8.836379044000069 53.070120813000074)",Unfall 141589 (2018) Kat:3, Licht: 2,141589,3,7,0,11,00,2,1,2,1,0,0,0,0,0
"POINT (8.814691445000051 53.101539424000066)",Unfall 141590 (2018) Kat:3, Licht: 0,141590,3,4,6,11,10,2,0,0,0,1,1,0,0,0
"POINT (8.712047296000037 53.091640232000032)",Unfall 141591 (2018) Kat:2, Licht: 0,141591,2,2,4,10,17,3,1,0,0,0,0,0,1,1
"POINT (8.788502719000064 53.093979201000082)",Unfall 141593 (2018) Kat:3, Licht: 0,141593,3,2,6,11,11,5,0,0,0,1,1,0,0,0
"POINT (8.720223445000045 53.056709317000070)",Unfall 141594 (2018) Kat:3, Licht: 2,141594,3,2,5,12,21,4,1,2,0,1,0,1,0,0
"POINT (8.816479569000023 53.070174662000056)",Unfall 141595 (2018) Kat:3, Licht: 2,141595,3,2,4,10,18,3,1,2,1,0,0,0,0,0
"POINT (8.820246264000048 53.081068665000032)",Unfall 141596 (2018) Kat:3, Licht: 0,141596,3,3,5,11,08,2,1,0,1,0,0,0,0,1
"POINT (8.871036748000051 53.098692328000027)",Unfall 141597 (2018) Kat:3, Licht: 1,141597,3,2,5,11,16,2,0,1,1,0,0,0,0,1
"POINT (8.941278657000055 53.067420979000076)",Unfall 141598 (2018) Kat:3, Licht: 0,141598,3,7,0,10,16,3,1,0,0,0,0,0,0,1
"POINT (8.887829655000076 53.109201108000036)",Unfall 141599 (2018) Kat:3, Licht: 0,141599,3,6,2,11,07,6,1,0,0,1,0,0,0,0
"POINT (8.686125024000035 53.172554024000078)",Unfall 141600 (2018) Kat:2, Licht: 2,141600,2,7,0,12,21,5,1,2,1,0,0,0,0,0
"POINT (8.801323672000024 53.071489751000058)",Unfall 141601 (2018) Kat:2, Licht: 2,141601,2,3,5,10,23,3,1,2,1,1,0,0,0,0
"POINT (8.841247337000027 53.041052271000069)",Unfall 141604 (2018) Kat:3, Licht: 2,141604,3,3,5,11,19,2,0,2,0,1,0,0,0,0
"POINT (8.697792110000023 53.172000734000051)",Unfall 141605 (2018) Kat:3, Licht: 2,141605,3,3,5,12,16,2,1,2,1,1,0,0,0,0
"POINT (8.826018633000047 53.075007197000048)",Unfall 141607 (2018) Kat:3, Licht: 0,141607,3,5,1,10,11,3,1,0,1,1,0,0,0,0
"POINT (8.837349284000027 53.037863383000058)",Unfall 141608 (2018) Kat:3, Licht: 2,141608,3,2,5,11,18,5,0,2,0,1,0,0,0,0
"POINT (8.738525694000032 53.137396796000075)",Unfall 141609 (2018) Kat:3, Licht: 0,141609,3,7,0,11,09,4,0,0,0,0,1,1,0,0
"POINT (8.795355786000073 53.065453217000027)",Unfall 141610 (2018) Kat:3, Licht: 0,141610,3,4,6,10,15,3,1,0,1,0,1,0,0,0
"POINT (8.649765876000060 53.173882355000046)",Unfall 141613 (2018) Kat:3, Licht: 2,141613,3,3,5,11,01,1,0,2,0,1,0,0,0,0
"POINT (8.663083639000035 53.121351141000048)",Unfall 141617 (2018) Kat:2, Licht: 2,141617,2,7,7,12,17,4,0,2,0,0,0,1,0,0
"POINT (8.821672112000044 53.082137917000068)",Unfall 141618 (2018) Kat:2, Licht: 0,141618,2,3,0,10,08,2,1,0,1,1,0,0,0,0
"POINT (8.840911185000039 53.082992542000056)",Unfall 141619 (2018) Kat:3, Licht: 0,141619,3,5,1,11,08,2,0,0,1,1,0,0,0,0
"POINT (8.607200670000054 53.185528708000049)",Unfall 141621 (2018) Kat:3, Licht: 2,141621,3,5,1,12,16,7,0,2,1,1,0,0,0,0
"POINT (8.796667145000072 53.103899055000056)",Unfall 141622 (2018) Kat:3, Licht: 0,141622,3,4,6,10,15,2,0,0,1,0,1,0,0,0
"POINT (8.830267159000073 53.090453413000034)",Unfall 141623 (2018) Kat:3, Licht: 0,141623,3,6,3,11,16,4,0,0,1,0,0,0,0,0
"POINT (8.799032093000051 53.069646179000074)",Unfall 141624 (2018) Kat:3, Licht: 0,141624,3,3,5,10,12,2,0,0,1,1,0,0,0,0
"POINT (8.890781669000035 53.083216922000076)",Unfall 141625 (2018) Kat:3, Licht: 0,141625,3,6,2,11,14,3,0,0,0,1,0,0,0,0
"POINT (8.838984344000039 53.076519897000026)",Unfall 141626 (2018) Kat:3, Licht: 2,141626,3,6,2,12,17,1,1,2,0,1,0,0,0,0
"POINT (8.568314768000050 53.193282829000054)",Unfall 141627 (2018) Kat:3, Licht: 0,141627,3,7,0,11,12,6,0,0,0,0,0,0,0,1
"POINT (8.862976847000027 53.103337259000057)",Unfall 141628 (2018) Kat:3, Licht: 1,141628,3,6,2,10,07,2,0,1,0,1,0,0,0,0
"POINT (8.787034709000068 53.082958805000032)",Unfall 141629 (2018) Kat:3, Licht: 2,141629,3,3,5,11,22,5,0,2,1,1,0,0,0,0
"POINT (8.815372599000057 53.070442396000033)",Unfall 141630 (2018) Kat:3, Licht: 0,141630,3,2,0,11,08,4,0,0,0,1,0,1,0,0
"POINT (8.823991818000025 53.033692707000057)",Unfall 141631 (2018) Kat:3, Licht: 0,141631,3,6,2,10,07,2,1,0,0,1,0,0,0,0
"POINT (8.738996750000069 53.132884615000080)",Unfall 141632 (2018) Kat:3, Licht: 0,141632,3,3,5,10,17,2,0,0,0,1,0,1,0,0
"POINT (8.828388265000058 53.085161736000032)",Unfall 141635 (2018) Kat:3, Licht: 0,141635,3,1,0,10,09,2,1,0,1,1,0,0,0,0
"POINT (8.789204623000046 53.085015403000057)",Unfall 141636 (2018) Kat:3, Licht: 2,141636,3,3,5,10,17,3,1,2,0,1,0,0,0,0
"POINT (8.808869203000029 53.074803672000030)",Unfall 141637 (2018) Kat:3, Licht: 0,141637,3,7,0,11,08,4,0,0,1,0,0,0,0,0
"POINT (8.712750405000065 53.169854907000058)",Unfall 141638 (2018) Kat:3, Licht: 0,141638,3,2,3,12,09,4,1,0,1,1,0,0,0,0
"POINT (8.618857227000035 53.178244309000036)",Unfall 141639 (2018) Kat:3, Licht: 0,141639,3,4,6,10,15,2,0,0,0,1,1,0,0,0
"POINT (8.747461478000048 53.126031523000051)",Unfall 141640 (2018) Kat:3, Licht: 0,141640,3,3,6,11,10,7,0,0,0,1,1,0,0,0
"POINT (8.856241438000041 53.088900440000032)",Unfall 141642 (2018) Kat:3, Licht: 2,141642,3,7,6,10,07,2,1,2,0,0,1,0,0,1
"POINT (8.800529815000061 53.078745639000033)",Unfall 141644 (2018) Kat:3, Licht: 0,141644,3,2,5,11,14,3,0,0,0,1,0,0,0,1
"POINT (8.757956072000070 53.058027429000049)",Unfall 141645 (2018) Kat:2, Licht: 0,141645,2,3,5,10,15,2,0,0,1,1,0,0,0,0
"POINT (8.935925466000072 53.072748267000065)",Unfall 141646 (2018) Kat:3, Licht: 2,141646,3,6,6,11,17,6,1,2,0,1,1,0,0,0
"POINT (8.871984985000040 53.097118671000032)",Unfall 141647 (2018) Kat:3, Licht: 1,141647,3,6,2,12,16,5,1,1,0,1,0,0,0,0
"POINT (8.539300108000020 53.191186926000057)",Unfall 141649 (2018) Kat:3, Licht: 2,141649,3,7,0,11,18,3,0,2,0,0,0,0,0,1
"POINT (8.910870845000034 53.039394123000079)",Unfall 141650 (2018) Kat:2, Licht: 2,141650,2,3,5,10,07,2,1,2,1,1,0,0,0,0
"POINT (8.849564308000026 53.069197104000068)",Unfall 141651 (2018) Kat:2, Licht: 0,141651,2,3,5,10,11,2,0,0,0,1,0,0,0,0
"POINT (8.960047396000050 53.050947251000082)",Unfall 141654 (2018) Kat:3, Licht: 1,141654,3,2,4,11,16,6,0,1,1,1,0,0,0,0
"POINT (8.841224310000030 53.069286090000048)",Unfall 141656 (2018) Kat:3, Licht: 2,141656,3,6,2,10,17,3,1,2,0,1,0,0,0,0
"POINT (8.781361415000049 53.101237350000076)",Unfall 141658 (2018) Kat:3, Licht: 0,141658,3,7,0,12,07,3,0,0,1,1,0,0,0,0
"POINT (8.814433771000040 53.081379659000049)",Unfall 141659 (2018) Kat:3, Licht: 2,141659,3,6,2,10,19,1,0,2,0,1,0,0,0,0
"POINT (8.857926593000059 53.039886405000061)",Unfall 141660 (2018) Kat:3, Licht: 0,141660,3,3,5,11,12,6,0,0,1,1,0,0,0,0
"POINT (8.819730342000071 53.084045431000050)",Unfall 141661 (2018) Kat:3, Licht: 2,141661,3,6,4,11,18,6,0,2,1,0,0,0,0,0
"POINT (8.862477385000034 53.106766471000071)",Unfall 141662 (2018) Kat:3, Licht: 2,141662,3,2,5,10,18,1,0,2,1,1,0,0,0,0
"POINT (8.740055274000042 53.051419662000058)",Unfall 141663 (2018) Kat:3, Licht: 0,141663,3,3,5,10,14,1,0,0,1,1,0,0,0,0
"POINT (8.778757321000057 53.094705215000033)",Unfall 141665 (2018) Kat:3, Licht: 0,141665,3,6,2,11,14,2,0,0,0,1,0,0,0,0
"POINT (8.869545014000039 53.064403631000062)",Unfall 141666 (2018) Kat:3, Licht: 2,141666,3,3,5,10,19,1,0,2,0,1,0,0,0,0
"POINT (8.729110332000062 53.128643534000048)",Unfall 141667 (2018) Kat:3, Licht: 2,141667,3,3,5,11,18,6,0,2,0,1,0,0,0,0
"POINT (8.852368991000049 53.073670812000046)",Unfall 141668 (2018) Kat:3, Licht: 2,141668,3,2,5,12,19,5,1,2,1,1,0,0,0,0
"POINT (8.942403309000042 53.058368273000042)",Unfall 141669 (2018) Kat:3, Licht: 0,141669,3,3,5,11,13,5,1,0,1,1,0,0,0,0
"POINT (8.855670431000021 53.081704032000061)",Unfall 141670 (2018) Kat:3, Licht: 0,141670,3,3,5,10,10,1,0,0,0,1,0,0,0,0
"POINT (8.886326423000071 53.071678768000027)",Unfall 141671 (2018) Kat:3, Licht: 2,141671,3,6,2,11,18,4,0,2,0,1,0,0,0,0
"POINT (8.782251171000041 53.100320242000066)",Unfall 141672 (2018) Kat:3, Licht: 0,141672,3,3,5,10,08,3,0,0,1,1,0,0,0,0
"POINT (8.751630271000067 53.122370395000075)",Unfall 141674 (2018) Kat:3, Licht: 2,141674,3,7,0,12,18,2,0,2,0,0,0,0,0,1
"POINT (8.848625804000051 53.050551379000069)",Unfall 141675 (2018) Kat:3, Licht: 1,141675,3,6,2,11,06,7,1,1,0,1,0,0,0,0
"POINT (8.811514839000040 53.080353542000069)",Unfall 141676 (2018) Kat:3, Licht: 2,141676,3,4,6,10,05,1,0,2,0,0,1,0,0,1
"POINT (8.826169697000069 53.034341107000046)",Unfall 141678 (2018) Kat:3, Licht: 0,141678,3,2,0,10,12,7,0,0,1,1,0,0,0,0
"POINT (8.790341516000069 53.071940227000027)",Unfall 141679 (2018) Kat:3, Licht: 2,141679,3,2,4,10,17,3,0,2,1,1,0,0,0,0
"POINT (8.805271643000026 53.081040400000063)",Unfall 141680 (2018) Kat:3, Licht: 2,141680,3,6,3,11,18,3,1,2,1,0,0,0,0,0
"POINT (8.837317108000036 53.082470814000033)",Unfall 141681 (2018) Kat:2, Licht: 0,141681,2,1,0,12,13,3,1,0,0,1,0,0,0,0
"POINT (8.638821899000050 53.169965162000040)",Unfall 141683 (2018) Kat:3, Licht: 0,141683,3,3,5,10,13,7,0,0,0,1,0,0,0,0
"POINT (8.770868598000050 53.061418883000044)",Unfall 141684 (2018) Kat:2, Licht: 2,141684,2,7,0,11,18,6,0,2,0,1,0,0,0,0
"POINT (8.740853007000055 53.053080761000047)",Unfall 141685 (2018) Kat:3, Licht: 0,141685,3,3,5,11,10,5,1,0,0,1,0,0,0,0
"POINT (8.805755648000059 53.081387809000034)",Unfall 141686 (2018) Kat:3, Licht: 2,141686,3,7,9,10,01,7,0,2,0,1,0,0,0,0
"POINT (8.739830745000063 53.049567167000077)",Unfall 141687 (2018) Kat:3, Licht: 1,141687,3,6,2,10,17,7,0,1,0,1,0,0,0,0
"POINT (8.900764712000068 53.032923707000066)",Unfall 141688 (2018) Kat:3, Licht: 2,141688,3,5,1,11,20,2,1,2,0,1,0,0,1,0
"POINT (8.809587758000021 53.058451319000028)",Unfall 141689 (2018) Kat:2, Licht: 2,141689,2,4,6,11,20,2,0,2,0,1,1,0,0,0
"POINT (8.753909369000041 53.120309150000082)",Unfall 141690 (2018) Kat:2, Licht: 2,141690,2,2,5,10,20,7,0,2,0,1,0,0,0,0
"POINT (8.947884391000059 53.064136649000034)",Unfall 141691 (2018) Kat:3, Licht: 0,141691,3,4,6,10,14,3,1,0,0,1,1,0,0,0
"POINT (8.916065325000034 53.071177856000077)",Unfall 141694 (2018) Kat:3, Licht: 1,141694,3,3,5,10,20,7,0,1,0,1,0,0,0,0
"POINT (8.752392046000068 53.115594888000032)",Unfall 141695 (2018) Kat:2, Licht: 2,141695,2,4,6,11,05,3,0,2,0,1,1,0,0,0
"POINT (8.892897275000053 53.049854984000035)",Unfall 141696 (2018) Kat:3, Licht: 0,141696,3,3,5,10,10,3,1,0,1,1,0,0,0,0
"POINT (8.792222996000021 53.073254744000053)",Unfall 141697 (2018) Kat:3, Licht: 2,141697,3,7,1,11,18,5,1,2,0,1,0,0,0,1
"POINT (8.820993227000031 53.081604006000077)",Unfall 141698 (2018) Kat:3, Licht: 2,141698,3,3,5,12,17,2,1,2,1,0,0,0,0,0
"POINT (8.928704157000027 53.059110259000079)",Unfall 141699 (2018) Kat:3, Licht: 2,141699,3,6,2,11,06,6,1,2,0,1,0,0,0,0
"POINT (8.781446419000076 53.075705149000044)",Unfall 141701 (2018) Kat:3, Licht: 1,141701,3,6,2,11,08,5,0,1,0,1,0,0,0,0
"POINT (8.740760082000065 53.053064204000066)",Unfall 141702 (2018) Kat:3, Licht: 0,141702,3,3,5,11,13,4,0,0,1,1,0,0,0,0
"POINT (8.817441522000024 53.083453241000029)",Unfall 141704 (2018) Kat:3, Licht: 2,141704,3,6,1,10,21,6,0,2,0,1,0,0,0,0
"POINT (8.739555880000069 53.136277295000070)",Unfall 141705 (2018) Kat:3, Licht: 0,141705,3,3,5,11,11,1,1,0,1,1,0,0,0,0
"POINT (8.916065318000051 53.071177653000063)",Unfall 141706 (2018) Kat:3, Licht: 2,141706,3,2,0,11,17,7,0,2,1,1,0,0,0,0
"POINT (8.804152193000050 53.072412757000052)",Unfall 141707 (2018) Kat:3, Licht: 0,141707,3,3,5,10,17,6,0,0,1,1,0,0,0,0
"POINT (8.572457198000052 53.187135725000076)",Unfall 141708 (2018) Kat:3, Licht: 0,141708,3,2,5,10,16,3,0,0,1,1,0,0,0,0
"POINT (8.962278376000029 53.059204374000046)",Unfall 141709 (2018) Kat:3, Licht: 2,141709,3,6,4,11,16,5,1,2,0,1,0,0,0,1
"POINT (8.882222551000041 53.100982972000054)",Unfall 141710 (2018) Kat:3, Licht: 0,141710,3,2,5,10,11,6,0,0,1,1,0,0,0,0
"POINT (8.830953657000066 53.071416360000057)",Unfall 141711 (2018) Kat:3, Licht: 2,141711,3,2,5,10,02,6,0,2,1,1,0,0,0,0
"POINT (8.787269852000065 53.087583337000069)",Unfall 141713 (2018) Kat:3, Licht: 2,141713,3,3,5,11,20,2,0,2,0,1,0,0,0,0
"POINT (8.892017681000027 53.047957708000069)",Unfall 141714 (2018) Kat:3, Licht: 0,141714,3,2,5,10,12,6,0,0,1,1,0,0,0,0
"POINT (8.825097936000077 53.084192990000076)",Unfall 141715 (2018) Kat:3, Licht: 0,141715,3,2,5,10,16,3,1,0,1,1,0,0,0,0