WKT,Name,OBJECTID,UKATEGORIE,UTYP1,UART,UMONAT,USTUNDE,UWOCHENTAG,STRZUSTAND,ULICHTVERH,ISTRAD,ISTPKW,ISTFUSS,ISTKRAD,ISTGKFZ,ISTSONSTIG
"POINT (8.816258093000045 53.056207423000046)",Unfall 141716 (2018) Kat:2, Licht: 0,141716,2,7,0,11,08,5,0,0,1,0,0,0,0,0
"POINT (8.805592681000064 53.073156679000078)",Unfall 141717 (2018) Kat:3, Licht: 1,141717,3,1,0,12,07,4,2,1,1,0,0,0,0,0
"POINT (8.805741471000033 53.065462833000026)",Unfall 141718 (2018) Kat:3, Licht: 2,141718,3,6,1,10,19,6,0,2,0,1,0,0,0,1
"POINT (8.838613677000069 53.082794599000067)",Unfall 141719 (2018) Kat:3, Licht: 0,141719,3,6,2,11,12,2,1,0,0,1,0,0,0,0
"POINT (8.934270153000057 53.069335796000075)",Unfall 141720 (2018) Kat:3, Licht: 0,141720,3,6,1,10,14,3,0,0,0,1,0,0,0,0
"POINT (8.575092063000056 53.192133180000042)",Unfall 141721 (2018) Kat:3, Licht: 2,141721,3,7,6,12,15,1,1,2,0,1,1,0,0,0
"POINT (8.601271948000033 53.177520305000030)",Unfall 141722 (2018) Kat:2, Licht: 0,141722,2,7,0,11,16,6,0,0,0,0,0,0,0,1
"POINT (8.767331585000022 53.111832712000080)",Unfall 141723 (2018) Kat:3, Licht: 0,141723,3,2,5,10,12,6,0,0,1,1,0,0,0,0
"POINT (8.794086167000046 53.074346456000058)",Unfall 141724 (2018) Kat:3, Licht: 2,141724,3,2,3,11,21,5,0,2,1,1,0,0,0,0
"POINT (8.616987498000071 53.173533453000061)",Unfall 141726 (2018) Kat:3, Licht: 0,141726,3,7,0,11,20,4,0,0,0,1,0,0,0,0
"POINT (8.836793304000025 53.082403802000044)",Unfall 141727 (2018) Kat:3, Licht: 0,141727,3,6,2,10,12,6,0,0,0,1,0,1,0,0
"POINT (8.793407201000036 53.092875306000053)",Unfall 141728 (2018) Kat:3, Licht: 0,141728,3,3,5,10,08,6,0,0,1,1,0,0,0,0
"POINT (8.958285231000048 53.046641086000079)",Unfall 141729 (2018) Kat:3, Licht: 0,141729,3,6,1,11,09,7,0,0,0,1,0,0,0,0
"POINT (8.849633678000032 53.085105985000041)",Unfall 141730 (2018) Kat:3, Licht: 0,141730,3,3,5,12,12,6,1,0,1,1,0,0,0,0
"POINT (8.801977252000029 53.071446283000057)",Unfall 141731 (2018) Kat:3, Licht: 2,141731,3,2,5,11,18,6,0,2,1,1,0,0,0,0
"POINT (8.846919533000062 53.048298882000040)",Unfall 141732 (2018) Kat:3, Licht: 0,141732,3,2,5,10,16,6,0,0,1,0,0,0,0,1
"POINT (8.932045090000031 53.063194808000048)",Unfall 141733 (2018) Kat:3, Licht: 0,141733,3,7,0,10,15,3,0,0,0,1,0,0,0,1
"POINT (8.747222726000075 53.126244889000077)",Unfall 141734 (2018) Kat:3, Licht: 0,141734,3,3,5,11,15,4,0,0,1,1,0,0,0,0
"POINT (8.842936094000038 53.088530255000080)",Unfall 141735 (2018) Kat:3, Licht: 2,141735,3,3,5,12,18,3,0,2,1,1,0,0,0,0
"POINT (8.879015818000028 53.085215303000041)",Unfall 141738 (2018) Kat:2, Licht: 2,141738,2,4,6,10,06,3,1,2,0,0,1,0,0,1
"POINT (8.775279132000037 53.070486595000034)",Unfall 141739 (2018) Kat:3, Licht: 2,141739,3,3,5,11,16,6,0,2,1,1,0,0,0,0
"POINT (8.800544982000076 53.070805879000034)",Unfall 141740 (2018) Kat:3, Licht: 2,141740,3,6,4,11,18,4,0,2,1,0,0,0,0,0
"POINT (8.932937894000077 53.058877276000032)",Unfall 141741 (2018) Kat:3, Licht: 2,141741,3,1,9,12,20,4,1,2,0,0,0,1,0,0
"POINT (8.930490615000053 53.059016785000040)",Unfall 141743 (2018) Kat:3, Licht: 2,141743,3,2,5,11,17,1,1,2,0,1,0,0,0,0
"POINT (8.870828515000028 53.091279658000076)",Unfall 141744 (2018) Kat:3, Licht: 2,141744,3,6,2,10,08,3,1,2,0,1,0,0,0,0
"POINT (8.818852470000024 53.080511394000041)",Unfall 141745 (2018) Kat:3, Licht: 1,141745,3,4,6,12,07,7,0,1,0,0,1,0,0,1
"POINT (8.934977303000039 53.069209486000034)",Unfall 141747 (2018) Kat:3, Licht: 0,141747,3,6,4,11,16,4,0,0,0,1,0,0,0,1
"POINT (8.572642456000040 53.197985599000049)",Unfall 141748 (2018) Kat:3, Licht: 1,141748,3,3,5,11,07,3,0,1,1,1,0,0,0,0
"POINT (8.846921642000041 53.048301423000055)",Unfall 141749 (2018) Kat:3, Licht: 0,141749,3,3,5,10,13,5,1,0,1,0,0,0,0,0
"POINT (8.932510143000059 53.038900262000027)",Unfall 141750 (2018) Kat:3, Licht: 2,141750,3,4,6,10,04,5,1,2,0,1,1,0,0,0
"POINT (8.793837443000030 53.092834091000043)",Unfall 141751 (2018) Kat:3, Licht: 2,141751,3,2,5,11,06,6,1,2,0,1,0,0,0,0
"POINT (8.770822560000056 53.061491184000033)",Unfall 141752 (2018) Kat:3, Licht: 0,141752,3,6,2,12,09,5,1,0,0,1,0,0,0,0
"POINT (8.753905800000041 53.120307491000062)",Unfall 141753 (2018) Kat:3, Licht: 2,141753,3,3,5,11,19,6,0,2,0,1,0,0,0,0
"POINT (8.788886523000031 53.093415224000069)",Unfall 141754 (2018) Kat:3, Licht: 0,141754,3,3,5,10,15,5,0,0,1,1,0,0,0,0
"POINT (8.788101441000038 53.062911714000052)",Unfall 141755 (2018) Kat:3, Licht: 0,141755,3,6,2,10,12,3,1,0,0,1,0,0,0,0
"POINT (8.736757875000023 53.045498959000042)",Unfall 141756 (2018) Kat:3, Licht: 0,141756,3,4,6,11,14,3,0,0,0,1,1,0,0,0
"POINT (8.577109456000073 53.188373332000026)",Unfall 141757 (2018) Kat:3, Licht: 0,141757,3,2,5,12,09,3,0,0,1,1,0,0,0,0
"POINT (8.885494910000034 53.110018824000065)",Unfall 141758 (2018) Kat:3, Licht: 0,141758,3,3,5,11,11,2,0,0,0,1,0,0,0,0
"POINT (8.709632114000044 53.095495161000031)",Unfall 141759 (2018) Kat:3, Licht: 2,141759,3,7,7,10,21,5,1,2,0,0,0,1,0,0
"POINT (8.827334418000021 53.083042688000035)",Unfall 141760 (2018) Kat:3, Licht: 0,141760,3,3,5,11,14,6,0,0,1,1,0,0,0,0
"POINT (8.794143888000065 53.103035648000059)",Unfall 141761 (2018) Kat:3, Licht: 2,141761,3,2,5,11,17,5,1,2,1,1,0,0,0,0
"POINT (8.929681376000076 53.043376983000030)",Unfall 141762 (2018) Kat:2, Licht: 0,141762,2,4,6,10,13,5,1,0,0,1,1,0,0,0
"POINT (8.774298438000074 53.101494496000043)",Unfall 141763 (2018) Kat:3, Licht: 1,141763,3,2,5,10,07,5,0,1,1,1,0,0,0,0
"POINT (8.887701365000055 53.109080367000047)",Unfall 141764 (2018) Kat:3, Licht: 0,141764,3,6,2,11,10,2,1,0,0,1,0,0,0,1
"POINT (8.827169150000032 53.083200247000036)",Unfall 141765 (2018) Kat:3, Licht: 0,141765,3,6,4,11,14,2,0,0,0,1,0,0,0,1
"POINT (8.868791440000052 53.066996327000027)",Unfall 141766 (2018) Kat:3, Licht: 0,141766,3,7,0,10,11,5,1,0,0,0,0,0,0,1
"POINT (8.936382931000026 53.073808602000042)",Unfall 141767 (2018) Kat:3, Licht: 1,141767,3,3,5,10,07,5,0,1,0,1,0,1,0,0
"POINT (8.786172529000055 53.100378329000080)",Unfall 141769 (2018) Kat:3, Licht: 2,141769,3,5,1,11,17,3,0,2,1,1,0,0,0,0
"POINT (8.613291437000044 53.186294591000035)",Unfall 141770 (2018) Kat:2, Licht: 2,141770,2,7,0,11,00,3,0,2,0,1,0,0,0,1
"POINT (8.795530631000077 53.090523011000073)",Unfall 141771 (2018) Kat:3, Licht: 0,141771,3,6,2,10,07,4,0,0,0,1,0,0,0,0
"POINT (8.574654709000072 53.192848745000049)",Unfall 141772 (2018) Kat:3, Licht: 0,141772,3,3,5,11,12,6,1,0,0,1,0,0,0,0
"POINT (8.898755244000029 53.089248287000032)",Unfall 141773 (2018) Kat:3, Licht: 2,141773,3,3,5,12,20,5,0,2,1,0,0,0,0,1
"POINT (8.880024206000030 53.112342383000055)",Unfall 141774 (2018) Kat:3, Licht: 2,141774,3,6,2,11,17,5,1,2,0,1,0,0,0,0
"POINT (8.792108865000046 53.073034903000064)",Unfall 141775 (2018) Kat:3, Licht: 0,141775,3,3,5,10,16,4,0,0,1,1,0,0,0,0
"POINT (8.842973439000048 53.034738327000071)",Unfall 141776 (2018) Kat:2, Licht: 0,141776,2,6,2,11,09,4,0,0,0,1,0,0,0,1
"POINT (8.837118638000050 53.082601501000056)",Unfall 141777 (2018) Kat:3, Licht: 0,141777,3,6,2,10,14,3,0,0,0,1,0,0,0,1
"POINT (8.780564985000069 53.068143633000034)",Unfall 141778 (2018) Kat:3, Licht: 2,141778,3,2,5,11,18,3,0,2,1,0,0,0,0,1
"POINT (8.934405195000068 53.069364131000043)",Unfall 141779 (2018) Kat:3, Licht: 2,141779,3,3,6,12,06,3,1,2,0,1,1,0,0,0
"POINT (8.794164971000043 53.103189002000079)",Unfall 141780 (2018) Kat:3, Licht: 0,141780,3,2,5,11,13,7,0,0,1,0,0,0,1,0
"POINT (8.952095624000037 53.034593837000045)",Unfall 141781 (2018) Kat:3, Licht: 0,141781,3,3,5,10,15,4,0,0,1,1,0,0,0,0
"POINT (8.704061636000063 53.172966366000082)",Unfall 141782 (2018) Kat:3, Licht: 2,141782,3,2,5,11,19,6,0,2,0,1,0,1,0,0
"POINT (8.726712641000063 53.035665750000078)",Unfall 141783 (2018) Kat:3, Licht: 2,141783,3,3,5,10,02,4,1,2,1,1,0,0,0,0
"POINT (8.827200358000027 53.079946472000074)",Unfall 141784 (2018) Kat:3, Licht: 0,141784,3,7,6,11,08,5,1,0,0,1,1,0,0,0
"POINT (8.893175699000040 53.082507215000078)",Unfall 141785 (2018) Kat:3, Licht: 0,141785,3,6,2,10,17,4,0,0,0,1,0,0,0,0
"POINT (8.888546549000068 53.058266074000073)",Unfall 141786 (2018) Kat:3, Licht: 0,141786,3,6,6,10,16,4,0,0,1,0,1,0,0,0
"POINT (8.707513681000023 53.171564681000064)",Unfall 141787 (2018) Kat:3, Licht: 0,141787,3,6,0,11,15,2,1,0,1,0,0,0,1,0
"POINT (8.894420399000069 53.052667174000078)",Unfall 141788 (2018) Kat:2, Licht: 2,141788,2,7,1,11,02,2,0,2,0,1,0,0,0,0
"POINT (8.618707911000058 53.174260873000037)",Unfall 141791 (2018) Kat:3, Licht: 0,141791,3,3,5,11,11,5,0,0,0,1,0,0,0,0
"POINT (8.808582631000036 53.082919920000052)",Unfall 141792 (2018) Kat:3, Licht: 0,141792,3,2,5,12,08,4,1,0,1,0,0,0,1,0
"POINT (8.870848468000077 53.092980146000059)",Unfall 141794 (2018) Kat:3, Licht: 2,141794,3,6,1,11,18,3,1,2,0,1,0,0,0,0
"POINT (8.799746486000061 53.072942032000071)",Unfall 141795 (2018) Kat:2, Licht: 0,141795,2,3,5,10,13,2,0,0,1,0,0,0,0,0
"POINT (8.791869149000036 53.094361607000053)",Unfall 141797 (2018) Kat:3, Licht: 2,141797,3,6,2,11,17,6,0,2,0,1,0,0,0,0
"POINT (8.818743436000034 53.051886941000078)",Unfall 141798 (2018) Kat:3, Licht: 1,141798,3,7,0,11,07,6,1,1,0,0,0,0,0,1
"POINT (8.779039218000037 53.103684771000076)",Unfall 141799 (2018) Kat:3, Licht: 0,141799,3,7,1,12,12,5,1,0,0,1,1,0,0,0
"POINT (8.825533841000038 53.038055007000082)",Unfall 141800 (2018) Kat:3, Licht: 0,141800,3,7,0,11,17,4,0,0,0,0,0,0,0,1
"POINT (8.611328351000054 53.175258841000073)",Unfall 141803 (2018) Kat:3, Licht: 1,141803,3,5,1,11,20,2,0,1,1,1,0,0,0,0
"POINT (8.880992078000077 53.101428266000028)",Unfall 141804 (2018) Kat:3, Licht: 0,141804,3,2,0,12,15,2,1,0,1,1,0,0,0,0
"POINT (8.735718828000074 53.044359584000063)",Unfall 141807 (2018) Kat:3, Licht: 0,141807,3,7,0,11,07,5,1,0,0,0,0,0,0,1
"POINT (8.729249243000027 53.128794282000058)",Unfall 141808 (2018) Kat:3, Licht: 1,141808,3,4,6,11,07,5,1,1,0,1,1,0,0,0
"POINT (8.753887741000028 53.120299093000028)",Unfall 141810 (2018) Kat:3, Licht: 2,141810,3,2,5,10,20,3,0,2,0,1,0,0,0,0
"POINT (8.951361529000053 53.065086884000038)",Unfall 141812 (2018) Kat:3, Licht: 2,141812,3,6,2,11,18,1,0,2,0,1,0,0,0,0
"POINT (8.622819223000022 53.169047320000061)",Unfall 141813 (2018) Kat:3, Licht: 2,141813,3,4,6,10,19,3,0,2,0,1,1,0,0,0
"POINT (8.815201018000039 53.051773018000063)",Unfall 141814 (2018) Kat:3, Licht: 0,141814,3,4,6,11,15,5,0,0,1,0,1,0,0,0
"POINT (8.877906421000034 53.082543907000058)",Unfall 141815 (2018) Kat:2, Licht: 0,141815,2,7,0,12,10,4,2,0,1,0,0,0,0,0
"POINT (8.811188692000030 53.072366553000052)",Unfall 141816 (2018) Kat:2, Licht: 0,141816,2,3,5,10,17,3,0,0,1,1,0,0,0,0
"POINT (8.555212388000030 53.190611300000057)",Unfall 141817 (2018) Kat:3, Licht: 2,141817,3,3,5,11,17,2,0,2,0,1,0,0,0,0
"POINT (8.715782991000026 53.054183840000064)",Unfall 141818 (2018) Kat:3, Licht: 2,141818,3,6,2,12,17,7,0,2,0,1,0,0,0,0
"POINT (8.613215303000061 53.183935372000064)",Unfall 141819 (2018) Kat:3, Licht: 0,141819,3,5,1,10,15,3,0,0,1,1,0,0,0,0
"POINT (8.700906771000064 53.157015616000081)",Unfall 141820 (2018) Kat:3, Licht: 2,141820,3,7,0,11,05,4,1,2,0,0,0,1,0,0
"POINT (8.866977013000053 53.069998713000075)",Unfall 141822 (2018) Kat:3, Licht: 0,141822,3,6,2,10,12,3,0,0,0,1,0,0,0,0
"POINT (8.914159299000062 53.059803317000046)",Unfall 141823 (2018) Kat:3, Licht: 2,141823,3,2,3,10,06,3,0,2,0,1,0,0,1,0
"POINT (8.895961166000063 53.059485774000052)",Unfall 141824 (2018) Kat:3, Licht: 2,141824,3,2,5,11,18,7,1,2,0,1,0,1,0,0
"POINT (8.878528111000037 53.065302856000073)",Unfall 141826 (2018) Kat:3, Licht: 0,141826,3,5,1,10,17,3,0,0,1,1,0,0,0,0
"POINT (8.801315654000064 53.071494083000061)",Unfall 141827 (2018) Kat:3, Licht: 0,141827,3,2,5,11,08,5,1,0,1,1,0,0,0,0
"POINT (8.891703609000047 53.049424773000055)",Unfall 141828 (2018) Kat:3, Licht: 2,141828,3,4,6,11,06,4,0,2,0,1,1,0,0,0
"POINT (8.812623278000046 53.080830202000072)",Unfall 141829 (2018) Kat:3, Licht: 0,141829,3,7,0,10,16,3,0,0,0,0,0,0,0,1
"POINT (8.916689877000067 53.071202202000052)",Unfall 141830 (2018) Kat:3, Licht: 0,141830,3,3,5,10,16,3,0,0,1,1,0,0,0,0
"POINT (8.870705600000065 53.089742276000038)",Unfall 141831 (2018) Kat:3, Licht: 2,141831,3,3,5,11,20,1,1,2,0,1,0,0,0,0
"POINT (8.825087680000024 53.084198292000053)",Unfall 141832 (2018) Kat:3, Licht: 2,141832,3,3,5,11,21,7,1,2,1,1,0,0,0,0
"POINT (8.902101882000068 53.071504763000064)",Unfall 141833 (2018) Kat:3, Licht: 2,141833,3,2,5,10,22,3,0,2,0,1,0,0,0,0
"POINT (8.773678674000053 53.077409484000043)",Unfall 141834 (2018) Kat:3, Licht: 0,141834,3,2,3,11,14,4,0,0,0,1,0,0,1,0
"POINT (8.884484933000067 53.055935477000048)",Unfall 141835 (2018) Kat:3, Licht: 2,141835,3,2,8,12,19,4,1,2,0,1,0,1,0,0
"POINT (8.852307566000036 53.073683821000031)",Unfall 141841 (2018) Kat:3, Licht: 1,141841,3,2,4,11,07,3,0,1,1,1,0,0,0,0
"POINT (8.800777459000074 53.068471872000032)",Unfall 141843 (2018) Kat:3, Licht: 0,141843,3,6,3,11,11,6,0,0,0,1,0,0,1,1
"POINT (8.569164140000055 53.181233958000064)",Unfall 141844 (2018) Kat:2, Licht: 1,141844,2,7,0,12,15,5,1,1,0,0,0,0,0,1
"POINT (8.777443047000077 53.095408771000052)",Unfall 141847 (2018) Kat:3, Licht: 2,141847,3,2,3,11,17,5,0,2,1,0,0,0,0,1
"POINT (8.797002840000062 53.076415278000070)",Unfall 141848 (2018) Kat:3, Licht: 0,141848,3,2,0,11,15,3,0,0,0,1,0,0,0,0
"POINT (8.844921677000059 53.045783073000052)",Unfall 141849 (2018) Kat:2, Licht: 0,141849,2,2,5,12,08,3,1,0,1,1,0,0,0,0
"POINT (8.803423540000040 53.092883063000045)",Unfall 141851 (2018) Kat:3, Licht: 0,141851,3,1,6,11,15,6,0,0,0,1,1,0,0,0
"POINT (8.892411194000033 53.079427612000075)",Unfall 141852 (2018) Kat:2, Licht: 0,141852,2,4,6,10,09,2,0,0,0,1,1,0,0,0
"POINT (8.800764231000073 53.061629823000033)",Unfall 141853 (2018) Kat:2, Licht: 0,141853,2,7,0,11,12,4,0,0,1,1,0,0,0,0
"POINT (8.801972698000043 53.071454035000045)",Unfall 141854 (2018) Kat:3, Licht: 0,141854,3,3,5,12,12,3,0,0,1,1,0,0,0,0
"POINT (8.911569237000037 53.071221460000061)",Unfall 141855 (2018) Kat:3, Licht: 0,141855,3,6,3,10,08,2,0,0,1,0,0,0,0,0
"POINT (8.784766466000065 53.102715193000051)",Unfall 141857 (2018) Kat:3, Licht: 0,141857,3,2,0,11,14,6,0,0,0,1,0,0,0,1
"POINT (8.947682523000026 53.064249720000078)",Unfall 141858 (2018) Kat:3, Licht: 0,141858,3,6,4,10,17,2,0,0,1,0,0,0,0,0
"POINT (8.920173628000043 53.076306644000056)",Unfall 141859 (2018) Kat:2, Licht: 0,141859,2,7,0,10,16,2,0,0,0,0,0,1,0,0
"POINT (8.895513129000051 53.056077471000037)",Unfall 141860 (2018) Kat:3, Licht: 0,141860,3,6,2,11,09,3,1,0,0,1,0,0,1,0
"POINT (8.825086884000029 53.084593770000026)",Unfall 141861 (2018) Kat:3, Licht: 0,141861,3,3,5,11,14,3,0,0,1,1,0,0,0,0
"POINT (8.765056351000055 53.082748757000047)",Unfall 141863 (2018) Kat:2, Licht: 0,141863,2,1,0,11,17,6,0,0,1,0,0,0,0,0
"POINT (8.794959711000047 53.084600763000026)",Unfall 141864 (2018) Kat:3, Licht: 2,141864,3,3,5,12,16,5,1,2,1,1,0,0,0,0
"POINT (8.739248945000043 53.055213384000069)",Unfall 141865 (2018) Kat:3, Licht: 0,141865,3,7,5,11,11,5,1,0,0,1,0,0,0,0
"POINT (8.775499065000076 53.060470123000073)",Unfall 141866 (2018) Kat:3, Licht: 1,141866,3,3,5,10,18,1,0,1,0,1,0,0,0,0
"POINT (8.878329787000041 53.079228801000056)",Unfall 141867 (2018) Kat:3, Licht: 0,141867,3,6,2,11,07,4,0,0,0,1,0,0,0,0
"POINT (8.899083527000073 53.124120247000064)",Unfall 141868 (2018) Kat:3, Licht: 2,141868,3,7,0,11,17,3,0,2,0,1,0,0,0,0
"POINT (8.825652947000037 53.043428730000073)",Unfall 141870 (2018) Kat:2, Licht: 2,141870,2,1,8,11,01,7,0,2,0,1,0,0,0,0
"POINT (8.541997973000036 53.189765266000052)",Unfall 141871 (2018) Kat:3, Licht: 0,141871,3,3,5,10,15,1,0,0,1,0,0,0,0,0
"POINT (8.817407719000073 53.083444011000040)",Unfall 141873 (2018) Kat:3, Licht: 0,141873,3,2,4,10,09,4,0,0,1,1,0,0,0,0
"POINT (8.885331550000046 53.050335951000079)",Unfall 141874 (2018) Kat:3, Licht: 0,141874,3,3,5,11,07,5,1,0,0,1,0,0,0,0
"POINT (8.578747821000036 53.208235157000047)",Unfall 141875 (2018) Kat:3, Licht: 2,141875,3,6,2,10,22,1,0,2,0,1,0,1,0,0
"POINT (8.830206898000029 53.081788285000073)",Unfall 141876 (2018) Kat:3, Licht: 2,141876,3,4,6,11,22,2,1,2,1,0,1,0,0,0
"POINT (8.741958795000073 53.048229627000069)",Unfall 141877 (2018) Kat:2, Licht: 2,141877,2,4,6,12,19,6,1,2,0,1,1,0,0,0
"POINT (8.813104101000022 53.098890610000069)",Unfall 141878 (2018) Kat:3, Licht: 0,141878,3,3,5,12,09,2,1,0,1,1,0,0,0,0
"POINT (8.791770811000049 53.090915680000080)",Unfall 141879 (2018) Kat:3, Licht: 0,141879,3,2,5,12,10,1,0,0,1,1,0,0,0,0
"POINT (8.824501553000061 53.084278665000056)",Unfall 141882 (2018) Kat:3, Licht: 2,141882,3,3,5,12,18,7,1,2,1,1,0,0,0,0
"POINT (8.578767042000038 53.181928759000073)",Unfall 141883 (2018) Kat:3, Licht: 0,141883,3,1,0,12,12,7,1,0,1,0,0,0,0,0
"POINT (8.728601167000022 53.038759683000080)",Unfall 141884 (2018) Kat:3, Licht: 2,141884,3,7,2,12,17,7,1,2,0,1,0,0,0,0
"POINT (8.740889705000029 53.052357731000029)",Unfall 141885 (2018) Kat:3, Licht: 2,141885,3,6,2,12,16,7,1,2,0,1,0,0,0,0
"POINT (8.801381595000066 53.078176732000031)",Unfall 141886 (2018) Kat:3, Licht: 0,141886,3,6,3,12,11,7,1,0,0,0,0,1,0,1
"POINT (8.751993777000052 53.122094637000032)",Unfall 141887 (2018) Kat:2, Licht: 2,141887,2,3,5,12,00,7,1,2,0,1,0,0,0,0
"POINT (8.772607259000040 53.108998678000034)",Unfall 141888 (2018) Kat:3, Licht: 2,141888,3,6,5,12,18,7,1,2,0,1,0,0,0,1
"POINT (8.760421222000048 53.083571105000033)",Unfall 141889 (2018) Kat:2, Licht: 0,141889,2,4,6,12,12,7,1,0,0,1,1,0,0,0
"POINT (8.827063360000068 53.068835734000061)",Unfall 141891 (2018) Kat:3, Licht: 0,141891,3,6,2,12,14,6,0,0,0,1,0,0,0,0
"POINT (8.768935602000056 53.116451057000063)",Unfall 141892 (2018) Kat:3, Licht: 0,141892,3,6,6,12,11,6,1,0,1,0,1,0,0,0
"POINT (8.799075512000059 53.085097495000070)",Unfall 141893 (2018) Kat:3, Licht: 0,141893,3,4,6,12,13,6,0,0,0,1,1,0,0,0
"POINT (8.947007771000074 53.076015713000061)",Unfall 141894 (2018) Kat:3, Licht: 2,141894,3,2,6,12,19,6,1,2,0,1,1,0,0,0
"POINT (8.738667307000071 53.132991894000043)",Unfall 141895 (2018) Kat:3, Licht: 2,141895,3,6,1,12,21,6,1,2,0,1,0,0,0,0
"POINT (8.788626281000063 53.098228456000072)",Unfall 141896 (2018) Kat:2, Licht: 0,141896,2,2,0,12,13,6,1,0,0,1,0,0,0,1
"POINT (8.720182459000057 53.056726685000058)",Unfall 141897 (2018) Kat:3, Licht: 2,141897,3,6,2,12,07,6,1,2,0,1,0,0,0,0
"POINT (8.753585024000074 53.120705064000049)",Unfall 141898 (2018) Kat:3, Licht: 2,141898,3,6,2,12,22,6,1,2,0,1,0,0,0,0
"POINT (8.809575482000071 53.099571964000063)",Unfall 141899 (2018) Kat:2, Licht: 2,141899,2,7,0,12,18,5,1,2,1,0,0,0,0,0
"POINT (8.787848265000037 53.062746880000077)",Unfall 141900 (2018) Kat:3, Licht: 0,141900,3,2,5,12,13,5,0,0,1,0,0,0,0,1
"POINT (8.609368660000030 53.193340070000033)",Unfall 141901 (2018) Kat:3, Licht: 2,141901,3,6,2,12,21,5,1,2,0,1,0,0,0,0
"POINT (8.962487841000041 53.058801869000035)",Unfall 141902 (2018) Kat:3, Licht: 2,141902,3,6,2,12,19,5,1,2,0,1,0,0,0,0
"POINT (8.936765935000040 53.058663583000055)",Unfall 141903 (2018) Kat:3, Licht: 0,141903,3,3,5,12,11,5,1,0,0,1,0,0,0,0
"POINT (8.772101024000051 53.109266074000061)",Unfall 141904 (2018) Kat:3, Licht: 0,141904,3,7,1,12,15,5,1,0,1,1,0,0,0,0
"POINT (8.862512310000057 53.067585466000082)",Unfall 141905 (2018) Kat:3, Licht: 2,141905,3,2,4,12,17,5,1,2,0,1,0,0,0,0
"POINT (8.570571278000045 53.182151794000049)",Unfall 141906 (2018) Kat:3, Licht: 0,141906,3,1,0,12,15,4,0,0,1,1,0,0,0,0
"POINT (8.901501091000057 53.108093763000056)",Unfall 141907 (2018) Kat:3, Licht: 2,141907,3,6,6,12,19,4,1,2,1,0,1,0,0,0
"POINT (8.852311204000046 53.073683051000046)",Unfall 141908 (2018) Kat:3, Licht: 2,141908,3,6,2,12,17,4,1,2,0,1,0,0,0,0
"POINT (8.763137614000073 53.059996001000059)",Unfall 141909 (2018) Kat:3, Licht: 0,141909,3,3,5,12,12,4,1,0,1,1,0,0,0,0
"POINT (8.814902092000068 53.079669300000035)",Unfall 141910 (2018) Kat:3, Licht: 2,141910,3,6,2,12,19,4,1,2,0,1,0,0,0,0
"POINT (8.847950079000043 53.050816050000037)",Unfall 141911 (2018) Kat:3, Licht: 0,141911,3,6,2,12,12,3,1,0,0,1,0,0,0,0
"POINT (8.909886622000045 53.039579363000030)",Unfall 141914 (2018) Kat:3, Licht: 0,141914,3,3,0,12,11,2,0,0,1,1,0,0,0,0
"POINT (8.813722398000039 53.091454648000081)",Unfall 141915 (2018) Kat:3, Licht: 0,141915,3,1,0,12,09,2,1,0,1,0,0,0,0,0
"POINT (8.791540075000057 53.103397860000030)",Unfall 141916 (2018) Kat:3, Licht: 2,141916,3,5,1,12,23,2,1,2,0,1,0,0,1,0
"POINT (8.887715793000041 53.068053817000077)",Unfall 141917 (2018) Kat:2, Licht: 2,141917,2,4,6,12,22,1,1,2,0,1,1,0,0,0
"POINT (8.822998558000052 53.079137628000069)",Unfall 141918 (2018) Kat:3, Licht: 2,141918,3,1,8,12,01,1,1,2,0,1,0,0,0,0
"POINT (8.801006372000074 53.081016386000044)",Unfall 141920 (2018) Kat:3, Licht: 2,141920,3,5,4,12,18,7,1,2,0,1,0,0,0,1
"POINT (8.619378004000055 53.184070040000051)",Unfall 141921 (2018) Kat:3, Licht: 0,141921,3,4,6,12,15,7,1,0,0,1,1,0,0,0
"POINT (8.892344945000048 53.079468116000044)",Unfall 141922 (2018) Kat:3, Licht: 1,141922,3,4,6,12,15,7,1,1,0,1,1,0,0,0
"POINT (8.807843647000027 53.064216421000026)",Unfall 141923 (2018) Kat:2, Licht: 2,141923,2,7,0,12,18,7,1,2,1,0,0,0,0,0
"POINT (8.757465204000027 53.117321535000031)",Unfall 141924 (2018) Kat:3, Licht: 0,141924,3,2,5,12,10,6,1,0,0,1,0,0,0,1
"POINT (8.798071430000050 53.090451635000079)",Unfall 141925 (2018) Kat:3, Licht: 2,141925,3,4,6,12,07,6,1,2,0,1,1,0,0,0
"POINT (8.813437442000065 53.080392811000081)",Unfall 141926 (2018) Kat:3, Licht: 1,141926,3,7,1,12,15,6,1,1,1,1,0,0,0,0
"POINT (8.571811039000068 53.184078218000082)",Unfall 141927 (2018) Kat:3, Licht: 2,141927,3,4,6,12,07,6,1,2,0,1,1,0,0,0
"POINT (8.704511601000036 53.155485707000082)",Unfall 141928 (2018) Kat:3, Licht: 0,141928,3,3,5,12,14,6,1,0,0,1,0,1,0,0
"POINT (8.801609618000043 53.069775907000064)",Unfall 141929 (2018) Kat:3, Licht: 2,141929,3,3,5,12,17,6,1,2,1,1,0,0,0,0
"POINT (8.941101844000059 53.067491865000079)",Unfall 141930 (2018) Kat:3, Licht: 2,141930,3,3,5,12,16,6,1,2,1,1,0,0,0,0