WKT,Name,OBJECTID,UKATEGORIE,UTYP1,UART,UMONAT,USTUNDE,UWOCHENTAG,STRZUSTAND,ULICHTVERH,ISTRAD,ISTPKW,ISTFUSS,ISTKRAD,ISTGKFZ,ISTSONSTIG
"POINT (8.959685213000057 53.050676069000076)",Unfall 141931 (2018) Kat:3, Licht: 0,141931,3,7,6,12,16,6,1,0,0,0,1,0,0,1
"POINT (8.827633801000047 53.072571861000029)",Unfall 141937 (2018) Kat:3, Licht: 0,141937,3,7,0,12,10,5,1,0,1,0,0,0,0,0
"POINT (8.865912660000049 53.098949113000060)",Unfall 141938 (2018) Kat:3, Licht: 1,141938,3,3,0,12,16,5,1,1,1,1,0,0,0,0
"POINT (8.819310146000021 53.075873893000050)",Unfall 141939 (2018) Kat:3, Licht: 0,141939,3,6,4,12,13,5,1,0,1,0,0,0,0,0
"POINT (8.571824724000067 53.189910534000035)",Unfall 141940 (2018) Kat:3, Licht: 0,141940,3,3,5,12,14,5,1,0,0,1,0,0,0,0
"POINT (8.572736643000042 53.181460063000031)",Unfall 141941 (2018) Kat:3, Licht: 1,141941,3,3,5,12,16,5,1,1,1,1,0,0,0,0
"POINT (8.886361966000038 53.071526367000047)",Unfall 141942 (2018) Kat:3, Licht: 2,141942,3,2,5,12,07,5,1,2,1,1,0,0,0,0
"POINT (8.624480611000024 53.177170643000068)",Unfall 141943 (2018) Kat:3, Licht: 2,141943,3,2,4,12,17,5,1,2,0,1,0,0,0,0
"POINT (8.872667590000049 53.077645315000041)",Unfall 141944 (2018) Kat:3, Licht: 0,141944,3,6,2,12,14,4,0,0,0,1,0,0,0,0
"POINT (8.786815714000056 53.100331718000064)",Unfall 141945 (2018) Kat:3, Licht: 2,141945,3,7,5,12,16,4,1,2,0,1,0,0,0,1
"POINT (8.835451709000040 53.038802328000031)",Unfall 141946 (2018) Kat:3, Licht: 0,141946,3,3,5,12,12,4,1,0,1,1,0,0,0,0
"POINT (8.818741956000054 53.111785720000057)",Unfall 141947 (2018) Kat:3, Licht: 2,141947,3,3,5,12,16,4,1,2,0,1,0,0,0,0
"POINT (8.870969270000046 53.098459345000038)",Unfall 141948 (2018) Kat:3, Licht: 1,141948,3,2,4,12,07,4,1,1,1,1,0,0,0,0
"POINT (8.619367149000027 53.183204586000045)",Unfall 141950 (2018) Kat:3, Licht: 1,141950,3,6,3,12,16,3,0,1,1,1,0,0,0,0
"POINT (8.790100846000030 53.054221911000070)",Unfall 141951 (2018) Kat:3, Licht: 1,141951,3,3,5,12,16,3,0,1,1,1,0,0,0,0
"POINT (8.704516049000063 53.155464419000054)",Unfall 141952 (2018) Kat:3, Licht: 2,141952,3,6,6,12,18,3,0,2,1,0,1,0,0,0
"POINT (8.851596027000028 53.055061190000060)",Unfall 141956 (2018) Kat:3, Licht: 0,141956,3,7,0,12,07,2,1,0,0,0,0,0,0,1
"POINT (8.871001802000023 53.098432301000059)",Unfall 141957 (2018) Kat:3, Licht: 0,141957,3,7,0,12,08,2,1,0,1,0,0,0,0,0
"POINT (8.911564387000055 53.078497325000058)",Unfall 141958 (2018) Kat:3, Licht: 0,141958,3,3,5,12,13,2,0,0,1,0,0,0,0,1
"POINT (8.720484406000026 53.132400529000051)",Unfall 141959 (2018) Kat:3, Licht: 2,141959,3,1,1,12,05,2,1,2,0,1,0,0,1,0
"POINT (8.570839027000034 53.195731221000074)",Unfall 141960 (2018) Kat:3, Licht: 2,141960,3,6,2,12,17,2,1,2,0,1,0,0,0,0
"POINT (8.755577191000043 53.057225443000050)",Unfall 141961 (2018) Kat:3, Licht: 2,141961,3,1,7,12,20,1,1,2,0,1,0,0,0,0
"POINT (8.686084571000038 53.173313335000046)",Unfall 141962 (2018) Kat:3, Licht: 2,141962,3,3,5,12,22,1,1,2,0,1,0,0,0,0
"POINT (8.854904652000073 53.079515098000059)",Unfall 141963 (2018) Kat:3, Licht: 2,141963,3,6,4,12,06,1,0,2,0,1,0,0,0,0
"POINT (8.750069368000027 53.114698711000074)",Unfall 141964 (2018) Kat:3, Licht: 0,141964,3,6,2,12,13,7,0,0,0,1,0,0,0,0
"POINT (8.804168560000051 53.079658383000037)",Unfall 141965 (2018) Kat:3, Licht: 0,141965,3,4,6,12,10,7,0,0,0,1,1,0,0,0
"POINT (8.808393337000041 53.082967046000078)",Unfall 141966 (2018) Kat:3, Licht: 2,141966,3,3,5,12,21,7,0,2,0,1,0,0,0,0
"POINT (8.921952503000057 53.076573441000050)",Unfall 141967 (2018) Kat:3, Licht: 0,141967,3,4,6,12,13,6,0,0,0,1,1,0,0,0
"POINT (8.777153652000038 53.095927050000057)",Unfall 141968 (2018) Kat:3, Licht: 2,141968,3,2,4,12,07,6,0,2,1,1,0,0,0,0
"POINT (8.817593175000070 53.039000792000081)",Unfall 141970 (2018) Kat:3, Licht: 0,141970,3,2,5,12,12,5,0,0,1,0,0,0,0,1
"POINT (8.885510832000023 53.110034852000069)",Unfall 141971 (2018) Kat:3, Licht: 2,141971,3,2,5,12,17,5,0,2,1,1,0,0,0,0
"POINT (8.839339139000060 53.034058937000054)",Unfall 141972 (2018) Kat:3, Licht: 0,141972,3,6,4,12,14,5,1,0,1,0,0,0,0,0
"POINT (8.791301376000035 53.085929060000069)",Unfall 141973 (2018) Kat:3, Licht: 0,141973,3,7,8,12,10,5,0,0,0,0,0,0,1,0
"POINT (8.796715063000022 53.089209473000039)",Unfall 141974 (2018) Kat:3, Licht: 0,141974,3,3,5,12,13,5,0,0,1,0,0,0,0,1
"POINT (8.845070746000033 53.071631784000033)",Unfall 141976 (2018) Kat:3, Licht: 0,141976,3,7,5,12,11,4,0,0,1,1,0,0,0,0
"POINT (8.834729386000049 53.096207825000079)",Unfall 141977 (2018) Kat:3, Licht: 0,141977,3,1,0,12,11,4,0,0,1,0,0,0,0,0
"POINT (8.806701003000057 53.089823550000062)",Unfall 141978 (2018) Kat:3, Licht: 2,141978,3,3,5,12,17,4,0,2,1,1,0,0,0,0
"POINT (8.852499027000022 53.083256124000059)",Unfall 141979 (2018) Kat:2, Licht: 2,141979,2,4,6,12,07,4,0,2,0,1,1,0,0,0
"POINT (8.761771217000046 53.087433115000067)",Unfall 141985 (2018) Kat:2, Licht: 0,141985,2,7,0,12,12,3,0,0,0,0,0,0,0,1
"POINT (8.805799689000025 53.100267261000056)",Unfall 141986 (2018) Kat:2, Licht: 2,141986,2,1,9,12,18,6,1,2,0,1,0,0,0,0
"POINT (8.799243148000073 53.083894614000030)",Unfall 141987 (2018) Kat:3, Licht: 1,141987,3,3,5,12,15,3,1,1,1,1,0,0,0,0
"POINT (8.625161756000068 53.179857882000078)",Unfall 141988 (2018) Kat:3, Licht: 0,141988,3,2,5,12,11,3,0,0,1,1,0,0,0,0
"POINT (8.889127222000070 53.065080862000059)",Unfall 141989 (2018) Kat:3, Licht: 0,141989,3,6,2,12,10,3,1,0,0,1,0,0,1,0
"POINT (8.738448873000039 53.134728972000062)",Unfall 141990 (2018) Kat:3, Licht: 0,141990,3,3,5,12,11,3,0,0,1,1,0,0,0,0
"POINT (8.775535091000052 53.099735017000057)",Unfall 141991 (2018) Kat:3, Licht: 2,141991,3,4,6,12,17,3,0,2,0,0,1,1,0,0
"POINT (8.906883715000049 53.071442386000058)",Unfall 141992 (2018) Kat:2, Licht: 1,141992,2,1,0,12,07,3,1,1,1,0,0,0,0,0
"POINT (8.803097400000070 53.096380126000042)",Unfall 141996 (2018) Kat:3, Licht: 0,141996,3,7,0,12,14,2,1,0,1,0,0,0,0,0
"POINT (8.806572050000057 53.081734490000031)",Unfall 141997 (2018) Kat:3, Licht: 0,141997,3,2,5,12,12,2,0,0,1,1,0,0,0,0
"POINT (8.875719926000045 53.082458774000031)",Unfall 141998 (2018) Kat:3, Licht: 2,141998,3,2,5,12,18,2,1,2,1,1,0,0,0,0
"POINT (8.820209612000042 53.086507056000073)",Unfall 141999 (2018) Kat:2, Licht: 2,141999,2,3,5,12,06,2,1,2,1,1,0,0,0,0
"POINT (8.934438182000065 53.069431835000046)",Unfall 142000 (2018) Kat:3, Licht: 0,142000,3,6,1,12,15,2,1,0,0,1,0,0,0,0
"POINT (8.914073751000046 53.065300419000039)",Unfall 142001 (2018) Kat:3, Licht: 0,142001,3,3,5,12,13,2,1,0,0,1,0,0,0,1
"POINT (8.850387951000073 53.041514581000058)",Unfall 142002 (2018) Kat:3, Licht: 0,142002,3,4,6,12,15,2,1,0,0,1,1,0,0,0
"POINT (8.619270059000030 53.182137147000049)",Unfall 142003 (2018) Kat:3, Licht: 2,142003,3,6,2,12,17,2,1,2,0,1,0,0,0,0
"POINT (8.800854525000034 53.078782940000053)",Unfall 142004 (2018) Kat:3, Licht: 2,142004,3,7,1,12,18,1,1,2,0,1,0,0,0,1
"POINT (8.808586066000032 53.082918334000055)",Unfall 142005 (2018) Kat:3, Licht: 2,142005,3,7,0,12,23,1,1,2,0,1,0,0,0,1
"POINT (8.627231392000056 53.170292961000030)",Unfall 142006 (2018) Kat:3, Licht: 2,142006,3,2,8,12,06,1,1,2,0,1,0,0,0,0
"POINT (8.787114772000052 53.063647894000042)",Unfall 142008 (2018) Kat:3, Licht: 0,142008,3,3,5,12,15,7,1,0,1,1,0,0,0,0
"POINT (8.829147445000046 53.086194862000070)",Unfall 142009 (2018) Kat:3, Licht: 0,142009,3,6,4,12,09,7,1,0,1,0,0,0,0,0
"POINT (8.961448284000028 53.051543824000078)",Unfall 142010 (2018) Kat:3, Licht: 0,142010,3,6,2,12,14,7,1,0,0,1,0,0,0,0
"POINT (8.649786253000059 53.173884493000060)",Unfall 142011 (2018) Kat:3, Licht: 2,142011,3,3,5,12,00,7,1,2,0,1,0,0,0,0
"POINT (8.869066133000047 53.084985749000055)",Unfall 142012 (2018) Kat:3, Licht: 2,142012,3,2,6,12,17,7,1,2,0,1,1,0,0,0
"POINT (8.582495438000024 53.182384406000040)",Unfall 142013 (2018) Kat:3, Licht: 2,142013,3,6,2,12,17,7,1,2,0,1,0,0,0,0
"POINT (8.950449790000050 53.057933939000065)",Unfall 142017 (2018) Kat:3, Licht: 0,142017,3,3,5,12,12,6,1,0,1,1,0,0,0,0
"POINT (8.736944084000072 53.144047519000026)",Unfall 8136 (2019) Kat:2, Licht: 0,8136,2,6,2,05,14,2,0,0,0,1,0,0,0,0
"POINT (8.932849891000046 53.079126601000041)",Unfall 8147 (2019) Kat:3, Licht: 0,8147,3,6,2,03,15,6,0,0,0,1,0,0,0,0
"POINT (8.782274030000053 53.070740373000035)",Unfall 8154 (2019) Kat:3, Licht: 0,8154,3,6,3,07,05,6,0,0,0,1,0,0,1,0
"POINT (8.852775349000069 53.026653708000026)",Unfall 8158 (2019) Kat:3, Licht: 0,8158,3,6,3,02,11,7,0,0,0,1,0,0,0,0
"POINT (8.783931398000050 53.065762113000062)",Unfall 8163 (2019) Kat:3, Licht: 2,8163,3,3,5,11,03,7,1,2,0,1,0,0,0,0
"POINT (8.805459202000066 53.052465481000070)",Unfall 8173 (2019) Kat:3, Licht: 0,8173,3,7,0,10,13,1,1,0,0,1,0,0,0,0
"POINT (8.910307171000056 53.080848357000036)",Unfall 8177 (2019) Kat:3, Licht: 0,8177,3,1,9,04,12,3,0,0,0,1,0,0,0,0
"POINT (8.795701969000049 53.089877718000082)",Unfall 8185 (2019) Kat:3, Licht: 0,8185,3,6,2,08,15,5,0,0,0,1,0,0,0,0
"POINT (8.788088808000055 53.121231617000035)",Unfall 8192 (2019) Kat:3, Licht: 0,8192,3,1,9,12,15,1,0,0,0,1,0,0,0,0
"POINT (8.867412170000023 53.032839529000057)",Unfall 8195 (2019) Kat:3, Licht: 0,8195,3,6,2,07,17,4,0,0,0,1,0,0,1,0
"POINT (8.893266902000050 53.091337093000050)",Unfall 8198 (2019) Kat:2, Licht: 0,8198,2,6,2,01,10,6,1,0,0,1,0,0,1,0
"POINT (8.781244265000055 53.070021294000071)",Unfall 8203 (2019) Kat:3, Licht: 2,8203,3,7,1,11,18,3,0,2,0,1,0,0,0,0
"POINT (8.844749712000066 53.024492188000067)",Unfall 8207 (2019) Kat:3, Licht: 0,8207,3,6,2,06,11,2,0,0,0,1,0,0,0,1
"POINT (8.796615250000059 53.088293941000074)",Unfall 8211 (2019) Kat:3, Licht: 0,8211,3,6,3,07,17,2,0,0,0,1,0,0,1,0
"POINT (8.960691976000021 53.072679873000027)",Unfall 8214 (2019) Kat:3, Licht: 2,8214,3,6,2,01,22,6,2,2,0,1,0,0,0,0
"POINT (8.818197743000042 53.046838078000064)",Unfall 8219 (2019) Kat:3, Licht: 0,8219,3,3,5,11,08,2,1,0,0,1,0,0,0,0
"POINT (8.630309938000039 53.178497174000029)",Unfall 8223 (2019) Kat:3, Licht: 0,8223,3,6,2,06,13,6,0,0,0,1,0,0,0,0
"POINT (8.872546568000075 53.034985994000067)",Unfall 8230 (2019) Kat:3, Licht: 0,8230,3,2,5,10,14,2,0,0,0,1,0,0,1,0
"POINT (8.843743439000036 53.024386637000077)",Unfall 8234 (2019) Kat:3, Licht: 0,8234,3,6,0,04,06,6,0,0,0,1,0,0,1,0
"POINT (8.788577080000039 53.062393101000055)",Unfall 8241 (2019) Kat:3, Licht: 0,8241,3,1,0,08,12,1,1,0,0,0,0,1,0,0
"POINT (8.889811582000050 53.038967573000036)",Unfall 8252 (2019) Kat:3, Licht: 0,8252,3,1,9,06,20,1,0,0,0,0,0,1,0,0
"POINT (8.886344381000072 53.038135248000060)",Unfall 8255 (2019) Kat:3, Licht: 0,8255,3,3,5,01,10,2,1,0,0,1,0,0,1,0
"POINT (8.622953842000072 53.180554768000036)",Unfall 8261 (2019) Kat:3, Licht: 2,8261,3,1,8,11,22,6,0,2,0,1,0,0,0,0
"POINT (8.848684882000043 53.025330941000050)",Unfall 8265 (2019) Kat:2, Licht: 0,8265,2,6,2,05,14,5,0,0,0,1,0,0,0,0
"POINT (8.920344925000052 53.078986518000079)",Unfall 8275 (2019) Kat:3, Licht: 0,8275,3,6,2,04,15,2,0,0,0,1,0,0,0,0
"POINT (8.813072989000034 53.050103344000036)",Unfall 8286 (2019) Kat:3, Licht: 0,8286,3,6,3,09,07,1,1,0,0,1,0,0,0,0
"POINT (8.709693050000055 53.179138797000064)",Unfall 8290 (2019) Kat:3, Licht: 0,8290,3,6,2,04,13,2,0,0,0,1,0,0,0,0
"POINT (8.971984541000040 53.050371845000029)",Unfall 8297 (2019) Kat:2, Licht: 0,8297,2,6,2,08,07,7,0,0,0,1,0,0,1,0
"POINT (8.779630317000056 53.068481283000040)",Unfall 8301 (2019) Kat:3, Licht: 0,8301,3,6,3,02,16,2,0,0,0,1,0,0,0,0
"POINT (8.716926025000021 53.171858787000076)",Unfall 8306 (2019) Kat:2, Licht: 0,8306,2,6,2,12,12,2,1,0,0,1,0,0,1,0
"POINT (8.859868901000027 53.029634646000034)",Unfall 8313 (2019) Kat:3, Licht: 0,8313,3,6,2,01,13,5,0,0,0,1,0,0,0,0
"POINT (8.779370547000042 53.068369723000046)",Unfall 8317 (2019) Kat:3, Licht: 2,8317,3,1,9,11,05,1,1,2,0,1,0,0,0,0
"POINT (8.821323564000068 53.023676065000075)",Unfall 8321 (2019) Kat:3, Licht: 0,8321,3,6,2,05,10,4,0,0,0,1,0,0,0,0
"POINT (8.797699393000073 53.100643665000064)",Unfall 8329 (2019) Kat:3, Licht: 0,8329,3,6,2,09,08,2,0,0,0,1,0,0,0,0
"POINT (8.729847189000054 53.149766759000045)",Unfall 8332 (2019) Kat:2, Licht: 0,8332,2,6,2,04,14,5,0,0,0,1,0,0,1,0
"POINT (8.870429727000044 53.034112589000074)",Unfall 8339 (2019) Kat:2, Licht: 0,8339,2,6,2,07,14,3,0,0,0,1,0,0,0,1
"POINT (8.646582256000045 53.174595948000047)",Unfall 8343 (2019) Kat:3, Licht: 1,8343,3,7,8,02,16,3,1,1,0,1,0,0,0,0
"POINT (8.936175142000025 53.079257788000064)",Unfall 8348 (2019) Kat:3, Licht: 0,8348,3,6,2,11,12,2,0,0,0,1,0,0,0,0
"POINT (8.937541684000053 53.027617660000033)",Unfall 8352 (2019) Kat:3, Licht: 0,8352,3,1,8,06,19,1,1,0,0,1,0,0,0,0
"POINT (8.756676705000075 53.057767404000060)",Unfall 8356 (2019) Kat:3, Licht: 0,8356,3,6,2,08,16,4,0,0,0,1,0,0,0,1
"POINT (8.817472924000072 53.023684725000066)",Unfall 8360 (2019) Kat:3, Licht: 0,8360,3,6,2,02,16,5,0,0,0,1,0,0,0,0
"POINT (8.806028262000041 53.117373902000054)",Unfall 8365 (2019) Kat:2, Licht: 0,8365,2,1,8,11,13,6,1,0,0,1,0,0,0,0
"POINT (8.790638246000071 53.080198154000072)",Unfall 8369 (2019) Kat:3, Licht: 0,8369,3,6,2,06,17,5,0,0,0,1,0,0,0,0
"POINT (8.818129001000045 53.046738819000041)",Unfall 8376 (2019) Kat:3, Licht: 0,8376,3,2,5,10,07,3,1,0,1,0,0,0,1,0
"POINT (8.948928565000074 53.027603174000035)",Unfall 8380 (2019) Kat:2, Licht: 0,8380,2,6,9,05,17,7,0,0,0,1,0,0,0,0
"POINT (8.737359203000040 53.143913791000045)",Unfall 8388 (2019) Kat:3, Licht: 0,8388,3,6,2,09,14,6,0,0,0,1,0,0,0,0
"POINT (8.895488231000059 53.089921004000075)",Unfall 8391 (2019) Kat:3, Licht: 0,8391,3,6,2,03,12,5,0,0,0,1,0,0,1,0
"POINT (8.901658321000070 53.085750385000040)",Unfall 8398 (2019) Kat:3, Licht: 0,8398,3,6,2,07,13,6,0,0,0,1,0,0,0,0
"POINT (8.886644860000047 53.038650745000041)",Unfall 8421 (2019) Kat:3, Licht: 2,8421,3,7,0,04,22,2,0,2,0,1,0,0,0,1
"POINT (8.888889403000064 53.037450639000042)",Unfall 8429 (2019) Kat:3, Licht: 0,8429,3,7,2,08,10,3,0,0,0,1,0,0,0,0
"POINT (8.844154375000073 53.024409147000028)",Unfall 8434 (2019) Kat:3, Licht: 2,8434,3,6,2,10,19,5,0,2,0,1,0,0,0,0
"POINT (8.864655737000021 53.031795448000082)",Unfall 8438 (2019) Kat:3, Licht: 0,8438,3,6,2,05,09,3,0,0,0,0,0,0,1,0
"POINT (8.742090465000047 53.140239078000036)",Unfall 8449 (2019) Kat:3, Licht: 0,8449,3,1,9,03,13,6,0,0,0,1,0,0,0,0
"POINT (8.791125678000071 53.081060670000056)",Unfall 8453 (2019) Kat:3, Licht: 1,8453,3,6,2,12,15,4,0,1,0,1,0,0,1,0
"POINT (8.908591016000059 53.080360676000055)",Unfall 8456 (2019) Kat:3, Licht: 0,8456,3,1,9,07,19,7,1,0,0,1,0,0,0,0
"POINT (8.735011536000059 53.145827516000054)",Unfall 8459 (2019) Kat:3, Licht: 2,8459,3,6,2,01,18,3,0,2,0,1,0,0,0,0
"POINT (8.852438548000066 53.026524284000061)",Unfall 8464 (2019) Kat:3, Licht: 1,8464,3,6,2,11,13,1,1,1,0,1,0,0,0,0
"POINT (8.799792094000054 53.054974028000061)",Unfall 8468 (2019) Kat:2, Licht: 0,8468,2,2,5,06,14,5,0,0,1,1,0,0,0,0
"POINT (8.588310767000053 53.183245059000058)",Unfall 8475 (2019) Kat:3, Licht: 2,8475,3,3,5,10,20,6,1,2,0,1,0,0,0,0
"POINT (8.796584017000043 53.099656016000040)",Unfall 8486 (2019) Kat:3, Licht: 0,8486,3,6,2,08,10,3,1,0,0,1,0,0,0,0
"POINT (8.946983062000072 53.078332305000060)",Unfall 8489 (2019) Kat:3, Licht: 0,8489,3,6,2,03,15,6,0,0,0,1,0,0,0,1
"POINT (8.816359686000055 53.116578221000054)",Unfall 8493 (2019) Kat:3, Licht: 2,8493,3,1,8,12,22,2,2,2,0,1,0,0,0,0
"POINT (8.872411625000041 53.034934710000073)",Unfall 8497 (2019) Kat:2, Licht: 0,8497,2,2,5,06,12,4,0,0,0,1,0,0,0,0
"POINT (8.797652016000029 53.056201602000044)",Unfall 8500 (2019) Kat:3, Licht: 0,8500,3,6,2,01,13,6,1,0,0,1,0,0,0,0
"POINT (8.714087473000063 53.180214779000039)",Unfall 8505 (2019) Kat:3, Licht: 0,8505,3,3,5,03,11,4,1,0,0,1,0,0,0,0
"POINT (8.796168990000069 53.085961294000072)",Unfall 8509 (2019) Kat:3, Licht: 2,8509,3,7,2,12,16,4,1,2,0,1,0,0,0,0
"POINT (8.796465683000065 53.099535466000077)",Unfall 8512 (2019) Kat:3, Licht: 0,8512,3,6,2,07,11,2,0,0,0,1,0,0,1,0
"POINT (8.788069477000022 53.062769728000035)",Unfall 8515 (2019) Kat:3, Licht: 0,8515,3,2,5,01,15,4,0,0,1,0,0,0,0,1
"POINT (8.768224188000033 53.072041038000066)",Unfall 8520 (2019) Kat:3, Licht: 2,8520,3,6,2,11,23,2,0,2,0,1,0,0,0,0
"POINT (8.541475012000035 53.200017902000070)",Unfall 8525 (2019) Kat:3, Licht: 0,8525,3,6,4,05,08,4,0,0,0,1,0,0,0,0
"POINT (8.870009466000056 53.033934827000053)",Unfall 8532 (2019) Kat:3, Licht: 0,8532,3,6,2,09,14,5,0,0,0,1,0,0,0,0
"POINT (8.851429312000050 53.026168834000032)",Unfall 8536 (2019) Kat:3, Licht: 0,8536,3,6,3,04,17,5,0,0,0,1,0,0,1,0
"POINT (8.790292550000061 53.057097227000042)",Unfall 8543 (2019) Kat:3, Licht: 0,8543,3,1,9,08,14,6,0,0,0,0,0,1,0,0
"POINT (8.841344092000043 53.024031072000071)",Unfall 8547 (2019) Kat:3, Licht: 0,8547,3,6,2,02,11,5,0,0,0,1,0,0,0,0
"POINT (8.788881912000022 53.057764412000040)",Unfall 8552 (2019) Kat:3, Licht: 1,8552,3,6,2,11,07,7,1,1,0,1,0,0,0,0
"POINT (8.878196692000074 53.036836099000027)",Unfall 8556 (2019) Kat:3, Licht: 0,8556,3,1,8,06,09,2,0,0,0,1,0,0,0,0
"POINT (8.714133018000041 53.180227646000048)",Unfall 8562 (2019) Kat:2, Licht: 2,8562,2,3,5,11,23,7,1,2,1,1,0,0,0,0
"POINT (8.848164379000025 53.025196617000063)",Unfall 8578 (2019) Kat:3, Licht: 2,8578,3,6,2,11,19,1,0,2,0,1,0,0,0,0
"POINT (8.689980442000035 53.173500481000076)",Unfall 8582 (2019) Kat:3, Licht: 1,8582,3,6,2,05,21,2,0,1,0,1,0,1,0,0
"POINT (8.907614227000067 53.082191140000077)",Unfall 8589 (2019) Kat:3, Licht: 0,8589,3,6,3,09,18,2,0,0,0,1,0,0,0,0
"POINT (8.815140316000054 53.041585151000049)",Unfall 8592 (2019) Kat:3, Licht: 0,8592,3,6,2,04,15,7,0,0,0,1,0,0,0,0
"POINT (8.792892323000046 53.059360637000054)",Unfall 8599 (2019) Kat:3, Licht: 0,8599,3,2,5,08,12,2,0,0,1,0,0,0,1,0
"POINT (8.862865737000050 53.112177059000032)",Unfall 8618 (2019) Kat:3, Licht: 2,8618,3,6,2,10,07,5,0,2,0,1,0,0,1,0
"POINT (8.776174862000062 53.067694522000068)",Unfall 8622 (2019) Kat:3, Licht: 0,8622,3,6,3,05,13,6,0,0,0,1,0,0,0,1
"POINT (8.799167755000042 53.101826071000062)",Unfall 8633 (2019) Kat:3, Licht: 1,8633,3,6,3,03,06,2,1,1,0,1,0,0,1,0
"POINT (8.821290830000066 53.023848653000073)",Unfall 8637 (2019) Kat:3, Licht: 2,8637,3,6,2,12,23,2,1,2,0,1,0,0,0,0
"POINT (8.783956907000061 53.065745190000030)",Unfall 8640 (2019) Kat:2, Licht: 0,8640,2,3,5,07,13,4,0,0,1,1,0,0,0,0
"POINT (8.713741412000047 53.176354310000079)",Unfall 8643 (2019) Kat:3, Licht: 2,8643,3,6,2,01,06,6,0,2,0,1,0,0,1,0
"POINT (8.854516619000037 53.027542864000054)",Unfall 8657 (2019) Kat:3, Licht: 0,8657,3,6,2,07,15,6,0,0,0,1,0,0,0,0
"POINT (8.889809327000023 53.038787707000040)",Unfall 8661 (2019) Kat:2, Licht: 0,8661,2,6,1,02,12,2,0,0,0,1,0,0,1,0
"POINT (8.850425917000052 53.025836143000049)",Unfall 8666 (2019) Kat:3, Licht: 0,8666,3,6,2,11,13,1,0,0,0,1,0,0,0,0
"POINT (8.820837294000057 53.116439803000048)",Unfall 8676 (2019) Kat:3, Licht: 1,8676,3,6,2,10,07,3,0,1,0,1,0,0,0,0
"POINT (8.824231213000076 53.023665756000071)",Unfall 8688 (2019) Kat:3, Licht: 0,8688,3,6,2,08,11,5,0,0,0,1,0,0,0,0
"POINT (8.709727945000054 53.179147703000069)",Unfall 8695 (2019) Kat:3, Licht: 0,8695,3,7,0,12,11,2,0,0,0,1,0,0,0,0
"POINT (8.622633607000068 53.181669899000042)",Unfall 8698 (2019) Kat:3, Licht: 0,8698,3,6,2,07,18,4,0,0,0,1,0,0,0,0
"POINT (8.942526815000065 53.027278017000071)",Unfall 8706 (2019) Kat:3, Licht: 0,8706,3,6,3,11,15,4,0,0,0,1,0,0,1,0
"POINT (8.964208700000029 53.067472453000050)",Unfall 8710 (2019) Kat:3, Licht: 0,8710,3,6,2,06,12,2,0,0,0,1,0,0,1,0
"POINT (8.745295861000045 53.138206510000032)",Unfall 8717 (2019) Kat:2, Licht: 0,8717,2,7,9,09,16,2,1,0,0,1,0,0,0,0
"POINT (8.879841607000060 53.037256394000053)",Unfall 8721 (2019) Kat:3, Licht: 2,8721,3,6,2,04,22,3,0,2,0,1,0,0,1,0
"POINT (8.903359750000050 53.084649649000028)",Unfall 8725 (2019) Kat:3, Licht: 0,8725,3,6,2,06,16,6,0,0,0,1,0,0,0,0
"POINT (8.523623741000051 53.199441470000068)",Unfall 8732 (2019) Kat:3, Licht: 0,8732,3,3,5,10,15,4,0,0,1,1,0,0,0,0
"POINT (8.857173775000035 53.031202670000027)",Unfall 8747 (2019) Kat:3, Licht: 0,8747,3,1,8,03,14,2,1,0,0,1,0,0,0,0
"POINT (8.524213527000029 53.199534895000056)",Unfall 8751 (2019) Kat:3, Licht: 1,8751,3,1,8,12,07,3,2,1,0,1,0,0,0,0
"POINT (8.727894406000075 53.151331999000035)",Unfall 8755 (2019) Kat:3, Licht: 0,8755,3,6,3,06,16,1,0,0,0,1,0,0,0,0
"POINT (8.623037702000033 53.180539072000045)",Unfall 8758 (2019) Kat:3, Licht: 2,8758,3,3,5,01,17,3,1,2,1,1,0,0,0,0
"POINT (8.719426367000040 53.051160203000052)",Unfall 8763 (2019) Kat:3, Licht: 0,8763,3,6,2,11,12,7,0,0,0,1,0,0,0,0
"POINT (8.937390888000039 53.079105449000053)",Unfall 8767 (2019) Kat:3, Licht: 0,8767,3,6,2,05,17,5,0,0,0,1,0,0,0,0
"POINT (8.728531809000060 53.150820491000047)",Unfall 8774 (2019) Kat:3, Licht: 0,8774,3,6,2,09,12,1,0,0,0,1,0,0,0,0
"POINT (8.868005033000031 53.033086950000040)",Unfall 8777 (2019) Kat:3, Licht: 0,8777,3,6,2,04,13,4,0,0,0,1,0,0,0,0
"POINT (8.845197525000060 53.024567545000082)",Unfall 8784 (2019) Kat:3, Licht: 0,8784,3,6,2,08,16,4,0,0,0,1,0,0,0,0
"POINT (8.719129899000052 53.140579523000042)",Unfall 8788 (2019) Kat:3, Licht: 2,8788,3,6,3,02,19,7,0,2,0,1,0,0,0,0
"POINT (8.779782416000046 53.068679730000042)",Unfall 8793 (2019) Kat:3, Licht: 1,8793,3,6,2,11,07,6,1,1,0,1,0,0,0,0
"POINT (8.813237206000053 53.117853225000033)",Unfall 8801 (2019) Kat:3, Licht: 0,8801,3,1,8,08,06,2,0,0,0,1,0,0,0,0
"POINT (8.792750723000040 53.083083909000038)",Unfall 8804 (2019) Kat:3, Licht: 0,8804,3,6,2,02,15,2,0,0,0,1,0,0,0,0
"POINT (8.790573630000040 53.080347408000080)",Unfall 8809 (2019) Kat:3, Licht: 0,8809,3,6,3,12,13,2,1,0,0,1,0,0,1,0
"POINT (8.789506679000056 53.078700093000066)",Unfall 8813 (2019) Kat:3, Licht: 0,8813,3,6,2,06,09,3,0,0,0,1,0,0,0,1
"POINT (8.867568656000060 53.032904657000074)",Unfall 8816 (2019) Kat:2, Licht: 0,8816,2,6,2,01,14,5,0,0,0,1,0,0,0,0
"POINT (8.862211458000047 53.030631609000068)",Unfall 8820 (2019) Kat:3, Licht: 0,8820,3,6,2,11,14,1,0,0,0,1,0,0,0,0