WKT,Name,OBJECTID,UKATEGORIE,UTYP1,UART,UMONAT,USTUNDE,UWOCHENTAG,STRZUSTAND,ULICHTVERH,ISTRAD,ISTPKW,ISTFUSS,ISTKRAD,ISTGKFZ,ISTSONSTIG
"POINT (8.726883497000074 53.152158422000070)",Unfall 8824 (2019) Kat:3, Licht: 0,8824,3,6,2,05,14,5,1,0,0,1,0,0,0,0
"POINT (8.881908956000075 53.037894080000058)",Unfall 8832 (2019) Kat:3, Licht: 0,8832,3,6,2,09,15,5,0,0,0,1,0,0,0,0
"POINT (8.847887412000034 53.024957918000041)",Unfall 8835 (2019) Kat:3, Licht: 2,8835,3,6,3,04,02,6,0,2,0,1,0,0,1,0
"POINT (8.884382412000036 53.038320374000079)",Unfall 8842 (2019) Kat:3, Licht: 0,8842,3,6,3,07,15,3,0,0,0,1,0,0,1,0
"POINT (8.818828730000064 53.047743026000035)",Unfall 8846 (2019) Kat:3, Licht: 0,8846,3,1,0,02,09,3,1,0,0,0,0,1,0,0
"POINT (8.801660573000049 53.104240123000068)",Unfall 8851 (2019) Kat:3, Licht: 2,8851,3,6,2,11,16,3,1,2,0,1,0,0,0,0
"POINT (8.738045221000050 53.145332662000044)",Unfall 8855 (2019) Kat:3, Licht: 0,8855,3,6,2,06,13,2,0,0,0,1,0,0,0,0
"POINT (8.775757264000049 53.068125588000044)",Unfall 8861 (2019) Kat:3, Licht: 0,8861,3,6,2,10,14,3,0,0,0,1,0,0,0,0
"POINT (8.823759044000042 53.023667435000050)",Unfall 8865 (2019) Kat:3, Licht: 0,8865,3,6,1,05,17,5,0,0,0,1,0,0,0,0
"POINT (8.782866192000029 53.066473043000030)",Unfall 8871 (2019) Kat:2, Licht: 0,8871,2,3,5,06,09,6,0,0,0,1,0,1,0,0
"POINT (8.615961644000038 53.180728825000074)",Unfall 8878 (2019) Kat:3, Licht: 2,8878,3,7,0,10,19,3,0,2,0,1,0,0,0,1
"POINT (8.797106023000026 53.119319664000045)",Unfall 8882 (2019) Kat:2, Licht: 0,8882,2,6,2,05,15,2,0,0,0,1,0,0,0,1
"POINT (8.795030505000057 53.119742759000076)",Unfall 8890 (2019) Kat:1, Licht: 2,8890,1,7,7,09,05,6,0,2,0,0,0,0,0,1
"POINT (8.863756868000053 53.031463407000047)",Unfall 8893 (2019) Kat:3, Licht: 0,8893,3,6,2,03,15,6,0,0,0,1,0,0,0,0
"POINT (8.668745623000064 53.171814803000075)",Unfall 8900 (2019) Kat:3, Licht: 2,8900,3,7,8,07,00,5,0,2,0,1,0,0,0,0
"POINT (8.854143399000066 53.027378294000073)",Unfall 8904 (2019) Kat:3, Licht: 2,8904,3,6,2,02,18,6,0,2,0,1,0,0,0,0
"POINT (8.811075218000042 53.113073209000049)",Unfall 8909 (2019) Kat:3, Licht: 2,8909,3,6,2,11,18,6,1,2,0,1,0,0,0,0
"POINT (8.867258829000036 53.032775710000067)",Unfall 8920 (2019) Kat:3, Licht: 2,8920,3,6,2,10,19,1,0,2,0,1,0,0,0,0
"POINT (8.847100477000026 53.024949689000039)",Unfall 8924 (2019) Kat:3, Licht: 0,8924,3,6,2,04,12,3,0,0,0,1,0,0,0,1
"POINT (8.619047478000027 53.180613840000035)",Unfall 8932 (2019) Kat:3, Licht: 0,8932,3,3,5,08,10,5,0,0,1,1,0,0,0,0
"POINT (8.846785401000034 53.024877744000037)",Unfall 8935 (2019) Kat:3, Licht: 0,8935,3,6,2,03,12,5,0,0,0,1,0,0,0,0
"POINT (8.841149118000033 53.024013573000047)",Unfall 8939 (2019) Kat:3, Licht: 0,8939,3,6,2,12,12,7,1,0,0,1,0,0,0,0
"POINT (8.845960764000040 53.024712693000026)",Unfall 8942 (2019) Kat:3, Licht: 0,8942,3,6,2,07,13,3,0,0,0,1,0,0,0,0
"POINT (8.700922280000043 53.174339517000078)",Unfall 8948 (2019) Kat:3, Licht: 0,8948,3,6,2,08,07,5,1,0,0,1,0,0,0,1
"POINT (8.715148595000073 53.180389243000036)",Unfall 8951 (2019) Kat:3, Licht: 2,8951,3,1,9,03,03,7,0,2,0,1,0,0,0,0
"POINT (8.884639245000074 53.038784175000046)",Unfall 8955 (2019) Kat:3, Licht: 0,8955,3,6,3,12,12,5,0,0,0,1,0,0,0,0
"POINT (8.867386062000037 53.032828663000032)",Unfall 8958 (2019) Kat:3, Licht: 0,8958,3,6,2,07,17,2,0,0,0,1,0,0,0,0
"POINT (8.820378965000032 53.023679399000059)",Unfall 8961 (2019) Kat:3, Licht: 0,8961,3,6,3,01,16,6,0,0,0,1,0,0,0,0
"POINT (8.854118416000063 53.026998689000038)",Unfall 8966 (2019) Kat:3, Licht: 2,8966,3,6,1,11,17,1,1,2,0,1,0,0,0,0
"POINT (8.860848432000068 53.030051533000062)",Unfall 8970 (2019) Kat:3, Licht: 0,8970,3,6,2,06,11,5,0,0,0,1,0,0,0,0
"POINT (8.716668887000026 53.171916767000027)",Unfall 8977 (2019) Kat:3, Licht: 0,8977,3,6,2,10,12,6,1,0,0,1,0,0,0,0
"POINT (8.790209921000042 53.079628163000052)",Unfall 8981 (2019) Kat:3, Licht: 0,8981,3,6,3,04,07,5,0,0,0,1,0,0,1,0
"POINT (8.790097770000045 53.057182270000055)",Unfall 8988 (2019) Kat:2, Licht: 0,8988,2,1,9,08,17,3,1,0,0,1,0,0,0,0
"POINT (8.780924771000059 53.070022475000030)",Unfall 8995 (2019) Kat:3, Licht: 1,8995,3,6,3,12,07,2,1,1,0,1,0,0,0,0
"POINT (8.688055881000025 53.173448555000050)",Unfall 8999 (2019) Kat:3, Licht: 0,8999,3,1,8,06,08,7,0,0,0,1,0,0,0,0
"POINT (8.854223430000047 53.027237282000044)",Unfall 9006 (2019) Kat:3, Licht: 2,9006,3,6,2,11,18,5,1,2,0,1,0,0,0,0
"POINT (8.790411655000071 53.061106715000051)",Unfall 9010 (2019) Kat:3, Licht: 0,9010,3,3,5,05,08,5,0,0,1,0,0,0,0,0
"POINT (8.897619221000070 53.088535582000077)",Unfall 9017 (2019) Kat:3, Licht: 0,9017,3,6,2,01,10,5,1,0,0,1,0,0,0,0
"POINT (8.844623005000074 53.024470866000058)",Unfall 9026 (2019) Kat:3, Licht: 0,9026,3,6,2,06,16,7,0,0,0,1,0,0,0,0
"POINT (8.930807464000054 53.029082901000038)",Unfall 9033 (2019) Kat:3, Licht: 0,9033,3,6,2,09,13,6,0,0,0,1,0,0,0,1
"POINT (8.827289001000054 53.023838579000028)",Unfall 9037 (2019) Kat:3, Licht: 0,9037,3,6,2,04,10,6,0,0,0,1,0,0,0,0
"POINT (8.698964657000033 53.174057303000041)",Unfall 9044 (2019) Kat:3, Licht: 0,9044,3,6,0,08,14,7,1,0,0,1,0,0,0,1
"POINT (8.713138028000060 53.048584472000073)",Unfall 9048 (2019) Kat:3, Licht: 0,9048,3,6,2,02,15,2,0,0,0,1,0,0,0,0
"POINT (8.854358995000041 53.027293483000051)",Unfall 9052 (2019) Kat:3, Licht: 0,9052,3,6,2,12,12,1,0,0,0,1,0,0,0,0
"POINT (8.844851827000070 53.024509372000068)",Unfall 9056 (2019) Kat:3, Licht: 0,9056,3,6,2,06,12,2,0,0,0,1,0,0,0,0
"POINT (8.779610853000065 53.068500216000075)",Unfall 9062 (2019) Kat:3, Licht: 0,9062,3,3,5,11,14,7,1,0,0,1,0,0,0,0
"POINT (8.859580825000023 53.027902421000078)",Unfall 9066 (2019) Kat:3, Licht: 0,9066,3,6,2,05,17,3,0,0,0,1,0,0,0,0
"POINT (8.722149502000036 53.052323816000069)",Unfall 9074 (2019) Kat:3, Licht: 0,9074,3,6,2,09,15,1,0,0,0,1,0,0,0,0
"POINT (8.812322838000057 53.023821574000067)",Unfall 9077 (2019) Kat:2, Licht: 0,9077,2,1,9,03,18,1,0,0,0,0,0,1,0,0
"POINT (8.626857828000027 53.179927902000031)",Unfall 9084 (2019) Kat:3, Licht: 0,9084,3,6,2,07,12,7,0,0,0,1,0,0,0,0
"POINT (8.747502503000021 53.053700608000042)",Unfall 9089 (2019) Kat:3, Licht: 2,9089,3,1,8,09,21,4,0,2,0,1,0,0,0,0
"POINT (8.779785313000048 53.123973334000027)",Unfall 9092 (2019) Kat:3, Licht: 0,9092,3,6,3,04,15,7,0,0,0,1,0,0,0,0
"POINT (8.783643549000033 53.071642277000080)",Unfall 9099 (2019) Kat:3, Licht: 0,9099,3,6,2,08,08,4,0,0,0,1,0,0,0,0
"POINT (8.895583019000071 53.038981262000050)",Unfall 9103 (2019) Kat:3, Licht: 0,9103,3,6,2,02,01,5,0,0,0,1,0,0,0,0
"POINT (8.712156167000046 53.178648354000075)",Unfall 9109 (2019) Kat:3, Licht: 0,9109,3,6,3,11,13,5,1,0,0,1,0,0,0,1
"POINT (8.819796669000027 53.116467612000065)",Unfall 9114 (2019) Kat:3, Licht: 0,9114,3,6,2,06,15,4,0,0,0,1,0,0,0,1
"POINT (8.754018479000024 53.056353385000079)",Unfall 9121 (2019) Kat:3, Licht: 1,9121,3,6,2,10,07,6,0,1,0,1,0,0,0,0
"POINT (8.859617363000041 53.029527589000054)",Unfall 9133 (2019) Kat:2, Licht: 0,9133,2,6,2,09,11,5,0,0,0,1,0,0,1,0
"POINT (8.814061811000045 53.039382691000071)",Unfall 9137 (2019) Kat:3, Licht: 0,9137,3,2,5,03,09,2,1,0,1,1,0,0,0,0
"POINT (8.951175798000065 53.077627882000058)",Unfall 9141 (2019) Kat:3, Licht: 0,9141,3,7,9,12,12,3,0,0,0,1,0,0,0,0
"POINT (8.819116269000062 53.048243550000052)",Unfall 9144 (2019) Kat:3, Licht: 0,9144,3,6,2,07,10,5,0,0,0,1,0,0,0,0
"POINT (8.812071447000051 53.116738031000068)",Unfall 9147 (2019) Kat:2, Licht: 1,9147,2,1,4,01,17,7,1,1,0,1,0,0,0,0
"POINT (8.888061247000053 53.038497927000037)",Unfall 9152 (2019) Kat:3, Licht: 0,9152,3,6,2,11,11,5,1,0,0,1,0,0,0,1
"POINT (8.976484375000041 53.038572740000063)",Unfall 9156 (2019) Kat:3, Licht: 0,9156,3,6,2,06,14,6,0,0,0,1,0,0,0,0
"POINT (8.717162695000070 53.050913416000071)",Unfall 9163 (2019) Kat:3, Licht: 0,9163,3,1,4,10,10,4,1,0,0,1,0,0,0,0
"POINT (8.723672181000040 53.156175790000077)",Unfall 9165 (2019) Kat:3, Licht: 2,9165,3,6,2,02,18,3,0,2,0,1,0,0,0,0
"POINT (8.818151131000036 53.046770967000043)",Unfall 9171 (2019) Kat:2, Licht: 0,9171,2,4,6,11,15,2,0,0,0,1,1,0,0,0
"POINT (8.961794692000069 53.071555668000030)",Unfall 9175 (2019) Kat:3, Licht: 0,9175,3,6,2,06,16,5,0,0,0,1,0,0,0,0
"POINT (8.716334127000039 53.172666217000028)",Unfall 9193 (2019) Kat:3, Licht: 2,9193,3,6,2,08,01,7,0,2,0,1,0,0,0,0
"POINT (8.686020401000064 53.172989790000031)",Unfall 9197 (2019) Kat:3, Licht: 0,9197,3,3,5,03,10,6,0,0,1,1,0,0,0,0
"POINT (8.862540246000037 53.112158447000070)",Unfall 9201 (2019) Kat:3, Licht: 0,9201,3,6,2,12,09,4,0,0,0,1,0,0,0,1
"POINT (8.752238251000051 53.134861671000067)",Unfall 9204 (2019) Kat:3, Licht: 0,9204,3,6,2,07,08,5,0,0,0,0,0,0,1,1
"POINT (8.737244273000044 53.053204111000070)",Unfall 9207 (2019) Kat:3, Licht: 2,9207,3,6,2,01,17,3,0,2,0,1,0,0,0,0
"POINT (8.845259289000069 53.024577938000050)",Unfall 9213 (2019) Kat:3, Licht: 0,9213,3,6,2,11,13,5,0,0,0,1,0,0,0,0
"POINT (8.793273494000061 53.083935744000030)",Unfall 9217 (2019) Kat:3, Licht: 0,9217,3,6,3,06,06,4,0,0,0,1,0,0,1,0
"POINT (8.794871874000023 53.095386373000053)",Unfall 9224 (2019) Kat:3, Licht: 0,9224,3,6,2,10,07,3,1,0,0,1,0,0,0,0
"POINT (8.789434952000022 53.078602054000044)",Unfall 9236 (2019) Kat:3, Licht: 0,9236,3,7,0,08,13,2,0,0,0,1,0,0,1,0
"POINT (8.895279482000035 53.038860198000066)",Unfall 9240 (2019) Kat:2, Licht: 0,9240,2,6,2,02,14,3,0,0,0,0,0,0,1,0
"POINT (8.789448156000049 53.078620101000070)",Unfall 9246 (2019) Kat:3, Licht: 0,9246,3,1,8,04,19,7,1,0,0,1,0,0,0,0
"POINT (8.719682318000025 53.164889857000048)",Unfall 9254 (2019) Kat:3, Licht: 0,9254,3,6,2,08,07,2,0,0,0,1,0,0,0,0
"POINT (8.809949763000077 53.051056646000063)",Unfall 9258 (2019) Kat:3, Licht: 2,9258,3,3,5,03,18,3,0,2,1,1,0,0,0,0
"POINT (8.849481785000023 53.025551592000056)",Unfall 9263 (2019) Kat:3, Licht: 0,9263,3,6,2,12,13,4,1,0,0,1,0,0,0,0
"POINT (8.790337753000074 53.080029599000056)",Unfall 9267 (2019) Kat:3, Licht: 0,9267,3,6,3,07,08,2,0,0,0,1,0,0,1,0
"POINT (8.751712820000023 53.055324428000063)",Unfall 9270 (2019) Kat:3, Licht: 2,9270,3,6,2,01,06,4,1,2,0,1,0,0,0,0
"POINT (8.867953252000064 53.032866834000060)",Unfall 9276 (2019) Kat:3, Licht: 0,9276,3,1,9,11,09,1,2,0,0,1,0,0,0,0
"POINT (8.724077849000025 53.052993455000035)",Unfall 9281 (2019) Kat:3, Licht: 2,9281,3,7,0,05,22,2,0,2,0,1,0,0,0,0
"POINT (8.738785397000072 53.142787909000049)",Unfall 9288 (2019) Kat:2, Licht: 0,9288,2,6,2,09,12,1,0,0,0,1,0,0,0,0
"POINT (8.813648378000039 53.049993219000044)",Unfall 9291 (2019) Kat:3, Licht: 0,9291,3,6,4,04,14,4,0,0,0,1,0,0,1,0
"POINT (8.789495945000056 53.078685422000035)",Unfall 9298 (2019) Kat:3, Licht: 0,9298,3,3,3,08,10,5,0,0,0,1,0,0,1,0
"POINT (8.787929071000065 53.062878930000068)",Unfall 9302 (2019) Kat:3, Licht: 0,9302,3,6,2,02,16,3,1,0,0,1,0,0,0,0
"POINT (8.721312015000024 53.161627303000046)",Unfall 9307 (2019) Kat:3, Licht: 2,9307,3,6,2,11,17,6,1,2,0,1,0,0,0,1
"POINT (8.746730931000059 53.053414364000048)",Unfall 9311 (2019) Kat:3, Licht: 0,9311,3,6,2,06,07,2,0,0,0,1,0,0,1,0
"POINT (8.816358609000076 53.049272425000026)",Unfall 9317 (2019) Kat:3, Licht: 0,9317,3,3,1,11,10,6,0,0,1,1,0,0,0,0
"POINT (8.770033077000051 53.061402505000046)",Unfall 9326 (2019) Kat:3, Licht: 0,9326,3,6,1,06,16,4,0,0,0,1,0,0,0,0
"POINT (8.851484088000063 53.026187945000061)",Unfall 9334 (2019) Kat:3, Licht: 2,9334,3,6,2,11,19,1,0,2,0,1,0,0,0,0
"POINT (8.798137650000058 53.055919692000032)",Unfall 9338 (2019) Kat:3, Licht: 0,9338,3,6,2,05,13,5,1,0,0,1,0,0,1,0
"POINT (8.781909672000040 53.070700316000057)",Unfall 9346 (2019) Kat:3, Licht: 0,9346,3,6,2,09,18,2,0,0,0,1,0,0,0,0
"POINT (8.732190934000073 53.053808213000082)",Unfall 9349 (2019) Kat:3, Licht: 0,9349,3,6,2,04,10,7,0,0,0,1,0,0,0,0
"POINT (8.715991538000026 53.173307945000033)",Unfall 9356 (2019) Kat:3, Licht: 0,9356,3,6,3,08,12,7,0,0,0,1,0,0,1,0
"POINT (8.854191107000077 53.027400668000041)",Unfall 9360 (2019) Kat:3, Licht: 2,9360,3,6,2,02,18,1,1,2,0,1,0,0,0,0
"POINT (8.796441121000044 53.099628935000055)",Unfall 9366 (2019) Kat:3, Licht: 2,9366,3,6,2,11,16,3,0,2,0,1,0,0,0,0
"POINT (8.727853129000039 53.151365744000032)",Unfall 9370 (2019) Kat:2, Licht: 0,9370,2,6,2,06,15,2,0,0,0,1,0,0,1,1
"POINT (8.713080531000060 53.048639282000067)",Unfall 9376 (2019) Kat:3, Licht: 1,9376,3,6,2,10,07,5,0,1,0,1,0,0,0,0
"POINT (8.789975040000059 53.057248278000031)",Unfall 9380 (2019) Kat:3, Licht: 0,9380,3,1,9,05,09,6,1,0,0,1,0,0,0,0
"POINT (8.789259639000022 53.078551743000048)",Unfall 9388 (2019) Kat:3, Licht: 0,9388,3,6,3,09,14,4,0,0,0,1,0,0,1,0
"POINT (8.842740734000074 53.040237375000061)",Unfall 9392 (2019) Kat:3, Licht: 0,9392,3,5,2,03,11,7,0,0,0,1,0,0,0,0
"POINT (8.713616255000034 53.136585395000054)",Unfall 9396 (2019) Kat:3, Licht: 2,9396,3,1,9,12,17,4,1,2,0,0,0,1,0,0
"POINT (8.946021129000030 53.068571520000035)",Unfall 163037 (2019) Kat:2, Licht: 2,163037,2,4,9,01,19,5,1,2,0,1,1,0,0,0
"POINT (8.816552533000049 53.070158970000080)",Unfall 163048 (2019) Kat:3, Licht: 0,163048,3,3,5,01,12,4,0,0,0,1,0,1,0,0
"POINT (8.885506231000022 53.110030219000066)",Unfall 163050 (2019) Kat:3, Licht: 2,163050,3,2,5,01,16,4,1,2,1,1,0,0,0,0
"POINT (8.866222892000053 53.023855508000054)",Unfall 163053 (2019) Kat:3, Licht: 0,163053,3,3,5,01,14,4,0,0,0,0,0,0,1,0
"POINT (8.808512823000058 53.082952149000050)",Unfall 163054 (2019) Kat:3, Licht: 0,163054,3,2,5,01,13,4,1,0,0,1,0,0,0,1
"POINT (8.902614460000052 53.126779380000073)",Unfall 163056 (2019) Kat:3, Licht: 0,163056,3,3,3,01,15,3,1,0,1,1,0,0,0,0
"POINT (8.621364574000040 53.184003389000054)",Unfall 163057 (2019) Kat:3, Licht: 2,163057,3,7,0,01,07,3,1,2,1,0,0,0,0,0
"POINT (8.702189248000025 53.168690174000062)",Unfall 163058 (2019) Kat:2, Licht: 2,163058,2,4,6,01,18,3,1,2,0,1,1,0,0,0
"POINT (8.810705076000033 53.092673354000055)",Unfall 163059 (2019) Kat:3, Licht: 2,163059,3,3,6,01,18,3,1,2,0,1,1,0,0,0
"POINT (8.862502446000065 53.067578662000074)",Unfall 163061 (2019) Kat:3, Licht: 2,163061,3,4,6,01,17,2,0,2,0,1,1,0,0,0
"POINT (8.908578230000046 53.096991044000049)",Unfall 163062 (2019) Kat:3, Licht: 0,163062,3,3,5,01,11,2,1,0,1,1,0,0,0,0
"POINT (8.949374662000025 53.063847117000080)",Unfall 163063 (2019) Kat:3, Licht: 2,163063,3,4,6,01,17,2,1,2,1,0,1,0,0,0
"POINT (8.796091247000049 53.068747862000066)",Unfall 163065 (2019) Kat:3, Licht: 0,163065,3,4,6,01,10,2,1,0,1,1,1,0,0,0
"POINT (8.814718113000026 53.029720826000073)",Unfall 163067 (2019) Kat:3, Licht: 0,163067,3,4,6,01,13,2,1,0,0,1,1,0,0,0
"POINT (8.901449447000061 53.059424412000055)",Unfall 163069 (2019) Kat:3, Licht: 2,163069,3,3,5,01,17,2,1,2,1,1,0,0,0,0
"POINT (8.598897193000028 53.180699951000065)",Unfall 163072 (2019) Kat:3, Licht: 0,163072,3,7,0,01,15,2,1,0,1,0,0,0,0,0
"POINT (8.950500765000072 53.039721052000061)",Unfall 163073 (2019) Kat:3, Licht: 2,163073,3,7,0,01,07,2,1,2,1,0,0,0,0,0
"POINT (8.854090327000051 53.067076577000080)",Unfall 163077 (2019) Kat:3, Licht: 2,163077,3,7,0,01,20,1,1,2,1,0,0,0,0,1
"POINT (8.626189113000066 53.183843086000081)",Unfall 163078 (2019) Kat:3, Licht: 2,163078,3,2,5,01,18,1,1,2,0,1,0,0,0,0
"POINT (8.753556377000052 53.088080023000032)",Unfall 163082 (2019) Kat:3, Licht: 2,163082,3,6,4,01,18,7,1,2,0,1,0,1,0,0
"POINT (8.637615648000065 53.166786244000036)",Unfall 163084 (2019) Kat:3, Licht: 0,163084,3,3,5,01,13,7,1,0,0,1,0,0,0,1
"POINT (8.808174504000021 53.073227200000076)",Unfall 163086 (2019) Kat:3, Licht: 0,163086,3,3,5,01,10,7,1,0,1,1,0,0,0,0
"POINT (8.733886328000040 53.131742725000038)",Unfall 163087 (2019) Kat:3, Licht: 2,163087,3,1,9,01,22,7,1,2,0,1,0,0,0,0
"POINT (8.791440735000037 53.091002534000040)",Unfall 163091 (2019) Kat:3, Licht: 0,163091,3,6,2,01,11,6,1,0,0,1,0,0,0,0
"POINT (8.756263316000059 53.118382053000062)",Unfall 163092 (2019) Kat:3, Licht: 0,163092,3,2,3,01,14,6,1,0,0,1,0,0,0,1
"POINT (8.777287823000052 53.106671732000052)",Unfall 163094 (2019) Kat:3, Licht: 0,163094,3,7,0,01,12,6,1,0,1,0,0,0,0,0
"POINT (8.624476557000037 53.177170337000064)",Unfall 163096 (2019) Kat:3, Licht: 0,163096,3,2,5,01,14,6,1,0,0,1,0,0,0,0
"POINT (8.885830667000050 53.109822441000063)",Unfall 163097 (2019) Kat:3, Licht: 0,163097,3,6,3,01,15,6,1,0,0,1,0,0,0,0
"POINT (8.790983685000072 53.095641693000061)",Unfall 163098 (2019) Kat:3, Licht: 2,163098,3,2,3,01,17,6,1,2,1,1,0,0,0,0
"POINT (8.878884705000075 53.079112289000079)",Unfall 163099 (2019) Kat:3, Licht: 0,163099,3,7,1,01,11,6,1,0,0,1,0,0,0,0
"POINT (8.713710771000024 53.086884404000045)",Unfall 163100 (2019) Kat:3, Licht: 2,163100,3,3,5,01,05,6,0,2,1,0,0,0,1,0
"POINT (8.818817412000044 53.111798757000031)",Unfall 163102 (2019) Kat:3, Licht: 1,163102,3,3,5,01,17,5,1,1,0,1,0,0,0,0
"POINT (8.808636389000071 53.083093324000060)",Unfall 163104 (2019) Kat:3, Licht: 0,163104,3,2,5,01,11,5,0,0,0,1,0,0,0,1
"POINT (8.781298842000069 53.100942454000062)",Unfall 163105 (2019) Kat:3, Licht: 0,163105,3,7,0,01,12,5,0,0,0,0,0,0,0,1
"POINT (8.808591137000065 53.082942581000054)",Unfall 163106 (2019) Kat:3, Licht: 2,163106,3,6,1,01,22,5,1,2,0,1,0,0,0,0
"POINT (8.807381704000022 53.094400558000075)",Unfall 163108 (2019) Kat:3, Licht: 2,163108,3,3,6,01,18,5,1,2,0,1,1,0,0,0
"POINT (8.894856306000065 53.059776571000043)",Unfall 163110 (2019) Kat:3, Licht: 0,163110,3,6,3,01,12,5,0,0,0,0,0,0,0,1
"POINT (8.855100890000074 53.078561704000037)",Unfall 163112 (2019) Kat:3, Licht: 0,163112,3,4,6,01,15,5,0,0,1,0,1,0,0,0
"POINT (8.752878580000072 53.121324025000035)",Unfall 163113 (2019) Kat:3, Licht: 1,163113,3,4,6,01,16,5,0,1,0,1,1,0,0,0
"POINT (8.737180293000051 53.079766935000066)",Unfall 163115 (2019) Kat:3, Licht: 2,163115,3,3,5,01,17,5,1,2,1,0,0,0,1,0
"POINT (8.846913246000042 53.048291309000035)",Unfall 163118 (2019) Kat:3, Licht: 1,163118,3,6,5,01,17,4,0,1,1,1,0,0,0,0
"POINT (8.798223631000042 53.055965427000046)",Unfall 163121 (2019) Kat:3, Licht: 0,163121,3,3,5,01,13,4,1,0,1,1,0,0,0,0
"POINT (8.811190934000024 53.080115486000068)",Unfall 163123 (2019) Kat:2, Licht: 2,163123,2,3,5,01,17,4,0,2,1,1,0,0,0,0
"POINT (8.702180435000059 53.167455161000078)",Unfall 163131 (2019) Kat:3, Licht: 2,163131,3,4,6,01,06,3,1,2,0,0,1,0,0,1
"POINT (8.875901541000076 53.080836227000077)",Unfall 163133 (2019) Kat:3, Licht: 0,163133,3,4,6,01,10,3,1,0,0,1,1,0,0,0
"POINT (8.825097448000065 53.084190697000054)",Unfall 163135 (2019) Kat:2, Licht: 2,163135,2,3,5,01,19,3,1,2,1,1,0,0,0,0
"POINT (8.823788512000022 53.077669949000040)",Unfall 163136 (2019) Kat:3, Licht: 0,163136,3,6,2,01,13,3,1,0,0,1,0,0,0,1
"POINT (8.882334289000028 53.057738057000051)",Unfall 163138 (2019) Kat:3, Licht: 2,163138,3,3,5,01,07,3,1,2,1,1,0,0,0,0
"POINT (8.804772409000066 53.066039397000054)",Unfall 163140 (2019) Kat:3, Licht: 2,163140,3,7,0,01,07,3,1,2,0,0,1,1,0,0
"POINT (8.837377542000070 53.037849489000052)",Unfall 163141 (2019) Kat:3, Licht: 2,163141,3,6,2,01,18,3,1,2,0,1,0,0,0,0
"POINT (8.576282968000044 53.203636839000069)",Unfall 163143 (2019) Kat:2, Licht: 2,163143,2,4,6,01,17,3,1,2,0,1,1,0,0,0
"POINT (8.748461326000040 53.085333421000030)",Unfall 163144 (2019) Kat:2, Licht: 0,163144,2,2,5,01,14,3,1,0,0,1,0,0,0,0
"POINT (8.633474052000054 53.165979258000050)",Unfall 163145 (2019) Kat:3, Licht: 2,163145,3,7,5,01,07,3,1,2,1,1,0,0,0,0
"POINT (8.798818288000064 53.085255978000077)",Unfall 163147 (2019) Kat:3, Licht: 2,163147,3,3,5,01,16,3,1,2,1,1,0,0,0,0
"POINT (8.626250258000027 53.183919853000077)",Unfall 163150 (2019) Kat:3, Licht: 2,163150,3,2,5,01,19,2,1,2,1,1,0,0,0,0
"POINT (8.776361569000073 53.103634967000062)",Unfall 163151 (2019) Kat:3, Licht: 0,163151,3,4,6,01,09,2,1,0,0,1,1,0,0,0
"POINT (8.713995185000044 53.140665303000048)",Unfall 163153 (2019) Kat:3, Licht: 0,163153,3,6,2,01,13,2,1,0,0,1,0,1,0,0
"POINT (8.804158160000043 53.080033642000046)",Unfall 163155 (2019) Kat:3, Licht: 0,163155,3,1,0,01,08,2,1,0,0,0,0,1,0,0
"POINT (8.786290143000031 53.057612825000035)",Unfall 163156 (2019) Kat:3, Licht: 0,163156,3,3,5,01,09,2,1,0,1,1,0,0,0,0
"POINT (8.837400923000075 53.037837993000039)",Unfall 163159 (2019) Kat:3, Licht: 0,163159,3,2,4,01,08,2,1,0,0,1,0,0,0,0
"POINT (8.837397712000040 53.037839571000063)",Unfall 163160 (2019) Kat:3, Licht: 2,163160,3,4,6,01,18,2,1,2,0,1,1,0,0,0
"POINT (8.784120119000022 53.075607775000037)",Unfall 163162 (2019) Kat:3, Licht: 2,163162,3,6,2,01,19,2,1,2,0,1,0,0,0,0
"POINT (8.904485326000042 53.078508620000036)",Unfall 163164 (2019) Kat:3, Licht: 2,163164,3,3,5,01,07,2,1,2,1,1,0,0,0,0
"POINT (8.578685858000029 53.208304418000068)",Unfall 163165 (2019) Kat:3, Licht: 0,163165,3,3,5,01,09,1,1,0,0,1,0,0,0,0
"POINT (8.878603635000047 53.064678341000047)",Unfall 163168 (2019) Kat:3, Licht: 1,163168,3,5,1,01,16,1,1,1,1,1,0,0,0,0
"POINT (8.852334970000072 53.073676740000053)",Unfall 163170 (2019) Kat:3, Licht: 2,163170,3,6,2,01,21,7,1,2,0,1,0,0,0,0
"POINT (8.943485645000067 53.066463986000031)",Unfall 163172 (2019) Kat:3, Licht: 1,163172,3,4,6,01,12,7,1,1,0,1,1,0,0,0
"POINT (8.847126965000030 53.074750479000045)",Unfall 163173 (2019) Kat:3, Licht: 0,163173,3,3,5,01,08,6,1,0,1,1,0,0,0,0
"POINT (8.962350355000069 53.053689828000074)",Unfall 163175 (2019) Kat:3, Licht: 1,163175,3,6,2,01,16,6,1,1,0,1,0,0,0,0
"POINT (8.798075274000041 53.090548439000031)",Unfall 163177 (2019) Kat:2, Licht: 2,163177,2,4,6,01,06,6,1,2,0,1,1,0,0,0
"POINT (8.930479721000040 53.059017429000050)",Unfall 163178 (2019) Kat:3, Licht: 1,163178,3,2,5,01,15,6,1,1,0,1,0,0,0,0
"POINT (8.944639563000067 53.065899616000081)",Unfall 163180 (2019) Kat:3, Licht: 2,163180,3,3,5,01,17,6,1,2,0,1,0,0,0,0
"POINT (8.819763778000038 53.072617695000076)",Unfall 163182 (2019) Kat:3, Licht: 2,163182,3,3,5,01,17,5,0,2,1,0,0,0,0,0
"POINT (8.752323993000061 53.113151360000074)",Unfall 163183 (2019) Kat:3, Licht: 2,163183,3,4,6,01,16,5,0,2,0,1,1,0,0,0