WKT,Name,OBJECTID,UKATEGORIE,UTYP1,UART,UMONAT,USTUNDE,UWOCHENTAG,STRZUSTAND,ULICHTVERH,ISTRAD,ISTPKW,ISTFUSS,ISTKRAD,ISTGKFZ,ISTSONSTIG
"POINT (8.855039457000032 53.068217132000029)",Unfall 163184 (2019) Kat:3, Licht: 2,163184,3,6,2,01,17,5,0,2,0,1,0,0,0,0
"POINT (8.896910710000043 53.059066865000034)",Unfall 163186 (2019) Kat:3, Licht: 0,163186,3,2,5,01,13,5,0,0,1,1,0,0,0,0
"POINT (8.959545499000058 53.049463128000070)",Unfall 163188 (2019) Kat:2, Licht: 2,163188,2,6,2,01,18,5,0,2,0,1,0,0,0,0
"POINT (8.742357555000069 53.124051214000076)",Unfall 163190 (2019) Kat:2, Licht: 0,163190,2,7,9,01,11,5,0,0,0,1,0,0,0,0
"POINT (8.824460142000021 53.084382814000037)",Unfall 163191 (2019) Kat:3, Licht: 0,163191,3,3,5,01,08,5,0,0,1,1,0,0,0,0
"POINT (8.843991722000055 53.039533031000076)",Unfall 163193 (2019) Kat:3, Licht: 2,163193,3,6,2,01,19,5,0,2,0,1,0,0,0,0
"POINT (8.870672640000066 53.098484141000029)",Unfall 163195 (2019) Kat:3, Licht: 2,163195,3,1,0,01,17,5,0,2,1,0,0,0,0,0
"POINT (8.793980379000061 53.092954663000057)",Unfall 163200 (2019) Kat:3, Licht: 2,163200,3,6,2,01,18,4,0,2,0,1,0,0,0,0
"POINT (8.950449790000050 53.057933939000065)",Unfall 163202 (2019) Kat:3, Licht: 0,163202,3,2,5,01,13,4,0,0,0,0,0,1,0,1
"POINT (8.762302597000030 53.115736591000029)",Unfall 163203 (2019) Kat:3, Licht: 0,163203,3,3,5,01,10,4,0,0,1,1,0,0,0,0
"POINT (8.841254031000062 53.041059515000029)",Unfall 163205 (2019) Kat:3, Licht: 2,163205,3,3,2,01,18,4,0,2,0,1,0,0,0,0
"POINT (8.681927079000047 53.173891786000070)",Unfall 163207 (2019) Kat:3, Licht: 0,163207,3,7,0,01,12,4,0,0,0,0,0,0,0,1
"POINT (8.814763320000054 53.076308415000028)",Unfall 163208 (2019) Kat:2, Licht: 0,163208,2,6,3,01,10,4,1,0,1,1,0,0,0,0
"POINT (8.832226313000035 53.070979245000046)",Unfall 163209 (2019) Kat:3, Licht: 0,163209,3,7,0,01,11,3,1,0,1,0,0,0,0,0
"POINT (8.830674008000074 53.072751625000080)",Unfall 163211 (2019) Kat:3, Licht: 0,163211,3,1,0,01,09,3,1,0,1,0,0,0,0,0
"POINT (8.874145790000057 53.101295411000081)",Unfall 163332 (2019) Kat:3, Licht: 0,163332,3,3,5,02,11,5,0,0,1,0,0,0,0,0
"POINT (8.963634994000074 53.061079521000067)",Unfall 163333 (2019) Kat:3, Licht: 0,163333,3,6,2,02,13,5,0,0,0,1,0,0,0,0
"POINT (8.811274421000064 53.074887113000045)",Unfall 163334 (2019) Kat:3, Licht: 0,163334,3,7,0,02,17,4,0,0,0,0,0,0,0,1
"POINT (8.852919237000037 53.073554255000033)",Unfall 163335 (2019) Kat:3, Licht: 0,163335,3,6,2,02,13,4,0,0,0,1,0,0,0,0
"POINT (8.769011965000061 53.112833269000078)",Unfall 163336 (2019) Kat:3, Licht: 0,163336,3,3,5,02,13,4,0,0,1,1,0,0,0,0
"POINT (8.905801382000050 53.114511598000036)",Unfall 163337 (2019) Kat:3, Licht: 0,163337,3,7,0,02,13,4,0,0,1,0,0,0,0,0
"POINT (8.899905625000031 53.124173005000046)",Unfall 163339 (2019) Kat:3, Licht: 2,163339,3,1,5,02,06,3,0,2,0,1,0,0,0,0
"POINT (8.609245263000048 53.173723616000075)",Unfall 163340 (2019) Kat:3, Licht: 2,163340,3,7,0,02,06,3,1,2,1,0,0,0,0,0
"POINT (8.835862926000061 53.083919922000064)",Unfall 163341 (2019) Kat:3, Licht: 0,163341,3,5,1,02,12,3,0,0,1,1,0,0,0,0
"POINT (8.764457054000047 53.113283022000076)",Unfall 163342 (2019) Kat:3, Licht: 0,163342,3,3,5,02,09,3,0,0,1,1,0,0,0,0
"POINT (8.845022289000042 53.045785270000067)",Unfall 163343 (2019) Kat:3, Licht: 2,163343,3,3,5,02,05,3,1,2,0,1,0,1,0,0
"POINT (8.943449516000044 53.066440267000075)",Unfall 163347 (2019) Kat:3, Licht: 0,163347,3,3,5,02,16,2,0,0,1,1,0,0,0,0
"POINT (8.889713448000066 53.098729521000053)",Unfall 163348 (2019) Kat:3, Licht: 1,163348,3,3,5,02,18,2,0,1,1,1,0,0,0,0
"POINT (8.872251695000045 53.067269060000058)",Unfall 163351 (2019) Kat:3, Licht: 0,163351,3,6,2,02,11,1,0,0,0,1,0,0,0,0
"POINT (8.878468725000062 53.065324171000043)",Unfall 163352 (2019) Kat:3, Licht: 0,163352,3,6,2,02,15,1,0,0,0,1,0,0,0,0
"POINT (8.571851360000039 53.196111829000074)",Unfall 163353 (2019) Kat:2, Licht: 0,163353,2,2,5,02,12,7,0,0,1,1,0,0,0,0
"POINT (8.898395463000043 53.117234460000077)",Unfall 163354 (2019) Kat:3, Licht: 0,163354,3,1,0,02,13,7,0,0,1,0,0,0,0,0
"POINT (8.757439583000064 53.117343745000028)",Unfall 163355 (2019) Kat:3, Licht: 0,163355,3,7,3,02,15,7,0,0,0,1,0,0,0,1
"POINT (8.618156510000063 53.174512712000080)",Unfall 163356 (2019) Kat:3, Licht: 0,163356,3,4,6,02,12,7,0,0,0,0,1,0,0,1
"POINT (8.935945492000030 53.072794683000041)",Unfall 163357 (2019) Kat:2, Licht: 2,163357,2,1,8,02,00,7,0,2,0,1,0,0,0,0
"POINT (8.805189796000036 53.074523984000052)",Unfall 163358 (2019) Kat:3, Licht: 2,163358,3,6,3,02,20,7,0,2,0,1,0,0,0,0
"POINT (8.775570407000032 53.060473574000071)",Unfall 163360 (2019) Kat:2, Licht: 0,163360,2,3,5,02,14,6,0,0,0,1,0,0,0,0
"POINT (8.649746746000062 53.173751727000081)",Unfall 163361 (2019) Kat:3, Licht: 0,163361,3,2,5,02,07,6,0,0,1,0,0,0,1,0
"POINT (8.920271884000044 53.071982257000059)",Unfall 163364 (2019) Kat:2, Licht: 0,163364,2,6,3,02,07,5,0,0,0,1,0,0,0,0
"POINT (8.962406148000071 53.057407612000077)",Unfall 163365 (2019) Kat:3, Licht: 1,163365,3,3,5,02,18,5,0,1,1,1,0,0,0,0
"POINT (8.893259266000030 53.082504578000055)",Unfall 163366 (2019) Kat:3, Licht: 2,163366,3,6,2,02,19,5,0,2,0,1,0,0,0,0
"POINT (8.736429844000043 53.045087724000041)",Unfall 163367 (2019) Kat:3, Licht: 2,163367,3,2,5,02,18,5,0,2,1,1,0,0,0,0
"POINT (8.959250371000053 53.041825491000054)",Unfall 163369 (2019) Kat:3, Licht: 0,163369,3,3,5,02,11,4,0,0,0,1,0,0,0,1
"POINT (8.549814439000045 53.196926998000038)",Unfall 163370 (2019) Kat:3, Licht: 1,163370,3,4,6,02,07,4,0,1,0,1,1,0,0,0
"POINT (8.933715330000041 53.067759956000032)",Unfall 163371 (2019) Kat:3, Licht: 0,163371,3,4,6,02,10,4,0,0,0,1,1,0,0,0
"POINT (8.869695760000070 53.091293255000039)",Unfall 163373 (2019) Kat:3, Licht: 2,163373,3,3,5,02,06,3,0,2,1,1,0,0,0,0
"POINT (8.738518971000076 53.137404926000045)",Unfall 163374 (2019) Kat:3, Licht: 0,163374,3,6,2,02,16,3,0,0,0,1,0,0,0,0
"POINT (8.804473915000074 53.059285551000073)",Unfall 163377 (2019) Kat:3, Licht: 2,163377,3,7,8,02,19,2,0,2,0,1,0,0,0,0
"POINT (8.899564178000048 53.077691798000046)",Unfall 163378 (2019) Kat:3, Licht: 1,163378,3,3,5,02,07,2,0,1,1,0,0,0,0,1
"POINT (8.780375878000029 53.092868305000081)",Unfall 163379 (2019) Kat:3, Licht: 2,163379,3,3,5,02,06,2,0,2,1,1,0,0,0,0
"POINT (8.900383123000040 53.099551261000045)",Unfall 163380 (2019) Kat:2, Licht: 2,163380,2,7,0,02,23,2,0,2,1,0,0,0,0,0
"POINT (8.828479263000077 53.082598731000076)",Unfall 163381 (2019) Kat:3, Licht: 0,163381,3,6,2,02,11,2,0,0,0,1,0,0,0,0
"POINT (8.732511528000032 53.058306169000048)",Unfall 163382 (2019) Kat:3, Licht: 0,163382,3,7,0,02,07,2,0,0,0,1,0,0,0,0
"POINT (8.815080747000025 53.102113597000027)",Unfall 163383 (2019) Kat:2, Licht: 2,163383,2,1,8,02,20,1,1,2,0,1,0,0,0,0
"POINT (8.824780411000063 53.082854040000029)",Unfall 163384 (2019) Kat:3, Licht: 2,163384,3,4,6,02,17,1,1,2,1,0,1,0,0,0
"POINT (8.839690867000059 53.098656031000075)",Unfall 163385 (2019) Kat:3, Licht: 0,163385,3,3,5,02,11,1,1,0,0,1,0,0,0,0
"POINT (8.849951798000063 53.081298448000041)",Unfall 163387 (2019) Kat:2, Licht: 2,163387,2,1,7,02,03,7,1,2,0,0,0,1,0,0
"POINT (8.831376449000061 53.081247201000053)",Unfall 163388 (2019) Kat:3, Licht: 2,163388,3,3,5,02,02,7,1,2,1,1,0,0,0,0
"POINT (8.845792445000029 53.106249486000081)",Unfall 163389 (2019) Kat:3, Licht: 0,163389,3,6,1,02,15,7,0,0,0,1,0,0,0,0
"POINT (8.728187302000038 53.038390430000049)",Unfall 163390 (2019) Kat:3, Licht: 0,163390,3,3,5,02,09,7,0,0,1,1,0,0,0,0
"POINT (8.790423921000070 53.068243603000042)",Unfall 163391 (2019) Kat:3, Licht: 2,163391,3,3,6,02,21,7,1,2,1,0,1,0,0,0
"POINT (8.825119101000041 53.084330570000077)",Unfall 163392 (2019) Kat:3, Licht: 1,163392,3,2,5,02,16,7,1,1,1,1,0,0,0,0
"POINT (8.788086228000054 53.076451772000041)",Unfall 163393 (2019) Kat:3, Licht: 0,163393,3,3,5,02,12,7,0,0,0,1,0,0,0,0
"POINT (8.575486863000037 53.202417983000032)",Unfall 163394 (2019) Kat:2, Licht: 0,163394,2,3,5,02,15,6,0,0,0,1,0,0,0,0
"POINT (8.826121701000034 53.034311174000038)",Unfall 163395 (2019) Kat:2, Licht: 2,163395,2,7,6,02,19,6,1,2,0,0,1,0,0,1
"POINT (8.875874297000053 53.081791190000047)",Unfall 163396 (2019) Kat:3, Licht: 2,163396,3,3,5,02,19,6,0,2,0,1,0,1,0,0
"POINT (8.791780764000066 53.082701766000071)",Unfall 163397 (2019) Kat:3, Licht: 0,163397,3,3,5,02,08,6,0,0,1,1,0,0,0,0
"POINT (8.898147670000071 53.059252584000035)",Unfall 163398 (2019) Kat:3, Licht: 1,163398,3,2,5,02,06,6,0,1,1,0,0,0,0,1
"POINT (8.888852263000047 53.097807875000058)",Unfall 163399 (2019) Kat:3, Licht: 2,163399,3,6,3,02,07,6,1,2,1,1,0,0,0,0
"POINT (8.909311320000029 53.059539855000082)",Unfall 163400 (2019) Kat:3, Licht: 0,163400,3,2,5,02,12,6,0,0,1,1,0,0,0,0
"POINT (8.716616457000043 53.134559193000030)",Unfall 163401 (2019) Kat:2, Licht: 2,163401,2,1,0,02,06,5,1,2,1,0,0,0,0,0
"POINT (8.797971218000043 53.090610312000081)",Unfall 163402 (2019) Kat:3, Licht: 2,163402,3,4,6,02,18,5,1,2,0,1,1,0,0,0
"POINT (8.704773821000060 53.154303018000064)",Unfall 163403 (2019) Kat:2, Licht: 0,163403,2,7,4,02,13,5,0,0,0,1,0,0,0,0
"POINT (8.795789373000048 53.073907306000081)",Unfall 163404 (2019) Kat:3, Licht: 0,163404,3,7,0,02,16,5,0,0,0,0,0,0,0,1
"POINT (8.802225997000051 53.094570925000028)",Unfall 163405 (2019) Kat:2, Licht: 2,163405,2,7,0,02,17,5,0,2,1,0,0,0,0,0
"POINT (8.716963949000046 53.046856841000078)",Unfall 163406 (2019) Kat:3, Licht: 2,163406,3,4,6,02,06,5,1,2,0,1,1,0,0,0
"POINT (8.853923943000041 53.082343624000032)",Unfall 163407 (2019) Kat:3, Licht: 0,163407,3,4,6,02,13,5,0,0,0,1,1,0,0,0
"POINT (8.801434796000024 53.071297777000041)",Unfall 163408 (2019) Kat:3, Licht: 1,163408,3,6,4,02,17,5,0,1,1,0,0,0,0,0
"POINT (8.830518260000076 53.071553906000076)",Unfall 163410 (2019) Kat:3, Licht: 0,163410,3,1,0,02,14,4,1,0,1,0,0,0,0,0
"POINT (8.788611768000067 53.103434917000072)",Unfall 163411 (2019) Kat:3, Licht: 2,163411,3,7,5,02,19,4,1,2,0,1,0,0,0,0
"POINT (8.769669459000056 53.110406654000030)",Unfall 163412 (2019) Kat:3, Licht: 0,163412,3,7,0,02,16,4,1,0,0,0,1,0,0,1
"POINT (8.808797666000032 53.078458478000073)",Unfall 163413 (2019) Kat:3, Licht: 2,163413,3,6,0,02,18,4,1,2,1,1,0,0,0,0
"POINT (8.853745718000027 53.085263800000064)",Unfall 163414 (2019) Kat:3, Licht: 0,163414,3,6,3,02,13,4,0,0,1,0,0,0,0,1
"POINT (8.686082067000029 53.171110814000031)",Unfall 163415 (2019) Kat:3, Licht: 2,163415,3,2,6,02,18,4,1,2,0,1,1,0,0,0
"POINT (8.823788620000073 53.077618938000057)",Unfall 163416 (2019) Kat:2, Licht: 0,163416,2,7,0,02,11,4,1,0,1,0,0,0,0,0
"POINT (8.874840832000075 53.062423972000033)",Unfall 163417 (2019) Kat:2, Licht: 0,163417,2,6,2,02,08,4,1,0,0,1,0,0,1,0
"POINT (8.691725510000026 53.086069747000067)",Unfall 163418 (2019) Kat:3, Licht: 0,163418,3,6,2,02,07,3,1,0,0,1,0,0,0,0
"POINT (8.847143759000062 53.087018695000040)",Unfall 163419 (2019) Kat:2, Licht: 0,163419,2,3,5,02,16,3,0,0,1,1,0,0,0,0
"POINT (8.836831889000052 53.075729565000074)",Unfall 163420 (2019) Kat:3, Licht: 2,163420,3,6,2,02,17,3,1,2,0,1,0,0,0,0
"POINT (8.736398612000073 53.059137116000045)",Unfall 163421 (2019) Kat:3, Licht: 2,163421,3,3,5,02,07,3,1,2,1,1,0,0,0,0
"POINT (8.712132408000059 53.145740049000040)",Unfall 163422 (2019) Kat:3, Licht: 2,163422,3,6,2,02,06,3,0,2,0,1,0,0,0,0
"POINT (8.797386366000069 53.086225720000073)",Unfall 163423 (2019) Kat:3, Licht: 0,163423,3,3,5,02,09,3,0,0,1,0,0,0,0,1
"POINT (8.775396847000025 53.070365889000072)",Unfall 163425 (2019) Kat:3, Licht: 0,163425,3,7,3,02,13,2,0,0,0,1,0,0,0,0
"POINT (8.838437688000056 53.067812612000068)",Unfall 163426 (2019) Kat:3, Licht: 0,163426,3,6,1,02,15,2,0,0,0,1,0,0,0,0
"POINT (8.748804242000063 53.124881354000081)",Unfall 163427 (2019) Kat:3, Licht: 2,163427,3,4,6,02,22,2,1,2,0,0,1,0,0,1
"POINT (8.892352016000075 53.082115569000052)",Unfall 163428 (2019) Kat:3, Licht: 0,163428,3,4,6,02,14,2,0,0,0,1,1,0,0,0
"POINT (8.809161310000036 53.078924598000071)",Unfall 163429 (2019) Kat:3, Licht: 0,163429,3,2,5,02,16,2,0,0,1,1,0,0,0,0
"POINT (8.787873185000024 53.062759392000032)",Unfall 163430 (2019) Kat:3, Licht: 2,163430,3,2,5,02,07,2,0,2,1,1,0,0,0,0
"POINT (8.601151751000032 53.184724610000046)",Unfall 163431 (2019) Kat:3, Licht: 0,163431,3,7,6,02,16,2,0,0,0,1,1,0,0,0
"POINT (8.896897349000028 53.080514093000033)",Unfall 163432 (2019) Kat:3, Licht: 0,163432,3,3,5,02,15,2,1,0,0,1,0,0,0,1
"POINT (8.835260074000075 53.050809755000046)",Unfall 163433 (2019) Kat:3, Licht: 0,163433,3,7,9,02,15,1,0,0,1,0,0,0,0,0
"POINT (8.808567361000030 53.082926969000027)",Unfall 163434 (2019) Kat:3, Licht: 0,163434,3,2,5,02,15,1,0,0,0,1,0,0,0,0
"POINT (8.929350646000046 53.071798404000049)",Unfall 163435 (2019) Kat:3, Licht: 0,163435,3,6,2,02,14,1,1,0,0,1,0,0,0,0
"POINT (8.855597923000062 53.081623294000053)",Unfall 163436 (2019) Kat:3, Licht: 2,163436,3,2,3,02,18,7,0,2,0,1,0,0,0,1
"POINT (8.803574226000023 53.076824667000039)",Unfall 163437 (2019) Kat:3, Licht: 1,163437,3,6,2,02,16,7,1,1,0,1,0,0,0,1
"POINT (8.562243931000069 53.192262625000069)",Unfall 163438 (2019) Kat:3, Licht: 0,163438,3,3,5,02,11,7,1,0,1,1,0,0,0,0
"POINT (8.822471598000050 53.083947552000041)",Unfall 163440 (2019) Kat:3, Licht: 0,163440,3,6,1,02,15,6,0,0,0,1,0,0,0,0
"POINT (8.891900745000044 53.049425202000066)",Unfall 163441 (2019) Kat:3, Licht: 2,163441,3,4,6,02,18,6,0,2,0,1,1,0,0,0
"POINT (8.875195841000050 53.082115601000055)",Unfall 163442 (2019) Kat:3, Licht: 2,163442,3,6,2,02,18,6,0,2,0,1,0,0,0,0
"POINT (8.871640355000068 53.091727610000078)",Unfall 163443 (2019) Kat:3, Licht: 0,163443,3,7,2,02,09,6,0,0,0,1,0,0,1,0
"POINT (8.582443944000033 53.182420016000037)",Unfall 163444 (2019) Kat:2, Licht: 0,163444,2,6,2,02,11,6,0,0,0,1,0,1,0,0
"POINT (8.752300053000056 53.113270254000042)",Unfall 163445 (2019) Kat:2, Licht: 2,163445,2,6,3,02,23,6,0,2,0,1,0,0,0,0
"POINT (8.779964388000053 53.105669609000074)",Unfall 163446 (2019) Kat:3, Licht: 2,163446,3,6,2,01,19,5,1,2,0,1,0,1,0,0
"POINT (8.861814161000041 53.099189063000040)",Unfall 163447 (2019) Kat:3, Licht: 0,163447,3,6,3,01,15,5,0,0,1,0,0,0,0,0
"POINT (8.857656195000061 53.085866717000044)",Unfall 163450 (2019) Kat:3, Licht: 0,163450,3,7,0,01,07,4,2,0,1,0,0,0,0,0
"POINT (8.584463230000040 53.181399910000039)",Unfall 163451 (2019) Kat:2, Licht: 2,163451,2,3,5,01,05,4,0,2,1,0,0,0,0,1
"POINT (8.793218093000064 53.092735201000039)",Unfall 163452 (2019) Kat:3, Licht: 0,163452,3,6,2,01,07,4,1,0,0,1,0,0,0,0
"POINT (8.854217694000056 53.082432423000057)",Unfall 163453 (2019) Kat:3, Licht: 0,163453,3,3,5,01,16,4,1,0,0,1,1,0,0,0
"POINT (8.958362931000067 53.046478488000048)",Unfall 163454 (2019) Kat:3, Licht: 0,163454,3,6,2,01,10,4,1,0,0,1,0,0,0,0
"POINT (8.797139708000032 53.087327600000037)",Unfall 163455 (2019) Kat:3, Licht: 0,163455,3,1,8,01,14,4,0,0,0,1,0,0,0,0
"POINT (8.913834756000028 53.059595082000044)",Unfall 163456 (2019) Kat:3, Licht: 2,163456,3,6,2,01,21,4,1,2,0,1,0,0,0,0
"POINT (8.941677882000022 53.060388533000037)",Unfall 163457 (2019) Kat:3, Licht: 1,163457,3,3,6,01,06,4,2,1,0,1,1,0,0,0
"POINT (8.882303134000040 53.100953283000081)",Unfall 163461 (2019) Kat:3, Licht: 0,163461,3,5,1,01,08,3,2,0,0,1,0,0,0,0
"POINT (8.738572576000024 53.137340106000067)",Unfall 163462 (2019) Kat:3, Licht: 0,163462,3,6,2,01,16,3,0,0,0,1,0,0,0,0
"POINT (8.779491512000050 53.065239494000082)",Unfall 163463 (2019) Kat:3, Licht: 0,163463,3,6,3,01,15,3,1,0,1,1,0,0,0,0
"POINT (8.738136372000042 53.145206131000066)",Unfall 163464 (2019) Kat:3, Licht: 0,163464,3,6,2,01,14,3,0,0,0,1,0,0,0,0
"POINT (8.714181187000065 53.051489863000029)",Unfall 163465 (2019) Kat:3, Licht: 0,163465,3,4,6,01,16,3,1,0,0,1,1,0,0,0
"POINT (8.795577380000054 53.067598162000081)",Unfall 163466 (2019) Kat:3, Licht: 1,163466,3,2,7,01,07,3,2,1,0,1,1,0,0,0
"POINT (8.835479563000035 53.082281605000048)",Unfall 163467 (2019) Kat:3, Licht: 0,163467,3,7,0,01,14,3,0,0,0,0,0,0,0,1
"POINT (8.898628937000069 53.114272327000037)",Unfall 163468 (2019) Kat:3, Licht: 0,163468,3,1,0,01,07,3,2,0,0,0,0,1,0,0
"POINT (8.914383328000042 53.059680759000059)",Unfall 163469 (2019) Kat:3, Licht: 0,163469,3,3,5,01,16,3,0,0,0,1,0,0,0,1
"POINT (8.880352512000059 53.082409944000062)",Unfall 163470 (2019) Kat:3, Licht: 0,163470,3,3,5,01,07,3,1,0,1,1,0,0,0,0
"POINT (8.824443638000048 53.084257050000076)",Unfall 163471 (2019) Kat:3, Licht: 2,163471,3,3,5,01,06,3,2,2,1,1,0,0,0,0
"POINT (8.790634643000033 53.068133039000031)",Unfall 163472 (2019) Kat:3, Licht: 2,163472,3,7,0,01,19,3,1,2,0,1,0,0,0,1
"POINT (8.953277862000050 53.034265565000055)",Unfall 163475 (2019) Kat:2, Licht: 1,163475,2,3,6,01,17,2,2,1,0,1,1,0,0,0
"POINT (8.807613356000047 53.099724080000044)",Unfall 163476 (2019) Kat:3, Licht: 2,163476,3,3,5,01,20,2,1,2,0,1,0,0,0,0
"POINT (8.716638920000037 53.056519466000054)",Unfall 163477 (2019) Kat:3, Licht: 0,163477,3,3,5,01,16,2,1,0,1,1,0,0,0,0
"POINT (8.749839640000062 53.123944432000030)",Unfall 163478 (2019) Kat:3, Licht: 2,163478,3,3,5,01,17,2,1,2,0,1,0,0,0,0
"POINT (8.805711943000063 53.081361227000059)",Unfall 163479 (2019) Kat:3, Licht: 2,163479,3,1,7,01,06,2,1,2,0,1,0,0,0,0
"POINT (8.800768097000059 53.071165543000063)",Unfall 163480 (2019) Kat:3, Licht: 0,163480,3,7,2,01,14,1,1,0,0,1,0,0,0,1
"POINT (8.823223308000024 53.072938035000050)",Unfall 163481 (2019) Kat:3, Licht: 0,163481,3,7,6,01,15,1,1,0,0,1,1,0,0,0
"POINT (8.582685312000024 53.182255238000039)",Unfall 163482 (2019) Kat:2, Licht: 0,163482,2,7,0,01,10,1,1,0,1,0,0,0,0,0
"POINT (8.765881106000052 53.074007520000066)",Unfall 163483 (2019) Kat:3, Licht: 0,163483,3,3,5,01,12,7,1,0,1,1,0,0,0,0
"POINT (8.798804058000030 53.065875714000072)",Unfall 163484 (2019) Kat:3, Licht: 0,163484,3,3,5,01,12,7,1,0,0,1,0,0,0,0
"POINT (8.800860487000023 53.068448541000066)",Unfall 163485 (2019) Kat:3, Licht: 2,163485,3,3,5,01,22,7,1,2,1,1,0,0,0,0
"POINT (8.814948061000052 53.081123216000037)",Unfall 163486 (2019) Kat:3, Licht: 0,163486,3,6,2,01,11,7,1,0,0,1,0,0,0,0
"POINT (8.843662087000041 53.043923413000073)",Unfall 163487 (2019) Kat:3, Licht: 0,163487,3,6,2,01,16,7,1,0,0,1,0,0,0,0
"POINT (8.775432182000031 53.099487351000050)",Unfall 163491 (2019) Kat:3, Licht: 0,163491,3,6,2,01,08,6,0,0,0,1,0,0,0,0
"POINT (8.769296734000022 53.077388336000070)",Unfall 163492 (2019) Kat:2, Licht: 0,163492,2,6,4,01,10,6,1,0,0,1,0,0,0,0
"POINT (8.898927935000074 53.129874197000049)",Unfall 163493 (2019) Kat:3, Licht: 0,163493,3,6,2,01,13,6,0,0,0,1,0,0,0,0
"POINT (8.884192412000061 53.062805770000068)",Unfall 163494 (2019) Kat:2, Licht: 2,163494,2,4,6,01,18,6,2,2,0,0,1,0,0,1
"POINT (8.843927764000057 53.081080047000057)",Unfall 163495 (2019) Kat:3, Licht: 2,163495,3,3,5,01,18,6,2,2,1,1,0,0,0,0
"POINT (8.810969394000040 53.073904325000058)",Unfall 163496 (2019) Kat:3, Licht: 2,163496,3,3,5,01,07,6,1,2,1,0,0,0,0,1
"POINT (8.850539965000053 53.087334929000065)",Unfall 163497 (2019) Kat:3, Licht: 2,163497,3,7,1,01,20,6,2,2,1,1,0,0,0,0
"POINT (8.695265708000022 53.168756864000045)",Unfall 163501 (2019) Kat:3, Licht: 0,163501,3,3,5,03,09,2,1,0,0,1,0,0,0,0
"POINT (8.759314759000063 53.077401409000061)",Unfall 163503 (2019) Kat:3, Licht: 0,163503,3,6,2,03,10,2,0,0,0,0,0,0,0,1
"POINT (8.850624315000061 53.071222598000077)",Unfall 163504 (2019) Kat:3, Licht: 0,163504,3,2,3,03,09,2,1,0,1,0,0,0,1,0
"POINT (8.826111022000021 53.074993342000027)",Unfall 163505 (2019) Kat:3, Licht: 0,163505,3,7,0,01,12,5,1,0,1,0,0,0,0,1
"POINT (8.845249987000045 53.077918361000059)",Unfall 163506 (2019) Kat:3, Licht: 2,163506,3,2,5,03,18,2,1,2,0,1,0,1,0,0
"POINT (8.819463727000027 53.072001400000033)",Unfall 163507 (2019) Kat:3, Licht: 0,163507,3,1,1,01,10,5,0,0,0,1,0,0,0,0
"POINT (8.882661305000056 53.100816224000027)",Unfall 163508 (2019) Kat:3, Licht: 2,163508,3,3,5,03,19,2,1,2,1,1,0,0,0,0
"POINT (8.941781124000045 53.070389060000082)",Unfall 163510 (2019) Kat:3, Licht: 0,163510,3,3,5,03,11,1,1,0,1,1,0,0,0,0
"POINT (8.891043443000058 53.132293526000069)",Unfall 163511 (2019) Kat:3, Licht: 2,163511,3,7,0,01,07,5,1,2,1,0,0,0,0,0
"POINT (8.806253686000048 53.073467372000039)",Unfall 163512 (2019) Kat:3, Licht: 0,163512,3,3,5,03,13,1,1,0,1,1,0,0,0,0
"POINT (8.762931899000023 53.059999871000059)",Unfall 163513 (2019) Kat:3, Licht: 0,163513,3,2,5,01,15,4,0,0,1,1,0,0,0,0
"POINT (8.685936401000049 53.173229410000033)",Unfall 163515 (2019) Kat:3, Licht: 2,163515,3,1,8,01,02,4,0,2,0,1,0,0,0,0
"POINT (8.753807213000073 53.120261649000042)",Unfall 163516 (2019) Kat:3, Licht: 1,163516,3,6,3,03,18,7,0,1,0,1,0,0,0,1
"POINT (8.875712676000035 53.082464367000057)",Unfall 163517 (2019) Kat:2, Licht: 2,163517,2,7,0,03,01,7,0,2,1,0,0,0,0,0
"POINT (8.841599854000037 53.083118003000038)",Unfall 163518 (2019) Kat:3, Licht: 2,163518,3,2,5,01,21,4,0,2,1,1,0,0,0,0
"POINT (8.626091098000075 53.183299235000050)",Unfall 163519 (2019) Kat:3, Licht: 0,163519,3,6,3,03,13,7,0,0,0,1,0,0,0,0
"POINT (8.548621467000032 53.196205945000031)",Unfall 163520 (2019) Kat:3, Licht: 2,163520,3,3,5,01,18,4,0,2,0,1,0,0,0,0
"POINT (8.798831074000077 53.065845481000053)",Unfall 163521 (2019) Kat:3, Licht: 0,163521,3,2,5,03,11,7,0,0,1,1,0,0,0,0
"POINT (8.806935710000062 53.081732740000064)",Unfall 163522 (2019) Kat:3, Licht: 0,163522,3,5,0,03,13,7,0,0,1,1,0,0,0,0
"POINT (8.824417976000063 53.084550206000074)",Unfall 163523 (2019) Kat:3, Licht: 0,163523,3,3,5,01,09,4,2,0,1,1,0,0,0,0
"POINT (8.807287371000030 53.082366446000037)",Unfall 163524 (2019) Kat:3, Licht: 0,163524,3,3,5,01,09,4,0,0,1,0,0,0,0,0
"POINT (8.702181582000037 53.168635215000052)",Unfall 163526 (2019) Kat:3, Licht: 2,163526,3,6,2,01,06,4,0,2,0,1,0,0,0,0
"POINT (8.822870011000020 53.072926892000055)",Unfall 163528 (2019) Kat:3, Licht: 0,163528,3,7,0,03,13,6,0,0,1,0,0,0,0,0
"POINT (8.894582953000054 53.079459556000074)",Unfall 163529 (2019) Kat:2, Licht: 1,163529,2,3,5,01,07,4,0,1,1,1,0,0,0,0