WKT,Name,OBJECTID,UKATEGORIE,UTYP1,UART,UMONAT,USTUNDE,UWOCHENTAG,STRZUSTAND,ULICHTVERH,ISTRAD,ISTPKW,ISTFUSS,ISTKRAD,ISTGKFZ,ISTSONSTIG
"POINT (8.783842909000043 53.054013628000064)",Unfall 163530 (2019) Kat:3, Licht: 0,163530,3,3,6,01,08,4,0,0,0,1,1,0,0,0
"POINT (8.846230794000064 53.066394731000059)",Unfall 163531 (2019) Kat:3, Licht: 0,163531,3,7,1,03,14,6,0,0,0,1,0,0,0,0
"POINT (8.806895361000045 53.083787154000049)",Unfall 163533 (2019) Kat:3, Licht: 0,163533,3,6,2,03,15,6,0,0,0,1,0,0,0,0
"POINT (8.892164293000064 53.054984467000054)",Unfall 163534 (2019) Kat:3, Licht: 0,163534,3,3,5,03,11,6,0,0,0,1,0,1,0,0
"POINT (8.831974591000062 53.077564390000077)",Unfall 163535 (2019) Kat:3, Licht: 2,163535,3,2,6,01,18,3,0,2,0,1,1,0,0,0
"POINT (8.793120573000067 53.093168037000055)",Unfall 163536 (2019) Kat:3, Licht: 0,163536,3,2,5,01,13,3,0,0,1,1,0,0,0,0
"POINT (8.812234933000070 53.081315705000065)",Unfall 163537 (2019) Kat:3, Licht: 0,163537,3,7,6,02,09,5,0,0,0,1,1,0,0,0
"POINT (8.949522589000026 53.035574003000079)",Unfall 163538 (2019) Kat:3, Licht: 0,163538,3,7,0,01,12,3,0,0,1,0,0,0,0,0
"POINT (8.826065115000063 53.068867032000071)",Unfall 163539 (2019) Kat:3, Licht: 2,163539,3,6,2,02,18,5,0,2,0,1,0,0,0,0
"POINT (8.618972870000050 53.179129956000054)",Unfall 163540 (2019) Kat:3, Licht: 0,163540,3,3,5,01,08,3,0,0,0,1,0,0,0,0
"POINT (8.619511274000047 53.174118822000082)",Unfall 163541 (2019) Kat:3, Licht: 0,163541,3,6,2,02,17,5,0,0,0,1,0,0,0,0
"POINT (8.831183699000064 53.071319168000059)",Unfall 163542 (2019) Kat:3, Licht: 0,163542,3,1,8,02,10,5,0,0,1,1,0,0,0,0
"POINT (8.835271575000036 53.084515207000038)",Unfall 163543 (2019) Kat:2, Licht: 0,163543,2,7,1,01,09,2,1,0,1,1,0,0,0,0
"POINT (8.892421301000070 53.081120394000038)",Unfall 163544 (2019) Kat:3, Licht: 0,163544,3,3,5,02,12,5,0,0,1,1,0,0,0,0
"POINT (8.702637930000037 53.164246727000034)",Unfall 163545 (2019) Kat:3, Licht: 2,163545,3,6,2,01,17,2,1,2,0,1,0,0,0,0
"POINT (8.773111319000066 53.071331115000078)",Unfall 163546 (2019) Kat:3, Licht: 0,163546,3,3,5,02,16,5,0,0,1,1,0,0,0,0
"POINT (8.798298309000074 53.073238805000074)",Unfall 163547 (2019) Kat:3, Licht: 0,163547,3,3,5,02,08,5,0,0,1,1,0,0,0,0
"POINT (8.804054518000044 53.076791929000080)",Unfall 163548 (2019) Kat:3, Licht: 0,163548,3,6,3,01,12,2,0,0,1,0,0,0,1,0
"POINT (8.799005346000058 53.079421448000062)",Unfall 163549 (2019) Kat:3, Licht: 2,163549,3,7,0,01,21,2,0,2,0,0,0,0,0,1
"POINT (8.896834682000076 53.044622458000049)",Unfall 163550 (2019) Kat:3, Licht: 0,163550,3,3,5,02,14,5,0,0,1,1,0,0,0,0
"POINT (8.869835128000034 53.097333775000038)",Unfall 163551 (2019) Kat:2, Licht: 2,163551,2,1,9,01,17,2,0,2,0,1,0,0,0,0
"POINT (8.778516470000056 53.069145110000079)",Unfall 163552 (2019) Kat:2, Licht: 0,163552,2,6,3,02,13,4,0,0,0,0,0,1,0,0
"POINT (8.751667356000041 53.084757484000079)",Unfall 163553 (2019) Kat:3, Licht: 0,163553,3,6,2,01,08,2,0,0,0,0,0,0,1,1
"POINT (8.778616902000067 53.069106051000063)",Unfall 163554 (2019) Kat:2, Licht: 0,163554,2,7,0,02,13,4,0,0,0,0,0,1,0,0
"POINT (8.847875306000049 53.066095331000042)",Unfall 163555 (2019) Kat:3, Licht: 1,163555,3,6,2,01,06,2,2,1,0,1,0,0,0,0
"POINT (8.576171705000036 53.203466083000080)",Unfall 163556 (2019) Kat:3, Licht: 0,163556,3,5,2,01,10,2,0,0,0,1,0,0,0,0
"POINT (8.808567361000030 53.082926969000027)",Unfall 163557 (2019) Kat:3, Licht: 2,163557,3,2,3,02,18,4,0,2,0,1,0,0,0,0
"POINT (8.849577238000052 53.067849208000041)",Unfall 163559 (2019) Kat:3, Licht: 0,163559,3,5,1,02,14,4,0,0,0,1,0,0,0,1
"POINT (8.809645581000041 53.093199432000063)",Unfall 163560 (2019) Kat:3, Licht: 0,163560,3,1,1,01,06,1,2,0,0,1,0,0,1,0
"POINT (8.889904760000036 53.108899219000079)",Unfall 163561 (2019) Kat:3, Licht: 0,163561,3,3,5,02,17,4,0,0,1,1,0,0,0,0
"POINT (8.756366034000052 53.118419601000028)",Unfall 163562 (2019) Kat:3, Licht: 2,163562,3,2,5,01,19,1,0,2,0,1,0,0,0,1
"POINT (8.890468526000063 53.061276106000037)",Unfall 163565 (2019) Kat:3, Licht: 2,163565,3,7,0,01,19,7,1,2,0,0,0,1,0,0
"POINT (8.821777691000023 53.084204451000062)",Unfall 163566 (2019) Kat:3, Licht: 0,163566,3,2,5,02,08,4,0,0,1,1,0,0,0,0
"POINT (8.907051885000044 53.084682877000034)",Unfall 163567 (2019) Kat:3, Licht: 2,163567,3,4,6,02,00,4,0,2,0,1,1,0,0,0
"POINT (8.780360949000055 53.105474910000055)",Unfall 163568 (2019) Kat:3, Licht: 2,163568,3,2,3,01,17,7,0,2,0,1,0,0,0,1
"POINT (8.799831218000065 53.070025287000078)",Unfall 163569 (2019) Kat:3, Licht: 0,163569,3,3,5,01,11,7,0,0,0,1,0,0,0,0
"POINT (8.752489958000069 53.119731298000033)",Unfall 163571 (2019) Kat:3, Licht: 0,163571,3,6,2,02,16,3,0,0,0,1,0,0,0,0
"POINT (8.754764326000043 53.125273931000038)",Unfall 163572 (2019) Kat:3, Licht: 0,163572,3,4,6,02,08,3,0,0,0,1,1,0,0,0
"POINT (8.793339719000073 53.092554007000047)",Unfall 163573 (2019) Kat:3, Licht: 0,163573,3,6,3,02,16,3,0,0,0,1,0,0,0,1
"POINT (8.625255695000021 53.181338564000043)",Unfall 163574 (2019) Kat:3, Licht: 0,163574,3,6,2,02,14,3,0,0,0,1,0,0,0,1
"POINT (8.824825094000062 53.084584422000034)",Unfall 163575 (2019) Kat:3, Licht: 0,163575,3,6,3,02,17,3,0,0,1,1,0,0,0,0
"POINT (8.819369109000036 53.048474037000062)",Unfall 163576 (2019) Kat:3, Licht: 0,163576,3,6,1,02,07,3,0,0,1,1,0,0,0,0
"POINT (8.782706962000077 53.055121532000044)",Unfall 163577 (2019) Kat:3, Licht: 0,163577,3,7,0,02,10,3,0,0,0,1,0,0,0,0
"POINT (8.853636459000029 53.082527798000058)",Unfall 163578 (2019) Kat:3, Licht: 2,163578,3,6,2,02,19,3,0,2,0,1,0,0,0,0
"POINT (8.796861652000075 53.080891878000045)",Unfall 163581 (2019) Kat:3, Licht: 0,163581,3,4,6,02,16,2,1,0,0,0,1,0,0,1
"POINT (8.813477184000021 53.080366577000063)",Unfall 163582 (2019) Kat:3, Licht: 0,163582,3,4,6,02,13,2,0,0,0,1,1,0,0,0
"POINT (8.880526569000040 53.076712093000026)",Unfall 163583 (2019) Kat:3, Licht: 0,163583,3,3,5,02,17,2,0,0,0,1,0,0,0,0
"POINT (8.949008410000033 53.063526832000036)",Unfall 163584 (2019) Kat:3, Licht: 0,163584,3,1,2,02,12,2,0,0,0,1,0,1,0,0
"POINT (8.842395955000029 53.106010925000078)",Unfall 163585 (2019) Kat:3, Licht: 0,163585,3,3,0,02,10,2,0,0,1,1,0,0,0,0
"POINT (8.823053841000046 53.073478714000032)",Unfall 163586 (2019) Kat:3, Licht: 2,163586,3,1,0,01,02,7,1,2,1,0,0,0,0,0
"POINT (8.854833155000051 53.076493123000034)",Unfall 163587 (2019) Kat:3, Licht: 0,163587,3,6,2,01,13,7,1,0,0,1,0,0,0,1
"POINT (8.807452888000057 53.094361973000048)",Unfall 163588 (2019) Kat:3, Licht: 0,163588,3,3,5,02,08,2,0,0,1,1,0,0,0,0
"POINT (8.806558301000052 53.082871606000026)",Unfall 163589 (2019) Kat:3, Licht: 0,163589,3,4,6,01,14,7,0,0,0,1,1,0,0,0
"POINT (8.812599039000077 53.080841621000047)",Unfall 163590 (2019) Kat:3, Licht: 0,163590,3,3,5,02,15,2,0,0,1,1,0,0,0,0
"POINT (8.764171883000074 53.113223776000041)",Unfall 163591 (2019) Kat:3, Licht: 0,163591,3,4,6,01,11,7,0,0,0,1,1,0,0,0
"POINT (8.800554542000043 53.070989102000055)",Unfall 163592 (2019) Kat:3, Licht: 0,163592,3,6,4,02,16,2,0,0,1,0,0,0,0,0
"POINT (8.848482162000039 53.050295931000051)",Unfall 163593 (2019) Kat:3, Licht: 0,163593,3,2,5,02,09,2,0,0,1,1,0,0,0,0
"POINT (8.795380781000063 53.067494310000029)",Unfall 163598 (2019) Kat:3, Licht: 0,163598,3,4,6,02,12,1,0,0,0,1,1,0,0,0
"POINT (8.936875626000074 53.067601896000042)",Unfall 163599 (2019) Kat:3, Licht: 0,163599,3,7,0,01,14,6,1,0,1,0,0,0,0,1
"POINT (8.733803694000073 53.043109817000072)",Unfall 163600 (2019) Kat:1, Licht: 2,163600,1,4,6,02,18,1,0,2,0,1,1,0,0,0
"POINT (8.809195063000061 53.078860309000049)",Unfall 163601 (2019) Kat:2, Licht: 0,163601,2,6,2,01,10,6,2,0,0,1,0,1,0,0
"POINT (8.877530932000070 53.097802392000062)",Unfall 163602 (2019) Kat:3, Licht: 2,163602,3,7,8,02,22,1,0,2,1,1,0,0,0,0
"POINT (8.788168999000050 53.076478786000052)",Unfall 163603 (2019) Kat:3, Licht: 0,163603,3,6,2,02,12,1,0,0,0,1,0,0,0,0
"POINT (8.575883538000028 53.203023826000049)",Unfall 163605 (2019) Kat:3, Licht: 2,163605,3,7,1,01,19,6,1,2,0,1,0,1,0,0
"POINT (8.788190256000064 53.070376553000074)",Unfall 163606 (2019) Kat:3, Licht: 2,163606,3,5,1,02,01,7,0,2,1,1,0,0,0,0
"POINT (8.853519668000047 53.064896568000052)",Unfall 163607 (2019) Kat:3, Licht: 0,163607,3,6,2,01,10,6,1,0,0,1,0,0,0,0
"POINT (8.807614644000068 53.093137657000057)",Unfall 163608 (2019) Kat:3, Licht: 0,163608,3,7,1,02,17,7,0,0,1,1,0,0,0,0
"POINT (8.893185892000076 53.079439012000080)",Unfall 163609 (2019) Kat:3, Licht: 0,163609,3,7,0,02,14,7,0,0,0,0,0,0,0,1
"POINT (8.632052961000056 53.191785277000065)",Unfall 163610 (2019) Kat:3, Licht: 0,163610,3,7,0,02,11,7,0,0,1,0,0,0,0,0
"POINT (8.742962481000063 53.137583239000037)",Unfall 163611 (2019) Kat:3, Licht: 2,163611,3,7,1,01,17,6,0,2,0,1,0,1,0,0
"POINT (8.790458561000037 53.066634550000060)",Unfall 163612 (2019) Kat:3, Licht: 0,163612,3,1,0,01,11,6,2,0,1,0,0,0,0,0
"POINT (8.792829947000030 53.069074782000030)",Unfall 163613 (2019) Kat:3, Licht: 0,163613,3,3,5,02,16,7,0,0,1,0,0,0,0,0
"POINT (8.738942161000068 53.135075918000041)",Unfall 163614 (2019) Kat:3, Licht: 0,163614,3,7,6,01,13,5,0,0,0,1,1,0,0,0
"POINT (8.791800957000021 53.089205982000067)",Unfall 163616 (2019) Kat:3, Licht: 0,163616,3,5,1,01,11,5,1,0,1,1,0,0,0,0
"POINT (8.902089847000070 53.071505120000040)",Unfall 163618 (2019) Kat:3, Licht: 0,163618,3,6,2,02,08,6,0,0,0,1,0,0,0,0
"POINT (8.801881611000056 53.079280194000034)",Unfall 163619 (2019) Kat:3, Licht: 0,163619,3,3,5,01,13,5,1,0,1,0,0,0,0,0
"POINT (8.823617571000057 53.078170972000066)",Unfall 163620 (2019) Kat:3, Licht: 2,163620,3,3,5,02,19,6,0,2,0,1,0,0,0,0
"POINT (8.829152396000040 53.072058809000055)",Unfall 163621 (2019) Kat:2, Licht: 2,163621,2,7,0,01,17,5,1,2,1,0,0,0,0,0
"POINT (8.599121535000052 53.179926560000069)",Unfall 163623 (2019) Kat:3, Licht: 0,163623,3,5,1,02,17,5,0,0,1,1,0,0,0,0
"POINT (8.807583943000054 53.099732811000081)",Unfall 163624 (2019) Kat:3, Licht: 0,163624,3,3,5,01,15,5,1,0,0,1,0,0,0,0
"POINT (8.823209902000031 53.072995420000041)",Unfall 163625 (2019) Kat:3, Licht: 0,163625,3,1,0,01,15,5,1,0,1,0,0,0,0,0
"POINT (8.793262914000025 53.083921214000043)",Unfall 163626 (2019) Kat:3, Licht: 2,163626,3,6,3,02,23,5,1,2,0,1,0,0,1,0
"POINT (8.604425737000042 53.184612736000076)",Unfall 163627 (2019) Kat:2, Licht: 2,163627,2,4,6,01,23,5,1,2,0,0,1,1,0,0
"POINT (8.796462363000046 53.068202608000036)",Unfall 163628 (2019) Kat:3, Licht: 0,163628,3,5,1,02,17,5,0,0,1,1,0,0,0,0
"POINT (8.796784554000055 53.086710725000046)",Unfall 163629 (2019) Kat:3, Licht: 0,163629,3,6,3,01,11,5,0,0,0,1,0,0,1,0
"POINT (8.796122458000070 53.067979662000027)",Unfall 163630 (2019) Kat:2, Licht: 0,163630,2,6,1,02,16,5,1,0,0,1,0,1,0,0
"POINT (8.833346132000031 53.115070226000057)",Unfall 163631 (2019) Kat:3, Licht: 0,163631,3,1,0,01,15,5,1,0,0,0,0,1,0,0
"POINT (8.768862051000042 53.104254133000040)",Unfall 163632 (2019) Kat:3, Licht: 0,163632,3,6,2,04,14,3,0,0,0,1,0,0,0,0
"POINT (8.838551212000027 53.047367590000079)",Unfall 163633 (2019) Kat:3, Licht: 0,163633,3,2,5,04,13,3,0,0,0,1,0,1,0,0
"POINT (8.795641876000047 53.080618243000060)",Unfall 163634 (2019) Kat:3, Licht: 0,163634,3,2,6,04,08,3,0,0,0,1,1,0,0,0
"POINT (8.874095793000038 53.116447559000051)",Unfall 163635 (2019) Kat:2, Licht: 0,163635,2,7,8,04,15,3,0,0,0,0,0,1,0,0
"POINT (8.784366233000071 53.056499983000037)",Unfall 163639 (2019) Kat:3, Licht: 0,163639,3,6,3,04,08,2,0,0,0,1,0,1,0,0
"POINT (8.627103482000052 53.170312913000032)",Unfall 163640 (2019) Kat:3, Licht: 0,163640,3,7,0,04,11,2,0,0,0,0,0,0,0,1
"POINT (8.723839480000038 53.043542884000033)",Unfall 163641 (2019) Kat:2, Licht: 0,163641,2,3,5,04,12,2,0,0,1,1,0,0,0,0
"POINT (8.795512505000033 53.073985228000026)",Unfall 163642 (2019) Kat:3, Licht: 0,163642,3,7,0,04,16,2,0,0,0,0,0,1,0,0
"POINT (8.781647646000067 53.087624358000028)",Unfall 163643 (2019) Kat:3, Licht: 0,163643,3,3,5,04,18,2,0,0,1,1,0,0,0,0
"POINT (8.871800449000034 53.099476638000056)",Unfall 163644 (2019) Kat:2, Licht: 0,163644,2,1,9,04,17,2,0,0,1,1,0,0,0,0
"POINT (8.576081500000043 53.190435645000036)",Unfall 163645 (2019) Kat:3, Licht: 0,163645,3,6,2,04,19,1,0,0,0,1,0,0,0,0
"POINT (8.610211098000036 53.184421874000066)",Unfall 163646 (2019) Kat:3, Licht: 2,163646,3,6,2,04,22,1,1,2,0,1,0,0,0,0
"POINT (8.751661800000022 53.117622042000050)",Unfall 163647 (2019) Kat:3, Licht: 0,163647,3,7,0,04,13,1,0,0,1,0,0,0,0,0
"POINT (8.821298183000067 53.039855991000081)",Unfall 163651 (2019) Kat:3, Licht: 0,163651,3,7,0,04,09,7,0,0,1,0,1,0,0,0
"POINT (8.572427495000056 53.203169622000075)",Unfall 163652 (2019) Kat:3, Licht: 0,163652,3,5,1,04,16,7,0,0,1,1,0,0,0,0
"POINT (8.737691140000038 53.046522600000060)",Unfall 163653 (2019) Kat:3, Licht: 0,163653,3,3,5,04,14,7,0,0,0,1,0,0,0,0
"POINT (8.799745546000054 53.078039538000041)",Unfall 163654 (2019) Kat:3, Licht: 2,163654,3,4,6,04,20,7,0,2,0,1,1,0,0,0
"POINT (8.819647786000076 53.038312327000028)",Unfall 163655 (2019) Kat:3, Licht: 0,163655,3,3,5,04,14,6,0,0,1,1,0,0,0,0
"POINT (8.838030475000039 53.067890393000027)",Unfall 163656 (2019) Kat:3, Licht: 0,163656,3,3,5,04,15,6,0,0,1,1,0,0,0,0
"POINT (8.817651485000056 53.038953476000074)",Unfall 163660 (2019) Kat:3, Licht: 0,163660,3,3,5,04,18,5,0,0,0,1,0,0,0,0
"POINT (8.837406011000041 53.069926974000055)",Unfall 163661 (2019) Kat:3, Licht: 0,163661,3,3,5,04,15,5,0,0,1,1,0,0,0,0
"POINT (8.840990522000027 53.032161670000050)",Unfall 163662 (2019) Kat:3, Licht: 0,163662,3,3,5,04,08,5,0,0,0,1,0,0,0,1
"POINT (8.785259537000059 53.088825631000077)",Unfall 163663 (2019) Kat:3, Licht: 0,163663,3,6,2,04,19,5,0,0,0,1,0,1,0,0
"POINT (8.867457697000077 53.072289310000031)",Unfall 163664 (2019) Kat:3, Licht: 0,163664,3,6,4,04,17,5,0,0,0,1,0,0,0,1
"POINT (8.893151263000050 53.060356703000082)",Unfall 163665 (2019) Kat:3, Licht: 2,163665,3,6,1,04,20,5,0,2,0,1,0,0,0,0
"POINT (8.626171246000070 53.183843679000063)",Unfall 163666 (2019) Kat:3, Licht: 0,163666,3,2,5,04,14,5,0,0,0,1,0,0,0,0
"POINT (8.936711186000025 53.038349221000033)",Unfall 163667 (2019) Kat:3, Licht: 0,163667,3,2,5,04,16,5,0,0,1,1,0,0,0,0
"POINT (8.797055925000052 53.071639864000076)",Unfall 163668 (2019) Kat:3, Licht: 0,163668,3,3,5,04,14,5,0,0,1,1,0,0,0,0
"POINT (8.822987633000025 53.072941063000030)",Unfall 163669 (2019) Kat:3, Licht: 0,163669,3,7,0,04,11,4,0,0,1,0,0,0,0,0
"POINT (8.880148478000024 53.090624989000048)",Unfall 163670 (2019) Kat:3, Licht: 0,163670,3,7,1,04,09,4,0,0,0,1,0,0,0,1
"POINT (8.802429085000028 53.089788783000074)",Unfall 163671 (2019) Kat:3, Licht: 0,163671,3,7,2,04,09,3,0,0,0,1,0,1,0,0
"POINT (8.824902040000040 53.078937374000077)",Unfall 163672 (2019) Kat:3, Licht: 0,163672,3,6,2,04,16,3,0,0,0,1,0,0,0,0
"POINT (8.756784753000034 53.110629990000064)",Unfall 163673 (2019) Kat:3, Licht: 0,163673,3,2,5,04,09,3,0,0,0,0,0,1,1,0
"POINT (8.877090987000031 53.080863946000079)",Unfall 163674 (2019) Kat:3, Licht: 0,163674,3,1,2,04,12,3,0,0,0,1,0,0,0,0
"POINT (8.801423684000042 53.084910736000040)",Unfall 163676 (2019) Kat:3, Licht: 0,163676,3,6,2,04,18,2,0,0,0,1,0,0,0,0
"POINT (8.946576700000037 53.050073467000061)",Unfall 163677 (2019) Kat:3, Licht: 0,163677,3,3,5,04,14,2,0,0,0,1,0,0,0,0
"POINT (8.561164444000042 53.183589776000076)",Unfall 163678 (2019) Kat:3, Licht: 0,163678,3,7,0,04,14,2,0,0,0,0,0,1,0,0
"POINT (8.870908504000056 53.098464740000054)",Unfall 163679 (2019) Kat:3, Licht: 0,163679,3,3,5,04,08,2,0,0,0,1,0,0,0,0
"POINT (8.864742553000042 53.070940200000052)",Unfall 163680 (2019) Kat:3, Licht: 2,163680,3,3,5,04,16,2,0,2,1,1,0,0,0,0
"POINT (8.941806173000032 53.038082577000068)",Unfall 163681 (2019) Kat:3, Licht: 0,163681,3,3,5,04,11,2,0,0,1,1,0,0,0,0
"POINT (8.878352225000072 53.079532994000033)",Unfall 163682 (2019) Kat:3, Licht: 0,163682,3,7,2,04,09,2,0,0,0,1,0,0,0,0
"POINT (8.612192889000028 53.175112573000035)",Unfall 163683 (2019) Kat:3, Licht: 0,163683,3,3,5,04,08,2,0,0,0,1,0,0,0,0
"POINT (8.736625596000067 53.141969518000053)",Unfall 163684 (2019) Kat:3, Licht: 0,163684,3,1,9,04,17,1,0,0,0,0,0,1,0,0
"POINT (8.831973608000055 53.071060806000048)",Unfall 163685 (2019) Kat:3, Licht: 0,163685,3,6,9,04,17,1,0,0,1,0,0,0,0,0
"POINT (8.866165181000042 53.062308962000031)",Unfall 163686 (2019) Kat:3, Licht: 0,163686,3,6,3,04,16,1,0,0,1,0,0,0,0,0
"POINT (8.758354215000054 53.067942327000026)",Unfall 163687 (2019) Kat:3, Licht: 2,163687,3,1,0,04,02,1,0,2,1,0,0,0,0,0
"POINT (8.913629414000070 53.123399397000071)",Unfall 163688 (2019) Kat:2, Licht: 0,163688,2,6,3,04,15,1,0,0,1,1,0,0,0,0
"POINT (8.824331795000035 53.068920639000055)",Unfall 163693 (2019) Kat:3, Licht: 0,163693,3,6,2,04,14,7,0,0,0,1,0,0,0,0
"POINT (8.780122812000059 53.085011386000076)",Unfall 163694 (2019) Kat:3, Licht: 2,163694,3,3,0,04,23,7,0,2,0,0,0,0,1,0
"POINT (8.734337988000050 53.148470451000037)",Unfall 163695 (2019) Kat:2, Licht: 0,163695,2,1,9,04,13,7,0,0,0,0,0,1,0,0
"POINT (8.957189653000057 53.057460438000078)",Unfall 163696 (2019) Kat:3, Licht: 0,163696,3,6,2,04,16,7,0,0,0,1,0,1,0,0
"POINT (8.597103215000061 53.184852990000081)",Unfall 163697 (2019) Kat:2, Licht: 0,163697,2,4,6,04,12,7,0,0,0,0,1,0,0,1
"POINT (8.804446925000036 53.075512985000046)",Unfall 163698 (2019) Kat:3, Licht: 0,163698,3,3,5,04,14,7,0,0,0,1,0,0,0,0
"POINT (8.809886292000044 53.062763532000076)",Unfall 163699 (2019) Kat:3, Licht: 0,163699,3,7,0,04,13,6,0,0,1,0,0,0,0,1
"POINT (8.803161373000023 53.084644370000035)",Unfall 163700 (2019) Kat:3, Licht: 0,163700,3,2,3,04,17,6,0,0,0,1,0,0,0,1
"POINT (8.635052168000073 53.170477177000066)",Unfall 163701 (2019) Kat:3, Licht: 0,163701,3,7,0,04,13,6,0,0,0,1,0,0,0,0
"POINT (8.880782797000052 53.076879378000058)",Unfall 163702 (2019) Kat:3, Licht: 0,163702,3,3,5,04,15,6,0,0,0,1,0,0,0,0
"POINT (8.848308435000035 53.065973952000036)",Unfall 163703 (2019) Kat:3, Licht: 0,163703,3,7,2,04,15,6,0,0,0,1,0,0,0,0
"POINT (8.851206246000061 53.072113637000029)",Unfall 163704 (2019) Kat:3, Licht: 2,163704,3,1,8,04,02,6,0,2,0,1,0,0,0,0
"POINT (8.852506821000077 53.073609871000031)",Unfall 163705 (2019) Kat:3, Licht: 2,163705,3,2,5,04,02,6,0,2,0,1,0,0,0,0
"POINT (8.785520484000074 53.074847497000064)",Unfall 163706 (2019) Kat:3, Licht: 0,163706,3,3,5,04,08,6,0,0,1,1,0,0,0,0
"POINT (8.777187176000041 53.099160285000039)",Unfall 163712 (2019) Kat:3, Licht: 0,163712,3,7,0,04,14,5,0,0,1,0,0,1,0,0
"POINT (8.814518875000033 53.094031977000043)",Unfall 163713 (2019) Kat:3, Licht: 0,163713,3,7,0,04,08,5,0,0,1,1,0,0,0,0
"POINT (8.712874615000033 53.143757439000069)",Unfall 163714 (2019) Kat:3, Licht: 0,163714,3,3,5,04,11,5,0,0,0,1,0,0,0,1
"POINT (8.819298364000076 53.038442309000061)",Unfall 163715 (2019) Kat:3, Licht: 0,163715,3,7,0,04,07,5,1,0,0,1,0,0,0,0
"POINT (8.740774337000062 53.052649395000060)",Unfall 163716 (2019) Kat:3, Licht: 2,163716,3,6,3,04,21,5,0,2,0,1,0,0,1,0
"POINT (8.778512872000022 53.078944675000059)",Unfall 163717 (2019) Kat:3, Licht: 0,163717,3,2,5,04,13,5,0,0,0,1,0,0,0,0
"POINT (8.816682115000049 53.080836680000061)",Unfall 163718 (2019) Kat:3, Licht: 0,163718,3,3,5,04,17,5,0,0,1,1,0,0,0,0
"POINT (8.733953936000034 53.041446617000076)",Unfall 163720 (2019) Kat:3, Licht: 0,163720,3,4,6,04,13,4,0,0,0,1,1,0,0,0
"POINT (8.520157491000020 53.205292805000056)",Unfall 163721 (2019) Kat:3, Licht: 0,163721,3,3,5,04,18,4,1,0,0,1,0,1,0,0
"POINT (8.575075001000073 53.181465903000060)",Unfall 163722 (2019) Kat:3, Licht: 0,163722,3,3,5,04,10,4,0,0,1,1,0,0,0,0
"POINT (8.890780129000063 53.110787662000064)",Unfall 163723 (2019) Kat:3, Licht: 0,163723,3,5,0,04,11,4,1,0,0,1,0,1,0,0
"POINT (8.847403418000056 53.050510338000038)",Unfall 163724 (2019) Kat:3, Licht: 0,163724,3,2,5,04,13,4,0,0,1,1,0,0,0,0
"POINT (8.884510354000042 53.072643287000062)",Unfall 163725 (2019) Kat:3, Licht: 0,163725,3,6,1,04,17,4,1,0,0,1,0,0,0,0
"POINT (8.873432623000042 53.101339001000042)",Unfall 163726 (2019) Kat:3, Licht: 0,163726,3,1,0,04,16,4,1,0,1,0,0,0,0,0
"POINT (8.826963961000047 53.072779950000040)",Unfall 163727 (2019) Kat:3, Licht: 0,163727,3,1,0,04,15,4,1,0,1,0,0,0,0,0
"POINT (8.918126456000039 53.059623953000028)",Unfall 163728 (2019) Kat:3, Licht: 2,163728,3,4,6,04,21,4,1,2,0,1,1,0,0,0
"POINT (8.582838963000029 53.213809581000078)",Unfall 163730 (2019) Kat:3, Licht: 0,163730,3,1,1,04,18,3,1,0,0,1,0,0,0,1
"POINT (8.744014069000059 53.129028737000056)",Unfall 163731 (2019) Kat:3, Licht: 0,163731,3,6,2,04,12,3,0,0,0,1,0,0,0,0
"POINT (8.881269470000063 53.082681996000076)",Unfall 163732 (2019) Kat:2, Licht: 0,163732,2,6,2,04,19,3,1,0,0,1,0,0,0,1
"POINT (8.735818998000070 53.140697388000035)",Unfall 163733 (2019) Kat:3, Licht: 0,163733,3,3,5,04,06,3,0,0,1,0,0,0,0,1
"POINT (8.796393489000025 53.068981951000069)",Unfall 163734 (2019) Kat:3, Licht: 0,163734,3,7,5,04,09,3,0,0,1,1,0,0,0,0
"POINT (8.928792650000048 53.061012525000081)",Unfall 163735 (2019) Kat:3, Licht: 0,163735,3,1,1,04,08,3,0,0,0,1,1,0,0,1
"POINT (8.929132723000066 53.059090841000057)",Unfall 163736 (2019) Kat:3, Licht: 2,163736,3,7,6,04,21,3,1,2,0,1,1,0,0,0
"POINT (8.950439844000073 53.064901019000047)",Unfall 163737 (2019) Kat:3, Licht: 0,163737,3,5,6,04,16,3,0,0,0,1,1,0,0,0
"POINT (8.790377680000063 53.080083395000031)",Unfall 163743 (2019) Kat:3, Licht: 0,163743,3,6,3,04,12,2,0,0,0,1,0,0,0,0
"POINT (8.789123271000051 53.077929878000077)",Unfall 163744 (2019) Kat:3, Licht: 0,163744,3,6,2,04,10,2,0,0,0,1,0,0,0,0
"POINT (8.899906123000051 53.099427520000063)",Unfall 163745 (2019) Kat:3, Licht: 0,163745,3,3,6,04,11,2,0,0,1,0,1,0,0,0
"POINT (8.786652898000057 53.100516119000076)",Unfall 163746 (2019) Kat:3, Licht: 0,163746,3,7,0,04,18,2,0,0,0,0,1,0,0,1
"POINT (8.812576791000026 53.056405949000066)",Unfall 163747 (2019) Kat:3, Licht: 0,163747,3,2,0,04,10,2,0,0,1,1,0,0,0,0
"POINT (8.826344075000066 53.079413749000082)",Unfall 163748 (2019) Kat:3, Licht: 1,163748,3,6,6,04,19,2,0,1,1,1,1,0,0,0