WKT,Name,OBJECTID,UKATEGORIE,UTYP1,UART,UMONAT,USTUNDE,UWOCHENTAG,STRZUSTAND,ULICHTVERH,ISTRAD,ISTPKW,ISTFUSS,ISTKRAD,ISTGKFZ,ISTSONSTIG
"POINT (8.852783095000063 53.104499663000070)",Unfall 163749 (2019) Kat:1, Licht: 0,163749,1,3,5,04,16,2,0,0,1,0,0,0,0,1
"POINT (8.879017734000058 53.101355548000072)",Unfall 163750 (2019) Kat:3, Licht: 0,163750,3,6,2,04,14,2,0,0,0,1,0,0,0,0
"POINT (8.802853013000060 53.066849954000077)",Unfall 163751 (2019) Kat:2, Licht: 0,163751,2,7,0,04,17,2,0,0,1,0,0,0,0,0
"POINT (8.843622822000043 53.068898828000044)",Unfall 163753 (2019) Kat:3, Licht: 2,163753,3,3,5,03,20,1,0,2,1,0,0,0,0,0
"POINT (8.761432071000058 53.135064296000053)",Unfall 163754 (2019) Kat:3, Licht: 0,163754,3,1,6,03,15,7,0,0,0,1,1,0,0,0
"POINT (8.584662607000041 53.181493851000027)",Unfall 163755 (2019) Kat:3, Licht: 0,163755,3,6,3,03,12,7,0,0,0,1,0,1,0,0
"POINT (8.785036861000037 53.088683670000080)",Unfall 163756 (2019) Kat:3, Licht: 0,163756,3,6,2,03,10,7,0,0,0,1,0,0,0,0
"POINT (8.670196622000049 53.174616533000062)",Unfall 163757 (2019) Kat:3, Licht: 0,163757,3,6,3,03,10,7,0,0,1,1,0,0,0,0
"POINT (8.575294934000056 53.202142759000026)",Unfall 163758 (2019) Kat:3, Licht: 2,163758,3,1,8,03,20,7,0,2,0,1,0,0,0,0
"POINT (8.786032243000022 53.102974666000080)",Unfall 163759 (2019) Kat:3, Licht: 0,163759,3,6,1,03,16,7,0,0,0,1,1,0,0,0
"POINT (8.817036695000070 53.078805463000037)",Unfall 163761 (2019) Kat:3, Licht: 0,163761,3,6,2,03,14,6,0,0,0,1,0,0,0,0
"POINT (8.951206872000057 53.065025255000080)",Unfall 163762 (2019) Kat:3, Licht: 0,163762,3,4,0,03,16,6,0,0,0,0,1,0,0,1
"POINT (8.963338081000075 53.057504620000032)",Unfall 163763 (2019) Kat:2, Licht: 0,163763,2,3,5,03,13,6,0,0,1,1,0,0,0,0
"POINT (8.825082913000074 53.084198773000082)",Unfall 163764 (2019) Kat:3, Licht: 0,163764,3,3,5,03,13,6,0,0,1,1,0,0,0,0
"POINT (8.805713642000058 53.087943983000059)",Unfall 163765 (2019) Kat:3, Licht: 0,163765,3,6,6,03,16,6,0,0,1,0,1,0,0,0
"POINT (8.820037954000043 53.045669152000073)",Unfall 163766 (2019) Kat:3, Licht: 0,163766,3,7,0,03,13,6,0,0,1,1,0,0,0,0
"POINT (8.832314410000038 53.069031732000042)",Unfall 163767 (2019) Kat:2, Licht: 0,163767,2,3,5,03,15,6,0,0,1,1,0,0,0,0
"POINT (8.805728288000069 53.081406568000034)",Unfall 163768 (2019) Kat:2, Licht: 0,163768,2,2,3,03,13,6,0,0,0,1,0,0,0,1
"POINT (8.752564850000056 53.119640507000042)",Unfall 163769 (2019) Kat:3, Licht: 0,163769,3,3,5,03,14,6,0,0,1,1,0,0,0,0
"POINT (8.717297743000074 53.172935203000065)",Unfall 163771 (2019) Kat:3, Licht: 0,163771,3,6,2,03,16,5,0,0,0,1,0,0,0,0
"POINT (8.793397155000037 53.101429773000064)",Unfall 163772 (2019) Kat:3, Licht: 0,163772,3,7,0,03,07,5,0,0,1,1,0,0,0,0
"POINT (8.793839432000027 53.091956600000060)",Unfall 163773 (2019) Kat:3, Licht: 2,163773,3,3,5,03,19,5,1,2,1,1,0,0,0,0
"POINT (8.738583376000065 53.137327047000042)",Unfall 163774 (2019) Kat:3, Licht: 0,163774,3,6,2,03,13,5,1,0,0,1,0,0,0,0
"POINT (8.554164055000058 53.186421933000076)",Unfall 163775 (2019) Kat:3, Licht: 0,163775,3,7,6,03,13,4,0,0,0,1,1,0,0,0
"POINT (8.779404524000029 53.068799735000027)",Unfall 163776 (2019) Kat:3, Licht: 0,163776,3,1,5,03,08,4,0,0,1,1,0,0,0,0
"POINT (8.776258928000061 53.098403110000049)",Unfall 163777 (2019) Kat:3, Licht: 0,163777,3,6,2,03,12,4,1,0,0,1,0,1,0,0
"POINT (8.894936677000032 53.079456287000028)",Unfall 163778 (2019) Kat:3, Licht: 0,163778,3,6,2,03,14,4,0,0,0,1,0,0,0,0
"POINT (8.848043241000028 53.050959762000048)",Unfall 163781 (2019) Kat:3, Licht: 0,163781,3,6,2,03,13,3,1,0,0,1,0,0,0,0
"POINT (8.798395149000044 53.101203937000037)",Unfall 163782 (2019) Kat:3, Licht: 0,163782,3,6,2,03,13,3,1,0,0,1,0,0,0,0
"POINT (8.891866603000040 53.048636815000066)",Unfall 163783 (2019) Kat:3, Licht: 0,163783,3,7,6,03,12,3,1,0,0,1,1,0,0,0
"POINT (8.636815145000071 53.167681967000078)",Unfall 163784 (2019) Kat:2, Licht: 0,163784,2,3,5,03,07,3,0,0,1,1,0,0,0,0
"POINT (8.733846585000038 53.043138048000060)",Unfall 163785 (2019) Kat:3, Licht: 0,163785,3,6,4,03,16,3,1,0,1,0,0,0,0,0
"POINT (8.878300747000026 53.085779398000057)",Unfall 163786 (2019) Kat:3, Licht: 0,163786,3,3,5,03,09,3,0,0,1,1,0,0,0,0
"POINT (8.851135011000054 53.085201909000034)",Unfall 163787 (2019) Kat:3, Licht: 0,163787,3,3,5,03,12,3,0,0,1,1,0,0,0,0
"POINT (8.896353145000035 53.079258307000032)",Unfall 163788 (2019) Kat:3, Licht: 0,163788,3,3,5,03,08,3,0,0,1,1,0,0,0,0
"POINT (8.790402930000028 53.086295036000081)",Unfall 163789 (2019) Kat:3, Licht: 0,163789,3,6,2,03,15,3,1,0,0,1,0,0,0,0
"POINT (8.721685090000051 53.137193258000082)",Unfall 163794 (2019) Kat:3, Licht: 0,163794,3,3,0,03,09,2,1,0,0,1,0,0,0,0
"POINT (8.920343723000030 53.072008227000026)",Unfall 163795 (2019) Kat:3, Licht: 2,163795,3,2,5,03,19,2,0,2,0,1,0,0,0,0
"POINT (8.873217154000031 53.084767372000044)",Unfall 163796 (2019) Kat:3, Licht: 0,163796,3,7,5,03,17,2,0,0,1,1,0,0,0,0
"POINT (8.796122983000032 53.081273035000038)",Unfall 163797 (2019) Kat:3, Licht: 0,163797,3,3,5,03,09,2,1,0,1,1,0,0,0,0
"POINT (8.611719796000045 53.175119048000056)",Unfall 163798 (2019) Kat:3, Licht: 0,163798,3,2,5,03,16,1,0,0,1,1,0,0,0,0
"POINT (8.857367364000027 53.092180593000080)",Unfall 163799 (2019) Kat:3, Licht: 0,163799,3,7,1,03,11,1,0,0,0,1,0,0,0,0
"POINT (8.776344188000053 53.098734562000061)",Unfall 163800 (2019) Kat:3, Licht: 0,163800,3,6,2,03,09,7,0,0,0,1,0,0,0,0
"POINT (8.757938732000071 53.115250151000055)",Unfall 163801 (2019) Kat:3, Licht: 0,163801,3,4,6,03,11,7,0,0,0,1,1,0,0,0
"POINT (8.743708188000028 53.153232400000036)",Unfall 163802 (2019) Kat:3, Licht: 0,163802,3,6,2,03,15,6,0,0,0,1,0,0,0,1
"POINT (8.697814620000031 53.171414525000046)",Unfall 163803 (2019) Kat:3, Licht: 0,163803,3,6,1,03,12,6,0,0,0,1,0,0,0,0
"POINT (8.804753787000038 53.061888647000046)",Unfall 163804 (2019) Kat:3, Licht: 0,163804,3,7,2,03,10,6,0,0,0,0,0,1,0,1
"POINT (8.867470984000022 53.082168983000031)",Unfall 163805 (2019) Kat:3, Licht: 0,163805,3,7,0,03,12,6,0,0,0,0,0,0,0,1
"POINT (8.952382955000076 53.063358507000032)",Unfall 163806 (2019) Kat:3, Licht: 0,163806,3,4,6,03,11,6,0,0,1,0,1,0,0,0
"POINT (8.902199686000074 53.071606605000056)",Unfall 163807 (2019) Kat:3, Licht: 0,163807,3,6,1,03,14,6,0,0,0,1,0,0,0,0
"POINT (8.841370949000066 53.035534355000038)",Unfall 163808 (2019) Kat:3, Licht: 1,163808,3,1,9,03,05,6,0,1,0,1,0,0,0,0
"POINT (8.906946255000037 53.090937248000046)",Unfall 163809 (2019) Kat:3, Licht: 0,163809,3,4,6,03,11,6,0,0,0,1,1,0,0,0
"POINT (8.851446902000021 53.085467306000055)",Unfall 163810 (2019) Kat:3, Licht: 0,163810,3,6,2,03,13,6,0,0,0,1,0,0,0,0
"POINT (8.801137139000048 53.068270094000070)",Unfall 163812 (2019) Kat:2, Licht: 0,163812,2,4,6,03,11,5,0,0,1,0,1,0,0,0
"POINT (8.828916693000053 53.072152254000059)",Unfall 163813 (2019) Kat:3, Licht: 0,163813,3,6,1,03,16,5,0,0,1,0,0,0,0,1
"POINT (8.875422890000039 53.061897112000054)",Unfall 163814 (2019) Kat:3, Licht: 0,163814,3,2,5,03,17,5,0,0,1,1,0,0,0,0
"POINT (8.727603431000034 53.037614050000059)",Unfall 163815 (2019) Kat:3, Licht: 0,163815,3,6,2,03,13,5,0,0,0,1,0,0,0,0
"POINT (8.791202014000021 53.091570855000043)",Unfall 163816 (2019) Kat:3, Licht: 0,163816,3,3,0,03,13,5,0,0,1,1,0,0,0,0
"POINT (8.880250075000049 53.101730552000049)",Unfall 163817 (2019) Kat:3, Licht: 0,163817,3,3,5,03,12,5,0,0,1,1,0,0,0,0
"POINT (8.980790691000038 53.127758717000063)",Unfall 163818 (2019) Kat:3, Licht: 2,163818,3,1,8,03,00,5,1,2,0,1,0,0,0,0
"POINT (8.751787921000073 53.122230878000039)",Unfall 163820 (2019) Kat:3, Licht: 0,163820,3,7,6,03,13,4,0,0,0,1,1,0,0,0
"POINT (8.902063653000027 53.071564438000053)",Unfall 163821 (2019) Kat:3, Licht: 2,163821,3,3,5,03,21,4,0,2,0,1,0,0,0,0
"POINT (8.791210311000043 53.091575476000060)",Unfall 163822 (2019) Kat:3, Licht: 0,163822,3,2,4,03,15,4,0,0,1,1,0,0,0,0
"POINT (8.879298765000044 53.085922806000042)",Unfall 163823 (2019) Kat:3, Licht: 2,163823,3,7,6,03,19,4,0,2,0,1,1,0,0,0
"POINT (8.774913503000050 53.077007247000040)",Unfall 163824 (2019) Kat:3, Licht: 0,163824,3,6,3,03,16,4,0,0,0,1,0,0,0,0
"POINT (8.676575024000044 53.164812137000069)",Unfall 163826 (2019) Kat:3, Licht: 1,163826,3,4,6,03,18,3,1,1,0,1,1,0,0,0
"POINT (8.823583858000063 53.071820833000061)",Unfall 163827 (2019) Kat:3, Licht: 0,163827,3,3,5,03,08,3,0,0,1,0,0,0,0,0
"POINT (8.885480304000055 53.110004121000031)",Unfall 163828 (2019) Kat:3, Licht: 0,163828,3,3,5,03,07,3,0,0,0,1,0,0,0,0
"POINT (8.806860830000062 53.060433715000045)",Unfall 163829 (2019) Kat:3, Licht: 0,163829,3,3,3,03,17,3,0,0,1,1,0,0,0,0
"POINT (8.936188236000021 53.038302030000068)",Unfall 163832 (2019) Kat:3, Licht: 0,163832,3,3,5,03,15,2,0,0,0,1,0,0,0,0
"POINT (8.788204832000076 53.052700827000081)",Unfall 163833 (2019) Kat:3, Licht: 0,163833,3,3,5,03,17,2,0,0,0,1,0,0,0,0
"POINT (8.793604615000049 53.066421309000077)",Unfall 163834 (2019) Kat:3, Licht: 0,163834,3,3,5,03,13,2,1,0,1,0,0,0,0,1
"POINT (8.787547608000068 53.099574094000047)",Unfall 163835 (2019) Kat:3, Licht: 0,163835,3,2,2,03,09,2,1,0,0,1,0,0,0,1
"POINT (8.625091956000063 53.179706756000030)",Unfall 163836 (2019) Kat:3, Licht: 0,163836,3,3,5,03,16,2,0,0,0,1,0,0,0,0
"POINT (8.811046709000038 53.081651412000042)",Unfall 163837 (2019) Kat:3, Licht: 0,163837,3,7,0,03,14,2,1,0,1,0,0,0,0,0
"POINT (8.759492674000057 53.116319280000027)",Unfall 163838 (2019) Kat:3, Licht: 1,163838,3,7,6,03,18,2,0,1,0,1,1,0,0,0
"POINT (8.738470454000037 53.047252831000037)",Unfall 163839 (2019) Kat:3, Licht: 0,163839,3,6,2,03,14,2,1,0,0,1,0,0,0,0
"POINT (8.827448946000061 53.079868451000038)",Unfall 163840 (2019) Kat:3, Licht: 2,163840,3,4,6,03,20,1,0,2,0,0,1,0,0,1
"POINT (8.805733151000027 53.073364519000052)",Unfall 163842 (2019) Kat:3, Licht: 1,163842,3,4,6,03,19,7,1,1,0,0,1,0,0,1
"POINT (8.815649189000055 53.079526315000066)",Unfall 163845 (2019) Kat:3, Licht: 0,163845,3,7,0,03,17,6,0,0,1,1,0,0,0,0
"POINT (8.710312542000054 53.150034751000078)",Unfall 163846 (2019) Kat:3, Licht: 0,163846,3,2,5,03,15,6,1,0,0,1,0,1,0,0
"POINT (8.806373743000052 53.073534118000055)",Unfall 163847 (2019) Kat:2, Licht: 0,163847,2,2,5,03,15,6,1,0,1,1,0,0,0,0
"POINT (8.752816887000051 53.112250900000049)",Unfall 163848 (2019) Kat:2, Licht: 2,163848,2,4,6,03,21,6,0,2,0,1,1,0,0,0
"POINT (8.811594682000020 53.081652179000059)",Unfall 163855 (2019) Kat:3, Licht: 0,163855,3,7,1,03,12,5,0,0,0,0,1,0,0,1
"POINT (8.852364414000022 53.073670693000054)",Unfall 163856 (2019) Kat:3, Licht: 0,163856,3,3,5,03,10,5,1,0,1,1,0,0,0,0
"POINT (8.722454132000053 53.056868629000064)",Unfall 163857 (2019) Kat:3, Licht: 0,163857,3,2,5,03,09,5,1,0,1,1,0,0,0,0
"POINT (8.809385288000044 53.072052820000067)",Unfall 163858 (2019) Kat:3, Licht: 0,163858,3,6,2,03,08,5,1,0,0,1,0,0,0,0
"POINT (8.814337503000047 53.081588688000068)",Unfall 163859 (2019) Kat:3, Licht: 0,163859,3,2,3,03,13,5,1,0,0,0,0,0,0,1
"POINT (8.825424646000045 53.078785217000075)",Unfall 163860 (2019) Kat:3, Licht: 0,163860,3,6,1,03,10,5,1,0,0,1,0,0,0,0
"POINT (8.817101958000023 53.072371823000026)",Unfall 163861 (2019) Kat:3, Licht: 0,163861,3,4,6,03,12,5,1,0,0,1,1,0,0,0
"POINT (8.790156744000058 53.092012944000032)",Unfall 163862 (2019) Kat:3, Licht: 0,163862,3,3,5,03,14,4,1,0,1,1,0,0,0,0
"POINT (8.797454681000033 53.086243514000046)",Unfall 163863 (2019) Kat:3, Licht: 0,163863,3,3,5,03,08,4,0,0,0,1,0,0,0,1
"POINT (8.827758661000075 53.083033764000049)",Unfall 163864 (2019) Kat:3, Licht: 0,163864,3,2,5,03,09,4,1,0,1,1,0,0,0,0
"POINT (8.820189670000048 53.045848875000047)",Unfall 163865 (2019) Kat:3, Licht: 0,163865,3,6,2,03,15,4,1,0,0,1,0,0,0,0
"POINT (8.792807265000022 53.069086106000043)",Unfall 163866 (2019) Kat:3, Licht: 0,163866,3,2,3,03,14,4,1,0,1,0,0,0,1,0
"POINT (8.820350955000038 53.045756698000048)",Unfall 163867 (2019) Kat:3, Licht: 0,163867,3,6,2,03,15,4,1,0,0,1,0,0,0,0
"POINT (8.882509361000075 53.074617095000065)",Unfall 163868 (2019) Kat:3, Licht: 0,163868,3,3,5,03,11,4,1,0,0,1,0,0,0,0
"POINT (8.795323925000048 53.090784300000053)",Unfall 163869 (2019) Kat:3, Licht: 0,163869,3,6,2,03,09,4,0,0,0,1,0,0,0,1
"POINT (8.787436759000059 53.099622671000077)",Unfall 163870 (2019) Kat:3, Licht: 0,163870,3,6,2,03,15,4,1,0,0,1,0,0,0,0
"POINT (8.929476038000075 53.065831072000037)",Unfall 163874 (2019) Kat:3, Licht: 0,163874,3,7,0,03,18,3,0,0,1,0,0,0,0,1
"POINT (8.825117933000058 53.084475931000043)",Unfall 163877 (2019) Kat:3, Licht: 0,163877,3,2,5,03,09,3,1,0,1,1,0,0,0,0
"POINT (8.786317194000048 53.102062065000041)",Unfall 163878 (2019) Kat:3, Licht: 0,163878,3,6,4,04,15,5,0,0,0,1,0,0,1,0
"POINT (8.635390049000023 53.170744803000048)",Unfall 163879 (2019) Kat:3, Licht: 0,163879,3,6,1,03,10,3,1,0,0,1,0,0,0,1
"POINT (8.622710528000027 53.181693068000072)",Unfall 163880 (2019) Kat:3, Licht: 0,163880,3,3,5,04,16,5,0,0,0,1,0,0,0,0
"POINT (8.771445127000050 53.078224710000029)",Unfall 163881 (2019) Kat:3, Licht: 2,163881,3,3,5,03,05,3,1,2,0,1,0,0,1,0
"POINT (8.899066186000027 53.129750426000044)",Unfall 163882 (2019) Kat:3, Licht: 0,163882,3,7,0,04,17,5,0,0,1,1,0,0,0,0
"POINT (8.778568738000047 53.058806270000048)",Unfall 163883 (2019) Kat:3, Licht: 0,163883,3,3,5,04,15,5,0,0,0,1,0,0,0,0
"POINT (8.875298358000066 53.082324928000048)",Unfall 163884 (2019) Kat:3, Licht: 0,163884,3,3,5,04,13,5,0,0,0,1,0,0,0,0
"POINT (8.785606725000037 53.074895493000042)",Unfall 163885 (2019) Kat:3, Licht: 0,163885,3,2,5,04,09,5,0,0,1,1,0,0,0,0
"POINT (8.803823795000028 53.080295271000068)",Unfall 163887 (2019) Kat:3, Licht: 0,163887,3,4,6,03,16,2,1,0,0,1,1,0,0,0
"POINT (8.841597792000073 53.085755677000066)",Unfall 163888 (2019) Kat:3, Licht: 0,163888,3,5,1,04,12,5,0,0,1,1,0,0,0,0
"POINT (8.758024774000035 53.058176822000064)",Unfall 163889 (2019) Kat:3, Licht: 0,163889,3,3,5,04,15,5,0,0,1,1,0,0,0,0
"POINT (8.731937997000046 53.056417440000075)",Unfall 163890 (2019) Kat:3, Licht: 0,163890,3,4,6,03,18,2,1,0,0,1,1,0,0,0
"POINT (8.800943736000022 53.068396184000051)",Unfall 163891 (2019) Kat:3, Licht: 0,163891,3,6,2,03,09,2,0,0,0,1,0,0,0,1
"POINT (8.578520660000038 53.207145364000041)",Unfall 163892 (2019) Kat:3, Licht: 0,163892,3,3,5,03,10,2,1,0,0,1,0,0,0,0
"POINT (8.842464671000073 53.088755834000040)",Unfall 163893 (2019) Kat:3, Licht: 0,163893,3,6,4,03,13,2,1,0,1,0,0,0,0,0
"POINT (8.756715284000052 53.110610955000027)",Unfall 163894 (2019) Kat:3, Licht: 0,163894,3,3,5,03,17,2,1,0,0,1,0,0,0,1
"POINT (8.572658851000028 53.186517196000068)",Unfall 163895 (2019) Kat:3, Licht: 0,163895,3,5,1,03,13,2,1,0,0,1,0,0,1,0
"POINT (8.837122007000062 53.082601984000064)",Unfall 163896 (2019) Kat:3, Licht: 2,163896,3,3,5,03,18,1,1,2,1,1,0,0,0,0
"POINT (8.619011836000027 53.179831089000061)",Unfall 163897 (2019) Kat:3, Licht: 1,163897,3,6,2,03,18,1,1,1,0,1,0,0,0,0
"POINT (8.597524389000057 53.184836548000078)",Unfall 163898 (2019) Kat:3, Licht: 0,163898,3,7,1,03,13,7,0,0,0,1,0,0,0,0
"POINT (8.809346874000028 53.082814928000062)",Unfall 163899 (2019) Kat:3, Licht: 0,163899,3,6,3,03,10,7,0,0,0,1,0,0,0,0
"POINT (8.881646657000033 53.132167609000078)",Unfall 163900 (2019) Kat:3, Licht: 0,163900,3,4,6,03,14,7,0,0,0,0,1,0,0,1
"POINT (8.820050207000065 53.076845331000072)",Unfall 163901 (2019) Kat:3, Licht: 0,163901,3,6,3,03,16,7,1,0,0,1,0,0,0,0
"POINT (8.833184817000074 53.086341368000035)",Unfall 163902 (2019) Kat:3, Licht: 0,163902,3,7,0,03,07,6,1,0,0,0,0,0,0,1
"POINT (8.719138633000057 53.088724046000038)",Unfall 163903 (2019) Kat:3, Licht: 0,163903,3,3,5,03,06,6,1,0,0,0,0,0,1,0
"POINT (8.735646952000025 53.044309092000049)",Unfall 163904 (2019) Kat:3, Licht: 0,163904,3,3,5,03,08,6,1,0,1,1,0,0,0,0
"POINT (8.845732881000060 53.033119910000039)",Unfall 163906 (2019) Kat:2, Licht: 0,163906,2,3,0,04,06,5,0,0,1,1,0,0,0,0
"POINT (8.827962441000068 53.042316578000055)",Unfall 163907 (2019) Kat:3, Licht: 0,163907,3,3,1,04,17,5,0,0,0,1,0,1,0,0
"POINT (8.752309515000036 53.114283733000036)",Unfall 163909 (2019) Kat:3, Licht: 0,163909,3,6,3,04,17,5,0,0,0,1,0,0,1,0
"POINT (8.792147160000070 53.082242965000034)",Unfall 163910 (2019) Kat:3, Licht: 0,163910,3,6,2,03,17,5,1,0,0,0,0,0,0,1
"POINT (8.815681085000051 53.029423550000047)",Unfall 163911 (2019) Kat:2, Licht: 0,163911,2,7,0,04,17,5,0,0,0,1,0,0,0,0
"POINT (8.841208673000040 53.035406552000040)",Unfall 163912 (2019) Kat:3, Licht: 0,163912,3,3,5,03,17,5,0,0,1,1,0,0,0,0
"POINT (8.922402511000030 53.091412713000068)",Unfall 163913 (2019) Kat:3, Licht: 2,163913,3,7,7,03,20,5,0,2,0,0,0,0,0,1
"POINT (8.820698663000030 53.072699391000072)",Unfall 163914 (2019) Kat:3, Licht: 0,163914,3,5,1,04,15,5,0,0,1,0,0,0,0,1
"POINT (8.803602345000058 53.092983692000075)",Unfall 163915 (2019) Kat:3, Licht: 0,163915,3,6,3,03,10,5,0,0,0,1,0,0,0,1
"POINT (8.827726313000028 53.072540492000030)",Unfall 163917 (2019) Kat:2, Licht: 0,163917,2,7,0,03,09,5,1,0,1,0,0,0,0,0
"POINT (8.618984779000073 53.187193202000060)",Unfall 163918 (2019) Kat:3, Licht: 2,163918,3,3,5,03,18,5,0,2,0,1,0,0,0,0
"POINT (8.862264969000023 53.102823123000064)",Unfall 163920 (2019) Kat:3, Licht: 0,163920,3,3,5,03,14,5,0,0,1,1,0,0,0,0
"POINT (8.871899387000042 53.077136359000065)",Unfall 163922 (2019) Kat:3, Licht: 0,163922,3,6,2,03,18,5,0,0,0,1,0,0,0,0
"POINT (8.962606634000053 53.059924685000055)",Unfall 163923 (2019) Kat:2, Licht: 0,163923,2,4,6,03,18,5,0,0,0,1,1,0,0,0
"POINT (8.880223538000053 53.071904541000038)",Unfall 163924 (2019) Kat:3, Licht: 0,163924,3,3,5,03,07,4,0,0,1,1,0,0,0,0
"POINT (8.832115109000029 53.092572075000078)",Unfall 163925 (2019) Kat:3, Licht: 0,163925,3,7,0,04,13,4,0,0,1,0,0,0,0,0
"POINT (8.870719607000069 53.095898055000077)",Unfall 163926 (2019) Kat:3, Licht: 0,163926,3,3,5,03,08,4,0,0,1,1,0,0,0,0
"POINT (8.892436112000041 53.079427979000059)",Unfall 163927 (2019) Kat:3, Licht: 0,163927,3,4,6,04,16,4,0,0,0,1,1,0,0,0
"POINT (8.711754670000062 53.173615714000050)",Unfall 163928 (2019) Kat:3, Licht: 2,163928,3,3,5,03,05,4,1,2,1,1,0,0,0,0
"POINT (8.787445315000070 53.075450220000050)",Unfall 163929 (2019) Kat:3, Licht: 1,163929,3,1,6,03,18,4,1,1,0,1,1,0,0,0
"POINT (8.785449766000056 53.088696195000068)",Unfall 163930 (2019) Kat:3, Licht: 0,163930,3,6,2,03,16,4,1,0,0,1,0,0,0,0
"POINT (8.781728866000037 53.086142989000052)",Unfall 163931 (2019) Kat:3, Licht: 0,163931,3,3,5,04,08,4,0,0,1,1,0,0,0,0
"POINT (8.837157517000037 53.082385068000065)",Unfall 163932 (2019) Kat:3, Licht: 0,163932,3,6,2,04,07,4,0,0,0,1,0,0,0,0
"POINT (8.914370495000071 53.059864935000064)",Unfall 163933 (2019) Kat:3, Licht: 0,163933,3,3,5,03,10,4,1,0,0,1,0,0,0,0
"POINT (8.875674336000031 53.066162914000074)",Unfall 163934 (2019) Kat:3, Licht: 0,163934,3,7,3,04,10,4,0,0,1,1,0,0,0,0
"POINT (8.942575623000039 53.057299811000064)",Unfall 163935 (2019) Kat:3, Licht: 0,163935,3,3,5,03,15,4,1,0,1,0,0,1,0,0
"POINT (8.898947634000024 53.128513743000042)",Unfall 163936 (2019) Kat:3, Licht: 0,163936,3,6,2,04,19,4,0,0,0,1,0,0,0,0
"POINT (8.806703096000035 53.081874959000061)",Unfall 163937 (2019) Kat:2, Licht: 0,163937,2,7,0,03,10,3,1,0,0,0,1,0,0,1
"POINT (8.753544322000039 53.087762687000065)",Unfall 163938 (2019) Kat:3, Licht: 0,163938,3,3,5,03,13,3,0,0,1,1,0,0,0,0
"POINT (8.778712424000048 53.094659641000078)",Unfall 163939 (2019) Kat:2, Licht: 1,163939,2,4,6,04,20,4,0,1,0,1,1,0,0,0
"POINT (8.816925612000034 53.078585719000046)",Unfall 163941 (2019) Kat:3, Licht: 0,163941,3,6,2,04,12,4,0,0,0,1,0,0,1,0
"POINT (8.777578568000024 53.089637630000027)",Unfall 163944 (2019) Kat:3, Licht: 0,163944,3,2,5,04,08,3,0,0,1,1,0,0,0,0
"POINT (8.827602759000058 53.078333059000045)",Unfall 163945 (2019) Kat:3, Licht: 0,163945,3,7,0,04,08,3,0,0,1,0,0,0,0,0
"POINT (8.880476200000032 53.101607248000050)",Unfall 163946 (2019) Kat:3, Licht: 0,163946,3,2,5,03,17,2,1,0,1,1,0,0,0,0
"POINT (8.744717947000027 53.122745883000050)",Unfall 163947 (2019) Kat:2, Licht: 0,163947,2,1,0,04,12,3,0,0,1,0,0,0,0,0
"POINT (8.819675425000071 53.076667351000026)",Unfall 163948 (2019) Kat:3, Licht: 0,163948,3,6,3,03,09,2,1,0,0,1,0,0,0,0
"POINT (8.837341951000042 53.076838986000041)",Unfall 163949 (2019) Kat:3, Licht: 0,163949,3,4,6,04,16,3,0,0,0,1,1,0,0,0
"POINT (8.806412940000030 53.078771138000036)",Unfall 163950 (2019) Kat:3, Licht: 0,163950,3,3,5,03,14,2,1,0,1,1,0,0,0,0
"POINT (8.802196438000067 53.067610247000061)",Unfall 163951 (2019) Kat:3, Licht: 2,163951,3,7,0,05,06,1,0,2,1,0,0,0,0,0
"POINT (8.847554896000077 53.050255897000056)",Unfall 163954 (2019) Kat:3, Licht: 0,163954,3,3,5,05,20,7,0,0,0,1,0,0,0,0
"POINT (8.931068610000068 53.060562394000044)",Unfall 163955 (2019) Kat:2, Licht: 0,163955,2,3,5,05,16,7,0,0,0,1,0,1,0,0
"POINT (8.786859807000042 53.074333758000080)",Unfall 163957 (2019) Kat:3, Licht: 0,163957,3,6,2,05,19,6,0,0,0,1,0,0,0,0
"POINT (8.573941002000026 53.181465853000077)",Unfall 163958 (2019) Kat:3, Licht: 0,163958,3,6,3,05,12,6,0,0,0,1,0,1,0,0
"POINT (8.757198393000067 53.117552827000054)",Unfall 163959 (2019) Kat:3, Licht: 0,163959,3,6,3,05,14,6,0,0,0,1,0,0,0,1
"POINT (8.736745144000054 53.142451292000032)",Unfall 163960 (2019) Kat:2, Licht: 0,163960,2,3,5,05,11,6,0,0,1,1,0,0,0,0
"POINT (8.871064551000075 53.098501502000033)",Unfall 163961 (2019) Kat:2, Licht: 0,163961,2,4,6,05,09,6,0,0,0,1,1,0,0,0
"POINT (8.825146531000030 53.084500522000042)",Unfall 163962 (2019) Kat:3, Licht: 0,163962,3,2,5,05,06,6,0,0,1,1,0,0,0,0
"POINT (8.778742356000066 53.064676125000062)",Unfall 163963 (2019) Kat:3, Licht: 0,163963,3,2,3,05,12,6,0,0,1,0,0,0,1,0
"POINT (8.791679658000021 53.082726415000081)",Unfall 163964 (2019) Kat:3, Licht: 0,163964,3,3,5,05,06,6,0,0,0,0,0,1,1,0
"POINT (8.804183880000039 53.072374311000033)",Unfall 163965 (2019) Kat:3, Licht: 0,163965,3,2,5,05,10,6,0,0,1,1,0,0,0,0