WKT,Name,OBJECTID,UKATEGORIE,UTYP1,UART,UMONAT,USTUNDE,UWOCHENTAG,STRZUSTAND,ULICHTVERH,ISTRAD,ISTPKW,ISTFUSS,ISTKRAD,ISTGKFZ,ISTSONSTIG
"POINT (8.764604490000068 53.083016055000030)",Unfall 164186 (2019) Kat:3, Licht: 0,164186,3,3,5,04,07,5,0,0,1,1,0,0,0,0
"POINT (8.787537889000021 53.099571517000072)",Unfall 164187 (2019) Kat:3, Licht: 0,164187,3,2,5,04,16,5,0,0,1,1,0,0,0,0
"POINT (8.831750639000063 53.033714127000053)",Unfall 164188 (2019) Kat:3, Licht: 0,164188,3,4,6,04,09,5,0,0,0,0,1,0,0,1
"POINT (8.847133552000059 53.087006985000073)",Unfall 164189 (2019) Kat:3, Licht: 0,164189,3,3,5,04,17,5,0,0,1,0,0,0,0,0
"POINT (8.841586019000033 53.070077652000066)",Unfall 164190 (2019) Kat:3, Licht: 2,164190,3,4,6,04,22,5,0,2,0,1,1,0,0,0
"POINT (8.809181766000052 53.082902510000054)",Unfall 164191 (2019) Kat:3, Licht: 0,164191,3,6,3,04,12,5,0,0,0,1,0,0,0,0
"POINT (8.754086141000073 53.121980805000078)",Unfall 164192 (2019) Kat:3, Licht: 0,164192,3,3,5,04,09,5,0,0,1,1,0,0,0,0
"POINT (8.824882498000022 53.084182543000054)",Unfall 164193 (2019) Kat:3, Licht: 0,164193,3,3,5,04,08,5,0,0,1,1,0,0,0,0
"POINT (8.841152850000071 53.069255016000056)",Unfall 164194 (2019) Kat:3, Licht: 2,164194,3,7,6,04,22,5,0,2,0,1,1,0,0,0
"POINT (8.870317561000036 53.063946431000033)",Unfall 164195 (2019) Kat:3, Licht: 0,164195,3,4,6,04,18,5,0,0,0,1,1,0,0,0
"POINT (8.890383290000045 53.063590318000081)",Unfall 164197 (2019) Kat:3, Licht: 0,164197,3,2,5,04,11,4,0,0,0,1,0,0,0,0
"POINT (8.718654653000044 53.053838082000027)",Unfall 164198 (2019) Kat:2, Licht: 0,164198,2,3,5,04,09,4,0,0,0,1,0,0,0,0
"POINT (8.741337016000045 53.079326136000077)",Unfall 164199 (2019) Kat:3, Licht: 2,164199,3,7,7,04,05,4,0,2,1,0,0,0,0,0
"POINT (8.618313727000043 53.174437548000071)",Unfall 164200 (2019) Kat:3, Licht: 0,164200,3,6,2,04,12,4,0,0,0,1,0,0,0,0
"POINT (8.846994086000052 53.081177503000049)",Unfall 164201 (2019) Kat:3, Licht: 0,164201,3,6,3,04,11,4,0,0,0,1,0,0,0,0
"POINT (8.818124961000024 53.077729555000076)",Unfall 164202 (2019) Kat:2, Licht: 0,164202,2,7,0,04,07,4,1,0,0,0,0,1,0,0
"POINT (8.900663048000070 53.066690913000059)",Unfall 164203 (2019) Kat:3, Licht: 0,164203,3,3,4,04,16,4,0,0,0,1,0,0,0,0
"POINT (8.789052609000066 53.069000431000063)",Unfall 164204 (2019) Kat:3, Licht: 0,164204,3,5,1,04,18,4,0,0,1,1,0,0,0,0
"POINT (8.870404600000029 53.098032373000080)",Unfall 164205 (2019) Kat:3, Licht: 0,164205,3,7,0,04,13,4,0,0,0,0,0,0,0,1
"POINT (8.805267245000039 53.081023699000070)",Unfall 164206 (2019) Kat:3, Licht: 0,164206,3,6,4,04,19,4,0,0,1,0,0,0,0,0
"POINT (8.753922306000050 53.120407465000028)",Unfall 164210 (2019) Kat:3, Licht: 0,164210,3,3,3,04,13,3,0,0,1,1,0,0,0,0
"POINT (8.837160541000060 53.071767949000048)",Unfall 164211 (2019) Kat:2, Licht: 1,164211,2,3,5,04,19,3,0,1,1,1,0,0,0,0
"POINT (8.869828951000045 53.061870625000040)",Unfall 164212 (2019) Kat:3, Licht: 0,164212,3,3,4,04,17,3,0,0,0,1,0,0,0,0
"POINT (8.824398771000062 53.084424651000063)",Unfall 164213 (2019) Kat:3, Licht: 0,164213,3,2,3,04,09,3,0,0,1,1,0,0,0,0
"POINT (8.839526543000034 53.032632135000028)",Unfall 164214 (2019) Kat:3, Licht: 0,164214,3,7,0,04,09,3,0,0,0,0,0,0,0,1
"POINT (8.792658399000061 53.065729099000066)",Unfall 164215 (2019) Kat:2, Licht: 0,164215,2,4,6,04,21,2,0,0,1,1,1,0,0,0
"POINT (8.818888916000049 53.051835146000030)",Unfall 164216 (2019) Kat:3, Licht: 0,164216,3,4,6,04,18,2,0,0,0,1,1,0,0,0
"POINT (8.881553792000034 53.059420324000030)",Unfall 164217 (2019) Kat:3, Licht: 0,164217,3,3,5,04,17,2,0,0,1,0,0,0,0,1
"POINT (8.954937733000065 53.066464765000035)",Unfall 164220 (2019) Kat:3, Licht: 0,164220,3,7,1,04,16,1,0,0,1,1,0,0,0,0
"POINT (8.799814323000021 53.070378081000058)",Unfall 164221 (2019) Kat:3, Licht: 2,164221,3,4,6,04,22,6,0,2,1,1,1,0,0,0
"POINT (8.511923465000052 53.212313434000066)",Unfall 164222 (2019) Kat:3, Licht: 0,164222,3,3,5,04,18,7,0,0,0,1,0,0,0,0
"POINT (8.955920719000062 53.046585895000078)",Unfall 164223 (2019) Kat:3, Licht: 0,164223,3,3,5,04,12,7,0,0,1,1,0,0,0,0
"POINT (8.845098351000047 53.046200541000076)",Unfall 164224 (2019) Kat:3, Licht: 0,164224,3,7,0,04,14,6,0,0,0,0,0,1,0,0
"POINT (8.730107480000072 53.034014404000061)",Unfall 164225 (2019) Kat:3, Licht: 0,164225,3,3,5,07,06,3,0,0,1,1,0,0,0,0
"POINT (8.755631745000073 53.118936949000044)",Unfall 164228 (2019) Kat:3, Licht: 0,164228,3,6,3,07,17,2,0,0,0,1,0,0,0,1
"POINT (8.918736938000052 53.041191583000057)",Unfall 164229 (2019) Kat:3, Licht: 0,164229,3,3,5,07,06,2,0,0,1,1,0,0,0,0
"POINT (8.820790794000061 53.051309030000027)",Unfall 164230 (2019) Kat:3, Licht: 0,164230,3,7,0,07,15,2,0,0,0,0,0,1,0,0
"POINT (8.803830822000066 53.080298992000053)",Unfall 164231 (2019) Kat:3, Licht: 0,164231,3,6,3,07,18,2,0,0,1,0,0,0,0,0
"POINT (8.741360556000075 53.048180861000048)",Unfall 164232 (2019) Kat:2, Licht: 0,164232,2,4,6,07,11,2,0,0,0,1,1,0,0,0
"POINT (8.931690458000048 53.062200312000073)",Unfall 164233 (2019) Kat:3, Licht: 0,164233,3,2,0,07,11,2,0,0,1,1,0,0,0,0
"POINT (8.786398346000055 53.074548616000072)",Unfall 164234 (2019) Kat:3, Licht: 0,164234,3,2,5,07,07,2,0,0,1,0,0,0,0,1
"POINT (8.865729154000064 53.071761463000030)",Unfall 164235 (2019) Kat:3, Licht: 0,164235,3,6,2,07,16,2,0,0,0,1,0,0,0,0
"POINT (8.723586788000034 53.076695377000078)",Unfall 164236 (2019) Kat:3, Licht: 0,164236,3,6,2,07,09,2,0,0,0,1,0,0,0,0
"POINT (8.768221787000073 53.073104102000059)",Unfall 164237 (2019) Kat:3, Licht: 0,164237,3,6,2,07,14,2,0,0,0,1,0,0,0,0
"POINT (8.870304824000073 53.064880496000058)",Unfall 164238 (2019) Kat:3, Licht: 0,164238,3,3,1,07,09,2,0,0,1,0,0,0,0,0
"POINT (8.846502881000049 53.071590797000056)",Unfall 164239 (2019) Kat:3, Licht: 0,164239,3,4,6,07,12,2,0,0,1,0,1,0,0,0
"POINT (8.818448496000030 53.077277741000046)",Unfall 164243 (2019) Kat:3, Licht: 2,164243,3,6,2,06,01,1,0,2,0,1,0,0,0,0
"POINT (8.801252015000046 53.071528466000075)",Unfall 164244 (2019) Kat:3, Licht: 0,164244,3,4,6,06,12,1,0,0,0,0,1,0,0,1
"POINT (8.585965263000048 53.182219728000064)",Unfall 164245 (2019) Kat:3, Licht: 2,164245,3,7,8,06,23,7,0,2,0,1,0,1,0,0
"POINT (8.904468193000071 53.078505916000040)",Unfall 164246 (2019) Kat:3, Licht: 0,164246,3,4,6,06,20,7,0,0,0,0,1,0,0,1
"POINT (8.737556702000063 53.079818216000035)",Unfall 164247 (2019) Kat:3, Licht: 0,164247,3,1,9,06,05,7,0,0,0,1,0,0,0,0
"POINT (8.906330630000070 53.071362967000027)",Unfall 164248 (2019) Kat:3, Licht: 0,164248,3,1,0,06,21,7,0,0,1,0,0,0,0,0
"POINT (8.918050209000057 53.058154044000048)",Unfall 164251 (2019) Kat:3, Licht: 2,164251,3,7,0,06,01,6,0,2,0,0,1,0,0,1
"POINT (8.817237379000062 53.070016601000077)",Unfall 164252 (2019) Kat:3, Licht: 0,164252,3,7,7,06,13,6,0,0,1,0,0,0,0,0
"POINT (8.824542407000024 53.084187281000027)",Unfall 164253 (2019) Kat:3, Licht: 0,164253,3,3,3,06,13,6,0,0,1,0,0,0,0,1
"POINT (8.879747357000042 53.112568307000060)",Unfall 164254 (2019) Kat:3, Licht: 0,164254,3,3,5,06,15,6,0,0,1,1,0,0,0,0
"POINT (8.577966690000039 53.181598245000032)",Unfall 164255 (2019) Kat:3, Licht: 0,164255,3,7,0,06,09,6,0,0,1,0,0,0,0,0
"POINT (8.896271833000071 53.118530545000056)",Unfall 164256 (2019) Kat:3, Licht: 0,164256,3,3,5,06,17,6,0,0,1,1,0,0,0,0
"POINT (8.892864985000074 53.079290817000071)",Unfall 164257 (2019) Kat:3, Licht: 0,164257,3,7,0,06,16,6,0,0,0,0,0,0,0,1
"POINT (8.562274618000060 53.192239343000040)",Unfall 164258 (2019) Kat:3, Licht: 0,164258,3,3,5,06,18,6,0,0,0,1,0,0,0,0
"POINT (8.853841506000038 53.082370601000036)",Unfall 164259 (2019) Kat:3, Licht: 0,164259,3,3,5,06,13,6,0,0,1,0,0,0,1,0
"POINT (8.808499620000021 53.088043217000063)",Unfall 164260 (2019) Kat:3, Licht: 0,164260,3,2,5,06,18,5,0,0,1,1,0,0,0,0
"POINT (8.609600143000023 53.179181545000063)",Unfall 164261 (2019) Kat:3, Licht: 0,164261,3,3,5,06,18,5,0,0,0,1,0,0,0,0
"POINT (8.851526419000038 53.083855356000072)",Unfall 164262 (2019) Kat:3, Licht: 0,164262,3,6,2,06,11,5,0,0,0,1,0,0,0,0
"POINT (8.844892150000021 53.084214069000041)",Unfall 164263 (2019) Kat:3, Licht: 0,164263,3,6,3,06,12,5,0,0,0,0,0,0,0,1
"POINT (8.887484704000030 53.050541411000040)",Unfall 164264 (2019) Kat:3, Licht: 0,164264,3,3,0,06,13,5,0,0,1,0,0,0,0,1
"POINT (8.919916615000034 53.073399192000068)",Unfall 164266 (2019) Kat:3, Licht: 0,164266,3,2,5,06,13,4,0,0,1,1,0,0,0,0
"POINT (8.754823429000055 53.119788212000060)",Unfall 164267 (2019) Kat:2, Licht: 0,164267,2,3,5,06,16,4,0,0,0,1,0,1,0,0
"POINT (8.823720101000049 53.077137711000034)",Unfall 164268 (2019) Kat:2, Licht: 0,164268,2,1,0,06,21,4,0,0,0,0,0,1,0,0
"POINT (8.781218843000033 53.097802113000057)",Unfall 164269 (2019) Kat:3, Licht: 0,164269,3,3,5,06,19,4,0,0,0,1,0,0,0,0
"POINT (8.780428220000033 53.092811909000034)",Unfall 164270 (2019) Kat:3, Licht: 0,164270,3,6,2,06,15,4,0,0,0,1,0,0,0,0
"POINT (8.771743920000063 53.079250296000055)",Unfall 164271 (2019) Kat:2, Licht: 0,164271,2,2,5,06,14,4,0,0,1,0,0,0,0,1
"POINT (8.804354355000044 53.072526206000077)",Unfall 164272 (2019) Kat:3, Licht: 0,164272,3,3,5,06,12,4,0,0,1,1,0,0,0,0
"POINT (8.809216402000061 53.078852049000034)",Unfall 164273 (2019) Kat:3, Licht: 0,164273,3,2,5,06,14,4,0,0,1,1,0,0,0,0
"POINT (8.893566448000058 53.098394997000071)",Unfall 164274 (2019) Kat:3, Licht: 0,164274,3,3,5,06,11,4,0,0,1,1,0,0,0,0
"POINT (8.562314309000044 53.192209229000071)",Unfall 164275 (2019) Kat:3, Licht: 0,164275,3,6,2,06,11,4,0,0,0,1,0,0,0,0
"POINT (8.926916991000041 53.073413613000071)",Unfall 164276 (2019) Kat:3, Licht: 0,164276,3,7,1,06,12,4,0,0,0,1,0,0,0,0
"POINT (8.752817313000037 53.089349867000067)",Unfall 164279 (2019) Kat:3, Licht: 0,164279,3,6,4,06,13,3,0,0,1,0,0,0,0,0
"POINT (8.875976800000046 53.082132946000058)",Unfall 164280 (2019) Kat:3, Licht: 0,164280,3,2,5,06,15,3,0,0,1,1,0,0,0,0
"POINT (8.782641554000065 53.087102955000034)",Unfall 164281 (2019) Kat:3, Licht: 0,164281,3,6,2,06,20,3,0,0,0,1,0,0,0,0
"POINT (8.835290351000026 53.062909292000029)",Unfall 164282 (2019) Kat:3, Licht: 1,164282,3,2,0,06,21,3,0,1,1,1,0,0,0,0
"POINT (8.832749008000064 53.077472821000072)",Unfall 164283 (2019) Kat:3, Licht: 0,164283,3,2,5,06,11,3,0,0,1,1,0,0,0,0
"POINT (8.939977286000044 53.080352094000034)",Unfall 164284 (2019) Kat:3, Licht: 0,164284,3,2,5,06,15,3,0,0,1,1,0,0,0,0
"POINT (8.791787916000033 53.090917994000051)",Unfall 164287 (2019) Kat:3, Licht: 0,164287,3,3,5,06,15,2,0,0,1,1,0,0,0,0
"POINT (8.626154470000074 53.183844236000027)",Unfall 164288 (2019) Kat:3, Licht: 0,164288,3,3,5,06,14,2,0,0,0,1,0,1,0,0
"POINT (8.808275868000067 53.094627985000045)",Unfall 164289 (2019) Kat:3, Licht: 0,164289,3,6,2,06,14,2,0,0,1,1,0,0,0,0
"POINT (8.810470109000050 53.083777605000080)",Unfall 164290 (2019) Kat:3, Licht: 0,164290,3,5,1,06,14,2,0,0,1,1,0,0,0,0
"POINT (8.908266385000047 53.039875108000047)",Unfall 164291 (2019) Kat:3, Licht: 0,164291,3,4,6,06,07,2,0,0,1,0,1,0,0,0
"POINT (8.829650564000076 53.071864444000028)",Unfall 164292 (2019) Kat:2, Licht: 0,164292,2,6,0,06,20,2,0,0,1,0,0,1,0,0
"POINT (8.599835434000056 53.177839692000077)",Unfall 164293 (2019) Kat:3, Licht: 0,164293,3,3,5,06,17,2,0,0,0,1,0,0,0,0
"POINT (8.874965275000022 53.073490246000063)",Unfall 164294 (2019) Kat:3, Licht: 0,164294,3,6,2,06,08,2,0,0,0,1,0,0,0,0
"POINT (8.810412445000054 53.092583511000043)",Unfall 164295 (2019) Kat:3, Licht: 0,164295,3,1,0,06,09,2,0,0,1,1,0,0,0,0
"POINT (8.812878998000031 53.081014912000057)",Unfall 164296 (2019) Kat:3, Licht: 1,164296,3,6,2,06,22,2,0,1,0,1,0,1,0,0
"POINT (8.575855589000071 53.190701473000047)",Unfall 164297 (2019) Kat:3, Licht: 2,164297,3,7,1,06,02,1,1,2,0,1,0,0,0,0
"POINT (8.904869013000052 53.071421119000036)",Unfall 164298 (2019) Kat:3, Licht: 2,164298,3,7,1,06,03,1,0,2,0,1,0,0,0,0
"POINT (8.887477953000030 53.062288035000051)",Unfall 164299 (2019) Kat:3, Licht: 0,164299,3,3,5,06,10,7,0,0,1,0,0,0,0,1
"POINT (8.585063085000058 53.181185240000048)",Unfall 164300 (2019) Kat:3, Licht: 0,164300,3,1,0,06,15,7,0,0,1,0,0,0,0,0
"POINT (8.722124509000025 53.158755096000050)",Unfall 164301 (2019) Kat:3, Licht: 0,164301,3,3,5,06,17,7,0,0,1,1,0,0,0,0
"POINT (8.720172126000023 53.056726135000076)",Unfall 164302 (2019) Kat:2, Licht: 0,164302,2,4,6,06,18,7,0,0,0,1,1,1,0,0
"POINT (8.848184278000076 53.142530338000029)",Unfall 164303 (2019) Kat:2, Licht: 0,164303,2,6,3,06,16,7,0,0,1,0,0,0,0,0
"POINT (8.735002136000048 53.132271545000037)",Unfall 164304 (2019) Kat:3, Licht: 0,164304,3,3,5,06,16,6,0,0,1,1,0,0,0,0
"POINT (8.802306592000036 53.092277435000028)",Unfall 164305 (2019) Kat:3, Licht: 0,164305,3,5,1,06,16,6,0,0,0,1,0,1,0,1
"POINT (8.819495880000034 53.048649112000078)",Unfall 164306 (2019) Kat:3, Licht: 0,164306,3,3,5,06,14,6,0,0,1,1,0,0,0,0
"POINT (8.792329511000048 53.094156437000038)",Unfall 164307 (2019) Kat:3, Licht: 0,164307,3,6,2,06,16,6,0,0,0,1,0,0,0,0
"POINT (8.784965217000035 53.088718828000026)",Unfall 164308 (2019) Kat:3, Licht: 0,164308,3,1,2,06,16,6,0,0,0,1,0,0,0,0
"POINT (8.803629009000076 53.082397993000029)",Unfall 164309 (2019) Kat:3, Licht: 0,164309,3,7,0,06,16,6,0,0,1,0,0,0,0,1
"POINT (8.819595825000022 53.080492017000040)",Unfall 164310 (2019) Kat:3, Licht: 2,164310,3,2,5,06,23,6,0,2,1,1,0,0,0,0
"POINT (8.798013109000067 53.087553766000042)",Unfall 164311 (2019) Kat:2, Licht: 0,164311,2,7,8,06,19,6,0,0,0,0,0,1,0,0
"POINT (8.795682696000029 53.075384040000074)",Unfall 164312 (2019) Kat:3, Licht: 0,164312,3,1,1,06,05,6,0,0,1,1,0,0,0,0
"POINT (8.824342766000029 53.068920304000073)",Unfall 164313 (2019) Kat:3, Licht: 0,164313,3,6,2,06,13,6,0,0,0,1,0,0,0,0
"POINT (8.803069306000054 53.084514336000041)",Unfall 164314 (2019) Kat:3, Licht: 0,164314,3,6,3,06,14,6,0,0,1,1,0,0,0,0
"POINT (8.802695505000031 53.084298563000061)",Unfall 164317 (2019) Kat:3, Licht: 0,164317,3,7,4,06,15,5,0,0,1,1,0,0,0,0
"POINT (8.829751839000039 53.071827881000047)",Unfall 164318 (2019) Kat:3, Licht: 0,164318,3,1,1,06,12,5,0,0,1,1,0,0,0,0
"POINT (8.715317850000076 53.052055898000049)",Unfall 164319 (2019) Kat:3, Licht: 0,164319,3,7,0,06,17,5,0,0,0,1,0,0,0,1
"POINT (8.824632845000053 53.068970998000054)",Unfall 164320 (2019) Kat:3, Licht: 2,164320,3,1,0,06,23,5,1,2,1,0,0,0,0,0
"POINT (8.800553419000039 53.078788708000047)",Unfall 164321 (2019) Kat:3, Licht: 0,164321,3,6,2,06,16,5,0,0,0,1,0,0,0,0
"POINT (8.848986444000047 53.068141912000044)",Unfall 164322 (2019) Kat:3, Licht: 0,164322,3,5,1,06,17,5,0,0,1,1,0,0,0,0
"POINT (8.775557054000046 53.060481246000052)",Unfall 164323 (2019) Kat:3, Licht: 0,164323,3,3,5,06,08,5,0,0,0,1,0,0,0,0
"POINT (8.658359038000072 53.174258206000047)",Unfall 164324 (2019) Kat:3, Licht: 0,164324,3,3,5,06,07,5,0,0,1,1,0,0,0,0
"POINT (8.800802114000021 53.068484985000055)",Unfall 164325 (2019) Kat:3, Licht: 0,164325,3,3,5,06,15,5,0,0,0,1,0,0,0,0
"POINT (8.886002522000069 53.059954892000064)",Unfall 164326 (2019) Kat:3, Licht: 0,164326,3,3,6,06,10,5,0,0,0,1,1,0,0,0
"POINT (8.763415423000026 53.116607801000043)",Unfall 164327 (2019) Kat:3, Licht: 0,164327,3,3,5,06,09,5,0,0,1,1,0,0,0,0
"POINT (8.801911683000071 53.084970179000038)",Unfall 164328 (2019) Kat:3, Licht: 0,164328,3,4,6,06,12,5,0,0,1,0,1,0,0,0
"POINT (8.784565817000043 53.089236133000043)",Unfall 164329 (2019) Kat:3, Licht: 0,164329,3,6,2,06,14,5,0,0,0,1,0,0,0,0
"POINT (8.812701467000068 53.081085741000038)",Unfall 164332 (2019) Kat:3, Licht: 0,164332,3,3,5,06,07,4,0,0,1,1,0,0,0,0
"POINT (8.574886620000029 53.192634601000066)",Unfall 164333 (2019) Kat:2, Licht: 0,164333,2,7,9,06,16,4,0,0,1,1,0,0,0,0
"POINT (8.804024879000053 53.072521577000032)",Unfall 164334 (2019) Kat:3, Licht: 0,164334,3,2,0,06,14,4,0,0,1,1,0,0,0,0
"POINT (8.509239417000060 53.208279195000046)",Unfall 164335 (2019) Kat:3, Licht: 0,164335,3,7,0,06,10,4,0,0,1,0,0,0,0,1
"POINT (8.796986936000053 53.076445302000081)",Unfall 164336 (2019) Kat:3, Licht: 0,164336,3,2,5,06,17,4,0,0,0,1,0,0,0,1
"POINT (8.852726443000051 53.047564175000048)",Unfall 164337 (2019) Kat:3, Licht: 0,164337,3,3,5,06,15,4,0,0,0,1,0,0,0,0
"POINT (8.796220085000073 53.068043697000064)",Unfall 164338 (2019) Kat:3, Licht: 0,164338,3,4,6,06,15,4,0,0,1,0,1,0,0,0
"POINT (8.764736579000044 53.107958834000044)",Unfall 164340 (2019) Kat:3, Licht: 0,164340,3,6,2,06,10,3,0,0,0,1,0,0,0,0
"POINT (8.887751693000041 53.068831940000052)",Unfall 164341 (2019) Kat:3, Licht: 0,164341,3,7,8,06,11,3,0,0,0,1,0,0,0,0
"POINT (8.806451414000037 53.073549893000063)",Unfall 164342 (2019) Kat:3, Licht: 0,164342,3,6,2,06,13,3,1,0,0,1,0,0,0,0
"POINT (8.814983962000042 53.081258212000080)",Unfall 164343 (2019) Kat:3, Licht: 0,164343,3,3,1,06,13,3,0,0,1,1,0,0,0,0
"POINT (8.804201780000028 53.072364744000026)",Unfall 164344 (2019) Kat:3, Licht: 0,164344,3,3,5,06,08,3,0,0,1,1,0,0,0,0
"POINT (8.618989909000050 53.179624010000055)",Unfall 164345 (2019) Kat:3, Licht: 1,164345,3,2,5,06,22,3,0,1,0,1,0,1,0,0
"POINT (8.940236090000042 53.058478534000074)",Unfall 164346 (2019) Kat:3, Licht: 0,164346,3,6,2,06,06,3,0,0,0,1,0,0,0,0
"POINT (8.825832851000030 53.073001339000029)",Unfall 164349 (2019) Kat:3, Licht: 0,164349,3,2,4,06,17,2,0,0,1,1,0,0,0,0
"POINT (8.779076477000047 53.065016237000066)",Unfall 164350 (2019) Kat:3, Licht: 0,164350,3,4,6,06,12,2,0,0,0,1,1,0,0,0
"POINT (8.793228050000039 53.088803296000037)",Unfall 164351 (2019) Kat:3, Licht: 0,164351,3,7,2,06,07,2,0,0,0,1,0,0,0,0
"POINT (8.854014006000057 53.080770898000026)",Unfall 164352 (2019) Kat:3, Licht: 0,164352,3,6,4,06,20,2,0,0,1,1,0,0,0,0
"POINT (8.856591478000041 53.088911214000063)",Unfall 164353 (2019) Kat:2, Licht: 0,164353,2,4,6,06,09,2,0,0,1,0,1,0,0,0
"POINT (8.849005003000059 53.031184640000049)",Unfall 164354 (2019) Kat:3, Licht: 0,164354,3,7,0,06,07,2,0,0,0,0,0,0,0,1
"POINT (8.955715928000075 53.076009210000052)",Unfall 164355 (2019) Kat:2, Licht: 0,164355,2,7,0,06,17,2,0,0,1,0,0,0,0,0
"POINT (8.900871914000049 53.089349699000081)",Unfall 164356 (2019) Kat:3, Licht: 0,164356,3,3,5,06,07,2,0,0,1,1,0,0,0,0
"POINT (8.859138791000021 53.063707777000047)",Unfall 164357 (2019) Kat:3, Licht: 0,164357,3,2,5,06,20,1,1,0,1,1,0,0,0,0
"POINT (8.782943294000063 53.094079272000045)",Unfall 164358 (2019) Kat:3, Licht: 0,164358,3,3,5,06,15,1,0,0,0,1,0,0,0,0
"POINT (8.907114568000054 53.120712001000072)",Unfall 164359 (2019) Kat:3, Licht: 0,164359,3,3,5,06,18,1,0,0,1,0,0,0,0,0
"POINT (8.817621632000055 53.038992538000059)",Unfall 164360 (2019) Kat:2, Licht: 0,164360,2,7,0,06,16,1,0,0,1,0,0,0,0,1
"POINT (8.846710781000070 53.092679921000069)",Unfall 164361 (2019) Kat:3, Licht: 0,164361,3,2,5,06,17,1,0,0,1,1,0,0,0,0
"POINT (8.887990543000058 53.066743847000055)",Unfall 164362 (2019) Kat:3, Licht: 0,164362,3,7,0,06,13,1,0,0,1,0,0,0,0,0
"POINT (8.781733446000033 53.089905562000069)",Unfall 164364 (2019) Kat:3, Licht: 0,164364,3,2,5,06,14,7,0,0,0,1,0,0,0,0
"POINT (8.827650906000031 53.072563675000026)",Unfall 164365 (2019) Kat:3, Licht: 0,164365,3,1,0,06,11,7,0,0,1,0,0,0,0,0
"POINT (8.818080208000026 53.077720920000047)",Unfall 164366 (2019) Kat:3, Licht: 0,164366,3,3,5,06,14,7,0,0,1,1,0,0,0,0
"POINT (8.818079692000026 53.077720820000081)",Unfall 164367 (2019) Kat:3, Licht: 0,164367,3,3,5,06,12,7,0,0,1,1,0,0,0,0
"POINT (8.787401478000049 53.089984931000060)",Unfall 164368 (2019) Kat:3, Licht: 0,164368,3,4,6,06,19,7,0,0,0,1,1,0,0,0
"POINT (8.524071575000050 53.204104401000052)",Unfall 164369 (2019) Kat:3, Licht: 0,164369,3,3,5,06,09,7,0,0,0,1,0,0,0,0
"POINT (8.809903900000052 53.095696162000081)",Unfall 164370 (2019) Kat:3, Licht: 0,164370,3,6,4,06,15,7,0,0,1,0,0,0,0,0
"POINT (8.887612458000035 53.059473147000062)",Unfall 164371 (2019) Kat:3, Licht: 0,164371,3,3,5,06,18,7,0,0,1,1,0,0,0,0
"POINT (8.868490090000023 53.098684568000067)",Unfall 164376 (2019) Kat:3, Licht: 2,164376,3,5,1,06,22,6,0,2,1,0,0,0,0,1
"POINT (8.836793910000040 53.082554943000048)",Unfall 164377 (2019) Kat:3, Licht: 0,164377,3,3,3,06,17,6,0,0,0,1,0,1,0,0
"POINT (8.899978931000021 53.059331766000071)",Unfall 164378 (2019) Kat:3, Licht: 0,164378,3,6,2,06,08,6,0,0,0,1,0,0,0,0
"POINT (8.741010882000069 53.052637399000048)",Unfall 164379 (2019) Kat:3, Licht: 0,164379,3,3,5,06,06,6,0,0,0,1,0,0,0,0
"POINT (8.749993573000040 53.120296857000028)",Unfall 164380 (2019) Kat:2, Licht: 0,164380,2,1,0,06,16,6,0,0,1,0,0,0,0,0
"POINT (8.796078804000047 53.102950924000027)",Unfall 164381 (2019) Kat:3, Licht: 0,164381,3,7,0,06,14,6,0,0,1,1,0,0,0,0
"POINT (8.897220222000044 53.058193868000046)",Unfall 164382 (2019) Kat:2, Licht: 0,164382,2,6,4,06,10,6,0,0,0,1,0,0,0,0
"POINT (8.957427136000035 53.057452460000036)",Unfall 164383 (2019) Kat:3, Licht: 0,164383,3,6,2,06,07,6,0,0,0,1,0,1,0,0
"POINT (8.833823962000054 53.090835540000057)",Unfall 164384 (2019) Kat:3, Licht: 0,164384,3,4,6,06,17,6,0,0,0,1,1,0,0,0
"POINT (8.791887677000034 53.075060251000082)",Unfall 164385 (2019) Kat:3, Licht: 1,164385,3,5,2,06,20,6,0,1,0,1,0,0,0,0
"POINT (8.840024114000073 53.078679632000046)",Unfall 164386 (2019) Kat:3, Licht: 0,164386,3,6,4,06,14,6,0,0,1,0,0,0,0,1
"POINT (8.902156088000027 53.105881150000073)",Unfall 164387 (2019) Kat:3, Licht: 0,164387,3,7,0,06,15,6,0,0,1,1,0,0,0,0
"POINT (8.782034932000045 53.095897256000057)",Unfall 164388 (2019) Kat:2, Licht: 0,164388,2,3,5,06,15,6,0,0,1,0,0,0,0,0
"POINT (8.814012233000028 53.073057824000045)",Unfall 164390 (2019) Kat:3, Licht: 0,164390,3,1,0,06,14,5,0,0,1,0,0,0,0,0
"POINT (8.636332222000021 53.166905500000041)",Unfall 164391 (2019) Kat:3, Licht: 0,164391,3,6,1,06,08,5,0,0,0,1,0,0,0,0
"POINT (8.953750661000072 53.034106171000076)",Unfall 164392 (2019) Kat:3, Licht: 0,164392,3,3,5,06,18,5,0,0,1,0,0,0,1,0
"POINT (8.890624459000037 53.110566740000081)",Unfall 164393 (2019) Kat:3, Licht: 0,164393,3,5,1,06,11,5,0,0,1,1,0,0,0,0
"POINT (8.941690671000060 53.058399548000068)",Unfall 164394 (2019) Kat:3, Licht: 0,164394,3,7,0,06,07,5,0,0,0,0,0,0,0,1