WKT,Name,OBJECTID,UKATEGORIE,UTYP1,UART,UMONAT,USTUNDE,UWOCHENTAG,STRZUSTAND,ULICHTVERH,ISTRAD,ISTPKW,ISTFUSS,ISTKRAD,ISTGKFZ,ISTSONSTIG
"POINT (8.946875455000054 53.060943305000080)",Unfall 164395 (2019) Kat:3, Licht: 0,164395,3,3,5,06,17,5,0,0,0,1,0,0,0,0
"POINT (8.804002314000059 53.072324813000080)",Unfall 164398 (2019) Kat:3, Licht: 0,164398,3,6,2,06,09,4,0,0,0,1,0,0,0,0
"POINT (8.861637316000042 53.099300555000070)",Unfall 164399 (2019) Kat:3, Licht: 0,164399,3,2,3,06,15,4,1,0,1,1,0,0,0,0
"POINT (8.817054907000056 53.078796858000032)",Unfall 164400 (2019) Kat:3, Licht: 0,164400,3,2,5,06,15,4,1,0,1,1,0,0,0,0
"POINT (8.962301514000046 53.053224793000027)",Unfall 164401 (2019) Kat:3, Licht: 0,164401,3,7,1,06,09,4,0,0,0,0,0,1,1,0
"POINT (8.582753090000040 53.182209390000082)",Unfall 164402 (2019) Kat:3, Licht: 0,164402,3,7,0,06,07,4,0,0,1,0,1,0,0,0
"POINT (8.959494986000038 53.040491798000062)",Unfall 164403 (2019) Kat:3, Licht: 0,164403,3,6,2,06,16,4,1,0,0,1,0,0,0,0
"POINT (8.797975294000025 53.073283510000067)",Unfall 164404 (2019) Kat:3, Licht: 0,164404,3,2,5,06,15,4,1,0,0,1,0,0,0,1
"POINT (8.899800991000063 53.038444891000040)",Unfall 164405 (2019) Kat:3, Licht: 0,164405,3,6,4,06,13,4,0,0,1,0,0,0,0,0
"POINT (8.899867522000022 53.124277530000029)",Unfall 164407 (2019) Kat:3, Licht: 0,164407,3,7,0,06,14,3,0,0,0,0,0,0,0,1
"POINT (8.823595219000026 53.076891892000049)",Unfall 164408 (2019) Kat:3, Licht: 0,164408,3,2,5,06,18,3,0,0,1,1,0,0,0,0
"POINT (8.797468927000068 53.083500813000057)",Unfall 164409 (2019) Kat:3, Licht: 0,164409,3,3,5,06,10,3,1,0,0,1,0,0,0,0
"POINT (8.789263259000052 53.097305177000067)",Unfall 164410 (2019) Kat:3, Licht: 0,164410,3,3,5,06,17,3,0,0,1,1,0,0,0,0
"POINT (8.731051150000042 53.135265596000067)",Unfall 164411 (2019) Kat:3, Licht: 0,164411,3,3,5,06,08,3,1,0,1,1,0,0,0,0
"POINT (8.817148480000071 53.083587188000081)",Unfall 164412 (2019) Kat:3, Licht: 0,164412,3,7,0,06,18,2,0,0,1,0,0,0,0,0
"POINT (8.781633583000030 53.086203056000045)",Unfall 164413 (2019) Kat:3, Licht: 0,164413,3,3,5,06,20,2,1,0,1,1,0,0,0,0
"POINT (8.791199756000026 53.091569598000035)",Unfall 164414 (2019) Kat:3, Licht: 2,164414,3,4,6,06,22,2,1,2,0,1,1,0,0,0
"POINT (8.875039550000054 53.082420387000070)",Unfall 164415 (2019) Kat:3, Licht: 0,164415,3,3,5,06,21,1,0,0,1,1,0,0,0,0
"POINT (8.783520650000071 53.103848179000067)",Unfall 164416 (2019) Kat:3, Licht: 0,164416,3,3,1,06,16,1,0,0,0,1,0,0,0,1
"POINT (8.812530092000031 53.079660559000047)",Unfall 164417 (2019) Kat:3, Licht: 0,164417,3,7,0,06,19,1,0,0,0,0,0,0,0,1
"POINT (8.840810546000057 53.094890289000034)",Unfall 164419 (2019) Kat:3, Licht: 2,164419,3,2,6,06,22,7,0,2,0,1,1,0,0,0
"POINT (8.749600061000024 53.124157088000061)",Unfall 164420 (2019) Kat:3, Licht: 1,164420,3,6,2,06,20,7,1,1,0,1,0,0,0,0
"POINT (8.842900100000065 53.033700624000062)",Unfall 164421 (2019) Kat:3, Licht: 0,164421,3,6,4,06,09,7,1,0,1,1,0,0,0,0
"POINT (8.818442881000067 53.042564053000035)",Unfall 164422 (2019) Kat:2, Licht: 2,164422,2,7,0,06,00,7,1,2,1,0,0,0,0,0
"POINT (8.571171184000036 53.181280195000056)",Unfall 164425 (2019) Kat:3, Licht: 0,164425,3,2,5,06,12,6,0,0,1,1,0,0,0,0
"POINT (8.808497393000039 53.083068453000067)",Unfall 164426 (2019) Kat:3, Licht: 0,164426,3,3,5,06,14,6,0,0,0,1,0,0,0,1
"POINT (8.791132933000029 53.058242157000052)",Unfall 164427 (2019) Kat:3, Licht: 0,164427,3,6,2,06,16,6,0,0,0,1,0,1,0,0
"POINT (8.845314142000063 53.091108883000061)",Unfall 164428 (2019) Kat:3, Licht: 0,164428,3,3,5,06,17,6,0,0,1,1,0,0,0,0
"POINT (8.650692145000051 53.180355961000032)",Unfall 164429 (2019) Kat:3, Licht: 0,164429,3,5,1,06,08,6,0,0,1,1,0,0,0,0
"POINT (8.876011755000036 53.081653012000061)",Unfall 164430 (2019) Kat:3, Licht: 0,164430,3,7,5,06,10,6,0,0,0,1,0,0,0,0
"POINT (8.829948931000047 53.081910085000061)",Unfall 164431 (2019) Kat:2, Licht: 0,164431,2,7,1,06,09,6,0,0,0,1,0,1,0,0
"POINT (8.938135251000063 53.068471950000060)",Unfall 164432 (2019) Kat:3, Licht: 0,164432,3,3,5,06,07,6,0,0,1,0,0,0,0,1
"POINT (8.782031255000049 53.070587812000042)",Unfall 164433 (2019) Kat:3, Licht: 0,164433,3,6,2,06,17,6,0,0,0,1,0,0,0,0
"POINT (8.869260414000053 53.074792639000066)",Unfall 164434 (2019) Kat:2, Licht: 0,164434,2,6,3,06,14,6,0,0,0,1,0,0,0,0
"POINT (8.759447877000071 53.115788061000046)",Unfall 164435 (2019) Kat:3, Licht: 0,164435,3,6,0,06,10,5,1,0,0,1,0,0,0,1
"POINT (8.827644182000029 53.072565742000052)",Unfall 164436 (2019) Kat:3, Licht: 0,164436,3,1,1,06,11,5,1,0,1,1,0,0,0,0
"POINT (8.835539910000023 53.084245089000035)",Unfall 164437 (2019) Kat:3, Licht: 0,164437,3,7,1,06,19,5,0,0,1,1,0,0,0,0
"POINT (8.824922193000020 53.075116258000037)",Unfall 164438 (2019) Kat:3, Licht: 0,164438,3,3,5,06,17,5,0,0,1,0,0,0,0,0
"POINT (8.880681786000025 53.101641100000052)",Unfall 164439 (2019) Kat:3, Licht: 0,164439,3,7,5,06,17,5,0,0,1,0,0,0,0,0
"POINT (8.780799986000034 53.069919006000077)",Unfall 164440 (2019) Kat:3, Licht: 0,164440,3,6,3,06,15,5,0,0,0,1,0,0,0,1
"POINT (8.812878998000031 53.081014912000057)",Unfall 164441 (2019) Kat:3, Licht: 0,164441,3,2,5,06,15,5,0,0,0,1,0,1,0,0
"POINT (8.879329927000072 53.112448792000066)",Unfall 164442 (2019) Kat:3, Licht: 0,164442,3,3,5,06,17,5,0,0,0,1,0,0,0,0
"POINT (8.800884856000039 53.084513753000067)",Unfall 164444 (2019) Kat:3, Licht: 0,164444,3,3,5,06,13,4,0,0,1,1,0,0,0,0
"POINT (8.946278070000062 53.039347697000039)",Unfall 164445 (2019) Kat:3, Licht: 2,164445,3,3,5,06,00,4,0,2,0,1,0,1,0,0
"POINT (8.741171139000073 53.138027123000029)",Unfall 164446 (2019) Kat:3, Licht: 0,164446,3,7,0,06,19,4,0,0,1,1,0,0,0,0
"POINT (8.724072979000027 53.046088898000050)",Unfall 164447 (2019) Kat:3, Licht: 0,164447,3,3,5,06,13,4,0,0,1,1,0,0,0,0
"POINT (8.795801129000040 53.089639723000062)",Unfall 164448 (2019) Kat:3, Licht: 0,164448,3,6,3,06,16,4,0,0,0,1,0,0,0,0
"POINT (8.722919368000021 53.175509696000063)",Unfall 164449 (2019) Kat:3, Licht: 0,164449,3,6,2,06,18,4,0,0,0,1,0,0,0,0
"POINT (8.941757632000076 53.065254696000068)",Unfall 164450 (2019) Kat:3, Licht: 2,164450,3,3,8,06,23,4,0,2,0,1,0,0,0,0
"POINT (8.669948751000050 53.174647087000039)",Unfall 164451 (2019) Kat:2, Licht: 0,164451,2,6,2,06,11,4,0,0,1,1,0,0,0,0
"POINT (8.828873068000064 53.041782539000053)",Unfall 164454 (2019) Kat:3, Licht: 0,164454,3,3,5,06,12,3,0,0,1,1,0,0,0,0
"POINT (8.812560444000042 53.081149258000039)",Unfall 164455 (2019) Kat:3, Licht: 0,164455,3,4,6,06,15,3,0,0,0,1,1,0,0,0
"POINT (8.943328114000053 53.066556260000027)",Unfall 164456 (2019) Kat:3, Licht: 0,164456,3,6,2,06,18,3,0,0,0,1,0,0,0,0
"POINT (8.801558067000030 53.071545925000066)",Unfall 164457 (2019) Kat:3, Licht: 0,164457,3,3,5,06,20,3,0,0,1,0,0,0,0,0
"POINT (8.730296362000047 53.138092161000031)",Unfall 164458 (2019) Kat:3, Licht: 0,164458,3,4,6,06,12,3,0,0,0,1,1,0,0,0
"POINT (8.844982463000065 53.075213231000077)",Unfall 164459 (2019) Kat:3, Licht: 0,164459,3,6,2,06,08,3,1,0,0,1,0,0,0,0
"POINT (8.796930817000032 53.068534595000074)",Unfall 164460 (2019) Kat:3, Licht: 0,164460,3,3,5,06,17,3,0,0,1,0,0,0,0,1
"POINT (8.605804958000022 53.184565214000031)",Unfall 164461 (2019) Kat:2, Licht: 0,164461,2,7,0,06,16,3,0,0,1,0,0,0,0,0
"POINT (8.899392245000058 53.084178857000040)",Unfall 164462 (2019) Kat:2, Licht: 0,164462,2,6,3,06,18,3,0,0,1,0,0,0,0,0
"POINT (8.892641406000053 53.079431000000056)",Unfall 164463 (2019) Kat:1, Licht: 0,164463,1,4,6,06,12,3,0,0,0,1,1,0,0,0
"POINT (8.792380625000021 53.099341883000079)",Unfall 164467 (2019) Kat:3, Licht: 0,164467,3,1,0,06,08,2,1,0,1,0,0,0,0,0
"POINT (8.804371329000048 53.079621492000058)",Unfall 164468 (2019) Kat:3, Licht: 0,164468,3,1,0,06,10,2,1,0,1,0,0,0,0,0
"POINT (8.752132457000073 53.112265601000047)",Unfall 164469 (2019) Kat:3, Licht: 0,164469,3,6,1,06,11,2,0,0,0,1,0,0,0,0
"POINT (8.756333343000051 53.118407651000041)",Unfall 164470 (2019) Kat:3, Licht: 2,164470,3,3,6,06,22,2,1,2,0,1,1,0,0,0
"POINT (8.794063222000034 53.101624267000034)",Unfall 164471 (2019) Kat:3, Licht: 0,164471,3,7,0,06,12,2,0,0,0,1,0,0,0,1
"POINT (8.825122847000046 53.084340241000064)",Unfall 164472 (2019) Kat:3, Licht: 0,164472,3,2,5,06,06,2,0,0,1,0,0,0,1,0
"POINT (8.842764765000027 53.072302245000060)",Unfall 164474 (2019) Kat:3, Licht: 0,164474,3,3,5,06,18,1,0,0,1,0,0,0,0,0
"POINT (8.744291128000043 53.136970016000078)",Unfall 164475 (2019) Kat:3, Licht: 0,164475,3,7,0,06,19,1,0,0,1,0,0,0,0,0
"POINT (8.733769725000059 53.058435524000060)",Unfall 164476 (2019) Kat:1, Licht: 0,164476,1,3,5,06,19,1,0,0,1,1,0,0,0,0
"POINT (8.731386464000025 53.135222030000079)",Unfall 164477 (2019) Kat:2, Licht: 2,164477,2,1,7,06,21,1,0,2,1,0,0,0,0,0
"POINT (8.737105977000056 53.079742339000063)",Unfall 164478 (2019) Kat:2, Licht: 0,164478,2,3,5,06,11,1,0,0,0,1,0,0,0,0
"POINT (8.808944631000031 53.078543043000082)",Unfall 164480 (2019) Kat:3, Licht: 0,164480,3,3,5,06,12,7,0,0,1,1,0,0,0,0
"POINT (8.635688410000057 53.171050375000050)",Unfall 164481 (2019) Kat:3, Licht: 0,164481,3,7,7,06,11,7,0,0,1,0,0,0,0,1
"POINT (8.695276220000039 53.168755406000059)",Unfall 164482 (2019) Kat:2, Licht: 0,164482,2,3,5,06,13,7,0,0,1,0,0,0,0,1
"POINT (8.718565781000052 53.045862027000055)",Unfall 164483 (2019) Kat:3, Licht: 0,164483,3,3,5,06,10,7,0,0,0,1,0,0,0,0
"POINT (8.810006776000023 53.062615734000076)",Unfall 164485 (2019) Kat:3, Licht: 0,164485,3,7,0,05,15,6,0,0,1,0,0,0,0,0
"POINT (8.624891580000053 53.169877952000036)",Unfall 164486 (2019) Kat:3, Licht: 0,164486,3,6,2,05,13,6,0,0,0,1,0,0,0,0
"POINT (8.778545079000026 53.094420882000065)",Unfall 164487 (2019) Kat:3, Licht: 0,164487,3,3,5,05,13,6,0,0,0,1,0,1,0,0
"POINT (8.810520513000029 53.071961611000063)",Unfall 164488 (2019) Kat:3, Licht: 2,164488,3,1,9,05,03,6,1,2,0,1,0,0,0,0
"POINT (8.712000409000041 53.091721819000043)",Unfall 164489 (2019) Kat:3, Licht: 0,164489,3,6,2,05,16,6,0,0,0,1,0,1,0,0
"POINT (8.884822709000048 53.078968762000045)",Unfall 164490 (2019) Kat:3, Licht: 0,164490,3,2,5,05,13,6,0,0,1,1,0,0,0,0
"POINT (8.791632464000031 53.085837631000061)",Unfall 164491 (2019) Kat:3, Licht: 0,164491,3,6,2,05,13,6,0,0,0,1,0,0,0,0
"POINT (8.780394150000063 53.088273025000035)",Unfall 164492 (2019) Kat:2, Licht: 0,164492,2,6,3,05,18,6,0,0,0,1,0,0,0,0
"POINT (8.939000121000049 53.068218524000031)",Unfall 164494 (2019) Kat:3, Licht: 0,164494,3,3,5,05,18,5,0,0,1,1,0,0,0,0
"POINT (8.650298240000041 53.173938137000050)",Unfall 164495 (2019) Kat:3, Licht: 0,164495,3,7,0,05,11,5,0,0,1,0,0,0,0,0
"POINT (8.723588558000074 53.076686918000064)",Unfall 164496 (2019) Kat:2, Licht: 0,164496,2,3,5,07,06,3,0,0,1,1,0,0,0,0
"POINT (8.932499324000048 53.038848845000075)",Unfall 164497 (2019) Kat:3, Licht: 0,164497,3,7,0,05,10,5,1,0,0,0,0,1,0,1
"POINT (8.809194016000049 53.060813029000030)",Unfall 164498 (2019) Kat:3, Licht: 0,164498,3,5,1,05,11,5,0,0,1,1,0,0,0,0
"POINT (8.784675201000027 53.084697169000037)",Unfall 164499 (2019) Kat:3, Licht: 0,164499,3,3,5,05,14,4,0,0,1,1,0,0,0,0
"POINT (8.859135030000061 53.111006041000053)",Unfall 164500 (2019) Kat:3, Licht: 0,164500,3,7,5,05,13,4,0,0,1,1,0,0,0,0
"POINT (8.758859613000027 53.115996608000046)",Unfall 164501 (2019) Kat:3, Licht: 0,164501,3,3,5,05,16,4,0,0,1,0,0,0,0,1
"POINT (8.811873776000027 53.073611122000045)",Unfall 164502 (2019) Kat:3, Licht: 0,164502,3,2,5,05,10,4,0,0,0,1,0,0,0,1
"POINT (8.736848554000062 53.133553501000051)",Unfall 164503 (2019) Kat:3, Licht: 2,164503,3,2,2,05,23,4,0,2,0,1,0,0,0,0
"POINT (8.833461614000044 53.094443642000044)",Unfall 164504 (2019) Kat:3, Licht: 0,164504,3,3,5,05,09,4,0,0,1,1,0,0,0,0
"POINT (8.794899465000071 53.093972466000082)",Unfall 164505 (2019) Kat:3, Licht: 0,164505,3,3,5,05,13,4,0,0,1,1,0,0,0,0
"POINT (8.797534903000042 53.080446924000057)",Unfall 164506 (2019) Kat:3, Licht: 0,164506,3,4,6,05,16,4,0,0,0,1,1,0,0,0
"POINT (8.757225198000072 53.117529591000050)",Unfall 164507 (2019) Kat:3, Licht: 0,164507,3,6,1,05,19,4,0,0,0,1,0,0,0,1
"POINT (8.810122497000066 53.082136210000044)",Unfall 164508 (2019) Kat:3, Licht: 2,164508,3,6,3,05,22,4,0,2,0,1,0,0,0,0
"POINT (8.793910687000050 53.093651665000039)",Unfall 164509 (2019) Kat:3, Licht: 0,164509,3,6,3,05,10,4,0,0,0,0,0,1,1,0
"POINT (8.770853578000072 53.101923954000029)",Unfall 164511 (2019) Kat:3, Licht: 0,164511,3,3,5,05,08,3,0,0,0,1,0,0,0,0
"POINT (8.735495700000058 53.039284802000054)",Unfall 164512 (2019) Kat:3, Licht: 0,164512,3,1,0,05,20,3,0,0,0,0,0,1,0,0
"POINT (8.847941533000039 53.050802868000062)",Unfall 164513 (2019) Kat:3, Licht: 0,164513,3,6,2,05,08,3,0,0,0,1,0,0,0,0
"POINT (8.564392915000042 53.182720698000082)",Unfall 164514 (2019) Kat:3, Licht: 1,164514,3,1,0,05,19,3,0,1,1,0,0,0,0,0
"POINT (8.817916230000037 53.078351700000042)",Unfall 164515 (2019) Kat:3, Licht: 0,164515,3,6,2,05,11,3,0,0,0,1,0,0,0,0
"POINT (8.804618228000038 53.085793178000074)",Unfall 164516 (2019) Kat:3, Licht: 0,164516,3,2,5,05,08,3,0,0,0,1,0,0,0,0
"POINT (8.963626183000031 53.061066717000074)",Unfall 164517 (2019) Kat:2, Licht: 0,164517,2,2,5,05,13,3,0,0,1,1,0,0,0,0
"POINT (8.894607114000053 53.079459652000082)",Unfall 164518 (2019) Kat:3, Licht: 0,164518,3,3,5,05,07,3,0,0,1,1,0,0,0,0
"POINT (8.843642170000067 53.031428714000072)",Unfall 164521 (2019) Kat:3, Licht: 0,164521,3,6,3,05,14,2,0,0,1,0,0,0,0,0
"POINT (8.813704981000058 53.055612125000039)",Unfall 164522 (2019) Kat:3, Licht: 0,164522,3,3,5,05,18,2,0,0,1,1,0,0,0,0
"POINT (8.848193016000039 53.074531508000064)",Unfall 164523 (2019) Kat:3, Licht: 0,164523,3,7,0,05,13,2,0,0,0,0,0,0,0,1
"POINT (8.876493698000047 53.065987028000052)",Unfall 164524 (2019) Kat:2, Licht: 2,164524,2,6,4,06,22,6,0,2,1,0,0,0,0,0
"POINT (8.856879681000066 53.073450043000037)",Unfall 164525 (2019) Kat:3, Licht: 0,164525,3,3,1,05,16,2,0,0,1,0,0,0,0,1
"POINT (8.875528462000034 53.066301318000058)",Unfall 164526 (2019) Kat:3, Licht: 0,164526,3,3,5,05,10,2,0,0,0,1,0,0,0,0
"POINT (8.874768727000060 53.083352938000075)",Unfall 164528 (2019) Kat:3, Licht: 0,164528,3,2,5,07,13,3,0,0,0,1,0,0,0,0
"POINT (8.833044400000063 53.068571102000078)",Unfall 164531 (2019) Kat:3, Licht: 0,164531,3,6,2,08,08,5,1,0,0,1,0,0,0,0
"POINT (8.838234494000062 53.082547232000081)",Unfall 164532 (2019) Kat:3, Licht: 2,164532,3,6,2,08,22,5,0,2,0,1,0,0,0,0
"POINT (8.892343444000062 53.079471502000047)",Unfall 164533 (2019) Kat:3, Licht: 0,164533,3,6,3,08,18,5,0,0,0,1,0,0,0,0
"POINT (8.805224921000047 53.083610390000047)",Unfall 164534 (2019) Kat:2, Licht: 0,164534,2,4,6,08,12,5,0,0,0,0,1,0,0,1
"POINT (8.576130244000069 53.203402452000034)",Unfall 164535 (2019) Kat:3, Licht: 0,164535,3,2,5,08,08,5,1,0,0,1,0,0,0,0
"POINT (8.796419748000062 53.071915605000072)",Unfall 164536 (2019) Kat:3, Licht: 0,164536,3,3,5,08,18,5,0,0,1,1,0,0,0,0
"POINT (8.850779328000044 53.031284901000049)",Unfall 164537 (2019) Kat:3, Licht: 0,164537,3,7,0,08,14,5,1,0,0,0,0,1,0,1
"POINT (8.849142496000070 53.068450530000064)",Unfall 164538 (2019) Kat:2, Licht: 0,164538,2,7,0,08,19,4,0,0,1,0,0,0,0,0
"POINT (8.819933628000058 53.051491606000070)",Unfall 164539 (2019) Kat:3, Licht: 0,164539,3,4,6,08,17,4,0,0,0,0,1,0,0,1
"POINT (8.786147170000049 53.089453926000033)",Unfall 164540 (2019) Kat:3, Licht: 0,164540,3,6,1,08,15,4,0,0,0,1,0,0,1,0
"POINT (8.856554340000059 53.071352395000076)",Unfall 164541 (2019) Kat:2, Licht: 0,164541,2,2,5,08,16,4,0,0,1,1,0,0,0,0
"POINT (8.827323889000070 53.083115372000066)",Unfall 164542 (2019) Kat:3, Licht: 0,164542,3,6,2,08,15,4,0,0,0,1,0,0,0,0
"POINT (8.857644746000062 53.069897203000039)",Unfall 164543 (2019) Kat:2, Licht: 0,164543,2,6,4,08,16,4,0,0,1,0,0,0,0,0
"POINT (8.838712680000072 53.154640878000066)",Unfall 164544 (2019) Kat:2, Licht: 0,164544,2,1,0,08,12,4,0,0,1,0,0,0,0,0
"POINT (8.800801153000066 53.071729244000039)",Unfall 164546 (2019) Kat:3, Licht: 0,164546,3,6,2,08,18,3,0,0,0,1,0,0,0,0
"POINT (8.788177495000070 53.076491706000070)",Unfall 164547 (2019) Kat:2, Licht: 0,164547,2,2,0,08,08,3,1,0,1,1,0,0,0,0
"POINT (8.880584846000033 53.076797306000060)",Unfall 164548 (2019) Kat:3, Licht: 0,164548,3,6,2,08,12,3,1,0,0,1,0,0,0,0
"POINT (8.812610942000049 53.080835485000080)",Unfall 164549 (2019) Kat:3, Licht: 0,164549,3,1,0,08,15,3,0,0,1,1,0,0,0,0
"POINT (8.798340361000044 53.083619114000044)",Unfall 164550 (2019) Kat:3, Licht: 0,164550,3,4,6,08,18,3,0,0,1,0,1,0,0,0
"POINT (8.808909610000058 53.072186901000066)",Unfall 164551 (2019) Kat:3, Licht: 0,164551,3,1,8,08,08,3,1,0,1,0,0,0,0,0
"POINT (8.740716205000069 53.052686733000030)",Unfall 164552 (2019) Kat:3, Licht: 0,164552,3,3,5,08,15,3,1,0,1,1,0,0,0,0
"POINT (8.949778035000065 53.064174506000029)",Unfall 164553 (2019) Kat:3, Licht: 0,164553,3,2,5,08,11,3,0,0,0,1,0,1,0,0
"POINT (8.934500414000070 53.069573253000044)",Unfall 164554 (2019) Kat:3, Licht: 0,164554,3,1,7,08,15,3,1,0,1,0,0,0,0,0
"POINT (8.855198990000076 53.081170638000060)",Unfall 164555 (2019) Kat:3, Licht: 1,164555,3,6,3,08,20,3,1,1,1,0,0,0,0,0
"POINT (8.815226397000060 53.082253666000042)",Unfall 164556 (2019) Kat:3, Licht: 0,164556,3,7,0,08,11,3,0,0,0,0,0,0,1,0
"POINT (8.806952387000024 53.081883728000037)",Unfall 164561 (2019) Kat:3, Licht: 0,164561,3,5,6,08,17,2,0,0,0,1,1,0,0,0
"POINT (8.869832529000064 53.097241013000030)",Unfall 164562 (2019) Kat:3, Licht: 0,164562,3,6,4,08,16,2,0,0,1,0,0,0,0,0
"POINT (8.805621722000069 53.081185621000031)",Unfall 164563 (2019) Kat:3, Licht: 0,164563,3,6,4,08,09,2,0,0,1,0,0,0,0,0
"POINT (8.776180133000025 53.098651710000070)",Unfall 164564 (2019) Kat:3, Licht: 0,164564,3,3,5,08,15,1,0,0,1,0,0,1,0,0
"POINT (8.805381013000044 53.074384290000069)",Unfall 164566 (2019) Kat:3, Licht: 0,164566,3,1,0,08,11,7,0,0,1,0,0,0,0,0
"POINT (8.850173192000057 53.067743271000040)",Unfall 164567 (2019) Kat:2, Licht: 0,164567,2,6,2,08,17,7,0,0,1,0,0,0,0,0
"POINT (8.777826699000059 53.099483847000045)",Unfall 164568 (2019) Kat:3, Licht: 0,164568,3,6,2,08,16,7,1,0,0,1,0,0,0,0
"POINT (8.820745867000028 53.069331543000033)",Unfall 164569 (2019) Kat:3, Licht: 2,164569,3,4,6,08,22,7,0,2,1,0,1,0,0,0
"POINT (8.800912090000054 53.068393633000028)",Unfall 164570 (2019) Kat:3, Licht: 1,164570,3,1,1,08,05,7,0,1,1,1,0,0,0,0
"POINT (8.962625648000028 53.059948456000029)",Unfall 164571 (2019) Kat:2, Licht: 0,164571,2,7,0,08,16,7,1,0,0,0,0,0,0,1
"POINT (8.748776565000071 53.124879647000057)",Unfall 164575 (2019) Kat:3, Licht: 0,164575,3,2,3,08,16,6,1,0,0,1,0,0,0,0
"POINT (8.884717358000046 53.083564348000039)",Unfall 164576 (2019) Kat:3, Licht: 0,164576,3,3,5,08,13,6,0,0,0,1,0,0,0,0
"POINT (8.853506646000028 53.064899287000060)",Unfall 164577 (2019) Kat:3, Licht: 0,164577,3,3,5,08,14,6,0,0,1,1,0,0,0,0
"POINT (8.804268181000055 53.059430053000028)",Unfall 164578 (2019) Kat:3, Licht: 0,164578,3,2,1,08,19,6,1,0,0,1,0,0,0,1
"POINT (8.796893933000035 53.069624686000054)",Unfall 164579 (2019) Kat:2, Licht: 0,164579,2,7,7,08,12,6,0,0,1,0,0,0,0,1
"POINT (8.721558494000021 53.106409529000075)",Unfall 164580 (2019) Kat:3, Licht: 0,164580,3,6,4,08,16,6,1,0,1,0,0,0,0,0
"POINT (8.723607360000074 53.076736422000067)",Unfall 164581 (2019) Kat:2, Licht: 0,164581,2,3,5,08,13,6,0,0,1,1,0,0,0,0
"POINT (8.956480998000075 53.035195656000042)",Unfall 164582 (2019) Kat:3, Licht: 0,164582,3,6,2,08,14,6,0,0,0,1,0,0,0,0
"POINT (8.861689340000055 53.099365788000057)",Unfall 164583 (2019) Kat:3, Licht: 0,164583,3,2,5,08,17,6,1,0,1,1,0,0,0,0
"POINT (8.843129375000046 53.080986055000039)",Unfall 164587 (2019) Kat:3, Licht: 1,164587,3,2,2,08,19,5,1,1,0,1,0,0,0,0
"POINT (8.955376937000040 53.075721423000061)",Unfall 164588 (2019) Kat:3, Licht: 0,164588,3,3,5,08,13,5,0,0,0,1,0,1,0,0
"POINT (8.573040901000070 53.198613788000046)",Unfall 164589 (2019) Kat:3, Licht: 0,164589,3,3,5,08,09,5,0,0,0,1,0,0,0,0
"POINT (8.806921405000026 53.075550544000066)",Unfall 164590 (2019) Kat:3, Licht: 0,164590,3,6,2,08,19,5,0,0,1,0,0,0,0,0
"POINT (8.648555718000068 53.173723580000058)",Unfall 164591 (2019) Kat:3, Licht: 0,164591,3,7,0,08,15,5,0,0,1,0,0,0,0,0
"POINT (8.704573011000036 53.155196891000060)",Unfall 164592 (2019) Kat:3, Licht: 0,164592,3,2,5,08,17,5,0,0,1,1,0,0,0,0
"POINT (8.571454095000036 53.181307646000050)",Unfall 164593 (2019) Kat:3, Licht: 0,164593,3,3,5,08,11,5,0,0,1,1,0,0,0,0
"POINT (8.874461303000032 53.083221879000064)",Unfall 164594 (2019) Kat:2, Licht: 0,164594,2,3,5,08,08,5,0,0,1,1,0,0,0,0
"POINT (8.882627662000061 53.053151416000048)",Unfall 164595 (2019) Kat:3, Licht: 2,164595,3,7,0,08,22,5,0,2,1,1,0,0,0,0
"POINT (8.861218038000061 53.103297233000035)",Unfall 164599 (2019) Kat:3, Licht: 0,164599,3,3,5,08,12,4,0,0,0,1,0,0,0,0
"POINT (8.808273029000077 53.094717296000056)",Unfall 164600 (2019) Kat:3, Licht: 0,164600,3,2,5,08,07,4,0,0,1,1,0,0,0,0
"POINT (8.724416882000071 53.057022245000041)",Unfall 164601 (2019) Kat:3, Licht: 0,164601,3,6,4,08,13,4,0,0,0,1,0,0,0,0
"POINT (8.816033181000023 53.081087443000058)",Unfall 164602 (2019) Kat:3, Licht: 0,164602,3,3,5,08,10,4,0,0,1,1,0,0,0,0
"POINT (8.788165339000045 53.076473220000082)",Unfall 164603 (2019) Kat:3, Licht: 0,164603,3,2,5,08,07,4,0,0,1,0,0,0,1,0
"POINT (8.841911829000026 53.083312510000042)",Unfall 164604 (2019) Kat:3, Licht: 0,164604,3,3,5,08,09,4,0,0,1,1,0,0,0,0
"POINT (8.872927113000060 53.067098301000044)",Unfall 164605 (2019) Kat:3, Licht: 0,164605,3,7,1,08,11,4,0,0,0,1,0,0,0,0
"POINT (8.923358769000060 53.059267268000042)",Unfall 164606 (2019) Kat:3, Licht: 0,164606,3,7,2,08,14,4,0,0,0,1,0,0,1,0
"POINT (8.901368186000070 53.089514425000061)",Unfall 164611 (2019) Kat:3, Licht: 0,164611,3,3,5,08,12,3,0,0,0,1,0,0,0,0
"POINT (8.629200157000071 53.172109071000079)",Unfall 164612 (2019) Kat:3, Licht: 0,164612,3,4,6,08,09,3,0,0,0,0,1,1,0,0
"POINT (8.817505598000025 53.083468635000031)",Unfall 164613 (2019) Kat:3, Licht: 0,164613,3,7,1,08,14,3,0,0,1,1,0,0,0,0