WKT,Name,OBJECTID,UKATEGORIE,UTYP1,UART,UMONAT,USTUNDE,UWOCHENTAG,STRZUSTAND,ULICHTVERH,ISTRAD,ISTPKW,ISTFUSS,ISTKRAD,ISTGKFZ,ISTSONSTIG
"POINT (8.804142078000041 53.085471087000030)",Unfall 164614 (2019) Kat:3, Licht: 0,164614,3,6,3,08,11,3,0,0,0,1,0,0,0,1
"POINT (8.549158071000022 53.187911868000072)",Unfall 164615 (2019) Kat:3, Licht: 0,164615,3,7,4,08,12,3,0,0,0,1,0,0,0,1
"POINT (8.854070522000029 53.074856859000079)",Unfall 164616 (2019) Kat:3, Licht: 0,164616,3,3,5,08,16,3,0,0,1,0,0,0,0,0
"POINT (8.800762621000047 53.071161018000055)",Unfall 164617 (2019) Kat:3, Licht: 0,164617,3,7,0,08,09,3,0,0,1,0,0,0,1,0
"POINT (8.889533931000074 53.061654254000075)",Unfall 164618 (2019) Kat:3, Licht: 0,164618,3,3,5,08,13,3,0,0,1,1,0,0,0,0
"POINT (8.807616531000065 53.094475674000080)",Unfall 164621 (2019) Kat:3, Licht: 0,164621,3,6,2,08,16,2,0,0,0,1,0,0,0,1
"POINT (8.795286335000071 53.090828863000070)",Unfall 164622 (2019) Kat:3, Licht: 0,164622,3,6,2,08,12,2,0,0,0,1,0,0,0,0
"POINT (8.796552512000062 53.081720103000066)",Unfall 164623 (2019) Kat:2, Licht: 0,164623,2,7,5,08,16,2,0,0,1,1,0,0,0,0
"POINT (8.936865370000021 53.082459571000072)",Unfall 164625 (2019) Kat:3, Licht: 2,164625,3,1,8,08,22,1,0,2,0,1,0,0,0,0
"POINT (8.793198325000049 53.092765616000065)",Unfall 164626 (2019) Kat:3, Licht: 2,164626,3,6,2,08,23,1,0,2,0,1,0,0,0,0
"POINT (8.872618717000023 53.067372161000037)",Unfall 164627 (2019) Kat:3, Licht: 0,164627,3,2,0,08,20,1,0,0,0,1,0,0,0,0
"POINT (8.645819015000029 53.163753714000052)",Unfall 164628 (2019) Kat:3, Licht: 0,164628,3,5,1,08,14,1,0,0,0,1,0,0,0,0
"POINT (8.618657229000064 53.176792740000053)",Unfall 164629 (2019) Kat:3, Licht: 0,164629,3,3,5,08,06,7,0,0,0,1,0,0,0,0
"POINT (8.895687310000028 53.033771827000066)",Unfall 164631 (2019) Kat:3, Licht: 0,164631,3,2,5,08,06,6,0,0,1,1,0,0,0,0
"POINT (8.812599718000058 53.098224395000045)",Unfall 164632 (2019) Kat:3, Licht: 0,164632,3,6,2,08,17,6,0,0,0,1,0,0,0,0
"POINT (8.739058180000029 53.146863446000054)",Unfall 164633 (2019) Kat:3, Licht: 0,164633,3,6,2,08,08,6,0,0,0,1,0,0,0,0
"POINT (8.796968795000055 53.068609324000079)",Unfall 164634 (2019) Kat:3, Licht: 0,164634,3,1,0,08,19,6,1,0,1,0,0,0,0,0
"POINT (8.872459391000064 53.063182359000052)",Unfall 164637 (2019) Kat:3, Licht: 0,164637,3,3,5,08,09,5,0,0,0,1,0,0,0,0
"POINT (8.958393661000059 53.046383021000054)",Unfall 164638 (2019) Kat:3, Licht: 0,164638,3,6,2,08,15,5,0,0,0,1,0,0,0,0
"POINT (8.948884530000044 53.035933604000036)",Unfall 164639 (2019) Kat:3, Licht: 0,164639,3,3,5,08,17,5,0,0,1,1,0,0,0,0
"POINT (8.768459173000053 53.104758696000033)",Unfall 164640 (2019) Kat:3, Licht: 0,164640,3,6,2,08,14,5,0,0,0,1,0,0,0,1
"POINT (8.783271734000039 53.069729547000065)",Unfall 164641 (2019) Kat:3, Licht: 0,164641,3,3,5,08,16,5,0,0,0,1,0,0,0,0
"POINT (8.796609665000062 53.068301667000071)",Unfall 164644 (2019) Kat:3, Licht: 0,164644,3,4,6,07,13,4,0,0,0,1,1,0,0,0
"POINT (8.763911128000075 53.108617985000080)",Unfall 164645 (2019) Kat:3, Licht: 0,164645,3,7,0,07,13,4,0,0,0,0,0,0,0,1
"POINT (8.722636279000028 53.044147024000040)",Unfall 164646 (2019) Kat:3, Licht: 0,164646,3,3,5,07,13,4,0,0,0,1,0,0,0,1
"POINT (8.782703681000044 53.087145518000057)",Unfall 164647 (2019) Kat:3, Licht: 0,164647,3,2,5,07,13,4,0,0,0,1,0,0,0,0
"POINT (8.876555180000025 53.081048334000059)",Unfall 164648 (2019) Kat:2, Licht: 0,164648,2,3,5,07,10,4,0,0,1,1,0,0,0,0
"POINT (8.910599907000062 53.044584023000027)",Unfall 164649 (2019) Kat:3, Licht: 2,164649,3,1,8,07,22,4,0,2,0,0,0,1,0,0
"POINT (8.884699069000021 53.050133899000059)",Unfall 164650 (2019) Kat:3, Licht: 0,164650,3,6,2,07,08,4,0,0,0,1,0,1,0,0
"POINT (8.582565456000054 53.182336313000064)",Unfall 164652 (2019) Kat:2, Licht: 0,164652,2,6,0,07,09,3,0,0,0,1,0,0,0,1
"POINT (8.725562592000074 53.139779988000043)",Unfall 164653 (2019) Kat:3, Licht: 0,164653,3,3,0,07,10,3,0,0,1,1,0,0,0,0
"POINT (8.582797288000052 53.182179493000035)",Unfall 164654 (2019) Kat:2, Licht: 0,164654,2,1,0,07,09,3,0,0,0,1,0,0,0,1
"POINT (8.608621767000045 53.185644862000061)",Unfall 164655 (2019) Kat:2, Licht: 0,164655,2,7,0,07,11,3,0,0,1,1,0,0,0,0
"POINT (8.835135646000026 53.091460499000050)",Unfall 164656 (2019) Kat:2, Licht: 0,164656,2,3,5,07,12,3,0,0,1,1,0,0,0,0
"POINT (8.829741967000075 53.089764995000053)",Unfall 164657 (2019) Kat:3, Licht: 0,164657,3,7,0,07,08,3,0,0,1,0,0,0,0,1
"POINT (8.752429967000069 53.119781301000046)",Unfall 164658 (2019) Kat:3, Licht: 0,164658,3,1,0,07,11,2,0,0,0,0,0,1,0,0
"POINT (8.784273877000032 53.067990160000079)",Unfall 164659 (2019) Kat:3, Licht: 0,164659,3,6,4,07,16,2,0,0,1,0,0,0,0,0
"POINT (8.959505882000030 53.040432392000071)",Unfall 164660 (2019) Kat:3, Licht: 0,164660,3,6,2,07,15,2,0,0,0,1,0,0,0,0
"POINT (8.811362814000063 53.083352250000075)",Unfall 164661 (2019) Kat:3, Licht: 0,164661,3,3,5,07,17,2,0,0,1,0,0,0,0,1
"POINT (8.852302580000071 53.057153993000043)",Unfall 164662 (2019) Kat:2, Licht: 0,164662,2,6,4,07,18,2,0,0,0,1,0,0,0,0
"POINT (8.735476818000052 53.084239241000034)",Unfall 164663 (2019) Kat:2, Licht: 0,164663,2,6,3,07,13,2,0,0,1,1,0,0,0,0
"POINT (8.812915301000032 53.073982110000031)",Unfall 164664 (2019) Kat:2, Licht: 2,164664,2,1,0,08,04,1,1,2,1,0,0,0,0,0
"POINT (8.869259604000035 53.074791969000046)",Unfall 164665 (2019) Kat:3, Licht: 0,164665,3,3,5,07,16,2,0,0,1,1,0,0,0,0
"POINT (8.867852870000036 53.103229843000065)",Unfall 164666 (2019) Kat:3, Licht: 0,164666,3,7,6,07,16,2,0,0,1,0,1,0,0,0
"POINT (8.739493755000069 53.048809286000051)",Unfall 164667 (2019) Kat:3, Licht: 2,164667,3,2,5,08,20,7,1,2,1,1,0,0,0,0
"POINT (8.835625733000029 53.073780148000026)",Unfall 164668 (2019) Kat:3, Licht: 2,164668,3,3,5,08,23,1,0,2,0,1,0,1,0,0
"POINT (8.775482999000076 53.099404365000055)",Unfall 164669 (2019) Kat:3, Licht: 0,164669,3,7,0,07,14,1,0,0,0,0,0,0,0,1
"POINT (8.777806564000059 53.099439215000075)",Unfall 164670 (2019) Kat:3, Licht: 2,164670,3,3,5,08,01,7,1,2,1,1,0,0,0,0
"POINT (8.599767829000030 53.177854723000053)",Unfall 164671 (2019) Kat:3, Licht: 0,164671,3,3,5,07,13,1,0,0,0,1,0,0,0,0
"POINT (8.938027307000027 53.061250834000077)",Unfall 164672 (2019) Kat:3, Licht: 0,164672,3,2,3,08,15,2,0,0,1,1,0,0,0,0
"POINT (8.837350354000023 53.076859502000048)",Unfall 164673 (2019) Kat:3, Licht: 2,164673,3,3,5,07,00,1,0,2,0,1,0,0,0,0
"POINT (8.827707378000071 53.083023326000045)",Unfall 164674 (2019) Kat:3, Licht: 0,164674,3,2,5,07,12,1,0,0,1,1,0,0,0,0
"POINT (8.734440657000050 53.043525547000058)",Unfall 164676 (2019) Kat:3, Licht: 0,164676,3,6,2,07,11,1,0,0,0,1,0,0,0,0
"POINT (8.804828404000034 53.077407583000081)",Unfall 164677 (2019) Kat:3, Licht: 0,164677,3,7,0,07,10,1,0,0,1,0,0,0,0,0
"POINT (8.900462040000036 53.124133070000028)",Unfall 164679 (2019) Kat:3, Licht: 0,164679,3,6,2,07,11,7,0,0,0,1,0,0,0,0
"POINT (8.851660933000062 53.083772544000055)",Unfall 164682 (2019) Kat:3, Licht: 0,164682,3,2,3,07,12,6,0,0,1,1,0,0,0,0
"POINT (8.628852547000065 53.168150482000044)",Unfall 164683 (2019) Kat:3, Licht: 0,164683,3,4,6,07,16,6,0,0,0,0,1,0,0,1
"POINT (8.853499259000046 53.064900829000067)",Unfall 164684 (2019) Kat:3, Licht: 2,164684,3,2,5,07,22,6,0,2,0,1,0,0,0,0
"POINT (8.792348615000037 53.094134918000066)",Unfall 164685 (2019) Kat:3, Licht: 0,164685,3,4,6,07,10,6,0,0,0,1,1,0,0,0
"POINT (8.840847561000032 53.040452658000049)",Unfall 164688 (2019) Kat:3, Licht: 0,164688,3,3,5,07,15,5,0,0,0,1,0,0,0,0
"POINT (8.949641507000024 53.092823119000059)",Unfall 164689 (2019) Kat:3, Licht: 0,164689,3,3,5,07,09,5,0,0,1,0,0,0,0,1
"POINT (8.924257011000066 53.038083749000066)",Unfall 164690 (2019) Kat:2, Licht: 0,164690,2,7,6,07,17,5,0,0,0,1,1,0,0,0
"POINT (8.574683379000021 53.192822272000058)",Unfall 164691 (2019) Kat:3, Licht: 0,164691,3,7,0,07,18,5,0,0,1,0,0,0,0,0
"POINT (8.715292479000027 53.050886980000030)",Unfall 164692 (2019) Kat:3, Licht: 0,164692,3,3,5,07,09,5,0,0,0,1,0,0,0,1
"POINT (8.872788041000035 53.100325299000076)",Unfall 164693 (2019) Kat:3, Licht: 0,164693,3,6,2,07,13,5,0,0,0,1,0,0,0,0
"POINT (8.574981453000021 53.198932141000057)",Unfall 164694 (2019) Kat:3, Licht: 0,164694,3,7,0,07,14,5,0,0,1,0,0,0,0,0
"POINT (8.774942670000030 53.080191763000073)",Unfall 164695 (2019) Kat:3, Licht: 0,164695,3,3,5,07,11,5,0,0,1,1,0,0,0,0
"POINT (8.555918475000055 53.185672106000027)",Unfall 164696 (2019) Kat:3, Licht: 2,164696,3,3,5,07,21,5,0,2,1,1,0,0,0,0
"POINT (8.923448183000062 53.091126894000070)",Unfall 164698 (2019) Kat:3, Licht: 0,164698,3,3,5,07,17,4,0,0,1,1,0,0,0,0
"POINT (8.752656476000027 53.112057941000046)",Unfall 164699 (2019) Kat:3, Licht: 0,164699,3,3,5,07,15,4,0,0,0,1,0,0,0,0
"POINT (8.832091418000061 53.068657204000033)",Unfall 164700 (2019) Kat:3, Licht: 0,164700,3,7,0,07,18,4,0,0,1,0,0,0,0,0
"POINT (8.822864770000024 53.073997176000034)",Unfall 164701 (2019) Kat:3, Licht: 0,164701,3,7,0,07,20,4,0,0,1,0,0,0,0,0
"POINT (8.904781751000030 53.119189519000031)",Unfall 164702 (2019) Kat:3, Licht: 0,164702,3,3,5,07,10,4,0,0,1,1,0,0,0,0
"POINT (8.849159748000034 53.095229603000064)",Unfall 164703 (2019) Kat:3, Licht: 2,164703,3,7,1,07,23,4,0,2,1,1,0,0,0,0
"POINT (8.755815850000033 53.079361079000080)",Unfall 164704 (2019) Kat:3, Licht: 0,164704,3,2,5,07,06,4,0,0,0,1,0,0,0,0
"POINT (8.790012964000027 53.071656004000033)",Unfall 164705 (2019) Kat:2, Licht: 0,164705,2,6,3,07,15,3,0,0,1,0,0,0,0,0
"POINT (8.796375732000058 53.099566158000073)",Unfall 164706 (2019) Kat:3, Licht: 0,164706,3,6,2,07,07,3,0,0,0,1,0,0,0,0
"POINT (8.793533839000077 53.092723558000046)",Unfall 164707 (2019) Kat:3, Licht: 0,164707,3,6,3,07,06,3,0,0,0,1,0,0,1,0
"POINT (8.853990372000055 53.070716170000026)",Unfall 164708 (2019) Kat:3, Licht: 0,164708,3,2,0,07,09,3,0,0,1,1,0,0,0,0
"POINT (8.758845602000065 53.115986548000080)",Unfall 164709 (2019) Kat:3, Licht: 0,164709,3,6,1,07,18,3,0,0,0,1,0,0,0,0
"POINT (8.914374628000076 53.062678343000073)",Unfall 164710 (2019) Kat:3, Licht: 0,164710,3,6,4,07,10,3,0,0,1,0,0,0,0,0
"POINT (8.802864240000076 53.101370535000058)",Unfall 164711 (2019) Kat:3, Licht: 0,164711,3,2,3,07,09,3,0,0,1,1,0,0,0,0
"POINT (8.773738462000040 53.101182443000027)",Unfall 164712 (2019) Kat:3, Licht: 0,164712,3,3,5,07,07,3,0,0,1,1,0,0,0,0
"POINT (8.618851060000054 53.178188195000075)",Unfall 164713 (2019) Kat:3, Licht: 0,164713,3,3,5,07,10,3,0,0,1,1,0,0,0,0
"POINT (8.553753932000063 53.191276352000045)",Unfall 164716 (2019) Kat:3, Licht: 0,164716,3,6,3,07,10,2,0,0,1,1,0,0,0,0
"POINT (8.897864772000048 53.059328172000050)",Unfall 164717 (2019) Kat:3, Licht: 0,164717,3,7,2,07,15,2,0,0,0,1,0,0,0,0
"POINT (8.871455046000051 53.066626262000057)",Unfall 164718 (2019) Kat:3, Licht: 0,164718,3,2,5,07,16,2,0,0,1,1,0,0,0,0
"POINT (8.916865777000055 53.053131525000026)",Unfall 164719 (2019) Kat:2, Licht: 0,164719,2,7,8,07,14,2,0,0,0,0,0,1,0,0
"POINT (8.796602509000024 53.056677320000063)",Unfall 164720 (2019) Kat:3, Licht: 0,164720,3,3,5,07,10,2,0,0,1,1,0,0,0,0
"POINT (8.716413662000036 53.056427488000054)",Unfall 164721 (2019) Kat:3, Licht: 0,164721,3,6,1,07,13,2,0,0,0,1,0,0,0,1
"POINT (8.917538762000049 53.059633590000033)",Unfall 164722 (2019) Kat:2, Licht: 0,164722,2,7,9,08,10,2,0,0,0,0,0,0,1,0
"POINT (8.848107637000055 53.051038061000042)",Unfall 164723 (2019) Kat:2, Licht: 0,164723,2,6,2,07,09,2,0,0,0,1,0,0,1,0
"POINT (8.774277631000075 53.101440251000042)",Unfall 164724 (2019) Kat:3, Licht: 0,164724,3,6,2,08,16,6,0,0,0,1,0,0,0,0
"POINT (8.902967870000055 53.104085166000061)",Unfall 164725 (2019) Kat:3, Licht: 0,164725,3,2,3,07,13,1,0,0,1,1,0,0,0,0
"POINT (8.555769333000058 53.185854198000072)",Unfall 164728 (2019) Kat:2, Licht: 0,164728,2,7,9,07,13,7,0,0,0,1,0,0,0,0
"POINT (8.800478465000026 53.078780812000048)",Unfall 164729 (2019) Kat:2, Licht: 0,164729,2,3,5,07,18,7,1,0,0,1,0,0,0,0
"POINT (8.852407164000056 53.073661915000059)",Unfall 164730 (2019) Kat:3, Licht: 0,164730,3,6,2,07,10,7,0,0,0,1,0,0,0,0
"POINT (8.828906014000040 53.041818790000036)",Unfall 164731 (2019) Kat:3, Licht: 0,164731,3,2,4,07,08,7,0,0,0,1,0,0,0,0
"POINT (8.824719346000052 53.034117462000040)",Unfall 164732 (2019) Kat:3, Licht: 0,164732,3,5,1,07,18,7,1,0,0,1,0,0,0,0
"POINT (8.769204538000054 53.116294093000079)",Unfall 164736 (2019) Kat:3, Licht: 0,164736,3,6,2,07,14,6,0,0,1,1,0,0,0,0
"POINT (8.826150247000044 53.083673659000056)",Unfall 164737 (2019) Kat:3, Licht: 0,164737,3,6,1,07,14,6,0,0,0,1,0,0,0,0
"POINT (8.864804686000070 53.070918337000080)",Unfall 164738 (2019) Kat:3, Licht: 0,164738,3,6,3,07,07,6,0,0,0,1,0,0,1,0
"POINT (8.571490909000033 53.181311218000076)",Unfall 164740 (2019) Kat:3, Licht: 0,164740,3,6,2,07,15,5,0,0,0,1,0,0,0,0
"POINT (8.866642896000030 53.062228074000075)",Unfall 164741 (2019) Kat:3, Licht: 0,164741,3,2,5,07,13,5,0,0,1,1,0,0,0,0
"POINT (8.826848860000041 53.084774843000048)",Unfall 164742 (2019) Kat:3, Licht: 2,164742,3,1,0,07,22,5,0,2,1,0,0,0,0,0
"POINT (8.919046542000046 53.071610608000071)",Unfall 164743 (2019) Kat:2, Licht: 0,164743,2,1,8,07,12,5,0,0,0,1,0,0,0,0
"POINT (8.614525229000037 53.190347829000075)",Unfall 164746 (2019) Kat:2, Licht: 0,164746,2,7,7,07,17,4,0,0,1,0,0,0,0,1
"POINT (8.762759545000051 53.114113376000034)",Unfall 164747 (2019) Kat:3, Licht: 0,164747,3,4,6,07,17,4,0,0,1,0,1,0,0,0
"POINT (8.731613901000060 53.135991929000056)",Unfall 164748 (2019) Kat:3, Licht: 0,164748,3,7,0,07,09,4,0,0,0,0,0,1,0,0
"POINT (8.729981130000056 53.039995195000074)",Unfall 164749 (2019) Kat:3, Licht: 0,164749,3,3,5,07,10,4,0,0,1,1,0,0,0,0
"POINT (8.855960213000060 53.103510348000043)",Unfall 164750 (2019) Kat:3, Licht: 0,164750,3,2,5,07,11,4,0,0,0,1,0,0,0,1
"POINT (8.866033411000046 53.097611845000074)",Unfall 164751 (2019) Kat:3, Licht: 0,164751,3,3,5,07,08,4,0,0,0,1,0,1,0,0
"POINT (8.849974952000025 53.087703049000027)",Unfall 164752 (2019) Kat:3, Licht: 0,164752,3,2,5,07,17,4,0,0,1,1,0,0,0,0
"POINT (8.809055624000052 53.031747120000034)",Unfall 164753 (2019) Kat:2, Licht: 0,164753,2,7,8,07,16,4,0,0,0,1,0,0,0,0
"POINT (8.607611461000033 53.176096726000026)",Unfall 164754 (2019) Kat:3, Licht: 0,164754,3,3,5,07,11,3,0,0,1,1,0,0,0,0
"POINT (8.897441826000033 53.118699080000056)",Unfall 164755 (2019) Kat:2, Licht: 0,164755,2,7,0,07,14,3,0,0,1,0,0,0,0,0
"POINT (8.736164589000055 53.057796221000046)",Unfall 164756 (2019) Kat:3, Licht: 0,164756,3,3,5,07,16,3,0,0,0,1,0,0,0,0
"POINT (8.796726267000054 53.086736009000049)",Unfall 164758 (2019) Kat:3, Licht: 0,164758,3,6,2,07,18,2,0,0,0,1,0,0,0,0
"POINT (8.803380670000024 53.075400446000060)",Unfall 164759 (2019) Kat:3, Licht: 0,164759,3,2,5,07,17,2,0,0,1,0,0,0,0,0
"POINT (8.740982829000075 53.053073551000068)",Unfall 164760 (2019) Kat:3, Licht: 0,164760,3,3,5,07,19,1,0,0,0,1,0,0,0,0
"POINT (8.796595676000038 53.064758918000052)",Unfall 164761 (2019) Kat:3, Licht: 0,164761,3,7,1,07,13,1,0,0,1,1,0,0,0,0
"POINT (8.738459215000034 53.141217370000049)",Unfall 164763 (2019) Kat:3, Licht: 0,164763,3,6,2,07,12,7,0,0,0,1,0,0,0,1
"POINT (8.682480537000060 53.173899390000031)",Unfall 164764 (2019) Kat:3, Licht: 0,164764,3,4,6,07,12,7,1,0,0,1,1,0,0,0
"POINT (8.851043117000074 53.033638347000078)",Unfall 164765 (2019) Kat:3, Licht: 0,164765,3,3,5,07,18,7,0,0,0,1,0,0,0,0
"POINT (8.716135720000068 53.178221790000066)",Unfall 164766 (2019) Kat:3, Licht: 0,164766,3,3,5,07,11,7,1,0,1,1,0,0,0,0
"POINT (8.778866174000029 53.106562749000034)",Unfall 164767 (2019) Kat:3, Licht: 0,164767,3,7,0,07,06,6,1,0,1,0,0,0,0,0
"POINT (8.797834285000022 53.104676640000037)",Unfall 164768 (2019) Kat:3, Licht: 0,164768,3,3,5,07,15,6,0,0,1,1,0,0,0,0
"POINT (8.955695010000056 53.105140175000031)",Unfall 164769 (2019) Kat:3, Licht: 0,164769,3,6,0,07,18,6,0,0,1,0,0,0,1,0
"POINT (8.797787165000045 53.054759252000053)",Unfall 164770 (2019) Kat:3, Licht: 0,164770,3,6,4,07,19,6,0,0,0,1,0,0,0,0
"POINT (8.940018388000055 53.067881692000071)",Unfall 164771 (2019) Kat:2, Licht: 0,164771,2,3,5,07,14,6,0,0,1,1,0,0,0,0
"POINT (8.854500409000025 53.067002162000051)",Unfall 164772 (2019) Kat:3, Licht: 0,164772,3,3,5,07,14,6,0,0,1,1,0,0,0,0
"POINT (8.863907698000048 53.071218893000037)",Unfall 164774 (2019) Kat:3, Licht: 2,164774,3,1,8,07,23,5,1,2,0,1,0,0,0,0
"POINT (8.782043645000044 53.067055777000064)",Unfall 164775 (2019) Kat:3, Licht: 0,164775,3,7,2,07,14,5,1,0,0,1,0,1,0,0
"POINT (8.634352184000022 53.170169558000055)",Unfall 164776 (2019) Kat:3, Licht: 0,164776,3,2,5,07,16,5,0,0,1,0,0,0,0,1
"POINT (8.797730482000077 53.094657694000034)",Unfall 164778 (2019) Kat:3, Licht: 0,164778,3,4,6,07,18,4,0,0,0,1,1,0,0,0
"POINT (8.909269000000052 53.059559944000057)",Unfall 164779 (2019) Kat:2, Licht: 0,164779,2,6,1,07,19,4,0,0,0,1,0,0,0,0
"POINT (8.886911948000034 53.050448788000040)",Unfall 164780 (2019) Kat:3, Licht: 2,164780,3,6,4,07,23,4,0,2,1,0,0,0,0,0
"POINT (8.884133777000045 53.071820480000042)",Unfall 164782 (2019) Kat:2, Licht: 0,164782,2,1,0,07,13,3,0,0,1,0,0,0,0,0
"POINT (8.524053927000068 53.202882824000028)",Unfall 164785 (2019) Kat:3, Licht: 0,164785,3,3,5,07,17,3,0,0,1,1,0,0,0,0
"POINT (8.763547108000068 53.108974120000028)",Unfall 164786 (2019) Kat:3, Licht: 0,164786,3,3,5,08,07,6,1,0,1,1,0,0,0,0
"POINT (8.748525841000060 53.121069249000072)",Unfall 164787 (2019) Kat:3, Licht: 2,164787,3,4,6,07,23,3,0,2,0,1,1,0,0,0
"POINT (8.734265881000056 53.051984827000069)",Unfall 164788 (2019) Kat:3, Licht: 0,164788,3,1,0,08,13,6,0,0,0,0,0,1,0,0
"POINT (8.932471621000047 53.038844458000028)",Unfall 164789 (2019) Kat:3, Licht: 0,164789,3,3,2,07,12,2,1,0,0,1,0,0,0,0
"POINT (8.799288901000068 53.084060866000073)",Unfall 164790 (2019) Kat:3, Licht: 0,164790,3,6,2,07,11,2,1,0,0,1,0,0,1,0
"POINT (8.780179062000059 53.105566925000062)",Unfall 164791 (2019) Kat:3, Licht: 0,164791,3,2,5,07,16,2,0,0,1,1,0,0,0,0
"POINT (8.826171661000046 53.034355069000071)",Unfall 164792 (2019) Kat:3, Licht: 0,164792,3,3,5,07,10,2,0,0,1,1,0,0,0,0
"POINT (8.891027878000045 53.047411751000027)",Unfall 164793 (2019) Kat:3, Licht: 0,164793,3,7,0,07,05,2,0,0,1,0,0,0,0,0
"POINT (8.800559572000054 53.078554354000062)",Unfall 164794 (2019) Kat:3, Licht: 0,164794,3,4,6,07,18,2,0,0,1,0,1,0,0,0
"POINT (8.848706771000025 53.067625437000061)",Unfall 164795 (2019) Kat:2, Licht: 2,164795,2,7,1,07,22,2,0,2,0,1,0,0,0,0
"POINT (8.743278307000026 53.129655525000032)",Unfall 164797 (2019) Kat:3, Licht: 0,164797,3,6,2,07,20,1,0,0,0,1,0,0,0,0
"POINT (8.737751565000053 53.138298732000067)",Unfall 164798 (2019) Kat:3, Licht: 0,164798,3,6,2,07,16,1,0,0,0,1,0,0,0,0
"POINT (8.815915635000067 53.080976050000061)",Unfall 164799 (2019) Kat:3, Licht: 0,164799,3,7,0,07,19,1,0,0,1,1,0,0,0,0
"POINT (8.735667213000056 53.051862537000034)",Unfall 164800 (2019) Kat:3, Licht: 0,164800,3,7,1,08,14,7,0,0,0,1,0,1,0,0
"POINT (8.779879717000028 53.084617273000049)",Unfall 164801 (2019) Kat:3, Licht: 0,164801,3,1,9,07,05,1,0,0,0,1,0,0,0,0
"POINT (8.584435772000063 53.181392012000060)",Unfall 164802 (2019) Kat:3, Licht: 0,164802,3,3,5,08,08,2,0,0,0,1,0,0,0,0
"POINT (8.831020584000044 53.040849322000042)",Unfall 164803 (2019) Kat:3, Licht: 0,164803,3,3,5,07,13,1,0,0,1,1,0,0,0,0
"POINT (8.831592587000046 53.077618215000030)",Unfall 164805 (2019) Kat:3, Licht: 0,164805,3,3,5,08,15,6,0,0,1,0,0,0,0,0
"POINT (8.616253526000037 53.172688962000052)",Unfall 164806 (2019) Kat:3, Licht: 0,164806,3,3,5,07,15,7,1,0,1,1,0,0,0,0
"POINT (8.793872405000059 53.066514558000051)",Unfall 164807 (2019) Kat:3, Licht: 0,164807,3,6,3,08,15,1,1,0,0,1,0,0,0,0
"POINT (8.905431798000052 53.098443689000078)",Unfall 164808 (2019) Kat:3, Licht: 0,164808,3,3,1,07,10,7,0,0,1,1,0,0,0,0
"POINT (8.828835874000049 53.034249193000051)",Unfall 164809 (2019) Kat:3, Licht: 1,164809,3,1,9,07,21,7,0,1,0,0,0,1,0,0
"POINT (8.956632532000072 53.056013415000052)",Unfall 164810 (2019) Kat:3, Licht: 0,164810,3,7,0,08,11,2,0,0,1,1,0,0,0,0
"POINT (8.810577016000025 53.090342923000037)",Unfall 164811 (2019) Kat:3, Licht: 1,164811,3,5,1,07,21,7,0,1,1,1,0,0,0,0
"POINT (8.835496777000060 53.073796765000054)",Unfall 164813 (2019) Kat:3, Licht: 2,164813,3,4,6,07,01,6,0,2,0,1,1,0,0,0
"POINT (8.763620694000053 53.086301939000066)",Unfall 164814 (2019) Kat:3, Licht: 0,164814,3,1,1,07,08,6,0,0,0,1,0,1,0,0
"POINT (8.787990807000028 53.062831725000080)",Unfall 164815 (2019) Kat:3, Licht: 0,164815,3,6,1,08,12,1,1,0,0,1,0,1,0,0
"POINT (8.949232281000036 53.063731557000040)",Unfall 164816 (2019) Kat:2, Licht: 0,164816,2,4,6,08,18,2,0,0,0,1,1,0,0,0
"POINT (8.784434101000045 53.072305416000063)",Unfall 164817 (2019) Kat:3, Licht: 0,164817,3,3,5,07,14,6,0,0,0,1,0,0,1,0
"POINT (8.814207758000066 53.100654232000068)",Unfall 164818 (2019) Kat:3, Licht: 0,164818,3,6,1,07,17,6,0,0,0,1,0,0,0,0
"POINT (8.920566559000065 53.059552167000049)",Unfall 164819 (2019) Kat:3, Licht: 0,164819,3,6,2,08,12,2,0,0,0,1,0,0,0,0
"POINT (8.519734962000030 53.205351285000063)",Unfall 164820 (2019) Kat:3, Licht: 0,164820,3,7,4,07,12,6,0,0,0,1,0,0,0,1
"POINT (8.771027847000028 53.095210810000026)",Unfall 164822 (2019) Kat:3, Licht: 0,164822,3,3,5,07,12,6,0,0,1,0,0,0,0,1
"POINT (8.764498878000040 53.078721908000034)",Unfall 164823 (2019) Kat:3, Licht: 0,164823,3,3,5,07,08,5,0,0,0,1,0,1,0,0
"POINT (8.741871579000076 53.139327751000053)",Unfall 164824 (2019) Kat:2, Licht: 0,164824,2,1,4,07,13,5,0,0,0,1,0,0,0,0
"POINT (8.790475024000045 53.096109088000048)",Unfall 164825 (2019) Kat:3, Licht: 0,164825,3,3,5,07,15,5,0,0,1,1,0,0,0,0
"POINT (8.790233314000034 53.086069235000082)",Unfall 164826 (2019) Kat:3, Licht: 0,164826,3,3,5,07,17,5,0,0,1,1,0,0,0,0
"POINT (8.811713879000024 53.030833605000055)",Unfall 164827 (2019) Kat:3, Licht: 1,164827,3,3,5,07,21,5,0,1,1,1,0,0,0,0
"POINT (8.852781333000053 53.061403679000080)",Unfall 164828 (2019) Kat:3, Licht: 0,164828,3,6,4,07,20,5,0,0,1,0,0,0,0,0