WKT,Name,OBJECTID,UKATEGORIE,UTYP1,UART,UMONAT,USTUNDE,UWOCHENTAG,STRZUSTAND,ULICHTVERH,ISTRAD,ISTPKW,ISTFUSS,ISTKRAD,ISTGKFZ,ISTSONSTIG
"POINT (8.923989973000062 53.044148754000048)",Unfall 164829 (2019) Kat:3, Licht: 0,164829,3,7,0,07,13,5,0,0,1,0,1,0,0,0
"POINT (8.780890478000060 53.069994040000040)",Unfall 164830 (2019) Kat:3, Licht: 0,164830,3,6,2,07,15,5,0,0,0,1,0,0,0,0
"POINT (8.776039388000072 53.079676632000030)",Unfall 164832 (2019) Kat:3, Licht: 0,164832,3,1,7,07,12,4,0,0,0,1,0,0,0,0
"POINT (8.774168123000038 53.101531988000033)",Unfall 164833 (2019) Kat:3, Licht: 0,164833,3,3,5,07,15,4,0,0,1,1,0,0,0,0
"POINT (8.894411417000072 53.053107163000050)",Unfall 164834 (2019) Kat:3, Licht: 0,164834,3,3,5,07,17,4,0,0,0,1,0,1,0,0
"POINT (8.774254683000038 53.061402532000045)",Unfall 164835 (2019) Kat:3, Licht: 0,164835,3,3,5,07,07,4,0,0,1,1,0,0,0,0
"POINT (8.829747690000033 53.068762558000060)",Unfall 164836 (2019) Kat:3, Licht: 0,164836,3,6,4,07,20,4,0,0,1,0,0,0,0,0
"POINT (8.795351252000046 53.105473580000080)",Unfall 164837 (2019) Kat:3, Licht: 0,164837,3,7,0,07,07,4,0,0,0,0,0,0,0,1
"POINT (8.972259428000029 53.046777665000036)",Unfall 164838 (2019) Kat:3, Licht: 0,164838,3,1,0,07,10,4,0,0,0,0,0,0,1,0
"POINT (8.898982690000025 53.128822770000056)",Unfall 164839 (2019) Kat:3, Licht: 0,164839,3,6,2,07,13,4,0,0,0,1,0,0,0,0
"POINT (8.870849671000030 53.098469493000039)",Unfall 164840 (2019) Kat:3, Licht: 0,164840,3,2,3,07,13,4,0,0,0,1,0,0,0,1
"POINT (8.625339744000030 53.172756827000057)",Unfall 164843 (2019) Kat:3, Licht: 0,164843,3,7,6,07,17,3,0,0,0,1,1,0,0,0
"POINT (8.737786178000022 53.056410474000074)",Unfall 164844 (2019) Kat:3, Licht: 0,164844,3,2,5,07,09,3,0,0,1,1,0,0,0,0
"POINT (8.771610790000068 53.109519890000058)",Unfall 164845 (2019) Kat:3, Licht: 0,164845,3,5,1,07,13,3,0,0,1,1,0,0,0,0
"POINT (8.786258693000036 53.102969816000041)",Unfall 164846 (2019) Kat:3, Licht: 0,164846,3,6,2,07,11,3,0,0,0,1,0,0,0,0
"POINT (8.577102850000074 53.188396154000031)",Unfall 164847 (2019) Kat:3, Licht: 0,164847,3,3,5,07,17,3,0,0,0,1,0,0,0,0
"POINT (8.883448793000071 53.110593539000035)",Unfall 164848 (2019) Kat:3, Licht: 0,164848,3,3,5,08,17,3,0,0,1,1,0,0,0,0
"POINT (8.850322315000028 53.081607966000036)",Unfall 164849 (2019) Kat:3, Licht: 0,164849,3,6,4,07,21,3,0,0,1,0,0,0,0,0
"POINT (8.801614128000040 53.067966925000064)",Unfall 164851 (2019) Kat:3, Licht: 0,164851,3,7,0,07,18,3,0,0,0,0,0,0,0,1
"POINT (8.902144516000021 53.071608767000043)",Unfall 164852 (2019) Kat:3, Licht: 0,164852,3,2,5,08,07,6,1,0,1,1,0,0,0,0
"POINT (8.781336163000049 53.097560091000048)",Unfall 164853 (2019) Kat:2, Licht: 0,164853,2,3,5,07,14,3,0,0,1,1,0,0,0,0
"POINT (8.945068018000029 53.078238918000068)",Unfall 164854 (2019) Kat:3, Licht: 0,164854,3,1,4,08,15,7,1,0,0,1,0,0,0,0
"POINT (8.703433746000030 53.160737231000041)",Unfall 164855 (2019) Kat:3, Licht: 0,164855,3,2,0,07,18,3,0,0,1,1,0,0,0,0
"POINT (8.886652094000056 53.079183761000081)",Unfall 164856 (2019) Kat:3, Licht: 0,164856,3,3,5,07,10,3,0,0,1,1,0,0,0,0
"POINT (8.824487663000070 53.078509216000043)",Unfall 164857 (2019) Kat:3, Licht: 0,164857,3,6,3,08,13,6,0,0,0,1,0,0,0,0
"POINT (8.795004232000053 53.084629827000072)",Unfall 164859 (2019) Kat:3, Licht: 0,164859,3,2,5,09,17,6,0,0,1,1,0,0,0,0
"POINT (8.763630409000029 53.119857527000079)",Unfall 164860 (2019) Kat:3, Licht: 0,164860,3,6,2,09,07,6,0,0,1,1,0,0,0,0
"POINT (8.773968591000028 53.101330974000064)",Unfall 164861 (2019) Kat:3, Licht: 0,164861,3,6,3,09,13,6,0,0,1,1,0,0,0,0
"POINT (8.797877473000028 53.080326621000040)",Unfall 164862 (2019) Kat:3, Licht: 0,164862,3,7,2,09,09,6,0,0,0,1,0,0,0,0
"POINT (8.932579424000039 53.069764263000081)",Unfall 164863 (2019) Kat:3, Licht: 0,164863,3,7,5,09,12,6,0,0,1,1,0,0,0,0
"POINT (8.889895984000077 53.079188118000047)",Unfall 164864 (2019) Kat:2, Licht: 2,164864,2,1,8,09,22,6,0,2,0,1,0,0,0,1
"POINT (8.827663515000040 53.082966435000060)",Unfall 164865 (2019) Kat:3, Licht: 0,164865,3,6,3,09,17,6,0,0,0,1,0,0,0,1
"POINT (8.894140310000068 53.059902823000073)",Unfall 164866 (2019) Kat:3, Licht: 0,164866,3,6,4,09,17,6,0,0,0,1,0,0,1,0
"POINT (8.619041227000025 53.180108641000061)",Unfall 164867 (2019) Kat:3, Licht: 0,164867,3,3,5,09,09,6,0,0,0,1,0,0,0,0
"POINT (8.902076546000046 53.071611432000054)",Unfall 164868 (2019) Kat:3, Licht: 0,164868,3,6,2,09,10,6,0,0,0,1,0,0,0,0
"POINT (8.737680009000030 53.134259429000053)",Unfall 164869 (2019) Kat:3, Licht: 0,164869,3,3,5,09,18,6,0,0,1,1,0,0,0,0
"POINT (8.797138427000050 53.076344743000050)",Unfall 164870 (2019) Kat:3, Licht: 0,164870,3,3,5,09,14,6,0,0,1,1,0,0,0,0
"POINT (8.841161210000053 53.032116001000077)",Unfall 164871 (2019) Kat:3, Licht: 0,164871,3,6,4,09,13,5,0,0,1,1,0,0,0,0
"POINT (8.816531625000039 53.084133435000069)",Unfall 164872 (2019) Kat:3, Licht: 0,164872,3,2,4,09,14,5,0,0,1,1,0,0,0,0
"POINT (8.835151875000065 53.035325020000073)",Unfall 164873 (2019) Kat:3, Licht: 0,164873,3,6,2,09,08,5,0,0,0,1,0,1,0,0
"POINT (8.794899851000025 53.093931203000068)",Unfall 164874 (2019) Kat:3, Licht: 0,164874,3,2,5,09,07,5,0,0,1,1,0,0,0,0
"POINT (8.784468933000028 53.072119072000078)",Unfall 164875 (2019) Kat:3, Licht: 0,164875,3,6,2,09,14,5,0,0,0,1,0,1,0,0
"POINT (8.638113782000062 53.173241363000045)",Unfall 164876 (2019) Kat:3, Licht: 2,164876,3,3,5,09,05,5,0,2,1,1,0,0,0,0
"POINT (8.792281079000077 53.073138624000080)",Unfall 164877 (2019) Kat:3, Licht: 0,164877,3,7,1,09,16,5,0,0,0,1,0,1,0,0
"POINT (8.823008154000036 53.072943536000082)",Unfall 164878 (2019) Kat:3, Licht: 2,164878,3,7,0,09,21,5,0,2,1,0,0,0,0,0
"POINT (8.904439151000076 53.078501333000077)",Unfall 164879 (2019) Kat:3, Licht: 0,164879,3,3,5,09,10,5,0,0,1,1,0,0,0,0
"POINT (8.787018572000022 53.082961327000078)",Unfall 164880 (2019) Kat:3, Licht: 0,164880,3,3,5,09,09,5,0,0,1,1,0,0,0,0
"POINT (8.885390666000035 53.050071509000077)",Unfall 164881 (2019) Kat:2, Licht: 0,164881,2,3,5,09,14,5,0,0,0,1,0,0,0,1
"POINT (8.805632623000065 53.090879390000055)",Unfall 164884 (2019) Kat:3, Licht: 2,164884,3,3,5,09,05,4,1,2,0,1,0,0,0,0
"POINT (8.774179536000077 53.095385127000043)",Unfall 164885 (2019) Kat:3, Licht: 0,164885,3,3,5,09,08,4,0,0,1,1,0,0,0,0
"POINT (8.635150917000033 53.167011669000033)",Unfall 164886 (2019) Kat:3, Licht: 0,164886,3,2,5,09,17,4,0,0,1,1,0,0,0,0
"POINT (8.792965102000039 53.089066845000048)",Unfall 164887 (2019) Kat:3, Licht: 0,164887,3,3,5,09,13,4,0,0,1,1,0,0,0,0
"POINT (8.769734651000022 53.094924241000058)",Unfall 164888 (2019) Kat:2, Licht: 0,164888,2,3,5,09,10,4,0,0,0,1,0,1,0,0
"POINT (8.797515267000051 53.070340043000044)",Unfall 164889 (2019) Kat:3, Licht: 0,164889,3,4,6,09,13,4,0,0,0,0,1,0,1,0
"POINT (8.787403096000048 53.069936425000037)",Unfall 164890 (2019) Kat:3, Licht: 0,164890,3,2,5,09,15,4,0,0,1,1,0,0,0,0
"POINT (8.909677469000030 53.096530144000042)",Unfall 164891 (2019) Kat:3, Licht: 0,164891,3,2,5,09,17,4,0,0,0,1,0,0,0,0
"POINT (8.874970582000060 53.101308203000031)",Unfall 164892 (2019) Kat:3, Licht: 0,164892,3,7,0,09,08,4,1,0,0,0,0,1,0,0
"POINT (8.894927351000035 53.046006038000030)",Unfall 164893 (2019) Kat:3, Licht: 0,164893,3,1,0,09,16,3,1,0,0,0,0,1,0,0
"POINT (8.859442922000028 53.100463712000078)",Unfall 164894 (2019) Kat:3, Licht: 0,164894,3,3,5,09,16,3,0,0,1,0,0,0,0,0
"POINT (8.778715223000063 53.100777601000061)",Unfall 164895 (2019) Kat:3, Licht: 0,164895,3,2,5,09,13,3,0,0,1,1,0,0,0,0
"POINT (8.935134217000041 53.090308300000061)",Unfall 164896 (2019) Kat:3, Licht: 0,164896,3,7,6,09,15,3,0,0,0,0,1,0,0,1
"POINT (8.826637794000021 53.050438197000062)",Unfall 164897 (2019) Kat:3, Licht: 0,164897,3,7,0,09,12,3,0,0,0,0,1,0,0,1
"POINT (8.734328205000054 53.134331410000073)",Unfall 164898 (2019) Kat:3, Licht: 0,164898,3,7,1,09,12,3,1,0,0,1,0,0,0,1
"POINT (8.804618228000038 53.085793178000074)",Unfall 164899 (2019) Kat:3, Licht: 0,164899,3,3,5,09,16,3,1,0,1,1,0,0,0,0
"POINT (8.948014305000072 53.064065276000065)",Unfall 164900 (2019) Kat:3, Licht: 0,164900,3,6,2,09,15,3,1,0,0,1,0,0,0,0
"POINT (8.781099753000035 53.055137166000065)",Unfall 164901 (2019) Kat:3, Licht: 0,164901,3,3,5,09,10,3,1,0,0,1,0,0,1,0
"POINT (8.832760679000046 53.077505741000039)",Unfall 164902 (2019) Kat:3, Licht: 0,164902,3,2,5,09,15,3,1,0,1,1,0,0,0,0
"POINT (8.828821947000051 53.035020383000074)",Unfall 164903 (2019) Kat:3, Licht: 0,164903,3,1,0,09,08,3,0,0,1,1,0,0,0,0
"POINT (8.822254937000025 53.082425634000060)",Unfall 164904 (2019) Kat:3, Licht: 0,164904,3,1,3,09,08,3,0,0,1,0,0,0,0,0
"POINT (8.818307357000037 53.079936814000064)",Unfall 164910 (2019) Kat:3, Licht: 0,164910,3,5,1,09,14,2,0,0,1,1,0,0,0,0
"POINT (8.572311983000077 53.181409131000066)",Unfall 164911 (2019) Kat:3, Licht: 0,164911,3,7,0,09,14,2,1,0,0,0,0,1,0,0
"POINT (8.884364809000033 53.038206924000065)",Unfall 164912 (2019) Kat:3, Licht: 0,164912,3,7,0,09,09,2,0,0,0,0,0,1,0,0
"POINT (8.823880422000059 53.036292609000043)",Unfall 164913 (2019) Kat:3, Licht: 0,164913,3,3,5,09,10,2,0,0,0,1,0,0,0,0
"POINT (8.723839511000051 53.043542903000059)",Unfall 164914 (2019) Kat:3, Licht: 0,164914,3,6,4,09,14,2,1,0,1,0,0,0,0,0
"POINT (8.804147669000031 53.072393667000028)",Unfall 164915 (2019) Kat:2, Licht: 0,164915,2,6,4,09,16,2,0,0,1,0,0,0,0,0
"POINT (8.907168046000038 53.071331508000071)",Unfall 164916 (2019) Kat:3, Licht: 0,164916,3,7,0,09,14,2,0,0,0,0,0,0,0,1
"POINT (8.792954480000049 53.059283151000045)",Unfall 164917 (2019) Kat:3, Licht: 0,164917,3,6,3,09,12,2,0,0,0,0,0,0,1,1
"POINT (8.868732119000072 53.098661002000028)",Unfall 164918 (2019) Kat:3, Licht: 0,164918,3,1,0,09,09,2,0,0,1,0,0,0,0,0
"POINT (8.949754684000027 53.064155554000081)",Unfall 164919 (2019) Kat:3, Licht: 0,164919,3,6,2,09,18,2,0,0,0,1,0,0,0,0
"POINT (8.784986756000023 53.102220304000070)",Unfall 164920 (2019) Kat:3, Licht: 0,164920,3,3,5,09,18,2,0,0,1,1,0,0,0,0
"POINT (8.620991871000058 53.168926390000081)",Unfall 164922 (2019) Kat:3, Licht: 0,164922,3,7,7,09,12,1,0,0,1,0,0,0,0,1
"POINT (8.797039737000034 53.076439557000072)",Unfall 164923 (2019) Kat:3, Licht: 0,164923,3,6,3,09,14,1,0,0,0,1,0,0,0,1
"POINT (8.779475055000034 53.100024818000065)",Unfall 164924 (2019) Kat:3, Licht: 0,164924,3,7,6,09,13,1,0,0,0,1,1,0,0,0
"POINT (8.788692168000068 53.070706523000069)",Unfall 164925 (2019) Kat:3, Licht: 0,164925,3,6,3,09,18,1,1,0,0,1,0,1,0,0
"POINT (8.713169076000042 53.179956471000082)",Unfall 164928 (2019) Kat:3, Licht: 0,164928,3,6,3,09,10,7,0,0,0,1,0,0,0,0
"POINT (8.531047200000046 53.201364437000052)",Unfall 164929 (2019) Kat:3, Licht: 0,164929,3,7,0,09,13,7,0,0,0,0,0,1,0,0
"POINT (8.844921677000059 53.045783073000052)",Unfall 164930 (2019) Kat:3, Licht: 2,164930,3,3,5,09,22,7,0,2,0,1,0,0,0,0
"POINT (8.833665415000041 53.033266991000062)",Unfall 164931 (2019) Kat:2, Licht: 0,164931,2,3,5,09,13,7,0,0,1,1,0,0,0,0
"POINT (8.560888027000033 53.183663507000063)",Unfall 164933 (2019) Kat:3, Licht: 1,164933,3,5,0,09,05,6,0,1,0,0,0,0,0,1
"POINT (8.779326163000064 53.100204647000055)",Unfall 164934 (2019) Kat:3, Licht: 0,164934,3,2,3,09,15,6,0,0,1,1,0,0,0,0
"POINT (8.928952331000062 53.072064020000028)",Unfall 164935 (2019) Kat:3, Licht: 0,164935,3,6,4,09,16,6,0,0,1,0,0,0,0,0
"POINT (8.847188267000036 53.087001978000046)",Unfall 164936 (2019) Kat:3, Licht: 0,164936,3,3,5,09,14,6,0,0,1,1,0,0,0,0
"POINT (8.790284443000076 53.086119009000072)",Unfall 164937 (2019) Kat:3, Licht: 0,164937,3,3,5,09,13,6,0,0,1,0,0,0,0,0
"POINT (8.928670863000036 53.060654635000049)",Unfall 164938 (2019) Kat:3, Licht: 0,164938,3,7,0,09,07,6,1,0,1,0,0,0,0,0
"POINT (8.847886049000067 53.050540998000031)",Unfall 164939 (2019) Kat:3, Licht: 0,164939,3,6,2,09,17,6,0,0,0,1,0,0,0,0
"POINT (8.874662171000068 53.066591087000063)",Unfall 164940 (2019) Kat:3, Licht: 0,164940,3,1,2,09,08,6,1,0,0,1,0,0,0,0
"POINT (8.953158590000044 53.066525037000076)",Unfall 164941 (2019) Kat:3, Licht: 0,164941,3,2,5,09,14,6,0,0,1,1,0,0,0,0
"POINT (8.853776093000022 53.073372734000031)",Unfall 164943 (2019) Kat:3, Licht: 0,164943,3,6,1,09,10,5,0,0,0,1,0,0,0,0
"POINT (8.849172177000071 53.050378516000080)",Unfall 164944 (2019) Kat:3, Licht: 0,164944,3,6,2,09,10,5,0,0,0,1,0,0,0,0
"POINT (8.803910975000065 53.096039978000078)",Unfall 164945 (2019) Kat:3, Licht: 0,164945,3,3,5,09,07,5,0,0,1,0,0,1,0,0
"POINT (8.878335910000033 53.079550183000038)",Unfall 164946 (2019) Kat:3, Licht: 0,164946,3,3,5,09,11,5,0,0,1,1,0,0,0,0
"POINT (8.711480120000033 53.094655983000052)",Unfall 164947 (2019) Kat:3, Licht: 0,164947,3,6,0,09,08,5,1,0,0,1,0,1,0,0
"POINT (8.841692181000042 53.089035189000072)",Unfall 164951 (2019) Kat:3, Licht: 0,164951,3,6,4,09,17,4,1,0,1,0,0,0,0,0
"POINT (8.787348880000025 53.056096122000042)",Unfall 164952 (2019) Kat:3, Licht: 0,164952,3,2,5,09,17,4,1,0,0,1,0,0,0,0
"POINT (8.736250285000040 53.133478084000046)",Unfall 164953 (2019) Kat:3, Licht: 0,164953,3,4,6,09,16,4,0,0,0,1,1,0,0,0
"POINT (8.694513410000070 53.085344142000054)",Unfall 164954 (2019) Kat:2, Licht: 0,164954,2,6,5,09,06,4,0,0,0,1,0,0,0,0
"POINT (8.750375822000024 53.123470029000032)",Unfall 164955 (2019) Kat:3, Licht: 2,164955,3,7,1,09,20,4,1,2,0,1,0,0,0,0
"POINT (8.848822896000058 53.085227815000053)",Unfall 164956 (2019) Kat:3, Licht: 0,164956,3,6,2,09,07,4,0,0,0,1,0,0,0,0
"POINT (8.897198535000030 53.059238012000037)",Unfall 164957 (2019) Kat:3, Licht: 0,164957,3,6,3,09,08,4,0,0,1,0,0,0,0,0
"POINT (8.928196174000050 53.072475680000082)",Unfall 164958 (2019) Kat:3, Licht: 0,164958,3,6,2,09,08,4,0,0,0,1,0,0,0,0
"POINT (8.618696269000054 53.176830691000077)",Unfall 164959 (2019) Kat:3, Licht: 0,164959,3,3,5,09,15,3,0,0,0,1,0,0,0,0
"POINT (8.908501442000045 53.122558420000075)",Unfall 164960 (2019) Kat:3, Licht: 0,164960,3,7,1,09,09,3,0,0,0,1,0,0,0,0
"POINT (8.723842487000070 53.137793292000026)",Unfall 164961 (2019) Kat:3, Licht: 0,164961,3,3,5,09,10,3,0,0,0,1,0,0,0,0
"POINT (8.883110258000045 53.064967365000030)",Unfall 164962 (2019) Kat:3, Licht: 2,164962,3,1,1,09,22,3,0,2,0,1,0,0,0,0
"POINT (8.961781424000037 53.061311589000070)",Unfall 164963 (2019) Kat:3, Licht: 0,164963,3,1,1,09,11,3,0,0,1,1,0,0,0,0
"POINT (8.812355037000032 53.080968729000062)",Unfall 164964 (2019) Kat:3, Licht: 0,164964,3,7,0,09,11,3,0,0,1,0,0,0,0,0
"POINT (8.575489854000068 53.202469696000037)",Unfall 164965 (2019) Kat:2, Licht: 0,164965,2,3,6,09,14,3,0,0,0,1,1,0,0,0
"POINT (8.811736890000077 53.091845948000071)",Unfall 164966 (2019) Kat:3, Licht: 0,164966,3,6,1,09,15,3,0,0,1,0,1,0,0,0
"POINT (8.861598690000051 53.083716193000043)",Unfall 164967 (2019) Kat:3, Licht: 0,164967,3,7,1,09,18,3,0,0,1,1,0,0,0,0
"POINT (8.894869754000069 53.046043814000029)",Unfall 164970 (2019) Kat:3, Licht: 0,164970,3,2,5,09,13,2,0,0,1,1,0,0,0,0
"POINT (8.836244261000047 53.077032108000026)",Unfall 164971 (2019) Kat:3, Licht: 0,164971,3,2,5,09,16,2,0,0,0,1,0,0,0,0
"POINT (8.789928200000077 53.071404094000059)",Unfall 164972 (2019) Kat:3, Licht: 2,164972,3,4,6,09,21,2,0,2,1,0,1,0,0,0
"POINT (8.827969726000049 53.085054341000045)",Unfall 164973 (2019) Kat:3, Licht: 0,164973,3,6,2,09,16,2,1,0,0,1,0,0,0,1
"POINT (8.835107483000058 53.068356762000064)",Unfall 164974 (2019) Kat:2, Licht: 0,164974,2,1,4,09,12,2,0,0,0,1,0,0,1,1
"POINT (8.787403459000075 53.089985886000079)",Unfall 164975 (2019) Kat:3, Licht: 1,164975,3,3,5,09,19,2,0,1,1,1,0,0,0,0
"POINT (8.812492920000068 53.075751708000041)",Unfall 164977 (2019) Kat:3, Licht: 0,164977,3,7,0,09,16,7,0,0,1,0,0,0,0,0
"POINT (8.775535831000070 53.060493440000073)",Unfall 164978 (2019) Kat:3, Licht: 0,164978,3,3,5,09,16,7,0,0,0,1,0,0,0,0
"POINT (8.805265062000046 53.081022701000052)",Unfall 164979 (2019) Kat:3, Licht: 0,164979,3,7,0,09,16,7,0,0,0,1,0,0,0,0
"POINT (8.816937683000049 53.097049015000039)",Unfall 164980 (2019) Kat:2, Licht: 2,164980,2,1,0,09,23,7,1,2,1,0,0,0,0,0
"POINT (8.752902198000072 53.122787343000027)",Unfall 164981 (2019) Kat:3, Licht: 0,164981,3,2,5,09,12,7,0,0,1,0,0,1,0,0
"POINT (8.844186913000044 53.075498901000060)",Unfall 164982 (2019) Kat:2, Licht: 1,164982,2,6,2,09,19,7,1,1,0,1,0,0,0,0
"POINT (8.822643992000053 53.085337734000063)",Unfall 164983 (2019) Kat:3, Licht: 0,164983,3,4,6,09,15,7,0,0,1,0,1,0,0,0
"POINT (8.801400493000074 53.078187518000050)",Unfall 164984 (2019) Kat:3, Licht: 0,164984,3,7,6,09,12,7,0,0,0,1,1,0,0,0
"POINT (8.789542188000041 53.071202999000036)",Unfall 164985 (2019) Kat:3, Licht: 0,164985,3,7,6,09,13,7,0,0,1,0,1,0,0,0
"POINT (8.777138754000021 53.106647648000035)",Unfall 164986 (2019) Kat:2, Licht: 1,164986,2,3,5,09,19,7,1,1,0,1,0,0,0,1
"POINT (8.732611567000049 53.037899978000041)",Unfall 164988 (2019) Kat:3, Licht: 0,164988,3,2,5,09,18,6,0,0,1,1,0,0,0,0
"POINT (8.852510785000050 53.073613849000026)",Unfall 164989 (2019) Kat:3, Licht: 0,164989,3,2,5,09,14,6,0,0,1,1,0,0,0,0
"POINT (8.862665387000050 53.067716612000027)",Unfall 164990 (2019) Kat:3, Licht: 0,164990,3,3,0,09,15,6,0,0,1,0,0,0,0,0
"POINT (8.808142906000057 53.064033166000058)",Unfall 164991 (2019) Kat:2, Licht: 0,164991,2,3,5,09,17,6,0,0,0,1,0,1,0,0
"POINT (8.815071201000023 53.102096968000069)",Unfall 164992 (2019) Kat:3, Licht: 0,164992,3,4,6,09,13,6,0,0,0,1,1,0,0,0
"POINT (8.591792364000071 53.179582824000079)",Unfall 164993 (2019) Kat:3, Licht: 0,164993,3,6,1,09,09,3,0,0,0,1,0,0,0,0
"POINT (8.886075618000064 53.082652650000057)",Unfall 164994 (2019) Kat:3, Licht: 0,164994,3,6,2,09,12,6,0,0,0,1,0,0,0,0
"POINT (8.793403137000041 53.063432212000066)",Unfall 164995 (2019) Kat:3, Licht: 1,164995,3,4,6,09,19,6,0,1,0,1,1,0,0,0
"POINT (8.723856259000058 53.043552515000044)",Unfall 164996 (2019) Kat:3, Licht: 0,164996,3,3,5,09,14,3,0,0,0,1,0,0,0,0
"POINT (8.808537850000050 53.082940594000036)",Unfall 164997 (2019) Kat:3, Licht: 0,164997,3,2,0,09,13,3,0,0,0,1,0,0,0,1
"POINT (8.894531180000058 53.050892274000034)",Unfall 164998 (2019) Kat:3, Licht: 0,164998,3,7,2,09,07,6,0,0,1,0,0,0,1,0
"POINT (8.850520475000053 53.109437512000056)",Unfall 164999 (2019) Kat:3, Licht: 0,164999,3,6,2,09,15,3,0,0,0,1,0,0,0,0
"POINT (8.865921229000037 53.100785248000079)",Unfall 165000 (2019) Kat:3, Licht: 0,165000,3,1,0,09,07,5,0,0,1,1,0,0,0,0
"POINT (8.867884424000067 53.062073270000042)",Unfall 165002 (2019) Kat:3, Licht: 0,165002,3,2,5,09,09,5,0,0,1,0,0,0,0,1
"POINT (8.789081036000027 53.084986241000081)",Unfall 165003 (2019) Kat:3, Licht: 0,165003,3,2,5,09,16,5,0,0,1,1,0,0,0,0
"POINT (8.561621558000070 53.191796415000056)",Unfall 165004 (2019) Kat:3, Licht: 0,165004,3,4,6,09,18,2,0,0,1,0,1,0,0,0
"POINT (8.577946237000049 53.186800002000041)",Unfall 165005 (2019) Kat:3, Licht: 2,165005,3,3,5,09,05,5,1,2,0,1,0,0,0,0
"POINT (8.855136021000021 53.068432107000035)",Unfall 165006 (2019) Kat:3, Licht: 0,165006,3,3,5,09,17,5,0,0,1,1,0,0,0,0
"POINT (8.762530804000051 53.112221738000073)",Unfall 165007 (2019) Kat:2, Licht: 0,165007,2,2,5,09,13,5,0,0,1,1,0,0,0,0
"POINT (8.874266808000073 53.101296829000034)",Unfall 165009 (2019) Kat:3, Licht: 2,165009,3,3,5,09,19,4,1,2,1,1,0,0,0,0
"POINT (8.883228920000022 53.050756445000047)",Unfall 165010 (2019) Kat:3, Licht: 0,165010,3,3,6,09,15,4,0,0,0,1,1,0,0,0
"POINT (8.804148045000034 53.072410384000079)",Unfall 165011 (2019) Kat:3, Licht: 0,165011,3,7,1,09,15,4,0,0,1,0,0,0,0,0
"POINT (8.736958897000022 53.047700386000031)",Unfall 165012 (2019) Kat:3, Licht: 2,165012,3,3,5,09,20,4,1,2,0,1,0,0,0,0
"POINT (8.879895027000032 53.101418364000040)",Unfall 165013 (2019) Kat:3, Licht: 2,165013,3,6,1,09,19,4,1,2,0,1,0,0,0,0
"POINT (8.827040823000061 53.084822712000062)",Unfall 165014 (2019) Kat:3, Licht: 0,165014,3,7,3,09,13,4,0,0,1,1,0,0,0,0
"POINT (8.572819997000067 53.195173033000060)",Unfall 165015 (2019) Kat:3, Licht: 0,165015,3,3,5,09,10,4,0,0,1,1,0,0,0,0
"POINT (8.876568795000026 53.081418130000031)",Unfall 165016 (2019) Kat:3, Licht: 1,165016,3,3,5,09,19,4,1,1,1,1,0,0,0,0
"POINT (8.851293057000021 53.085507706000044)",Unfall 165017 (2019) Kat:3, Licht: 2,165017,3,7,0,09,18,4,1,2,0,0,0,0,0,1
"POINT (8.902671172000055 53.100127599000075)",Unfall 165018 (2019) Kat:3, Licht: 0,165018,3,7,0,09,19,4,1,0,0,0,0,1,0,0
"POINT (8.863710917000049 53.071282217000032)",Unfall 165019 (2019) Kat:3, Licht: 0,165019,3,3,5,09,07,4,0,0,1,1,0,0,0,0
"POINT (8.834776139000041 53.085022834000029)",Unfall 165021 (2019) Kat:3, Licht: 0,165021,3,5,1,09,17,3,0,0,1,1,0,0,0,0
"POINT (8.716129042000034 53.178230566000082)",Unfall 165022 (2019) Kat:3, Licht: 0,165022,3,6,2,09,12,3,0,0,0,1,0,1,0,0
"POINT (8.869469197000058 53.064343729000029)",Unfall 165023 (2019) Kat:3, Licht: 0,165023,3,3,5,09,17,3,0,0,0,1,0,0,0,0
"POINT (8.634358944000041 53.163418170000057)",Unfall 165024 (2019) Kat:3, Licht: 0,165024,3,6,4,09,12,3,1,0,1,0,0,0,0,0
"POINT (8.714634625000031 53.090160255000058)",Unfall 165026 (2019) Kat:1, Licht: 0,165026,1,3,5,09,16,2,0,0,0,0,0,1,1,0
"POINT (8.701366894000046 53.139604389000056)",Unfall 165027 (2019) Kat:3, Licht: 0,165027,3,3,5,09,13,2,1,0,0,1,0,0,0,0
"POINT (8.902008157000068 53.111145601000032)",Unfall 165028 (2019) Kat:3, Licht: 0,165028,3,2,2,09,08,2,0,0,0,1,0,0,0,0
"POINT (8.936380394000025 53.073802721000050)",Unfall 165029 (2019) Kat:3, Licht: 0,165029,3,3,5,09,08,2,0,0,1,1,0,0,0,0
"POINT (8.622745713000029 53.183975825000061)",Unfall 165030 (2019) Kat:3, Licht: 0,165030,3,3,5,09,07,2,0,0,1,1,0,0,0,0
"POINT (8.521872233000067 53.205039000000056)",Unfall 165031 (2019) Kat:2, Licht: 0,165031,2,2,0,09,14,2,1,0,0,0,0,1,0,0
"POINT (8.800063547000036 53.078214144000071)",Unfall 165032 (2019) Kat:3, Licht: 0,165032,3,3,5,09,14,2,0,0,1,1,0,0,0,0
"POINT (8.785386693000021 53.071119001000056)",Unfall 165033 (2019) Kat:3, Licht: 0,165033,3,2,5,09,08,2,0,0,1,1,0,0,0,0