WKT,Name,OBJECTID,UKATEGORIE,UTYP1,UART,UMONAT,USTUNDE,UWOCHENTAG,STRZUSTAND,ULICHTVERH,ISTRAD,ISTPKW,ISTFUSS,ISTKRAD,ISTGKFZ,ISTSONSTIG
"POINT (8.928107504000025 53.072368737000033)",Unfall 165245 (2019) Kat:3, Licht: 2,165245,3,6,4,11,19,6,1,2,1,0,0,0,0,0
"POINT (8.684571675000029 53.171078202000047)",Unfall 165246 (2019) Kat:3, Licht: 0,165246,3,2,3,11,15,6,0,0,1,1,0,0,0,0
"POINT (8.848071133000076 53.047228301000075)",Unfall 165247 (2019) Kat:3, Licht: 0,165247,3,3,5,11,10,6,0,0,0,1,0,0,0,0
"POINT (8.635277233000068 53.167000183000027)",Unfall 165248 (2019) Kat:2, Licht: 0,165248,2,4,6,11,07,6,1,0,0,1,1,0,0,0
"POINT (8.875276867000025 53.073653206000074)",Unfall 165249 (2019) Kat:2, Licht: 0,165249,2,7,0,11,15,6,1,0,0,1,1,0,0,0
"POINT (8.808262825000043 53.094637685000066)",Unfall 165251 (2019) Kat:3, Licht: 2,165251,3,3,5,11,17,5,1,2,1,0,0,0,0,1
"POINT (8.847134307000033 53.087007851000067)",Unfall 165252 (2019) Kat:2, Licht: 2,165252,2,3,4,11,19,5,1,2,1,1,0,0,0,0
"POINT (8.783035989000041 53.099395994000076)",Unfall 165253 (2019) Kat:3, Licht: 2,165253,3,5,1,11,20,5,1,2,1,1,0,0,0,0
"POINT (8.892470387000060 53.081205191000038)",Unfall 165254 (2019) Kat:3, Licht: 0,165254,3,3,5,11,12,5,0,0,1,1,0,0,0,0
"POINT (8.798007151000036 53.063837187000047)",Unfall 165255 (2019) Kat:3, Licht: 2,165255,3,6,2,11,22,5,1,2,0,1,0,0,0,0
"POINT (8.927998864000074 53.038449995000065)",Unfall 165256 (2019) Kat:2, Licht: 2,165256,2,3,4,11,19,5,1,2,0,1,0,1,0,0
"POINT (8.613925436000045 53.194159318000061)",Unfall 165257 (2019) Kat:3, Licht: 2,165257,3,2,5,11,16,5,1,2,0,1,0,1,0,0
"POINT (8.949516093000057 53.035577187000058)",Unfall 165258 (2019) Kat:3, Licht: 2,165258,3,7,1,11,20,5,1,2,0,1,0,0,0,0
"POINT (8.902056901000037 53.072538248000058)",Unfall 165259 (2019) Kat:3, Licht: 2,165259,3,6,2,11,17,5,1,2,0,1,0,0,0,0
"POINT (8.606430277000072 53.176358674000028)",Unfall 165261 (2019) Kat:3, Licht: 0,165261,3,6,2,11,14,4,0,0,0,1,0,0,0,0
"POINT (8.789060131000042 53.094198960000028)",Unfall 165262 (2019) Kat:3, Licht: 2,165262,3,5,1,11,20,4,1,2,1,1,0,0,0,0
"POINT (8.709806208000032 53.179025730000035)",Unfall 165263 (2019) Kat:3, Licht: 0,165263,3,2,0,11,09,4,1,0,0,1,0,0,0,0
"POINT (8.841215569000042 53.035411924000073)",Unfall 165264 (2019) Kat:3, Licht: 2,165264,3,4,6,11,17,4,1,2,0,1,1,0,0,0
"POINT (8.871657171000038 53.063555990000054)",Unfall 165265 (2019) Kat:3, Licht: 0,165265,3,6,2,11,08,4,1,0,0,1,0,0,0,0
"POINT (8.805742513000041 53.074120191000077)",Unfall 165269 (2019) Kat:3, Licht: 2,165269,3,2,5,11,18,3,1,2,1,1,0,0,0,0
"POINT (8.889457120000031 53.110897779000027)",Unfall 165270 (2019) Kat:3, Licht: 0,165270,3,6,2,11,14,3,1,0,0,1,0,0,0,0
"POINT (8.831944962000023 53.086041069000032)",Unfall 165271 (2019) Kat:3, Licht: 2,165271,3,4,6,11,20,3,1,2,1,0,1,0,0,0
"POINT (8.827137617000062 53.073006339000074)",Unfall 165272 (2019) Kat:3, Licht: 2,165272,3,7,0,11,22,3,1,2,1,0,0,0,0,0
"POINT (8.858035193000035 53.072510847000046)",Unfall 165273 (2019) Kat:3, Licht: 0,165273,3,3,5,11,07,3,1,0,1,1,0,0,0,0
"POINT (8.807357244000059 53.074180076000061)",Unfall 165274 (2019) Kat:3, Licht: 2,165274,3,1,0,11,23,3,1,2,1,0,0,0,0,0
"POINT (8.815196734000040 53.082237624000072)",Unfall 165276 (2019) Kat:3, Licht: 0,165276,3,2,5,11,11,2,0,0,1,0,0,0,1,0
"POINT (8.879678112000022 53.078121951000071)",Unfall 165277 (2019) Kat:3, Licht: 1,165277,3,3,5,11,16,2,1,1,1,1,0,0,0,0
"POINT (8.830396106000023 53.071597106000070)",Unfall 165278 (2019) Kat:3, Licht: 0,165278,3,1,0,11,13,2,1,0,1,0,0,0,0,0
"POINT (8.844221511000058 53.075455270000077)",Unfall 165279 (2019) Kat:3, Licht: 2,165279,3,6,2,11,19,2,0,2,0,1,0,0,0,0
"POINT (8.862891293000075 53.090182089000052)",Unfall 165280 (2019) Kat:3, Licht: 1,165280,3,2,5,11,07,2,1,1,1,1,0,0,0,0
"POINT (8.798915483000030 53.113628776000041)",Unfall 165281 (2019) Kat:3, Licht: 2,165281,3,1,0,11,18,2,1,2,1,0,0,0,0,0
"POINT (8.796633126000074 53.082499956000049)",Unfall 165282 (2019) Kat:3, Licht: 1,165282,3,3,5,11,07,2,1,1,1,0,0,0,0,1
"POINT (8.735086114000069 53.043944807000059)",Unfall 165283 (2019) Kat:3, Licht: 0,165283,3,6,1,11,07,2,0,0,0,1,0,0,0,0
"POINT (8.787493687000051 53.094738774000064)",Unfall 165284 (2019) Kat:3, Licht: 2,165284,3,6,4,11,22,2,1,2,1,0,0,0,0,0
"POINT (8.611267155000064 53.175272212000039)",Unfall 165285 (2019) Kat:3, Licht: 2,165285,3,4,6,11,18,2,1,2,0,1,1,0,0,0
"POINT (8.822202770000047 53.085550585000078)",Unfall 165288 (2019) Kat:3, Licht: 2,165288,3,6,2,11,19,1,1,2,0,1,0,0,0,1
"POINT (8.943338740000058 53.066551708000077)",Unfall 165289 (2019) Kat:3, Licht: 0,165289,3,6,0,11,16,1,0,0,0,1,0,0,0,1
"POINT (8.796356982000077 53.082643665000035)",Unfall 165290 (2019) Kat:3, Licht: 2,165290,3,4,6,11,00,1,0,2,0,1,1,0,0,0
"POINT (8.852335686000060 53.057339989000070)",Unfall 165293 (2019) Kat:3, Licht: 2,165293,3,6,2,11,18,7,1,2,0,1,0,0,0,0
"POINT (8.749442149000061 53.124297252000076)",Unfall 165294 (2019) Kat:3, Licht: 0,165294,3,6,2,11,13,7,1,0,0,1,0,0,0,0
"POINT (8.846335191000037 53.047482869000078)",Unfall 165295 (2019) Kat:3, Licht: 2,165295,3,3,5,11,17,7,1,2,1,1,0,0,0,0
"POINT (8.851721319000035 53.055323801000043)",Unfall 165296 (2019) Kat:3, Licht: 2,165296,3,7,0,11,19,7,1,2,1,0,0,0,0,1
"POINT (8.838185759000055 53.078855531000045)",Unfall 165297 (2019) Kat:3, Licht: 0,165297,3,7,0,11,15,7,1,0,1,0,0,0,0,0
"POINT (8.919896719000064 53.074498003000031)",Unfall 165298 (2019) Kat:3, Licht: 2,165298,3,7,1,11,20,7,0,2,0,1,0,0,0,0
"POINT (8.790242509000052 53.086078186000066)",Unfall 165299 (2019) Kat:3, Licht: 0,165299,3,3,5,11,12,6,1,0,1,0,0,0,0,0
"POINT (8.757598850000022 53.114970319000065)",Unfall 165300 (2019) Kat:3, Licht: 0,165300,3,2,5,11,13,6,1,0,0,1,0,0,0,1
"POINT (8.789626519000024 53.096913079000046)",Unfall 165301 (2019) Kat:3, Licht: 2,165301,3,3,5,11,05,6,0,2,0,1,0,0,0,1
"POINT (8.884101199000043 53.078953918000082)",Unfall 165302 (2019) Kat:3, Licht: 0,165302,3,1,0,11,09,6,0,0,1,0,0,0,0,0
"POINT (8.896913742000038 53.059074274000068)",Unfall 165303 (2019) Kat:3, Licht: 0,165303,3,3,5,11,13,6,0,0,1,0,0,0,0,1
"POINT (8.759499369000025 53.119951869000033)",Unfall 165304 (2019) Kat:3, Licht: 0,165304,3,2,5,11,08,6,0,0,1,1,0,0,0,0
"POINT (8.812205305000020 53.097760354000059)",Unfall 165305 (2019) Kat:3, Licht: 0,165305,3,6,4,11,13,6,1,0,1,0,0,0,0,0
"POINT (8.570820158000061 53.181246134000048)",Unfall 165306 (2019) Kat:3, Licht: 0,165306,3,3,0,11,10,6,0,0,1,1,0,0,0,0
"POINT (8.788472500000069 53.070562108000047)",Unfall 165307 (2019) Kat:3, Licht: 0,165307,3,1,0,11,13,6,1,0,0,1,0,1,0,0
"POINT (8.635348662000070 53.166993688000048)",Unfall 165308 (2019) Kat:2, Licht: 0,165308,2,4,6,11,13,6,1,0,0,1,1,0,0,0
"POINT (8.686084571000038 53.173313335000046)",Unfall 165311 (2019) Kat:3, Licht: 2,165311,3,3,5,10,19,5,1,2,1,1,0,0,0,0
"POINT (8.767431571000032 53.061282291000055)",Unfall 165316 (2019) Kat:3, Licht: 2,165316,3,7,0,10,17,4,1,2,1,0,0,0,0,0
"POINT (8.803192568000043 53.085858065000082)",Unfall 165317 (2019) Kat:3, Licht: 2,165317,3,7,2,10,17,4,0,2,0,1,0,1,0,0
"POINT (8.795204431000059 53.068140633000041)",Unfall 165318 (2019) Kat:3, Licht: 0,165318,3,5,1,10,15,4,0,0,1,1,0,0,0,0
"POINT (8.815163276000021 53.077097815000059)",Unfall 165319 (2019) Kat:3, Licht: 0,165319,3,3,5,10,09,4,0,0,1,1,0,0,0,0
"POINT (8.820252036000056 53.112036087000035)",Unfall 165320 (2019) Kat:3, Licht: 0,165320,3,3,5,10,16,4,0,0,0,1,0,0,0,0
"POINT (8.799897062000071 53.054918801000042)",Unfall 165321 (2019) Kat:3, Licht: 0,165321,3,6,2,10,14,4,0,0,0,1,0,0,0,0
"POINT (8.911472899000046 53.130871919000072)",Unfall 165322 (2019) Kat:3, Licht: 0,165322,3,3,5,10,15,4,1,0,0,1,0,0,0,0
"POINT (8.868000420000044 53.069502641000042)",Unfall 165323 (2019) Kat:3, Licht: 0,165323,3,6,2,10,15,3,1,0,0,1,0,0,0,1
"POINT (8.849865153000053 53.085258621000037)",Unfall 165324 (2019) Kat:3, Licht: 0,165324,3,2,3,10,14,3,0,0,1,1,0,0,0,0
"POINT (8.579454826000074 53.182898199000078)",Unfall 165325 (2019) Kat:3, Licht: 2,165325,3,3,5,10,17,3,0,2,1,1,0,0,0,0
"POINT (8.793175165000037 53.091447882000068)",Unfall 165326 (2019) Kat:3, Licht: 0,165326,3,3,5,10,09,3,1,0,1,0,0,0,0,1
"POINT (8.560610209000060 53.184321655000076)",Unfall 165327 (2019) Kat:3, Licht: 0,165327,3,2,4,10,09,3,1,0,1,1,0,0,0,0
"POINT (8.810644503000049 53.071799625000040)",Unfall 165328 (2019) Kat:3, Licht: 0,165328,3,3,5,10,08,3,0,0,1,1,0,0,0,0
"POINT (8.752003143000025 53.122042887000077)",Unfall 165329 (2019) Kat:3, Licht: 0,165329,3,2,0,10,16,3,0,0,0,1,0,0,0,0
"POINT (8.619443970000077 53.184049837000032)",Unfall 165330 (2019) Kat:3, Licht: 0,165330,3,2,3,10,11,3,0,0,1,0,0,0,0,1
"POINT (8.808432796000034 53.072355909000066)",Unfall 165331 (2019) Kat:3, Licht: 0,165331,3,7,4,10,08,3,0,0,1,0,0,0,0,0
"POINT (8.875029357000074 53.062252469000043)",Unfall 165332 (2019) Kat:3, Licht: 0,165332,3,2,5,10,12,3,0,0,1,1,0,0,0,0
"POINT (8.569235182000057 53.181220881000058)",Unfall 165335 (2019) Kat:3, Licht: 0,165335,3,2,5,10,12,2,0,0,0,1,0,0,0,1
"POINT (8.838564699000074 53.076611160000027)",Unfall 165336 (2019) Kat:3, Licht: 1,165336,3,6,3,10,16,2,0,1,0,1,0,0,0,0
"POINT (8.752291354000022 53.113313454000036)",Unfall 165337 (2019) Kat:3, Licht: 2,165337,3,6,1,10,17,2,1,2,0,1,0,0,0,0
"POINT (8.818785576000039 53.084522338000056)",Unfall 165338 (2019) Kat:3, Licht: 0,165338,3,4,6,10,11,2,0,0,0,0,1,0,0,1
"POINT (8.803204857000026 53.084631228000035)",Unfall 165339 (2019) Kat:3, Licht: 2,165339,3,7,2,10,17,2,1,2,0,1,0,0,0,1
"POINT (8.780409174000056 53.063560486000029)",Unfall 165340 (2019) Kat:3, Licht: 0,165340,3,3,5,10,14,2,0,0,0,1,0,0,0,0
"POINT (8.782526315000041 53.087108709000063)",Unfall 165341 (2019) Kat:3, Licht: 0,165341,3,7,2,10,08,2,0,0,1,1,0,0,0,0
"POINT (8.831468363000056 53.081251708000082)",Unfall 165342 (2019) Kat:3, Licht: 0,165342,3,7,2,10,14,2,1,0,0,1,0,0,0,0
"POINT (8.879536341000062 53.110858112000074)",Unfall 165343 (2019) Kat:3, Licht: 2,165343,3,7,0,10,17,2,0,2,0,1,1,0,0,0
"POINT (8.847919866000041 53.050769444000082)",Unfall 165344 (2019) Kat:3, Licht: 0,165344,3,6,2,10,16,2,1,0,0,1,0,0,0,0
"POINT (8.885835954000072 53.065163035000069)",Unfall 165345 (2019) Kat:3, Licht: 2,165345,3,6,2,10,21,2,1,2,0,1,0,0,0,0
"POINT (8.893015478000052 53.111138015000051)",Unfall 165346 (2019) Kat:3, Licht: 0,165346,3,7,8,10,12,2,1,0,0,1,0,0,0,0
"POINT (8.899177183000063 53.120816937000029)",Unfall 165347 (2019) Kat:3, Licht: 1,165347,3,2,3,10,17,1,0,1,0,0,0,1,0,1
"POINT (8.800087412000039 53.056961452000053)",Unfall 165348 (2019) Kat:3, Licht: 0,165348,3,2,5,10,11,7,0,0,0,1,0,0,0,0
"POINT (8.804559745000063 53.085822457000063)",Unfall 165349 (2019) Kat:3, Licht: 0,165349,3,3,5,10,11,7,0,0,1,1,0,0,0,0
"POINT (8.822883080000054 53.073946968000030)",Unfall 165350 (2019) Kat:3, Licht: 0,165350,3,7,0,10,14,7,0,0,0,0,0,0,0,1
"POINT (8.728567235000071 53.178033012000071)",Unfall 165351 (2019) Kat:3, Licht: 0,165351,3,1,8,10,15,7,0,0,0,1,0,0,0,0
"POINT (8.908642362000023 53.085098589000040)",Unfall 165352 (2019) Kat:2, Licht: 0,165352,2,3,5,10,16,7,0,0,1,1,0,0,0,0
"POINT (8.747196597000027 53.126266989000044)",Unfall 165353 (2019) Kat:3, Licht: 0,165353,3,6,3,10,14,6,0,0,1,1,0,0,0,0
"POINT (8.755788979000045 53.124581625000076)",Unfall 165354 (2019) Kat:3, Licht: 0,165354,3,7,6,10,14,6,0,0,1,0,1,0,0,0
"POINT (8.820589348000056 53.069356355000082)",Unfall 165355 (2019) Kat:3, Licht: 0,165355,3,7,3,10,13,6,0,0,0,1,0,1,0,0
"POINT (8.751788547000047 53.122230325000032)",Unfall 165356 (2019) Kat:3, Licht: 0,165356,3,3,5,10,14,6,0,0,1,1,0,0,0,0
"POINT (8.781471575000069 53.070189894000066)",Unfall 165357 (2019) Kat:3, Licht: 0,165357,3,6,2,10,14,6,0,0,0,0,0,0,0,1
"POINT (8.619424354000046 53.184068181000043)",Unfall 165358 (2019) Kat:3, Licht: 2,165358,3,3,5,10,19,6,0,2,0,1,0,1,0,0
"POINT (8.824626186000046 53.084201980000046)",Unfall 165359 (2019) Kat:3, Licht: 0,165359,3,3,5,10,14,6,0,0,0,1,0,1,0,0
"POINT (8.570815179000022 53.181245651000040)",Unfall 165360 (2019) Kat:2, Licht: 0,165360,2,3,5,10,15,6,0,0,0,1,1,0,0,0
"POINT (8.803758904000063 53.093073327000070)",Unfall 165361 (2019) Kat:3, Licht: 0,165361,3,6,2,10,13,5,0,0,1,0,0,0,0,0
"POINT (8.853950014000077 53.073335888000031)",Unfall 165362 (2019) Kat:3, Licht: 0,165362,3,7,1,10,15,5,0,0,1,1,0,0,0,0
"POINT (8.627232433000074 53.170292798000048)",Unfall 165363 (2019) Kat:3, Licht: 0,165363,3,3,6,10,15,5,0,0,0,1,1,0,0,0
"POINT (8.800858712000036 53.078957637000030)",Unfall 165364 (2019) Kat:3, Licht: 0,165364,3,6,3,10,11,5,0,0,0,1,0,0,0,0
"POINT (8.854051286000072 53.087660096000036)",Unfall 165366 (2019) Kat:3, Licht: 0,165366,3,7,0,10,14,4,0,0,0,1,1,0,0,0
"POINT (8.801320288000056 53.071491579000053)",Unfall 165367 (2019) Kat:3, Licht: 2,165367,3,2,5,10,23,4,0,2,1,1,0,0,0,0
"POINT (8.918154435000076 53.038882668000042)",Unfall 165368 (2019) Kat:3, Licht: 2,165368,3,3,5,10,18,4,0,2,1,1,0,0,0,0
"POINT (8.858091257000069 53.069481235000069)",Unfall 165369 (2019) Kat:3, Licht: 0,165369,3,2,5,10,07,4,0,0,1,1,0,0,0,0
"POINT (8.949754506000033 53.064155409000080)",Unfall 165372 (2019) Kat:3, Licht: 2,165372,3,3,5,11,17,3,0,2,0,1,0,0,0,1
"POINT (8.770467347000022 53.095504613000060)",Unfall 165373 (2019) Kat:3, Licht: 1,165373,3,3,5,10,07,3,0,1,1,1,0,0,0,0
"POINT (8.805550649000054 53.090843942000049)",Unfall 165374 (2019) Kat:3, Licht: 1,165374,3,3,5,10,18,3,0,1,1,1,0,0,0,0
"POINT (8.891590178000058 53.108488772000044)",Unfall 165375 (2019) Kat:2, Licht: 0,165375,2,7,0,11,08,3,1,0,1,1,0,0,0,0
"POINT (8.854295838000041 53.075134842000068)",Unfall 165376 (2019) Kat:3, Licht: 2,165376,3,2,0,11,16,2,1,2,0,1,0,1,0,0
"POINT (8.593546168000046 53.184328635000043)",Unfall 165377 (2019) Kat:3, Licht: 1,165377,3,3,5,10,07,3,0,1,1,1,0,0,0,0
"POINT (8.628033100000039 53.186373972000069)",Unfall 165378 (2019) Kat:2, Licht: 0,165378,2,3,5,11,11,2,1,0,0,1,0,1,0,0
"POINT (8.783130743000072 53.075522321000051)",Unfall 165379 (2019) Kat:2, Licht: 0,165379,2,5,2,10,15,3,0,0,0,1,0,0,0,0
"POINT (8.619443715000045 53.184081320000075)",Unfall 165380 (2019) Kat:3, Licht: 0,165380,3,2,5,11,15,2,1,0,0,1,0,0,0,0
"POINT (8.723128497000062 53.138182887000028)",Unfall 165381 (2019) Kat:2, Licht: 0,165381,2,2,5,10,16,3,0,0,0,1,0,0,0,0
"POINT (8.684271544000069 53.086720097000068)",Unfall 165382 (2019) Kat:2, Licht: 0,165382,2,1,8,10,09,3,0,0,0,1,0,0,1,0
"POINT (8.627696023000055 53.171310259000052)",Unfall 165383 (2019) Kat:3, Licht: 2,165383,3,2,5,11,17,2,1,2,1,1,0,0,0,0
"POINT (8.782636116000049 53.087099230000035)",Unfall 165384 (2019) Kat:3, Licht: 0,165384,3,2,5,10,10,3,0,0,0,1,0,0,0,1
"POINT (8.962998886000037 53.043780866000077)",Unfall 165385 (2019) Kat:3, Licht: 0,165385,3,7,1,10,15,3,0,0,1,0,0,0,0,1
"POINT (8.773124990000042 53.091815598000039)",Unfall 165386 (2019) Kat:3, Licht: 0,165386,3,2,5,10,16,3,0,0,1,1,0,0,0,0
"POINT (8.843623375000050 53.081081859000051)",Unfall 165387 (2019) Kat:2, Licht: 0,165387,2,7,9,10,09,3,0,0,0,1,0,0,0,0
"POINT (8.837129796000056 53.082386948000078)",Unfall 165389 (2019) Kat:3, Licht: 0,165389,3,6,1,10,15,2,0,0,1,0,0,0,0,0
"POINT (8.809402938000062 53.077639315000056)",Unfall 165390 (2019) Kat:3, Licht: 0,165390,3,7,0,10,13,2,1,0,0,0,0,0,0,1
"POINT (8.894809735000024 53.111504023000066)",Unfall 165391 (2019) Kat:3, Licht: 2,165391,3,7,0,11,18,4,1,2,1,1,0,0,0,0
"POINT (8.790341826000031 53.079798020000055)",Unfall 165392 (2019) Kat:3, Licht: 2,165392,3,6,2,10,07,2,1,2,0,1,0,0,0,0
"POINT (8.810112692000075 53.082141398000033)",Unfall 165393 (2019) Kat:3, Licht: 0,165393,3,5,1,10,14,2,0,0,0,1,0,0,0,0
"POINT (8.783112200000062 53.076495918000035)",Unfall 165394 (2019) Kat:3, Licht: 0,165394,3,1,9,10,07,2,1,0,0,1,0,0,0,0
"POINT (8.834358870000074 53.081994035000037)",Unfall 165395 (2019) Kat:3, Licht: 2,165395,3,6,2,11,06,4,0,2,0,1,0,0,0,0
"POINT (8.737110440000038 53.079744021000067)",Unfall 165396 (2019) Kat:2, Licht: 2,165396,2,2,4,11,07,3,1,2,0,1,0,0,1,0
"POINT (8.793251288000022 53.103135582000050)",Unfall 165397 (2019) Kat:3, Licht: 2,165397,3,3,5,10,22,2,0,2,0,1,0,0,0,0
"POINT (8.630075393000027 53.165601587000026)",Unfall 165398 (2019) Kat:2, Licht: 1,165398,2,1,0,11,15,3,1,1,1,0,0,0,0,0
"POINT (8.804958549000048 53.091535765000060)",Unfall 165400 (2019) Kat:3, Licht: 2,165400,3,3,5,11,18,3,0,2,1,1,0,0,0,0
"POINT (8.817341860000056 53.085513380000066)",Unfall 165402 (2019) Kat:3, Licht: 2,165402,3,7,0,10,05,1,1,2,1,0,0,0,0,0
"POINT (8.875383311000064 53.062124398000037)",Unfall 165403 (2019) Kat:3, Licht: 0,165403,3,6,2,11,10,3,1,0,0,1,0,0,0,0
"POINT (8.799463304000028 53.071508608000045)",Unfall 165404 (2019) Kat:3, Licht: 2,165404,3,3,5,10,19,7,1,2,0,1,0,0,0,0
"POINT (8.777062506000050 53.102445186000068)",Unfall 165405 (2019) Kat:3, Licht: 2,165405,3,5,1,11,19,3,0,2,0,1,1,0,0,0
"POINT (8.770612058000040 53.114181550000069)",Unfall 165406 (2019) Kat:2, Licht: 2,165406,2,6,4,10,07,7,0,2,1,1,0,0,0,0
"POINT (8.761282894000033 53.114875743000027)",Unfall 165407 (2019) Kat:3, Licht: 0,165407,3,6,2,10,17,7,1,0,0,1,0,0,0,1
"POINT (8.625478221000037 53.181326788000035)",Unfall 165408 (2019) Kat:3, Licht: 0,165408,3,3,5,11,08,3,1,0,1,1,0,0,0,0
"POINT (8.894789994000064 53.119060170000068)",Unfall 165410 (2019) Kat:3, Licht: 2,165410,3,1,0,11,07,3,1,2,0,0,0,1,0,0
"POINT (8.755479212000068 53.119962989000044)",Unfall 165413 (2019) Kat:2, Licht: 0,165413,2,7,0,10,08,6,1,0,1,0,0,0,0,0
"POINT (8.794874918000062 53.093952067000032)",Unfall 165414 (2019) Kat:3, Licht: 0,165414,3,3,5,10,15,6,1,0,1,1,0,0,0,0
"POINT (8.816832537000039 53.072945042000072)",Unfall 165415 (2019) Kat:3, Licht: 0,165415,3,7,3,10,12,6,0,0,1,1,0,0,0,0
"POINT (8.778694171000041 53.094715446000066)",Unfall 165416 (2019) Kat:3, Licht: 0,165416,3,1,5,11,07,3,0,0,1,1,0,0,0,0
"POINT (8.568705738000062 53.204066104000049)",Unfall 165417 (2019) Kat:3, Licht: 0,165417,3,1,0,10,08,6,1,0,1,0,0,0,0,0
"POINT (8.809340857000052 53.082547909000027)",Unfall 165418 (2019) Kat:3, Licht: 0,165418,3,4,6,11,14,3,0,0,0,1,1,0,0,0
"POINT (8.753568164000058 53.123304888000064)",Unfall 165419 (2019) Kat:3, Licht: 1,165419,3,3,5,10,17,6,0,1,1,1,0,0,0,0
"POINT (8.819710022000038 53.038315059000070)",Unfall 165420 (2019) Kat:3, Licht: 0,165420,3,2,0,10,12,6,0,0,1,1,0,0,0,0
"POINT (8.784139976000063 53.073387811000032)",Unfall 165421 (2019) Kat:3, Licht: 0,165421,3,2,3,10,12,6,0,0,1,0,0,0,0,1
"POINT (8.825121327000034 53.084610121000026)",Unfall 165422 (2019) Kat:2, Licht: 2,165422,2,3,5,11,07,3,1,2,1,1,0,0,0,0
"POINT (8.795621500000038 53.073954553000078)",Unfall 165423 (2019) Kat:2, Licht: 2,165423,2,1,0,10,22,6,1,2,0,0,0,1,0,0
"POINT (8.823643563000076 53.076965580000035)",Unfall 165425 (2019) Kat:2, Licht: 0,165425,2,3,5,10,13,6,0,0,1,1,0,0,0,0
"POINT (8.890007391000040 53.082276004000050)",Unfall 165427 (2019) Kat:3, Licht: 0,165427,3,6,4,10,16,6,1,0,0,1,0,0,0,0
"POINT (8.808468450000021 53.082972635000033)",Unfall 165428 (2019) Kat:3, Licht: 2,165428,3,3,5,10,20,6,1,2,1,1,0,0,0,0
"POINT (8.848006697000074 53.102181783000049)",Unfall 165429 (2019) Kat:3, Licht: 0,165429,3,5,1,11,10,2,0,0,0,1,0,0,0,0
"POINT (8.872870502000069 53.063033566000058)",Unfall 165430 (2019) Kat:3, Licht: 0,165430,3,5,1,10,15,6,1,0,0,1,0,1,0,0
"POINT (8.872538347000045 53.063242684000045)",Unfall 165431 (2019) Kat:3, Licht: 1,165431,3,7,0,11,07,2,0,1,0,1,1,0,0,0
"POINT (8.635599910000053 53.170959737000032)",Unfall 165432 (2019) Kat:3, Licht: 0,165432,3,6,2,10,16,6,1,0,0,1,0,0,0,0
"POINT (8.947406426000043 53.075739311000063)",Unfall 165433 (2019) Kat:3, Licht: 1,165433,3,1,0,10,17,6,1,1,0,0,0,1,0,0
"POINT (8.636020834000021 53.171269560000042)",Unfall 165434 (2019) Kat:3, Licht: 0,165434,3,2,0,11,13,2,0,0,1,1,0,0,0,0
"POINT (8.759474887000067 53.115774057000067)",Unfall 165435 (2019) Kat:3, Licht: 1,165435,3,4,0,11,16,2,0,1,0,0,1,0,0,1
"POINT (8.715640407000024 53.053949986000077)",Unfall 165437 (2019) Kat:3, Licht: 1,165437,3,3,5,11,07,2,0,1,1,0,0,0,0,1
"POINT (8.826434255000038 53.078667178000046)",Unfall 165439 (2019) Kat:3, Licht: 2,165439,3,6,3,11,22,1,0,2,0,1,0,0,0,0
"POINT (8.900917110000023 53.095520019000048)",Unfall 165440 (2019) Kat:3, Licht: 0,165440,3,2,5,10,12,5,1,0,0,1,0,0,0,0
"POINT (8.762598316000037 53.120524699000043)",Unfall 165441 (2019) Kat:3, Licht: 1,165441,3,3,5,11,15,1,0,1,0,1,0,0,0,0
"POINT (8.828946857000062 53.072140295000054)",Unfall 165442 (2019) Kat:3, Licht: 0,165442,3,7,0,10,18,5,0,0,0,0,0,0,0,1
"POINT (8.814009442000042 53.092517160000057)",Unfall 165444 (2019) Kat:3, Licht: 0,165444,3,7,0,11,14,7,0,0,1,0,0,0,0,0
"POINT (8.753700346000073 53.123389969000073)",Unfall 165445 (2019) Kat:2, Licht: 1,165445,2,7,0,11,16,7,0,1,1,0,0,0,0,0
"POINT (8.881382894000069 53.102611606000039)",Unfall 165446 (2019) Kat:3, Licht: 0,165446,3,7,0,10,10,5,0,0,1,0,0,0,0,0
"POINT (8.758715228000028 53.058492088000037)",Unfall 165447 (2019) Kat:3, Licht: 2,165447,3,6,4,11,19,7,0,2,1,0,0,0,0,0
"POINT (8.873019569000064 53.100747458000058)",Unfall 165448 (2019) Kat:2, Licht: 0,165448,2,6,4,10,17,5,0,0,1,0,0,0,0,0
"POINT (8.782961277000027 53.153873139000041)",Unfall 165449 (2019) Kat:3, Licht: 1,165449,3,6,3,11,16,6,1,1,1,1,0,0,0,0
"POINT (8.761264925000035 53.114962433000073)",Unfall 165450 (2019) Kat:3, Licht: 0,165450,3,4,6,10,12,5,1,0,0,1,1,0,0,0
"POINT (8.901625679000063 53.108669753000072)",Unfall 165451 (2019) Kat:3, Licht: 2,165451,3,4,6,10,20,5,0,2,1,0,1,0,0,0
"POINT (8.712391750000052 53.145102673000054)",Unfall 165452 (2019) Kat:3, Licht: 0,165452,3,3,5,11,13,6,0,0,1,1,0,0,0,0
"POINT (8.812200491000056 53.073519620000070)",Unfall 165453 (2019) Kat:3, Licht: 0,165453,3,7,0,10,17,5,0,0,1,0,0,0,0,0
"POINT (8.739353335000033 53.048610257000064)",Unfall 165454 (2019) Kat:3, Licht: 2,165454,3,3,5,11,16,6,1,2,0,1,0,0,0,0