WKT,Name,OBJECTID,UKATEGORIE,UTYP1,UART,UMONAT,USTUNDE,UWOCHENTAG,STRZUSTAND,ULICHTVERH,ISTRAD,ISTPKW,ISTFUSS,ISTKRAD,ISTGKFZ,ISTSONSTIG
"POINT (8.573054640000066 53.198635450000040)",Unfall 165725 (2019) Kat:2, Licht: 0,165725,2,3,6,12,09,2,0,0,0,1,1,0,0,0
"POINT (8.572566311000060 53.197865547000049)",Unfall 165726 (2019) Kat:3, Licht: 1,165726,3,6,2,12,19,2,0,1,0,1,0,0,0,0
"POINT (8.900901936000025 53.059279379000031)",Unfall 165727 (2019) Kat:3, Licht: 0,165727,3,6,2,12,10,7,0,0,0,1,0,0,0,1
"POINT (8.885285005000071 53.062238922000063)",Unfall 165728 (2019) Kat:3, Licht: 2,165728,3,7,0,12,17,7,0,2,0,0,0,0,0,1
"POINT (8.689174864000052 53.175250507000044)",Unfall 165729 (2019) Kat:3, Licht: 2,165729,3,7,0,12,02,6,1,2,0,1,1,0,0,0
"POINT (8.776188100000070 53.098655734000033)",Unfall 165730 (2019) Kat:3, Licht: 0,165730,3,2,5,12,14,6,0,0,1,1,0,0,0,0
"POINT (8.790126662000034 53.079734852000058)",Unfall 165731 (2019) Kat:3, Licht: 2,165731,3,6,3,12,07,6,0,2,0,1,0,0,1,0
"POINT (8.789826051000034 53.062696951000078)",Unfall 165732 (2019) Kat:3, Licht: 2,165732,3,5,1,12,17,6,0,2,0,1,0,0,0,0
"POINT (8.885279132000051 53.057601884000064)",Unfall 165733 (2019) Kat:3, Licht: 2,165733,3,7,0,12,03,5,1,2,0,1,1,0,0,0
"POINT (8.869586210000023 53.074604196000053)",Unfall 165734 (2019) Kat:3, Licht: 2,165734,3,3,5,12,17,4,1,2,1,1,0,0,0,0
"POINT (8.783975224000074 53.096541418000072)",Unfall 165735 (2019) Kat:3, Licht: 2,165735,3,4,6,12,23,4,1,2,0,1,1,0,0,0
"POINT (8.837282560000062 53.076886865000063)",Unfall 165736 (2019) Kat:3, Licht: 2,165736,3,3,5,12,00,4,1,2,0,1,0,0,0,0
"POINT (8.862494968000021 53.063060435000068)",Unfall 165738 (2019) Kat:3, Licht: 2,165738,3,1,1,12,17,3,1,2,0,1,0,0,0,0
"POINT (8.747469791000071 53.126024242000028)",Unfall 165739 (2019) Kat:3, Licht: 1,165739,3,3,5,12,15,3,1,1,0,1,0,0,0,0
"POINT (8.783279981000021 53.069724666000070)",Unfall 165740 (2019) Kat:3, Licht: 0,165740,3,3,5,12,14,3,1,0,1,1,0,0,0,0
"POINT (8.887979627000050 53.099065003000078)",Unfall 165741 (2019) Kat:3, Licht: 0,165741,3,3,5,12,15,3,1,0,0,1,0,0,0,0
"POINT (8.817421906000050 53.083446903000038)",Unfall 165744 (2019) Kat:3, Licht: 0,165744,3,2,5,12,15,2,1,0,1,1,0,0,0,0
"POINT (8.878682264000076 53.078807060000031)",Unfall 165745 (2019) Kat:3, Licht: 0,165745,3,2,5,12,14,2,1,0,1,1,0,0,0,0
"POINT (8.788227829000050 53.062989875000028)",Unfall 165746 (2019) Kat:3, Licht: 0,165746,3,6,2,12,15,2,1,0,0,1,0,0,0,0
"POINT (8.636237832000063 53.190520553000056)",Unfall 165747 (2019) Kat:3, Licht: 2,165747,3,6,2,12,17,2,1,2,0,1,0,0,0,0
"POINT (8.783048003000033 53.076431962000072)",Unfall 165748 (2019) Kat:3, Licht: 0,165748,3,3,5,12,14,2,1,0,0,1,0,0,0,0
"POINT (8.776594548000048 53.105089259000067)",Unfall 165749 (2019) Kat:3, Licht: 0,165749,3,3,5,12,13,1,0,0,0,1,0,0,0,0
"POINT (8.708468391000054 53.151835409000057)",Unfall 165750 (2019) Kat:2, Licht: 2,165750,2,1,0,12,22,1,1,2,0,0,0,1,0,0
"POINT (8.837382129000048 53.037900090000051)",Unfall 165751 (2019) Kat:3, Licht: 0,165751,3,2,2,12,11,1,1,0,0,1,0,0,0,0
"POINT (8.943359919000045 53.066542635000076)",Unfall 165752 (2019) Kat:3, Licht: 2,165752,3,3,5,12,16,1,1,2,0,1,0,0,0,0
"POINT (8.765537212000027 53.115965425000070)",Unfall 165754 (2019) Kat:3, Licht: 2,165754,3,3,5,12,23,7,0,2,0,1,0,0,0,0
"POINT (8.808996428000057 53.088316025000040)",Unfall 165755 (2019) Kat:3, Licht: 2,165755,3,7,0,12,21,7,0,2,0,1,0,0,0,0
"POINT (8.713171659000068 53.072352218000049)",Unfall 165756 (2019) Kat:2, Licht: 0,165756,2,1,4,12,14,7,1,0,0,1,0,1,0,0
"POINT (8.752445006000073 53.119768766000050)",Unfall 165757 (2019) Kat:2, Licht: 1,165757,2,3,5,12,16,7,0,1,0,1,0,0,0,0
"POINT (8.874842879000028 53.098069637000037)",Unfall 165758 (2019) Kat:3, Licht: 0,165758,3,3,5,12,17,7,0,0,0,1,1,0,0,0
"POINT (8.961894004000044 53.053237034000063)",Unfall 165759 (2019) Kat:3, Licht: 2,165759,3,3,5,12,18,7,0,2,0,1,0,0,0,0
"POINT (8.810630712000034 53.071803627000065)",Unfall 165760 (2019) Kat:3, Licht: 2,165760,3,4,6,12,21,7,0,2,1,0,1,0,0,0
"POINT (8.936634021000032 53.074421466000047)",Unfall 165761 (2019) Kat:3, Licht: 2,165761,3,1,8,12,05,7,1,2,0,1,0,0,0,0
"POINT (8.561683602000073 53.191830736000043)",Unfall 165762 (2019) Kat:3, Licht: 2,165762,3,3,9,12,17,6,0,2,0,1,0,1,0,0
"POINT (8.620695371000068 53.173855251000077)",Unfall 165763 (2019) Kat:3, Licht: 2,165763,3,1,2,12,18,6,0,2,0,1,0,0,0,0
"POINT (8.576026567000042 53.203243337000060)",Unfall 165764 (2019) Kat:3, Licht: 2,165764,3,3,6,12,21,6,1,2,0,1,1,0,0,0
"POINT (8.917415651000056 53.092877044000033)",Unfall 165765 (2019) Kat:3, Licht: 2,165765,3,7,6,12,19,6,1,2,0,0,1,0,0,1
"POINT (8.799760569000057 53.084216934000040)",Unfall 165766 (2019) Kat:3, Licht: 0,165766,3,3,2,12,14,6,0,0,1,1,0,0,0,0
"POINT (8.810907397000051 53.080038594000030)",Unfall 165767 (2019) Kat:3, Licht: 2,165767,3,6,2,12,23,6,0,2,1,1,0,0,0,0
"POINT (8.893914006000045 53.115241323000078)",Unfall 165768 (2019) Kat:3, Licht: 0,165768,3,3,5,12,08,6,0,0,1,1,0,0,0,0
"POINT (8.812654415000054 53.098255249000033)",Unfall 165769 (2019) Kat:2, Licht: 2,165769,2,2,5,12,06,6,1,2,0,1,0,1,0,0
"POINT (8.824702231000060 53.084633738000036)",Unfall 165770 (2019) Kat:3, Licht: 2,165770,3,3,5,12,22,5,0,2,0,1,0,0,0,1
"POINT (8.727770938000049 53.038311510000028)",Unfall 165771 (2019) Kat:3, Licht: 0,165771,3,4,6,12,12,5,1,0,0,1,1,0,0,0
"POINT (8.842654339000035 53.067053368000074)",Unfall 165772 (2019) Kat:3, Licht: 2,165772,3,6,4,12,17,5,0,2,0,1,0,0,0,0
"POINT (8.677737238000077 53.173302242000034)",Unfall 165773 (2019) Kat:3, Licht: 2,165773,3,3,5,12,19,5,1,2,1,1,0,0,0,0
"POINT (8.799042983000049 53.069746725000073)",Unfall 165774 (2019) Kat:3, Licht: 0,165774,3,4,6,12,14,5,1,0,0,0,1,0,0,1
"POINT (8.792338279000035 53.085611356000072)",Unfall 165775 (2019) Kat:3, Licht: 0,165775,3,1,0,12,09,5,1,0,1,0,0,0,0,0
"POINT (8.881103144000065 53.070070879000070)",Unfall 165776 (2019) Kat:3, Licht: 0,165776,3,7,0,12,12,5,1,0,0,1,0,1,0,0
"POINT (8.833242892000044 53.078957501000048)",Unfall 165777 (2019) Kat:3, Licht: 2,165777,3,6,2,12,16,5,0,2,0,1,0,1,0,0
"POINT (8.872456567000029 53.063140412000052)",Unfall 165778 (2019) Kat:2, Licht: 0,165778,2,3,5,12,14,5,0,0,1,1,0,0,0,0
"POINT (8.798850682000023 53.083915862000026)",Unfall 165779 (2019) Kat:3, Licht: 0,165779,3,6,3,12,13,5,1,0,0,1,0,0,0,0
"POINT (8.739759960000072 53.049303430000066)",Unfall 165780 (2019) Kat:3, Licht: 0,165780,3,4,6,12,08,5,1,0,0,1,1,0,0,0
"POINT (8.880565988000058 53.076725451000073)",Unfall 165781 (2019) Kat:3, Licht: 1,165781,3,2,5,12,07,5,0,1,0,1,0,0,0,0
"POINT (8.829611712000030 53.034187230000043)",Unfall 165784 (2019) Kat:3, Licht: 1,165784,3,3,3,12,08,4,0,1,1,1,0,0,0,0
"POINT (8.805902275000051 53.073309271000028)",Unfall 165785 (2019) Kat:3, Licht: 0,165785,3,4,6,12,13,4,0,0,1,0,1,0,0,0
"POINT (8.755378577000045 53.119150026000057)",Unfall 165786 (2019) Kat:3, Licht: 0,165786,3,3,5,12,11,4,0,0,1,1,0,0,0,0
"POINT (8.822826359000032 53.077969872000040)",Unfall 165787 (2019) Kat:3, Licht: 1,165787,3,7,1,12,16,4,0,1,0,1,0,0,0,0
"POINT (8.648018704000037 53.171728323000082)",Unfall 165791 (2019) Kat:3, Licht: 0,165791,3,2,4,12,15,3,1,0,0,1,0,0,0,0
"POINT (8.884022642000048 53.084712617000037)",Unfall 165792 (2019) Kat:3, Licht: 0,165792,3,4,6,12,14,3,0,0,0,1,1,0,0,0
"POINT (8.787015706000034 53.100103153000077)",Unfall 165793 (2019) Kat:3, Licht: 0,165793,3,7,6,12,13,3,0,0,0,1,1,0,0,0
"POINT (8.795899178000070 53.106300250000061)",Unfall 165794 (2019) Kat:3, Licht: 2,165794,3,6,1,12,19,3,0,2,0,1,0,0,0,0
"POINT (8.809719894000068 53.082349260000058)",Unfall 165795 (2019) Kat:3, Licht: 1,165795,3,4,6,12,16,3,0,1,0,1,1,0,0,0
"POINT (8.849734994000073 53.048390012000027)",Unfall 165796 (2019) Kat:3, Licht: 2,165796,3,3,5,12,07,3,1,2,0,1,0,0,0,0
"POINT (8.920156058000032 53.092043698000055)",Unfall 165797 (2019) Kat:3, Licht: 2,165797,3,6,3,12,16,3,1,2,1,0,0,0,0,1
"POINT (8.824900047000028 53.073037759000044)",Unfall 165798 (2019) Kat:2, Licht: 2,165798,2,7,0,12,21,3,1,2,1,0,1,0,0,0
"POINT (8.785475030000043 53.101881019000075)",Unfall 165800 (2019) Kat:3, Licht: 0,165800,3,3,5,12,16,2,0,0,0,1,0,0,0,0
"POINT (8.824432354000066 53.084489174000055)",Unfall 165801 (2019) Kat:3, Licht: 0,165801,3,2,5,12,14,2,1,0,1,0,0,0,0,1
"POINT (8.854567729000053 53.066994085000033)",Unfall 165802 (2019) Kat:3, Licht: 2,165802,3,3,5,12,18,2,0,2,0,1,0,0,0,0
"POINT (8.814143465000029 53.081210173000045)",Unfall 165803 (2019) Kat:3, Licht: 0,165803,3,2,5,12,13,2,0,0,1,1,0,0,0,0
"POINT (8.714000961000068 53.139368895000075)",Unfall 165804 (2019) Kat:3, Licht: 0,165804,3,2,5,12,14,2,0,0,0,1,0,1,0,0
"POINT (8.564833730000032 53.193259815000033)",Unfall 165805 (2019) Kat:2, Licht: 2,165805,2,2,4,12,05,2,0,2,0,0,0,1,0,1
"POINT (8.712938299000030 53.049774622000029)",Unfall 165806 (2019) Kat:3, Licht: 0,165806,3,2,5,12,14,2,0,0,1,1,0,0,0,0
"POINT (8.825297383000077 53.043601212000056)",Unfall 165807 (2019) Kat:3, Licht: 0,165807,3,6,2,12,08,2,0,0,0,1,0,0,0,0
"POINT (8.715292680000061 53.050732965000066)",Unfall 165808 (2019) Kat:3, Licht: 0,165808,3,3,5,12,08,2,1,0,1,1,0,0,0,0
"POINT (8.764592107000055 53.108070153000028)",Unfall 165810 (2019) Kat:3, Licht: 0,165810,3,6,2,12,11,1,0,0,0,1,0,0,0,0
"POINT (8.884502984000051 53.053720001000045)",Unfall 165811 (2019) Kat:3, Licht: 0,165811,3,7,0,12,12,1,1,0,1,1,0,0,0,0
"POINT (8.778357595000045 53.064367661000063)",Unfall 165812 (2019) Kat:3, Licht: 2,165812,3,1,8,12,02,1,1,2,0,1,0,0,0,0
"POINT (8.795990669000048 53.094936269000073)",Unfall 165814 (2019) Kat:3, Licht: 0,165814,3,1,0,12,13,7,1,0,1,0,0,0,0,0
"POINT (8.959298848000060 53.041561190000039)",Unfall 165815 (2019) Kat:3, Licht: 0,165815,3,7,2,12,10,7,1,0,0,1,0,0,0,1
"POINT (8.793708993000053 53.066369859000076)",Unfall 165816 (2019) Kat:3, Licht: 2,165816,3,6,3,12,20,7,1,2,0,1,0,0,0,0
"POINT (8.885826390000034 53.109823921000043)",Unfall 165817 (2019) Kat:3, Licht: 0,165817,3,3,4,12,11,7,1,0,0,1,0,0,0,0
"POINT (8.788041527000075 53.070278774000030)",Unfall 165818 (2019) Kat:3, Licht: 2,165818,3,5,1,12,17,7,1,2,0,1,0,0,0,1
"POINT (8.804116575000023 53.072392110000067)",Unfall 165819 (2019) Kat:2, Licht: 2,165819,2,4,6,12,01,7,1,2,0,1,1,0,0,0
"POINT (8.875801418000037 53.081863715000054)",Unfall 165820 (2019) Kat:2, Licht: 2,165820,2,1,0,12,19,7,1,2,1,0,0,0,0,0
"POINT (8.793951496000034 53.099701378000077)",Unfall 165824 (2019) Kat:3, Licht: 2,165824,3,7,1,12,18,6,0,2,0,1,0,0,0,0
"POINT (8.733802868000055 53.058464786000059)",Unfall 165825 (2019) Kat:3, Licht: 2,165825,3,6,2,12,18,6,0,2,0,1,0,0,0,0
"POINT (8.733879003000027 53.058401443000037)",Unfall 165826 (2019) Kat:3, Licht: 0,165826,3,3,5,12,11,6,0,0,1,1,0,0,0,0
"POINT (8.784068439000066 53.092943310000067)",Unfall 165827 (2019) Kat:3, Licht: 1,165827,3,3,5,12,07,6,0,1,1,1,0,0,0,0
"POINT (8.882612366000046 53.090426593000075)",Unfall 165828 (2019) Kat:3, Licht: 0,165828,3,3,5,12,12,6,1,0,0,1,0,0,0,0
"POINT (8.805313908000073 53.081197670000051)",Unfall 165829 (2019) Kat:3, Licht: 2,165829,3,7,0,12,19,6,1,2,0,1,0,0,0,0
"POINT (8.723592183000051 53.130865017000076)",Unfall 165830 (2019) Kat:3, Licht: 2,165830,3,1,8,12,00,6,0,2,0,1,0,0,0,0
"POINT (8.837301722000063 53.037887195000053)",Unfall 165833 (2019) Kat:3, Licht: 1,165833,3,6,1,12,16,5,0,1,0,1,0,0,0,0
"POINT (8.875308352000047 53.082801496000059)",Unfall 165834 (2019) Kat:3, Licht: 0,165834,3,7,5,12,14,5,0,0,1,1,0,0,0,0
"POINT (8.894584046000034 53.079473202000031)",Unfall 165835 (2019) Kat:3, Licht: 0,165835,3,3,3,12,14,5,0,0,0,1,0,0,0,0
"POINT (8.846923660000073 53.048303854000039)",Unfall 165836 (2019) Kat:3, Licht: 1,165836,3,3,5,12,16,5,0,1,1,1,0,0,0,0
"POINT (8.770263362000037 53.093144869000071)",Unfall 165837 (2019) Kat:3, Licht: 0,165837,3,2,5,12,15,5,0,0,0,1,0,0,0,0
"POINT (8.797020578000058 53.076427163000062)",Unfall 165838 (2019) Kat:3, Licht: 2,165838,3,6,3,12,17,5,0,2,0,1,0,0,0,1
"POINT (8.626202806000038 53.183757088000050)",Unfall 165840 (2019) Kat:3, Licht: 0,165840,3,7,0,12,10,4,1,0,1,1,0,0,0,0
"POINT (8.587314489000050 53.182668532000037)",Unfall 165841 (2019) Kat:3, Licht: 2,165841,3,7,5,12,17,4,0,2,1,1,0,0,0,0
"POINT (8.785403598000073 53.088731750000079)",Unfall 165842 (2019) Kat:3, Licht: 0,165842,3,2,4,12,15,4,1,0,1,1,0,0,0,0
"POINT (8.711432603000048 53.147384298000077)",Unfall 165843 (2019) Kat:3, Licht: 2,165843,3,3,6,12,07,4,1,2,0,1,1,0,0,0
"POINT (8.873147341000049 53.079638722000027)",Unfall 165844 (2019) Kat:3, Licht: 2,165844,3,7,0,12,20,4,1,2,1,0,0,0,0,0
"POINT (8.622245481000050 53.181804924000062)",Unfall 165845 (2019) Kat:2, Licht: 2,165845,2,4,6,12,19,4,1,2,0,1,1,0,0,0
"POINT (8.799790765000068 53.060653821000074)",Unfall 165846 (2019) Kat:2, Licht: 2,165846,2,4,6,12,07,4,1,2,0,1,1,0,0,0
"POINT (8.798475950000068 53.077390248000029)",Unfall 165847 (2019) Kat:3, Licht: 2,165847,3,1,2,12,17,4,1,2,0,1,0,0,0,0
"POINT (8.842450748000033 53.088760829000080)",Unfall 165848 (2019) Kat:3, Licht: 0,165848,3,4,6,12,09,4,1,0,0,1,1,0,0,0
"POINT (8.846917682000026 53.080476142000066)",Unfall 165850 (2019) Kat:3, Licht: 2,165850,3,7,7,12,20,3,1,2,1,0,0,0,0,1
"POINT (8.865387819000034 53.062484103000031)",Unfall 165851 (2019) Kat:3, Licht: 0,165851,3,5,1,12,07,3,1,0,0,1,0,0,0,0
"POINT (8.771918905000064 53.102741075000040)",Unfall 165852 (2019) Kat:3, Licht: 0,165852,3,3,5,12,15,3,0,0,1,1,0,0,0,0
"POINT (8.888350628000069 53.066134193000039)",Unfall 165853 (2019) Kat:3, Licht: 0,165853,3,3,5,12,12,3,0,0,0,1,0,0,0,0
"POINT (8.778838977000021 53.076158275000068)",Unfall 165854 (2019) Kat:3, Licht: 0,165854,3,6,2,12,10,3,0,0,0,1,0,0,1,0
"POINT (8.899903796000046 53.052920857000061)",Unfall 165855 (2019) Kat:3, Licht: 0,165855,3,6,3,12,09,3,1,0,1,1,0,0,0,0
"POINT (8.858009948000074 53.089038521000077)",Unfall 165856 (2019) Kat:3, Licht: 0,165856,3,6,4,12,12,3,1,0,1,0,0,0,1,0
"POINT (8.916036912000038 53.039056912000035)",Unfall 165857 (2019) Kat:3, Licht: 0,165857,3,3,5,12,10,3,0,0,0,1,0,0,0,0
"POINT (8.822611953000035 53.074769683000056)",Unfall 165860 (2019) Kat:3, Licht: 0,165860,3,7,0,12,13,2,0,0,1,0,0,0,0,0
"POINT (8.844226211000034 53.075379700000042)",Unfall 165861 (2019) Kat:3, Licht: 0,165861,3,2,5,12,13,2,0,0,1,1,0,0,0,0
"POINT (8.809158570000022 53.078870822000056)",Unfall 165862 (2019) Kat:3, Licht: 2,165862,3,3,5,12,16,2,1,2,0,1,0,0,0,1
"POINT (8.622459920000040 53.181749791000072)",Unfall 165863 (2019) Kat:3, Licht: 2,165863,3,3,5,12,16,2,1,2,0,1,0,0,0,0
"POINT (8.843988320000051 53.081081060000031)",Unfall 165864 (2019) Kat:3, Licht: 0,165864,3,2,5,12,08,2,0,0,1,1,0,0,0,0
"POINT (8.612429894000059 53.184286379000071)",Unfall 165865 (2019) Kat:3, Licht: 2,165865,3,3,5,12,17,2,1,2,1,1,0,0,0,0
"POINT (8.825619233000055 53.072955972000045)",Unfall 165867 (2019) Kat:3, Licht: 2,165867,3,3,1,12,17,1,1,2,0,1,0,1,0,0
"POINT (8.808124249000059 53.074437235000062)",Unfall 165868 (2019) Kat:3, Licht: 2,165868,3,4,6,12,20,1,1,2,1,0,1,0,0,0
"POINT (8.878941370000064 53.078927014000044)",Unfall 165869 (2019) Kat:2, Licht: 2,165869,2,3,5,12,00,1,0,2,1,0,0,0,0,1
"POINT (8.884813440000073 53.049467144000062)",Unfall 165870 (2019) Kat:3, Licht: 2,165870,3,3,5,12,17,1,1,2,0,1,0,0,0,0
"POINT (8.963675359000035 53.065241525000033)",Unfall 165871 (2019) Kat:3, Licht: 2,165871,3,4,6,12,17,7,1,2,0,1,1,0,0,0
"POINT (8.770984856000041 53.101859785000045)",Unfall 165872 (2019) Kat:2, Licht: 2,165872,2,1,0,12,21,7,1,2,0,1,0,0,0,0
"POINT (8.736100468000075 53.137277211000082)",Unfall 165873 (2019) Kat:2, Licht: 2,165873,2,7,0,12,16,7,1,2,1,0,0,0,0,0
"POINT (8.822263178000071 53.085521443000061)",Unfall 165876 (2019) Kat:3, Licht: 2,165876,3,6,2,12,19,6,1,2,0,1,0,0,0,0
"POINT (8.767202393000048 53.114927344000080)",Unfall 165877 (2019) Kat:3, Licht: 2,165877,3,7,0,12,17,6,1,2,0,1,0,0,0,0
"POINT (8.749387058000025 53.124346500000058)",Unfall 165878 (2019) Kat:3, Licht: 2,165878,3,6,2,12,19,6,1,2,0,1,0,0,0,0
"POINT (8.896298967000064 53.077816506000033)",Unfall 165879 (2019) Kat:3, Licht: 0,165879,3,4,6,12,12,6,1,0,0,1,1,0,0,0
"POINT (8.785192110000025 53.102306444000078)",Unfall 165880 (2019) Kat:3, Licht: 2,165880,3,3,5,12,16,6,1,2,0,1,0,0,0,0
"POINT (8.803277642000069 53.080183555000076)",Unfall 165881 (2019) Kat:3, Licht: 2,165881,3,3,5,12,23,6,1,2,1,1,0,0,0,0
"POINT (8.801778904000059 53.067864740000061)",Unfall 165883 (2019) Kat:3, Licht: 0,165883,3,6,2,12,14,6,1,0,0,1,0,0,0,0
"POINT (8.855979449000074 53.072905921000029)",Unfall 165884 (2019) Kat:2, Licht: 2,165884,2,4,6,12,17,6,1,2,0,1,1,0,0,0
"POINT (8.789530226000068 53.054711853000072)",Unfall 165886 (2019) Kat:3, Licht: 1,165886,3,3,5,12,15,6,1,1,1,1,0,0,0,0
"POINT (8.809735657000033 53.074444464000067)",Unfall 165888 (2019) Kat:3, Licht: 0,165888,3,7,0,12,13,6,1,0,0,0,1,0,0,1
"POINT (8.945584500000052 53.068176404000042)",Unfall 165889 (2019) Kat:3, Licht: 0,165889,3,2,3,12,12,6,1,0,1,1,0,0,0,0
"POINT (8.806688811000072 53.093724815000030)",Unfall 165891 (2019) Kat:3, Licht: 0,165891,3,6,3,12,14,6,1,0,1,1,0,0,0,0
"POINT (8.686334255000077 53.170335530000045)",Unfall 165893 (2019) Kat:3, Licht: 0,165893,3,3,6,12,07,6,1,0,0,1,1,0,0,0
"POINT (8.782653795000044 53.087111341000082)",Unfall 165897 (2019) Kat:3, Licht: 2,165897,3,2,4,12,06,5,1,2,0,1,0,0,0,0
"POINT (8.571515787000067 53.181313632000069)",Unfall 165899 (2019) Kat:3, Licht: 0,165899,3,3,5,12,11,5,0,0,1,1,0,0,0,0
"POINT (8.841847435000034 53.080170753000061)",Unfall 165901 (2019) Kat:3, Licht: 0,165901,3,7,7,12,12,5,0,0,1,0,0,0,0,1
"POINT (8.686080553000068 53.173328347000052)",Unfall 165902 (2019) Kat:3, Licht: 1,165902,3,3,6,12,07,5,0,1,0,1,1,0,0,0
"POINT (8.758013981000033 53.058177588000035)",Unfall 165904 (2019) Kat:3, Licht: 0,165904,3,3,5,12,08,5,0,0,0,1,0,0,0,0
"POINT (8.713702190000049 53.140138159000060)",Unfall 165906 (2019) Kat:3, Licht: 0,165906,3,2,5,12,14,5,0,0,1,1,0,0,0,0
"POINT (8.849959761000037 53.085017020000066)",Unfall 165907 (2019) Kat:3, Licht: 0,165907,3,3,5,12,10,5,0,0,1,1,0,0,0,0
"POINT (8.798248546000025 53.100735232000034)",Unfall 165912 (2019) Kat:3, Licht: 0,165912,3,6,2,12,07,4,0,0,0,1,0,0,0,0
"POINT (8.846527021000043 53.081021959000054)",Unfall 165913 (2019) Kat:3, Licht: 2,165913,3,2,5,12,18,4,0,2,1,1,0,0,0,0
"POINT (8.800734622000050 53.078674206000073)",Unfall 165916 (2019) Kat:3, Licht: 2,165916,3,4,6,12,18,4,0,2,0,1,1,0,0,0
"POINT (8.782660149000037 53.087115694000033)",Unfall 165918 (2019) Kat:3, Licht: 2,165918,3,6,3,12,17,4,0,2,1,0,0,0,0,1
"POINT (8.794874918000062 53.093952067000032)",Unfall 165919 (2019) Kat:3, Licht: 2,165919,3,6,2,12,16,4,0,2,0,1,0,0,0,0
"POINT (8.686153692000062 53.171185285000035)",Unfall 165922 (2019) Kat:3, Licht: 2,165922,3,6,2,12,18,4,0,2,0,1,0,0,0,0
"POINT (8.806232579000039 53.109909962000074)",Unfall 165927 (2019) Kat:3, Licht: 0,165927,3,6,3,12,13,3,0,0,0,1,0,0,1,0
"POINT (8.769679560000043 53.113223597000058)",Unfall 165929 (2019) Kat:3, Licht: 0,165929,3,3,5,12,12,3,0,0,1,1,0,0,0,0
"POINT (8.704250859000069 53.160803250000072)",Unfall 165931 (2019) Kat:3, Licht: 0,165931,3,7,0,12,08,3,1,0,0,0,0,0,0,1
"POINT (8.821333928000058 53.074971758000061)",Unfall 165932 (2019) Kat:3, Licht: 0,165932,3,2,3,12,11,3,0,0,1,0,0,0,0,0
"POINT (8.825667508000038 53.084814045000030)",Unfall 165935 (2019) Kat:3, Licht: 0,165935,3,3,5,12,16,3,0,0,1,1,0,0,0,0
"POINT (8.752526619000037 53.112218081000037)",Unfall 165937 (2019) Kat:3, Licht: 2,165937,3,6,2,12,21,3,1,2,0,1,0,0,0,0
"POINT (8.850892094000074 53.045343122000077)",Unfall 165939 (2019) Kat:3, Licht: 0,165939,3,2,5,12,14,3,1,0,1,0,0,0,0,1
"POINT (8.847007968000071 53.049419359000069)",Unfall 165942 (2019) Kat:3, Licht: 2,165942,3,6,2,12,18,3,0,2,0,1,0,0,0,0
"POINT (8.727094388000069 53.057436206000034)",Unfall 165950 (2019) Kat:3, Licht: 0,165950,3,2,5,12,08,2,0,0,1,1,0,0,0,0
"POINT (8.715272355000025 53.153841941000053)",Unfall 165951 (2019) Kat:3, Licht: 2,165951,3,6,2,12,16,2,0,2,0,1,0,0,0,0
"POINT (8.959528688000034 53.040308045000074)",Unfall 165953 (2019) Kat:3, Licht: 0,165953,3,6,2,12,13,2,1,0,0,1,0,0,0,1
"POINT (8.618592475000071 53.174184970000056)",Unfall 165955 (2019) Kat:3, Licht: 2,165955,3,4,6,12,19,2,1,2,0,1,1,0,0,0
"POINT (8.881936425000049 53.103167097000039)",Unfall 165956 (2019) Kat:3, Licht: 2,165956,3,6,2,12,15,2,1,2,0,1,0,0,0,0
"POINT (8.776282985000023 53.098359112000082)",Unfall 165959 (2019) Kat:3, Licht: 0,165959,3,6,2,12,10,2,1,0,0,1,0,0,1,0
"POINT (8.833362269000077 53.070662882000079)",Unfall 165961 (2019) Kat:3, Licht: 2,165961,3,4,6,12,06,2,1,2,0,1,1,0,0,0
"POINT (8.800561967000022 53.078793623000081)",Unfall 165963 (2019) Kat:3, Licht: 0,165963,3,3,5,12,15,2,1,0,0,1,0,0,0,1
"POINT (8.886039237000034 53.085963566000032)",Unfall 165964 (2019) Kat:3, Licht: 2,165964,3,3,5,12,17,2,1,2,1,1,0,0,0,0
"POINT (8.688429198000051 53.169691170000078)",Unfall 165966 (2019) Kat:3, Licht: 2,165966,3,3,6,12,19,2,1,2,0,1,1,0,0,0
"POINT (8.619518851000066 53.174117136000064)",Unfall 165968 (2019) Kat:3, Licht: 0,165968,3,1,2,12,13,2,1,0,0,1,0,0,0,0
"POINT (8.838549873000034 53.079722151000055)",Unfall 165969 (2019) Kat:3, Licht: 0,165969,3,7,0,12,07,2,1,0,1,0,0,0,0,1
"POINT (8.712556561000042 53.144726155000058)",Unfall 165971 (2019) Kat:2, Licht: 0,165971,2,6,4,12,15,1,0,0,0,1,0,0,0,0
"POINT (8.564849917000061 53.193265536000069)",Unfall 165973 (2019) Kat:2, Licht: 2,165973,2,1,8,12,00,1,1,2,0,1,0,0,0,0
"POINT (8.813878954000074 53.081286126000066)",Unfall 165978 (2019) Kat:3, Licht: 2,165978,3,3,6,11,06,7,1,2,0,1,1,0,0,0
"POINT (8.732442294000066 53.058296144000053)",Unfall 165980 (2019) Kat:3, Licht: 0,165980,3,4,6,11,13,7,0,0,0,1,1,0,0,0
"POINT (8.758057514000029 53.058191771000054)",Unfall 165982 (2019) Kat:3, Licht: 0,165982,3,6,2,11,12,7,0,0,0,1,0,0,0,0