WKT,Name,OBJECTID,UKATEGORIE,UTYP1,UART,UMONAT,USTUNDE,UWOCHENTAG,STRZUSTAND,ULICHTVERH,ISTRAD,ISTPKW,ISTFUSS,ISTKRAD,ISTGKFZ,ISTSONSTIG
"POINT (8.824440839000033 53.084558426000058)",Unfall 165983 (2019) Kat:3, Licht: 2,165983,3,3,5,11,21,7,0,2,1,1,0,0,0,0
"POINT (8.793225763000066 53.084900676000075)",Unfall 165984 (2019) Kat:2, Licht: 0,165984,2,1,9,11,08,7,1,0,0,1,0,0,0,0
"POINT (8.690975651000031 53.168746768000062)",Unfall 165987 (2019) Kat:3, Licht: 0,165987,3,7,0,11,10,7,1,0,1,0,0,0,0,0
"POINT (8.805349820000060 53.081061419000036)",Unfall 165989 (2019) Kat:2, Licht: 0,165989,2,1,9,11,07,7,0,0,0,1,0,0,0,0
"POINT (8.790959016000045 53.095414429000073)",Unfall 165992 (2019) Kat:3, Licht: 2,165992,3,6,2,11,16,6,1,2,1,1,0,0,0,0
"POINT (8.862112340000067 53.099322567000058)",Unfall 165994 (2019) Kat:2, Licht: 1,165994,2,3,5,11,16,6,1,1,1,1,0,0,0,0
"POINT (8.559046782000053 53.201074628000072)",Unfall 165996 (2019) Kat:3, Licht: 2,165996,3,4,6,11,06,6,1,2,0,1,1,0,0,0
"POINT (8.790142223000032 53.096482352000066)",Unfall 165997 (2019) Kat:3, Licht: 0,165997,3,7,0,11,14,6,1,0,1,0,1,0,0,0
"POINT (8.880519261000075 53.101621763000082)",Unfall 165999 (2019) Kat:3, Licht: 0,165999,3,3,5,11,11,6,1,0,1,1,0,0,0,0
"POINT (8.867501626000035 53.069847464000077)",Unfall 166001 (2019) Kat:2, Licht: 2,166001,2,2,5,11,16,6,1,2,1,1,0,0,0,0
"POINT (8.863793436000037 53.071255716000053)",Unfall 166002 (2019) Kat:3, Licht: 1,166002,3,2,4,11,07,6,0,1,1,1,0,0,0,0
"POINT (8.854468643000075 53.067020375000027)",Unfall 166003 (2019) Kat:3, Licht: 1,166003,3,2,4,11,07,6,0,1,1,1,0,0,0,0
"POINT (8.857014347000074 53.091249246000075)",Unfall 166005 (2019) Kat:3, Licht: 0,166005,3,2,5,11,16,6,1,0,1,1,0,0,0,0
"POINT (8.763713398000050 53.058994110000071)",Unfall 166008 (2019) Kat:3, Licht: 0,166008,3,7,6,11,16,5,1,0,0,1,1,0,0,0
"POINT (8.892991622000068 53.079436153000074)",Unfall 166009 (2019) Kat:3, Licht: 0,166009,3,4,6,11,13,5,1,0,0,1,1,0,0,0
"POINT (8.768421911000075 53.094020848000071)",Unfall 166012 (2019) Kat:3, Licht: 2,166012,3,3,5,11,07,5,1,2,1,1,0,0,0,0
"POINT (8.804117736000023 53.076093554000067)",Unfall 166014 (2019) Kat:3, Licht: 2,166014,3,6,3,11,15,5,1,2,0,1,0,0,0,0
"POINT (8.931124174000047 53.074627496000062)",Unfall 166016 (2019) Kat:3, Licht: 0,166016,3,7,2,11,07,5,1,0,0,1,0,0,0,0
"POINT (8.875637074000053 53.062140829000043)",Unfall 166017 (2019) Kat:3, Licht: 2,166017,3,6,2,11,06,5,1,2,0,1,0,0,0,0
"POINT (8.878078394000056 53.074491428000044)",Unfall 166019 (2019) Kat:3, Licht: 0,166019,3,6,2,11,12,5,1,0,0,1,0,0,0,0
"POINT (8.811103536000076 53.081252732000053)",Unfall 166021 (2019) Kat:3, Licht: 0,166021,3,7,1,11,13,5,1,0,1,0,0,0,0,1
"POINT (8.739811902000042 53.050203940000074)",Unfall 166022 (2019) Kat:3, Licht: 1,166022,3,2,3,11,16,5,1,1,1,1,0,0,0,0
"POINT (8.814572057000021 53.029765553000061)",Unfall 166024 (2019) Kat:3, Licht: 1,166024,3,2,2,11,15,5,1,1,0,1,0,0,0,0
"POINT (8.793327015000045 53.085242165000068)",Unfall 166028 (2019) Kat:3, Licht: 0,166028,3,3,5,11,09,4,1,0,1,0,0,0,0,0
"POINT (8.770487343000070 53.113994094000077)",Unfall 166030 (2019) Kat:3, Licht: 0,166030,3,2,5,11,08,4,0,0,1,1,0,0,0,0
"POINT (8.959103628000037 53.042647113000044)",Unfall 166032 (2019) Kat:3, Licht: 2,166032,3,7,1,11,16,4,1,2,0,1,0,0,0,0
"POINT (8.737885897000069 53.053044066000041)",Unfall 45220 (2020) Kat:3, Licht: 0,45220,3,6,3,05,16,7,0,0,0,1,0,0,0,0
"POINT (8.763651903000039 53.060287965000043)",Unfall 45225 (2020) Kat:3, Licht: 2,45225,3,6,3,09,03,7,0,2,0,1,0,0,1,0
"POINT (8.776018418000035 53.067849801000079)",Unfall 45228 (2020) Kat:3, Licht: 0,45228,3,6,2,01,14,3,0,0,0,1,0,0,0,0
"POINT (8.802918021000039 53.106612311000049)",Unfall 45229 (2020) Kat:3, Licht: 0,45229,3,5,1,07,06,2,0,0,0,1,0,0,0,0
"POINT (8.716647431000069 53.171966142000031)",Unfall 45234 (2020) Kat:3, Licht: 0,45234,3,6,3,11,16,6,0,0,0,1,0,0,1,0
"POINT (8.859024334000026 53.029275186000064)",Unfall 45236 (2020) Kat:3, Licht: 2,45236,3,6,2,03,18,1,0,2,0,1,0,0,0,0
"POINT (8.916547244000071 53.079244413000026)",Unfall 45237 (2020) Kat:2, Licht: 1,45237,2,6,2,08,06,1,0,1,0,1,0,0,1,0
"POINT (8.798286448000056 53.055834539000045)",Unfall 45241 (2020) Kat:3, Licht: 0,45241,3,6,2,03,13,3,1,0,0,1,0,0,1,0
"POINT (8.719029618000036 53.166427477000070)",Unfall 45242 (2020) Kat:2, Licht: 0,45242,2,6,2,09,17,6,0,0,0,1,0,0,0,0
"POINT (8.816340887000024 53.043695709000076)",Unfall 45247 (2020) Kat:3, Licht: 0,45247,3,6,2,07,13,4,1,0,0,1,0,0,0,0
"POINT (8.715363337000042 53.174332959000026)",Unfall 45252 (2020) Kat:3, Licht: 1,45252,3,6,2,11,06,2,0,1,0,1,0,0,0,0
"POINT (8.794646528000044 53.095195416000081)",Unfall 45254 (2020) Kat:3, Licht: 2,45254,3,6,2,02,09,4,1,2,0,1,0,0,0,0
"POINT (8.740036975000066 53.143176778000054)",Unfall 45255 (2020) Kat:2, Licht: 0,45255,2,1,8,08,19,6,0,0,0,0,0,1,0,0
"POINT (8.718420074000051 53.167851205000034)",Unfall 45266 (2020) Kat:3, Licht: 0,45266,3,6,2,01,11,5,1,0,0,1,0,0,0,1
"POINT (8.745785991000048 53.053376215000071)",Unfall 45267 (2020) Kat:3, Licht: 0,45267,3,6,2,06,17,3,0,0,0,1,0,0,0,0
"POINT (8.790750108000054 53.060865634000038)",Unfall 45272 (2020) Kat:3, Licht: 0,45272,3,3,5,10,13,6,1,0,0,1,0,0,0,0
"POINT (8.719389353000054 53.165584414000080)",Unfall 45276 (2020) Kat:3, Licht: 0,45276,3,6,1,02,13,6,0,0,0,1,0,0,0,0
"POINT (8.724654368000074 53.143406002000063)",Unfall 45277 (2020) Kat:3, Licht: 0,45277,3,7,6,08,11,4,0,0,0,0,0,0,0,1
"POINT (8.717235190000054 53.170613572000036)",Unfall 45283 (2020) Kat:3, Licht: 0,45283,3,6,2,06,18,2,0,0,0,1,0,0,0,0
"POINT (8.921653903000049 53.078951804000042)",Unfall 45284 (2020) Kat:2, Licht: 2,45284,2,6,2,12,07,7,1,2,0,0,0,0,0,1
"POINT (8.742502299000023 53.139896269000076)",Unfall 45286 (2020) Kat:2, Licht: 0,45286,2,6,2,04,09,4,0,0,0,0,0,0,1,1
"POINT (8.721360284000070 53.161515591000068)",Unfall 45288 (2020) Kat:3, Licht: 0,45288,3,6,2,09,13,6,0,0,0,1,0,0,0,0
"POINT (8.794551369000033 53.091473713000028)",Unfall 45291 (2020) Kat:3, Licht: 0,45291,3,6,2,10,11,6,0,0,0,1,0,0,0,0
"POINT (8.866297146000022 53.110512699000026)",Unfall 45292 (2020) Kat:3, Licht: 1,45292,3,6,2,04,05,5,0,1,0,1,0,0,0,1
"POINT (8.843758862000072 53.024387482000066)",Unfall 45293 (2020) Kat:2, Licht: 0,45293,2,6,2,09,17,4,0,0,0,1,0,0,0,0
"POINT (8.898906685000043 53.087700472000051)",Unfall 45295 (2020) Kat:3, Licht: 0,45295,3,6,2,01,07,5,0,0,0,1,0,0,0,0
"POINT (8.691600957000048 53.096209766000072)",Unfall 45296 (2020) Kat:3, Licht: 0,45296,3,1,8,08,09,7,0,0,0,0,0,1,0,0
"POINT (8.710536013000024 53.179300503000036)",Unfall 45302 (2020) Kat:3, Licht: 0,45302,3,6,2,05,18,4,0,0,0,1,0,0,0,0
"POINT (8.819025526000075 53.048021790000064)",Unfall 45305 (2020) Kat:3, Licht: 0,45305,3,6,2,03,11,6,1,0,0,1,0,0,0,0
"POINT (8.751419075000058 53.055181311000069)",Unfall 45307 (2020) Kat:3, Licht: 0,45307,3,6,2,09,16,6,0,0,0,1,0,0,0,0
"POINT (8.797575715000050 53.087453680000067)",Unfall 45310 (2020) Kat:3, Licht: 0,45310,3,1,0,01,15,6,0,0,0,0,0,1,0,0
"POINT (8.796739330000037 53.086669578000055)",Unfall 45311 (2020) Kat:3, Licht: 0,45311,3,6,3,07,15,3,0,0,0,1,0,0,1,0
"POINT (8.719017573000031 53.166455609000081)",Unfall 45317 (2020) Kat:3, Licht: 1,45317,3,6,2,01,06,5,0,1,0,1,0,0,0,0
"POINT (8.783658894000041 53.071651332000044)",Unfall 45318 (2020) Kat:3, Licht: 0,45318,3,6,2,07,14,6,0,0,0,1,0,0,0,0
"POINT (8.868967349000059 53.033299060000047)",Unfall 45323 (2020) Kat:3, Licht: 2,45323,3,6,2,11,05,2,0,2,0,1,0,0,0,0
"POINT (8.719348509000042 53.165681242000062)",Unfall 45325 (2020) Kat:3, Licht: 0,45325,3,6,3,03,11,7,0,0,0,1,0,0,0,0
"POINT (8.738535282000044 53.142998988000045)",Unfall 45326 (2020) Kat:3, Licht: 0,45326,3,1,3,09,12,5,0,0,0,1,0,0,1,0
"POINT (8.773010267000075 53.068462186000033)",Unfall 45330 (2020) Kat:3, Licht: 2,45330,3,1,8,01,21,5,1,2,0,1,0,0,0,0
"POINT (8.778862532000062 53.068030138000040)",Unfall 45331 (2020) Kat:2, Licht: 0,45331,2,6,2,06,14,2,0,0,0,0,0,1,1,0
"POINT (8.710600193000062 53.179486244000032)",Unfall 45336 (2020) Kat:2, Licht: 0,45336,2,6,3,11,11,4,0,0,0,1,0,0,0,0
"POINT (8.869161301000077 53.108690495000076)",Unfall 45337 (2020) Kat:3, Licht: 0,45337,3,1,0,10,12,3,0,0,0,0,0,1,0,0
"POINT (8.736608369000066 53.142607028000043)",Unfall 45342 (2020) Kat:3, Licht: 0,45342,3,7,2,08,13,7,0,0,0,1,0,0,0,0
"POINT (8.781888967000043 53.067103146000079)",Unfall 45348 (2020) Kat:3, Licht: 0,45348,3,3,5,06,15,5,1,0,0,1,0,0,0,0
"POINT (8.717230741000037 53.170623810000052)",Unfall 45353 (2020) Kat:3, Licht: 0,45353,3,6,2,10,07,6,1,0,0,1,0,0,0,0
"POINT (8.968286411000065 53.056157208000059)",Unfall 45354 (2020) Kat:3, Licht: 2,45354,3,1,9,04,22,5,0,2,0,1,0,0,0,0
"POINT (8.797028826000030 53.087092889000076)",Unfall 45355 (2020) Kat:3, Licht: 0,45355,3,6,3,09,17,5,0,0,0,1,0,0,1,0
"POINT (8.872405184000058 53.108151830000054)",Unfall 45357 (2020) Kat:3, Licht: 0,45357,3,6,2,02,15,3,0,0,0,1,0,0,1,0
"POINT (8.685480238000025 53.173289823000061)",Unfall 45364 (2020) Kat:3, Licht: 0,45364,3,7,6,05,12,6,0,0,0,1,1,0,0,0
"POINT (8.799909215000071 53.054912482000077)",Unfall 45365 (2020) Kat:3, Licht: 0,45365,3,6,2,02,16,6,0,0,0,1,0,0,0,0
"POINT (8.741044200000033 53.052896133000047)",Unfall 45372 (2020) Kat:3, Licht: 0,45372,3,4,6,06,10,1,0,0,0,1,1,0,0,0
"POINT (8.825644623000073 53.116284353000026)",Unfall 45373 (2020) Kat:3, Licht: 2,45373,3,6,2,12,05,2,1,2,0,1,0,0,0,0
"POINT (8.859347385000035 53.029412683000032)",Unfall 45376 (2020) Kat:3, Licht: 0,45376,3,6,2,04,15,2,0,0,0,0,0,0,1,1
"POINT (8.850728749000041 53.115298330000030)",Unfall 45378 (2020) Kat:2, Licht: 0,45378,2,6,2,09,12,2,0,0,0,1,0,0,0,0
"POINT (8.785078501000044 53.064986277000060)",Unfall 45381 (2020) Kat:3, Licht: 0,45381,3,6,2,07,11,3,0,0,0,0,0,0,0,1
"POINT (8.738003169000024 53.145405157000027)",Unfall 45387 (2020) Kat:3, Licht: 2,45387,3,6,2,11,16,7,0,2,0,1,0,0,0,0
"POINT (8.862391158000037 53.030900892000034)",Unfall 45390 (2020) Kat:2, Licht: 0,45390,2,7,9,03,13,3,1,0,0,1,0,0,0,0
"POINT (8.714838321000059 53.175054881000051)",Unfall 45391 (2020) Kat:3, Licht: 2,45391,3,6,3,12,07,3,1,2,0,1,0,0,0,0
"POINT (8.923518741000066 53.078963299000065)",Unfall 45394 (2020) Kat:3, Licht: 0,45394,3,6,2,04,19,6,0,0,0,1,0,0,0,0
"POINT (8.809055844000056 53.051329787000043)",Unfall 45399 (2020) Kat:3, Licht: 2,45399,3,3,5,01,07,4,1,2,1,1,0,0,0,0
"POINT (8.797464729000069 53.100454692000028)",Unfall 45405 (2020) Kat:2, Licht: 2,45405,2,6,4,11,21,7,1,2,0,1,0,0,0,1
"POINT (8.936124487000029 53.027952739000057)",Unfall 45408 (2020) Kat:3, Licht: 0,45408,3,6,2,03,13,3,0,0,0,0,0,0,1,0
"POINT (8.968438311000057 53.056184173000076)",Unfall 45409 (2020) Kat:2, Licht: 0,45409,2,1,9,08,16,2,1,0,0,0,0,1,0,0
"POINT (8.818143207000048 53.046759457000064)",Unfall 45414 (2020) Kat:3, Licht: 0,45414,3,3,5,06,14,4,0,0,0,1,0,0,0,1
"POINT (8.794983593000040 53.057900023000059)",Unfall 45416 (2020) Kat:2, Licht: 2,45416,2,1,8,09,22,4,1,2,0,1,0,0,0,0
"POINT (8.836472678000064 53.023834268000030)",Unfall 45420 (2020) Kat:3, Licht: 0,45420,3,6,2,01,14,3,0,0,0,1,0,0,0,0
"POINT (8.795202771000049 53.097045900000069)",Unfall 45426 (2020) Kat:3, Licht: 0,45426,3,6,3,11,10,3,1,0,0,1,0,0,1,0
"POINT (8.872452782000039 53.034755384000050)",Unfall 45429 (2020) Kat:3, Licht: 0,45429,3,6,3,02,17,1,1,0,0,1,0,0,0,0
"POINT (8.773770256000034 53.068024696000066)",Unfall 45430 (2020) Kat:3, Licht: 0,45430,3,1,9,08,13,6,1,0,0,1,0,0,0,0
"POINT (8.821034359000066 53.023849233000078)",Unfall 45436 (2020) Kat:3, Licht: 0,45436,3,6,2,06,09,4,0,0,0,1,0,0,0,0
"POINT (8.710304195000049 53.179125807000048)",Unfall 45440 (2020) Kat:3, Licht: 1,45440,3,1,9,10,16,1,1,1,0,1,0,0,0,0
"POINT (8.740019208000035 53.143200840000077)",Unfall 45441 (2020) Kat:3, Licht: 0,45441,3,1,8,04,12,3,0,0,0,1,0,0,0,0
"POINT (8.721057005000034 53.162215334000052)",Unfall 45442 (2020) Kat:3, Licht: 1,45442,3,6,2,09,18,4,0,1,0,1,0,0,0,1
"POINT (8.739856897000038 53.143388873000049)",Unfall 45446 (2020) Kat:3, Licht: 0,45446,3,1,8,10,10,7,1,0,0,1,0,0,0,0
"POINT (8.773411403000068 53.068035356000053)",Unfall 45447 (2020) Kat:2, Licht: 0,45447,2,1,8,05,19,3,0,0,0,0,0,1,0,0
"POINT (8.793722927000033 53.093086666000033)",Unfall 45448 (2020) Kat:3, Licht: 0,45448,3,6,3,10,14,5,0,0,0,1,0,0,1,0
"POINT (8.811164772000041 53.113664476000054)",Unfall 45450 (2020) Kat:2, Licht: 0,45450,2,6,3,02,08,2,1,0,0,1,0,0,1,0
"POINT (8.793904890000022 53.084440485000073)",Unfall 45451 (2020) Kat:3, Licht: 0,45451,3,6,3,08,19,5,0,0,0,1,0,0,1,0
"POINT (8.855259832000058 53.027670306000061)",Unfall 45457 (2020) Kat:1, Licht: 0,45457,1,6,2,06,17,4,0,0,0,0,0,0,1,0
"POINT (8.960843811000075 53.072531257000037)",Unfall 45458 (2020) Kat:3, Licht: 2,45458,3,1,9,12,16,6,0,2,0,1,0,0,0,0
"POINT (8.809389234000037 53.111714018000043)",Unfall 45465 (2020) Kat:3, Licht: 1,45465,3,6,2,01,08,5,1,1,0,1,0,0,0,0
"POINT (8.872968811000021 53.035146465000082)",Unfall 45466 (2020) Kat:3, Licht: 0,45466,3,6,2,07,06,2,1,0,0,1,0,0,0,0
"POINT (8.717555868000034 53.169875577000028)",Unfall 45470 (2020) Kat:3, Licht: 0,45470,3,6,2,01,12,6,0,0,0,1,0,0,0,0
"POINT (8.787914664000027 53.121103166000069)",Unfall 45471 (2020) Kat:3, Licht: 0,45471,3,7,8,08,20,3,0,0,0,1,0,0,0,0
"POINT (8.737923106000039 53.142813140000044)",Unfall 45477 (2020) Kat:3, Licht: 2,45477,3,1,9,05,23,7,1,2,0,0,0,0,0,1
"POINT (8.740754009000057 53.141232479000053)",Unfall 45478 (2020) Kat:3, Licht: 0,45478,3,6,2,12,10,4,0,0,0,0,0,0,1,0
"POINT (8.738170735000040 53.077659241000049)",Unfall 45482 (2020) Kat:2, Licht: 0,45482,2,1,9,09,19,6,0,0,0,0,0,1,0,0
"POINT (8.587413770000069 53.182691254000076)",Unfall 45485 (2020) Kat:3, Licht: 0,45485,3,3,5,01,12,6,0,0,1,1,0,0,0,0
"POINT (8.790007439000021 53.057104948000074)",Unfall 45486 (2020) Kat:3, Licht: 1,45486,3,1,8,07,22,1,0,1,0,1,0,0,0,0
"POINT (8.824395557000059 53.116197464000038)",Unfall 45491 (2020) Kat:3, Licht: 2,45491,3,6,2,11,07,4,0,2,0,1,0,0,0,0
"POINT (8.879575054000043 53.037025184000072)",Unfall 45496 (2020) Kat:3, Licht: 2,45496,3,6,2,11,05,2,0,2,0,1,0,0,0,0
"POINT (8.781215087000021 53.069999653000082)",Unfall 45498 (2020) Kat:3, Licht: 0,45498,3,6,2,03,09,2,1,0,0,1,0,0,1,0
"POINT (8.796425272000022 53.099613719000047)",Unfall 45499 (2020) Kat:3, Licht: 0,45499,3,6,3,09,06,5,0,0,0,1,0,0,1,0
"POINT (8.783970266000040 53.065736152000056)",Unfall 45503 (2020) Kat:3, Licht: 0,45503,3,3,5,01,09,2,0,0,1,1,0,0,0,0
"POINT (8.795335405000060 53.090397415000041)",Unfall 45509 (2020) Kat:3, Licht: 1,45509,3,6,2,11,17,5,0,1,0,1,0,0,0,0
"POINT (8.797407168000063 53.087763463000044)",Unfall 45510 (2020) Kat:3, Licht: 0,45510,3,6,3,10,10,3,0,0,0,1,0,0,1,0
"POINT (8.932488877000026 53.079231169000082)",Unfall 45512 (2020) Kat:3, Licht: 0,45512,3,6,3,02,15,2,0,0,0,1,0,0,0,0
"POINT (8.714396409000074 53.176908207000054)",Unfall 45513 (2020) Kat:3, Licht: 0,45513,3,6,3,08,18,1,0,0,0,1,0,0,0,0
"POINT (8.715648201000022 53.174721116000057)",Unfall 45517 (2020) Kat:3, Licht: 0,45517,3,3,5,02,07,4,0,0,0,1,0,0,0,0
"POINT (8.920568712000033 53.078856960000053)",Unfall 45518 (2020) Kat:3, Licht: 0,45518,3,3,5,08,14,1,0,0,0,1,0,0,0,0
"POINT (8.867823271000077 53.033010624000042)",Unfall 45524 (2020) Kat:3, Licht: 0,45524,3,2,3,06,11,5,1,0,0,1,0,0,1,1
"POINT (8.737912783000070 53.142821569000034)",Unfall 45529 (2020) Kat:3, Licht: 0,45529,3,6,2,10,08,6,1,0,0,1,0,0,0,0
"POINT (8.884985309000058 53.098551876000045)",Unfall 45530 (2020) Kat:3, Licht: 2,45530,3,1,8,04,05,5,1,2,0,1,0,0,0,0
"POINT (8.811282099000039 53.114080920000049)",Unfall 45532 (2020) Kat:3, Licht: 2,45532,3,6,2,09,19,7,1,2,0,1,0,0,0,0
"POINT (8.817621155000040 53.023856010000031)",Unfall 45534 (2020) Kat:3, Licht: 0,45534,3,6,2,02,10,4,0,0,0,0,0,0,1,1
"POINT (8.709787442000049 53.179021959000067)",Unfall 45541 (2020) Kat:3, Licht: 0,45541,3,3,5,05,15,7,0,0,0,1,0,1,0,0
"POINT (8.740856323000060 53.077185051000072)",Unfall 45546 (2020) Kat:2, Licht: 0,45546,2,6,2,06,09,2,0,0,0,1,0,0,1,0
"POINT (8.812263869000049 53.036603278000030)",Unfall 45547 (2020) Kat:3, Licht: 2,45547,3,6,1,12,16,2,0,2,0,1,0,0,0,0
"POINT (8.796521639000048 53.099592471000051)",Unfall 45549 (2020) Kat:3, Licht: 0,45549,3,6,2,10,13,5,0,0,0,1,0,0,0,0
"POINT (8.804789109000069 53.109083494000060)",Unfall 45550 (2020) Kat:3, Licht: 0,45550,3,6,2,04,16,2,0,0,0,1,0,0,0,0
"POINT (8.870353280000074 53.108896859000026)",Unfall 45551 (2020) Kat:3, Licht: 0,45551,3,6,2,09,10,3,0,0,0,1,0,0,0,0
"POINT (8.896581366000021 53.089208774000042)",Unfall 45553 (2020) Kat:3, Licht: 1,45553,3,6,2,01,07,5,0,1,0,1,0,0,0,0
"POINT (8.908757032000040 53.037511373000029)",Unfall 45554 (2020) Kat:2, Licht: 2,45554,2,6,3,07,00,6,0,2,0,1,0,0,1,0
"POINT (8.917713513000024 53.034586855000043)",Unfall 45562 (2020) Kat:3, Licht: 0,45562,3,7,7,03,14,4,0,0,0,1,0,0,0,0
"POINT (8.811672874000067 53.116306900000041)",Unfall 45563 (2020) Kat:3, Licht: 0,45563,3,6,2,09,16,5,0,0,0,1,0,0,0,0
"POINT (8.785206729000038 53.072974880000061)",Unfall 45567 (2020) Kat:3, Licht: 0,45567,3,6,3,01,13,4,0,0,0,1,0,0,1,0
"POINT (8.783647770000073 53.071644767000066)",Unfall 45573 (2020) Kat:3, Licht: 0,45573,3,6,2,01,13,4,0,0,0,1,0,0,0,1
"POINT (8.801136976000066 53.054271623000034)",Unfall 45574 (2020) Kat:3, Licht: 0,45574,3,6,3,07,11,6,0,0,0,1,0,0,0,0
"POINT (8.902697864000061 53.084965230000080)",Unfall 45579 (2020) Kat:3, Licht: 0,45579,3,6,2,11,14,1,0,0,0,1,0,0,0,0
"POINT (8.851766540000028 53.026286492000054)",Unfall 45581 (2020) Kat:3, Licht: 2,45581,3,6,2,03,18,5,0,2,0,1,0,0,0,0
"POINT (8.813377659000025 53.117822638000064)",Unfall 45582 (2020) Kat:2, Licht: 2,45582,2,1,8,08,23,6,0,2,0,0,0,1,0,0
"POINT (8.927631581000071 53.078970074000040)",Unfall 45586 (2020) Kat:3, Licht: 1,45586,3,6,2,01,16,5,1,1,0,1,0,0,0,0
"POINT (8.623936369000035 53.180448188000071)",Unfall 45592 (2020) Kat:3, Licht: 0,45592,3,1,8,07,07,1,1,0,0,1,0,0,0,0
"POINT (8.881330882000043 53.103231263000055)",Unfall 45597 (2020) Kat:3, Licht: 2,45597,3,6,2,11,17,5,1,2,0,1,0,0,0,0
"POINT (8.717088461000060 53.171484544000066)",Unfall 45599 (2020) Kat:3, Licht: 0,45599,3,6,2,02,07,2,1,0,0,1,0,0,0,0
"POINT (8.813056171000028 53.050109348000035)",Unfall 45600 (2020) Kat:3, Licht: 0,45600,3,6,4,08,18,6,0,0,0,1,0,0,1,1
"POINT (8.713850975000071 53.048954808000076)",Unfall 45605 (2020) Kat:3, Licht: 2,45605,3,6,2,01,01,4,1,2,0,1,0,0,0,0
"POINT (8.819279572000028 53.048192721000078)",Unfall 45606 (2020) Kat:3, Licht: 0,45606,3,2,5,06,15,5,1,0,1,1,0,0,0,0
"POINT (8.715243314000077 53.174510124000051)",Unfall 45610 (2020) Kat:3, Licht: 0,45610,3,3,5,10,07,3,0,0,0,1,0,0,0,0
"POINT (8.613472317000060 53.180952192000063)",Unfall 45611 (2020) Kat:1, Licht: 2,45611,1,1,8,04,00,3,0,2,0,0,0,1,0,0
"POINT (8.790999073000023 53.080681679000065)",Unfall 45614 (2020) Kat:3, Licht: 0,45614,3,6,2,01,15,6,0,0,0,1,0,0,0,1
"POINT (8.943899726000041 53.027427567000075)",Unfall 45615 (2020) Kat:3, Licht: 0,45615,3,6,2,08,16,4,0,0,0,1,0,0,0,0
"POINT (8.909131542000068 53.081323735000069)",Unfall 45616 (2020) Kat:3, Licht: 2,45616,3,6,2,11,18,1,1,2,0,1,0,0,0,0
"POINT (8.774670820000040 53.068001793000064)",Unfall 45618 (2020) Kat:3, Licht: 2,45618,3,1,8,10,19,2,1,2,0,1,0,0,0,0
"POINT (8.783924589000037 53.065766629000052)",Unfall 45627 (2020) Kat:3, Licht: 0,45627,3,7,2,06,13,5,0,0,0,1,0,0,0,0
"POINT (8.773729792000040 53.069646818000081)",Unfall 45628 (2020) Kat:3, Licht: 2,45628,3,1,9,12,20,1,1,2,0,1,0,0,0,0
"POINT (8.792983106000065 53.059299285000066)",Unfall 45631 (2020) Kat:2, Licht: 0,45631,2,6,2,10,15,5,1,0,0,1,0,0,0,0
"POINT (8.860269526000025 53.029987641000048)",Unfall 45632 (2020) Kat:3, Licht: 1,45632,3,6,2,04,20,6,0,1,0,1,0,0,1,0
"POINT (8.848587418000022 53.025305789000072)",Unfall 45636 (2020) Kat:3, Licht: 2,45636,3,6,2,01,17,1,0,2,0,1,0,0,0,0
"POINT (8.819050138000023 53.047940815000061)",Unfall 45637 (2020) Kat:3, Licht: 0,45637,3,1,0,07,14,2,0,0,1,0,0,0,0,0
"POINT (8.883109916000024 53.037631922000060)",Unfall 45642 (2020) Kat:3, Licht: 0,45642,3,6,2,11,11,4,0,0,0,1,0,0,1,0
"POINT (8.738419654000040 53.055863392000049)",Unfall 176538 (2020) Kat:3, Licht: 0,176538,3,3,5,01,11,6,1,0,0,1,0,0,0,1
"POINT (8.863836095000067 53.064881450000030)",Unfall 176541 (2020) Kat:3, Licht: 2,176541,3,7,0,01,20,4,1,2,0,0,0,1,0,0
"POINT (8.860901970000043 53.063391718000048)",Unfall 176554 (2020) Kat:3, Licht: 2,176554,3,6,2,01,18,3,0,2,0,1,0,0,0,0
"POINT (8.737097183000060 53.079739025000038)",Unfall 176565 (2020) Kat:3, Licht: 0,176565,3,2,4,01,11,6,1,0,0,1,0,0,0,0
"POINT (8.570243806000065 53.188413099000059)",Unfall 176571 (2020) Kat:3, Licht: 2,176571,3,1,8,01,19,5,1,2,1,0,0,0,0,0
"POINT (8.879587836000042 53.113041567000039)",Unfall 176576 (2020) Kat:3, Licht: 2,176576,3,2,5,01,17,6,1,2,1,1,0,0,0,0
"POINT (8.827350149000040 53.083058288000075)",Unfall 176578 (2020) Kat:3, Licht: 2,176578,3,2,3,01,16,4,1,2,1,1,0,0,0,0
"POINT (8.876439384000037 53.079132366000067)",Unfall 176582 (2020) Kat:3, Licht: 0,176582,3,6,2,01,12,4,0,0,1,1,0,0,0,0
"POINT (8.577766562000022 53.206106685000066)",Unfall 176587 (2020) Kat:3, Licht: 0,176587,3,2,5,01,11,6,1,0,0,1,0,0,0,0
"POINT (8.621360100000061 53.171715839000058)",Unfall 176590 (2020) Kat:3, Licht: 2,176590,3,7,0,01,16,3,0,2,0,0,1,0,0,1
"POINT (8.826165987000024 53.079343632000075)",Unfall 176611 (2020) Kat:3, Licht: 0,176611,3,6,2,01,15,5,1,0,0,1,0,0,1,0
"POINT (8.793244660000028 53.072491968000065)",Unfall 176621 (2020) Kat:3, Licht: 2,176621,3,7,0,01,18,5,1,2,0,1,0,0,0,0
"POINT (8.835132361000035 53.038977427000077)",Unfall 176626 (2020) Kat:3, Licht: 2,176626,3,7,2,01,16,5,1,2,0,1,0,0,0,0
"POINT (8.750785662000055 53.123111222000034)",Unfall 176629 (2020) Kat:3, Licht: 1,176629,3,7,8,01,08,4,1,1,0,1,0,0,0,0