WKT,Name,OBJECTID,UKATEGORIE,UTYP1,UART,UMONAT,USTUNDE,UWOCHENTAG,STRZUSTAND,ULICHTVERH,ISTRAD,ISTPKW,ISTFUSS,ISTKRAD,ISTGKFZ,ISTSONSTIG
"POINT (8.707008775000077 53.081209615000034)",Unfall 176631 (2020) Kat:3, Licht: 2,176631,3,2,5,01,18,4,1,2,0,1,0,0,0,1
"POINT (8.826040867000074 53.034983646000057)",Unfall 176632 (2020) Kat:3, Licht: 0,176632,3,4,6,01,15,2,0,0,1,0,1,0,0,0
"POINT (8.613887152000075 53.176037935000068)",Unfall 176637 (2020) Kat:2, Licht: 2,176637,2,1,0,01,05,4,1,2,0,1,0,0,0,0
"POINT (8.875929199000041 53.082193922000044)",Unfall 176639 (2020) Kat:3, Licht: 0,176639,3,3,5,01,13,2,1,0,1,1,0,0,0,0
"POINT (8.809698965000052 53.062982649000048)",Unfall 176642 (2020) Kat:3, Licht: 1,176642,3,2,5,01,17,3,0,1,1,0,0,0,0,1
"POINT (8.619165602000066 53.186099366000064)",Unfall 176643 (2020) Kat:3, Licht: 0,176643,3,2,5,01,13,2,0,0,1,1,0,0,0,0
"POINT (8.824901414000067 53.084645455000043)",Unfall 176646 (2020) Kat:3, Licht: 2,176646,3,3,5,01,19,4,0,2,1,1,0,0,0,0
"POINT (8.877113273000020 53.080840294000041)",Unfall 176654 (2020) Kat:3, Licht: 0,176654,3,3,5,01,09,2,1,0,1,0,0,0,0,1
"POINT (8.870748243000037 53.087710582000057)",Unfall 176671 (2020) Kat:3, Licht: 0,176671,3,1,9,01,10,4,0,0,0,1,0,0,0,0
"POINT (8.802585841000052 53.079792063000070)",Unfall 176674 (2020) Kat:3, Licht: 1,176674,3,6,3,01,08,4,1,1,0,1,0,1,0,0
"POINT (8.855230067000036 53.073064695000028)",Unfall 176677 (2020) Kat:3, Licht: 2,176677,3,6,3,01,07,5,1,2,0,1,0,0,0,0
"POINT (8.948957893000056 53.058006015000046)",Unfall 176683 (2020) Kat:2, Licht: 2,176683,2,7,0,01,18,1,0,2,0,1,0,0,0,0
"POINT (8.793212897000046 53.092515067000079)",Unfall 176685 (2020) Kat:3, Licht: 0,176685,3,3,5,01,08,4,1,0,1,1,0,0,0,0
"POINT (8.949533140000028 53.035568831000035)",Unfall 176686 (2020) Kat:3, Licht: 2,176686,3,5,1,01,17,1,1,2,0,1,0,0,0,1
"POINT (8.600184631000047 53.177762055000073)",Unfall 176696 (2020) Kat:3, Licht: 0,176696,3,7,0,01,14,3,0,0,1,0,0,0,0,0
"POINT (8.805636915000036 53.071570144000077)",Unfall 176704 (2020) Kat:2, Licht: 2,176704,2,2,5,01,17,1,1,2,1,1,0,0,0,0
"POINT (8.795409606000021 53.067513032000079)",Unfall 176728 (2020) Kat:3, Licht: 2,176728,3,7,0,01,07,5,1,2,1,1,0,0,0,0
"POINT (8.707042331000025 53.175745499000072)",Unfall 176729 (2020) Kat:3, Licht: 2,176729,3,6,4,01,17,1,1,2,0,1,0,0,0,0
"POINT (8.936769943000058 53.058663358000047)",Unfall 176738 (2020) Kat:3, Licht: 2,176738,3,1,2,01,18,4,1,2,0,1,0,0,0,0
"POINT (8.697314260000042 53.168484017000026)",Unfall 176746 (2020) Kat:3, Licht: 0,176746,3,7,0,01,14,3,0,0,0,1,0,0,0,0
"POINT (8.863734856000065 53.106325716000072)",Unfall 176751 (2020) Kat:2, Licht: 0,176751,2,3,5,01,09,4,1,0,1,1,0,0,0,0
"POINT (8.898946609000063 53.128504712000051)",Unfall 176779 (2020) Kat:3, Licht: 2,176779,3,6,2,01,17,5,1,2,0,1,0,0,0,1
"POINT (8.822648226000069 53.078604859000052)",Unfall 176787 (2020) Kat:3, Licht: 0,176787,3,6,2,01,10,4,0,0,0,1,0,0,0,0
"POINT (8.802396471000066 53.070731168000066)",Unfall 176794 (2020) Kat:3, Licht: 2,176794,3,5,0,01,05,5,0,2,1,0,0,0,0,0
"POINT (8.868851023000048 53.061949063000043)",Unfall 176795 (2020) Kat:3, Licht: 0,176795,3,2,5,02,13,3,0,0,1,1,0,0,0,0
"POINT (8.781576346000065 53.075701608000031)",Unfall 176797 (2020) Kat:2, Licht: 2,176797,2,4,6,01,05,4,1,2,0,1,1,0,0,0
"POINT (8.766667906000066 53.081461568000066)",Unfall 176798 (2020) Kat:3, Licht: 2,176798,3,3,5,02,19,1,1,2,0,1,0,0,0,0
"POINT (8.814191395000023 53.057123745000069)",Unfall 176799 (2020) Kat:3, Licht: 0,176799,3,1,0,02,15,5,1,0,0,0,0,1,0,0
"POINT (8.844142392000038 53.075397986000041)",Unfall 176800 (2020) Kat:3, Licht: 0,176800,3,3,5,01,09,5,0,0,0,1,0,0,0,0
"POINT (8.810409930000049 53.092910273000030)",Unfall 176801 (2020) Kat:2, Licht: 0,176801,2,3,5,01,15,5,0,0,1,0,0,0,0,0
"POINT (8.823270749000074 53.030466614000034)",Unfall 176802 (2020) Kat:3, Licht: 0,176802,3,2,5,01,11,5,1,0,1,1,0,0,0,0
"POINT (8.780352029000028 53.105479410000044)",Unfall 176803 (2020) Kat:3, Licht: 0,176803,3,6,2,02,13,6,0,0,0,1,0,0,0,0
"POINT (8.789452229000062 53.063735736000069)",Unfall 176804 (2020) Kat:3, Licht: 2,176804,3,4,6,01,18,5,0,2,0,1,1,0,0,0
"POINT (8.799440326000024 53.070177778000073)",Unfall 176805 (2020) Kat:3, Licht: 2,176805,3,7,0,02,02,7,1,2,0,0,0,0,0,1
"POINT (8.822563589000026 53.074946388000058)",Unfall 176806 (2020) Kat:3, Licht: 0,176806,3,3,5,02,09,3,0,0,0,1,0,1,0,0
"POINT (8.803443330000050 53.080118025000047)",Unfall 176807 (2020) Kat:3, Licht: 0,176807,3,6,2,01,17,1,1,0,0,1,0,0,0,0
"POINT (8.825019621000024 53.084580556000049)",Unfall 176809 (2020) Kat:3, Licht: 0,176809,3,3,5,02,09,4,1,0,1,1,0,0,0,0
"POINT (8.865158225000073 53.096565923000071)",Unfall 176810 (2020) Kat:3, Licht: 2,176810,3,7,0,01,06,4,1,2,1,0,0,0,0,0
"POINT (8.772603497000034 53.109147164000035)",Unfall 176811 (2020) Kat:3, Licht: 0,176811,3,3,5,01,13,3,1,0,1,1,0,0,0,0
"POINT (8.898838097000066 53.129161052000029)",Unfall 176813 (2020) Kat:3, Licht: 2,176813,3,6,2,02,18,5,1,2,0,1,0,0,0,0
"POINT (8.828956484000059 53.082378913000070)",Unfall 176814 (2020) Kat:3, Licht: 1,176814,3,2,5,01,07,4,1,1,0,1,0,0,0,0
"POINT (8.867380145000027 53.082098923000046)",Unfall 176815 (2020) Kat:3, Licht: 0,176815,3,2,5,01,16,5,0,0,1,1,0,0,0,0
"POINT (8.914074105000054 53.068238433000033)",Unfall 176816 (2020) Kat:3, Licht: 2,176816,3,4,6,02,05,5,1,2,0,1,1,0,0,0
"POINT (8.802846721000037 53.069978460000073)",Unfall 176817 (2020) Kat:2, Licht: 0,176817,2,2,5,01,13,5,0,0,1,0,0,0,0,0
"POINT (8.808804161000069 53.078429065000080)",Unfall 176818 (2020) Kat:3, Licht: 2,176818,3,7,0,01,01,6,1,2,1,0,0,0,0,0
"POINT (8.825176826000075 53.084626255000046)",Unfall 176819 (2020) Kat:3, Licht: 0,176819,3,2,5,02,14,2,1,0,0,1,0,0,0,1
"POINT (8.925558692000038 53.040247424000029)",Unfall 176820 (2020) Kat:3, Licht: 1,176820,3,1,0,01,08,6,1,1,1,0,0,0,0,0
"POINT (8.752353134000032 53.119845343000065)",Unfall 176821 (2020) Kat:3, Licht: 0,176821,3,6,2,02,14,4,1,0,0,1,0,0,0,0
"POINT (8.804605517000027 53.075491670000076)",Unfall 176822 (2020) Kat:3, Licht: 0,176822,3,6,4,02,13,3,0,0,1,1,0,0,0,0
"POINT (8.853979562000063 53.052060189000031)",Unfall 176824 (2020) Kat:3, Licht: 0,176824,3,7,1,01,15,5,0,0,0,1,0,0,0,0
"POINT (8.765855550000026 53.074017384000058)",Unfall 176825 (2020) Kat:3, Licht: 2,176825,3,2,5,02,17,4,0,2,0,1,0,1,0,0
"POINT (8.847442023000042 53.092971856000077)",Unfall 176826 (2020) Kat:3, Licht: 2,176826,3,2,5,01,17,6,1,2,0,1,0,0,0,1
"POINT (8.909309760000042 53.059152891000053)",Unfall 176827 (2020) Kat:3, Licht: 2,176827,3,6,4,01,22,5,0,2,0,1,0,1,0,0
"POINT (8.888860158000057 53.086327119000032)",Unfall 176828 (2020) Kat:3, Licht: 0,176828,3,7,0,01,10,5,1,0,0,1,1,0,0,0
"POINT (8.858256681000057 53.089105583000048)",Unfall 176829 (2020) Kat:3, Licht: 0,176829,3,6,3,01,16,5,0,0,1,0,0,0,0,0
"POINT (8.802146859000061 53.067640378000078)",Unfall 176831 (2020) Kat:3, Licht: 0,176831,3,4,6,01,12,4,0,0,1,0,1,0,0,0
"POINT (8.882592579000061 53.086031830000081)",Unfall 176832 (2020) Kat:3, Licht: 0,176832,3,3,5,01,14,6,0,0,0,1,0,1,0,0
"POINT (8.881510287000026 53.058612775000029)",Unfall 176833 (2020) Kat:2, Licht: 0,176833,2,6,2,02,13,2,1,0,0,1,0,0,0,0
"POINT (8.626952334000066 53.169762324000033)",Unfall 176834 (2020) Kat:3, Licht: 1,176834,3,3,5,01,07,6,0,1,1,1,0,0,0,0
"POINT (8.893336057000056 53.082223763000059)",Unfall 176835 (2020) Kat:2, Licht: 0,176835,2,3,5,02,09,3,1,0,1,1,0,0,0,0
"POINT (8.761245787000064 53.114948156000082)",Unfall 176836 (2020) Kat:3, Licht: 0,176836,3,2,5,02,11,2,0,0,0,1,0,0,0,1
"POINT (8.904281462000029 53.047457521000069)",Unfall 176837 (2020) Kat:3, Licht: 1,176837,3,4,6,01,07,3,1,1,0,0,1,0,0,1
"POINT (8.927073439000026 53.090038018000030)",Unfall 176838 (2020) Kat:2, Licht: 2,176838,2,6,4,01,17,4,1,2,1,0,0,0,0,0
"POINT (8.876017209000054 53.081647528000076)",Unfall 176839 (2020) Kat:3, Licht: 0,176839,3,4,6,02,10,3,1,0,0,1,1,0,0,0
"POINT (8.822217911000053 53.072848326000042)",Unfall 176840 (2020) Kat:3, Licht: 0,176840,3,6,0,01,08,6,0,0,1,1,0,0,0,0
"POINT (8.855350046000069 53.068879800000047)",Unfall 176841 (2020) Kat:3, Licht: 0,176841,3,6,2,01,12,4,0,0,0,1,0,0,0,0
"POINT (8.790263820000064 53.086126834000027)",Unfall 176842 (2020) Kat:3, Licht: 0,176842,3,6,2,02,08,6,1,0,0,1,0,0,0,1
"POINT (8.853906260000031 53.066122339000060)",Unfall 176843 (2020) Kat:3, Licht: 0,176843,3,7,1,01,12,4,0,0,1,1,0,0,0,0
"POINT (8.634107318000076 53.182697199000074)",Unfall 176844 (2020) Kat:3, Licht: 0,176844,3,7,0,01,12,5,0,0,0,0,1,0,0,1
"POINT (8.793626751000033 53.074047028000052)",Unfall 176845 (2020) Kat:3, Licht: 2,176845,3,1,0,02,00,1,0,2,0,0,0,0,0,1
"POINT (8.760160445000054 53.087991303000081)",Unfall 176847 (2020) Kat:3, Licht: 0,176847,3,3,5,02,18,2,1,0,0,1,0,0,0,0
"POINT (8.839249394000035 53.036776459000066)",Unfall 176848 (2020) Kat:3, Licht: 0,176848,3,5,1,01,07,2,1,0,0,1,0,0,0,0
"POINT (8.858167529000070 53.105056484000045)",Unfall 176849 (2020) Kat:3, Licht: 2,176849,3,3,5,01,19,4,1,2,1,1,0,0,0,0
"POINT (8.812650100000042 53.080815299000051)",Unfall 176850 (2020) Kat:3, Licht: 0,176850,3,2,5,02,11,3,1,0,1,1,0,0,0,0
"POINT (8.737871528000028 53.046691516000067)",Unfall 176851 (2020) Kat:3, Licht: 0,176851,3,7,0,01,14,6,0,0,0,0,0,0,0,1
"POINT (8.627954775000035 53.172702805000029)",Unfall 176854 (2020) Kat:3, Licht: 2,176854,3,6,4,02,06,5,1,2,1,1,0,0,0,0
"POINT (8.881985599000075 53.111139496000078)",Unfall 176855 (2020) Kat:3, Licht: 1,176855,3,6,2,01,07,4,0,1,0,1,0,0,0,0
"POINT (8.809865233000039 53.099103239000044)",Unfall 176857 (2020) Kat:3, Licht: 1,176857,3,7,0,01,07,4,0,1,1,0,0,0,0,0
"POINT (8.884879368000043 53.100037479000036)",Unfall 176858 (2020) Kat:3, Licht: 0,176858,3,3,5,02,15,6,0,0,1,1,0,0,0,0
"POINT (8.863492771000040 53.065024347000076)",Unfall 176862 (2020) Kat:3, Licht: 2,176862,3,7,0,02,01,7,0,2,1,0,0,0,0,0
"POINT (8.880672016000062 53.101678956000057)",Unfall 176864 (2020) Kat:3, Licht: 0,176864,3,4,6,02,08,2,1,0,1,0,1,0,0,0
"POINT (8.604365735000044 53.175593794000065)",Unfall 176865 (2020) Kat:3, Licht: 0,176865,3,3,5,02,07,4,0,0,1,1,0,0,0,0
"POINT (8.791884087000028 53.103111496000054)",Unfall 176866 (2020) Kat:3, Licht: 2,176866,3,6,2,01,18,2,1,2,0,1,0,0,0,0
"POINT (8.855020138000043 53.082005045000074)",Unfall 176867 (2020) Kat:3, Licht: 0,176867,3,3,5,02,14,5,1,0,1,0,0,0,0,1
"POINT (8.893739362000076 53.111855466000065)",Unfall 176869 (2020) Kat:3, Licht: 0,176869,3,7,6,01,15,4,0,0,0,0,1,1,0,0
"POINT (8.572784395000042 53.181465791000051)",Unfall 176871 (2020) Kat:3, Licht: 0,176871,3,2,5,02,11,5,0,0,1,1,0,0,0,0
"POINT (8.782426008000073 53.053819023000074)",Unfall 176872 (2020) Kat:3, Licht: 0,176872,3,3,5,01,15,3,0,0,0,1,0,0,0,0
"POINT (8.809756588000028 53.088663263000058)",Unfall 176873 (2020) Kat:3, Licht: 2,176873,3,7,0,01,03,6,1,2,1,0,0,0,0,0
"POINT (8.813370035000048 53.102062055000033)",Unfall 176874 (2020) Kat:2, Licht: 2,176874,2,7,0,02,21,2,1,2,1,0,0,0,0,0
"POINT (8.627949290000061 53.171893484000066)",Unfall 176875 (2020) Kat:3, Licht: 1,176875,3,2,5,01,07,6,1,1,0,1,0,0,0,0
"POINT (8.880939065000064 53.101464629000077)",Unfall 176876 (2020) Kat:3, Licht: 0,176876,3,6,2,02,15,3,1,0,0,1,0,0,0,0
"POINT (8.804672888000027 53.092827573000079)",Unfall 176878 (2020) Kat:3, Licht: 2,176878,3,7,6,02,19,3,1,2,0,1,1,0,0,0
"POINT (8.909807898000054 53.039594179000062)",Unfall 176879 (2020) Kat:3, Licht: 0,176879,3,6,3,01,15,7,1,0,0,1,0,0,0,1
"POINT (8.853530689000024 53.070755071000065)",Unfall 176880 (2020) Kat:3, Licht: 0,176880,3,3,5,02,14,4,0,0,0,1,0,0,0,0
"POINT (8.833781135000038 53.081857063000029)",Unfall 176881 (2020) Kat:3, Licht: 0,176881,3,3,5,02,08,4,0,0,1,1,0,0,0,0
"POINT (8.840798935000066 53.084418826000046)",Unfall 176882 (2020) Kat:3, Licht: 1,176882,3,5,3,01,07,4,1,1,1,1,0,0,0,0
"POINT (8.763007988000027 53.060350783000047)",Unfall 176883 (2020) Kat:3, Licht: 0,176883,3,3,5,01,16,3,1,0,0,1,0,0,0,1
"POINT (8.893189001000053 53.060251684000036)",Unfall 176884 (2020) Kat:2, Licht: 0,176884,2,4,6,02,13,4,0,0,0,0,1,0,0,1
"POINT (8.802051056000039 53.093934810000064)",Unfall 176885 (2020) Kat:3, Licht: 2,176885,3,4,6,01,06,3,1,2,1,0,1,0,0,0
"POINT (8.778725248000058 53.064598730000057)",Unfall 176887 (2020) Kat:3, Licht: 2,176887,3,2,5,02,18,2,1,2,1,1,0,0,0,0
"POINT (8.739613739000049 53.054984938000075)",Unfall 176888 (2020) Kat:3, Licht: 0,176888,3,7,6,01,13,6,0,0,1,0,1,0,0,0
"POINT (8.829326209000044 53.071989900000062)",Unfall 176889 (2020) Kat:2, Licht: 0,176889,2,7,0,02,14,2,1,0,1,0,0,0,0,0
"POINT (8.878943877000040 53.078924408000034)",Unfall 176891 (2020) Kat:3, Licht: 2,176891,3,2,5,01,06,3,1,2,1,1,0,0,0,0
"POINT (8.787470336000069 53.089909855000030)",Unfall 176892 (2020) Kat:3, Licht: 0,176892,3,1,8,02,12,3,1,0,0,1,0,0,0,0
"POINT (8.853178721000063 53.048837242000047)",Unfall 176893 (2020) Kat:2, Licht: 0,176893,2,6,3,01,11,6,0,0,1,1,0,0,0,0
"POINT (8.800428399000055 53.078712443000029)",Unfall 176894 (2020) Kat:3, Licht: 1,176894,3,2,5,01,08,3,0,1,1,1,0,0,0,0
"POINT (8.650106544000039 53.173918082000057)",Unfall 176895 (2020) Kat:2, Licht: 1,176895,2,3,5,01,16,3,0,1,1,0,0,1,0,0
"POINT (8.898485211000036 53.134652571000061)",Unfall 176897 (2020) Kat:3, Licht: 0,176897,3,3,5,01,08,6,1,0,1,1,0,0,0,0
"POINT (8.740876503000038 53.052328803000080)",Unfall 176898 (2020) Kat:3, Licht: 2,176898,3,2,5,01,06,4,1,2,1,0,0,0,0,1
"POINT (8.907558820000077 53.082206532000043)",Unfall 176899 (2020) Kat:2, Licht: 0,176899,2,7,0,02,11,7,1,0,1,0,0,0,0,0
"POINT (8.808473305000064 53.081195485000080)",Unfall 176900 (2020) Kat:3, Licht: 0,176900,3,5,1,01,10,5,0,0,1,1,0,0,0,0
"POINT (8.853506862000074 53.064899242000081)",Unfall 176901 (2020) Kat:3, Licht: 2,176901,3,3,5,01,23,2,0,2,0,1,0,0,0,0
"POINT (8.793535606000035 53.092677185000070)",Unfall 176902 (2020) Kat:2, Licht: 2,176902,2,3,5,02,19,1,1,2,0,1,0,0,0,0
"POINT (8.842638189000070 53.072065940000073)",Unfall 176903 (2020) Kat:3, Licht: 1,176903,3,2,3,01,08,3,1,1,1,1,0,0,0,0
"POINT (8.793815449000022 53.074368855000046)",Unfall 176905 (2020) Kat:3, Licht: 0,176905,3,6,2,01,09,6,0,0,0,1,0,0,0,0
"POINT (8.620717908000074 53.173850234000042)",Unfall 176906 (2020) Kat:3, Licht: 1,176906,3,4,6,01,16,3,1,1,0,1,1,0,0,0
"POINT (8.729195339000057 53.128683330000058)",Unfall 176907 (2020) Kat:3, Licht: 0,176907,3,6,2,01,11,2,0,0,0,1,0,0,1,0
"POINT (8.844764507000036 53.076754697000069)",Unfall 176908 (2020) Kat:3, Licht: 0,176908,3,7,0,02,08,6,1,0,0,1,0,0,0,0
"POINT (8.932152206000069 53.038794453000037)",Unfall 176909 (2020) Kat:3, Licht: 0,176909,3,6,2,02,14,5,0,0,0,1,0,0,0,0
"POINT (8.803499532000046 53.072047559000055)",Unfall 176910 (2020) Kat:3, Licht: 0,176910,3,4,6,01,16,4,1,0,0,0,1,0,0,1
"POINT (8.855004033000057 53.079795442000034)",Unfall 176911 (2020) Kat:3, Licht: 2,176911,3,3,5,01,06,2,1,2,1,1,0,0,0,0
"POINT (8.839136673000041 53.076604284000041)",Unfall 176912 (2020) Kat:3, Licht: 0,176912,3,6,3,02,17,1,0,0,1,1,0,0,0,0
"POINT (8.769646301000023 53.110400232000075)",Unfall 176915 (2020) Kat:3, Licht: 0,176915,3,2,5,01,08,5,0,0,1,1,0,0,0,0
"POINT (8.795205590000023 53.065540888000044)",Unfall 176919 (2020) Kat:2, Licht: 2,176919,2,6,0,02,21,1,1,2,0,1,0,0,0,1
"POINT (8.936380715000041 53.073803463000047)",Unfall 176920 (2020) Kat:3, Licht: 2,176920,3,3,5,02,19,4,1,2,0,1,1,0,0,0
"POINT (8.896248155000023 53.059231849000071)",Unfall 176921 (2020) Kat:3, Licht: 2,176921,3,6,3,01,00,2,0,2,0,1,0,0,1,0
"POINT (8.900761931000034 53.032924797000078)",Unfall 176922 (2020) Kat:1, Licht: 0,176922,1,3,5,01,10,2,0,0,1,0,0,0,1,0
"POINT (8.884142929000063 53.063599007000050)",Unfall 176923 (2020) Kat:3, Licht: 2,176923,3,2,5,02,19,5,1,2,1,1,0,0,0,0
"POINT (8.842986421000035 53.072688407000044)",Unfall 176924 (2020) Kat:3, Licht: 0,176924,3,7,0,02,08,4,1,0,1,0,0,0,1,0
"POINT (8.555560133000029 53.190860705000034)",Unfall 176925 (2020) Kat:3, Licht: 0,176925,3,7,1,01,16,4,0,0,0,1,0,0,0,0
"POINT (8.758324985000058 53.121546416000058)",Unfall 176926 (2020) Kat:3, Licht: 0,176926,3,3,5,01,11,2,1,0,1,1,0,0,0,0
"POINT (8.846930491000023 53.048312083000042)",Unfall 176927 (2020) Kat:3, Licht: 0,176927,3,3,4,02,12,5,0,0,1,1,0,0,0,0
"POINT (8.719112810000070 53.088732245000074)",Unfall 176928 (2020) Kat:3, Licht: 0,176928,3,3,5,01,09,4,1,0,0,1,0,0,0,0
"POINT (8.819112324000059 53.080279134000079)",Unfall 176929 (2020) Kat:3, Licht: 2,176929,3,2,4,01,07,2,1,2,1,0,0,0,0,1
"POINT (8.806152431000044 53.090369755000040)",Unfall 176930 (2020) Kat:2, Licht: 0,176930,2,2,3,02,09,6,0,0,1,0,0,0,0,0
"POINT (8.877625216000070 53.080298953000067)",Unfall 176931 (2020) Kat:3, Licht: 2,176931,3,3,5,01,17,2,0,2,1,1,0,0,0,0
"POINT (8.878531905000045 53.078915336000080)",Unfall 176932 (2020) Kat:3, Licht: 0,176932,3,3,5,01,13,6,0,0,1,1,0,0,0,0
"POINT (8.796846484000071 53.064546584000027)",Unfall 176934 (2020) Kat:3, Licht: 2,176934,3,3,4,01,23,6,1,2,1,1,0,0,0,0
"POINT (8.809058839000045 53.061636344000078)",Unfall 176935 (2020) Kat:3, Licht: 0,176935,3,4,6,01,16,2,0,0,1,0,1,0,0,0
"POINT (8.769457724000063 53.110656414000061)",Unfall 176936 (2020) Kat:3, Licht: 0,176936,3,7,7,02,13,4,0,0,0,1,0,0,0,0
"POINT (8.883323587000064 53.121288903000050)",Unfall 176937 (2020) Kat:3, Licht: 0,176937,3,3,5,02,16,3,0,0,1,1,0,0,0,0
"POINT (8.924226945000044 53.073086700000033)",Unfall 176938 (2020) Kat:3, Licht: 2,176938,3,7,0,01,23,4,0,2,0,0,0,0,0,1
"POINT (8.686079791000054 53.173331191000045)",Unfall 176939 (2020) Kat:3, Licht: 0,176939,3,6,2,01,07,2,0,0,0,1,0,0,0,0
"POINT (8.806674581000038 53.081675575000077)",Unfall 176940 (2020) Kat:3, Licht: 0,176940,3,2,3,02,08,4,0,0,1,1,0,0,0,0
"POINT (8.898853202000055 53.059177429000044)",Unfall 176941 (2020) Kat:2, Licht: 2,176941,2,1,9,01,17,6,1,2,0,1,0,0,0,0
"POINT (8.859375903000057 53.082441794000033)",Unfall 176942 (2020) Kat:3, Licht: 0,176942,3,6,2,01,09,2,1,0,0,1,0,0,0,0
"POINT (8.916918844000065 53.059685279000064)",Unfall 176943 (2020) Kat:3, Licht: 0,176943,3,6,2,01,08,5,0,0,0,1,0,0,0,0
"POINT (8.930912528000022 53.089352382000072)",Unfall 176944 (2020) Kat:3, Licht: 2,176944,3,3,6,02,19,1,1,2,0,1,1,0,0,0
"POINT (8.624866448000034 53.191994319000059)",Unfall 176945 (2020) Kat:3, Licht: 2,176945,3,7,7,01,06,6,1,2,0,1,0,0,0,0
"POINT (8.710314836000066 53.094437839000079)",Unfall 176946 (2020) Kat:2, Licht: 0,176946,2,3,5,01,11,2,0,0,0,1,0,0,0,1
"POINT (8.826867792000030 53.083332334000033)",Unfall 176947 (2020) Kat:3, Licht: 0,176947,3,2,5,01,12,6,0,0,1,1,0,0,0,0
"POINT (8.937742995000065 53.075428908000049)",Unfall 176948 (2020) Kat:3, Licht: 0,176948,3,2,5,02,16,2,1,0,1,1,0,0,0,0
"POINT (8.627693900000054 53.171305176000033)",Unfall 176949 (2020) Kat:3, Licht: 2,176949,3,2,5,01,08,6,1,2,1,1,0,0,0,0
"POINT (8.811624435000056 53.030872415000033)",Unfall 176950 (2020) Kat:3, Licht: 0,176950,3,3,5,02,14,3,1,0,1,1,0,0,0,0
"POINT (8.934417481000025 53.069387802000051)",Unfall 176951 (2020) Kat:3, Licht: 0,176951,3,3,5,02,10,2,0,0,0,1,0,0,0,0
"POINT (8.883616562000043 53.048719328000061)",Unfall 176952 (2020) Kat:3, Licht: 0,176952,3,2,5,01,14,3,0,0,0,1,0,0,0,0
"POINT (8.856186514000058 53.070487130000060)",Unfall 176953 (2020) Kat:2, Licht: 0,176953,2,3,5,01,08,2,0,0,1,1,0,0,0,0
"POINT (8.802710098000034 53.070230907000052)",Unfall 176954 (2020) Kat:3, Licht: 0,176954,3,5,1,02,15,3,0,0,1,1,0,0,0,0
"POINT (8.862372164000021 53.102823252000064)",Unfall 176955 (2020) Kat:3, Licht: 0,176955,3,2,5,01,09,6,0,0,1,1,0,0,0,0
"POINT (8.803575546000047 53.092882095000050)",Unfall 176956 (2020) Kat:3, Licht: 0,176956,3,6,2,01,12,4,1,0,0,1,0,0,0,0
"POINT (8.888239895000027 53.083595014000082)",Unfall 176957 (2020) Kat:3, Licht: 0,176957,3,7,0,01,09,1,2,0,1,0,0,0,0,1
"POINT (8.905934991000038 53.078485788000080)",Unfall 176958 (2020) Kat:3, Licht: 2,176958,3,3,5,02,17,6,1,2,0,1,0,0,0,0
"POINT (8.850701127000036 53.085155307000036)",Unfall 176959 (2020) Kat:3, Licht: 0,176959,3,6,3,01,15,5,0,0,1,1,0,0,0,0
"POINT (8.796544601000051 53.136549924000064)",Unfall 176960 (2020) Kat:3, Licht: 0,176960,3,1,0,01,08,1,2,0,1,0,0,0,0,0
"POINT (8.810257538000030 53.078160155000035)",Unfall 176961 (2020) Kat:3, Licht: 2,176961,3,6,2,02,17,7,0,2,0,1,0,0,0,0
"POINT (8.958177519000060 53.046702387000039)",Unfall 176962 (2020) Kat:3, Licht: 0,176962,3,3,6,02,15,2,0,0,0,1,1,0,0,0
"POINT (8.818172733000040 53.077723459000026)",Unfall 176963 (2020) Kat:3, Licht: 2,176963,3,3,5,01,18,2,0,2,1,1,0,0,0,0
"POINT (8.881722759000070 53.111241714000073)",Unfall 176964 (2020) Kat:3, Licht: 0,176964,3,2,5,01,12,2,0,0,1,1,0,0,0,0
"POINT (8.914306599000042 53.062881224000080)",Unfall 176965 (2020) Kat:3, Licht: 0,176965,3,6,1,02,14,3,1,0,0,1,0,0,0,0
"POINT (8.853991863000033 53.082539751000070)",Unfall 176966 (2020) Kat:3, Licht: 0,176966,3,3,5,01,10,6,0,0,0,1,0,0,0,0
"POINT (8.872643610000068 53.077630484000053)",Unfall 176968 (2020) Kat:3, Licht: 0,176968,3,7,0,02,10,7,0,0,0,0,1,0,0,1
"POINT (8.832818512000074 53.070889011000077)",Unfall 176969 (2020) Kat:3, Licht: 2,176969,3,3,5,02,21,5,1,2,1,0,0,0,0,1
"POINT (8.738468237000063 53.047250666000082)",Unfall 176970 (2020) Kat:3, Licht: 1,176970,3,2,5,01,07,2,1,1,1,1,0,0,0,0
"POINT (8.831204774000071 53.075240283000028)",Unfall 176972 (2020) Kat:3, Licht: 0,176972,3,7,0,01,12,2,0,0,1,0,0,0,0,0
"POINT (8.790952989000061 53.069641609000030)",Unfall 176973 (2020) Kat:3, Licht: 2,176973,3,4,6,02,17,6,0,2,0,1,1,0,0,0
"POINT (8.803849830000047 53.062522535000028)",Unfall 176974 (2020) Kat:3, Licht: 0,176974,3,4,6,01,14,1,0,0,0,1,1,0,0,0
"POINT (8.757209412000066 53.117543276000049)",Unfall 176975 (2020) Kat:3, Licht: 2,176975,3,6,3,02,18,7,0,2,0,1,0,0,0,1
"POINT (8.894376876000024 53.054429238000068)",Unfall 176976 (2020) Kat:3, Licht: 0,176976,3,2,3,02,14,3,0,0,1,1,0,0,0,0