WKT,Name,OBJECTID,UKATEGORIE,UTYP1,UART,UMONAT,USTUNDE,UWOCHENTAG,STRZUSTAND,ULICHTVERH,ISTRAD,ISTPKW,ISTFUSS,ISTKRAD,ISTGKFZ,ISTSONSTIG
"POINT (8.812426394000056 53.086052038000048)",Unfall 177194 (2020) Kat:2, Licht: 2,177194,2,4,6,03,01,5,0,2,1,0,1,0,0,0
"POINT (8.791116759000033 53.058233715000028)",Unfall 177195 (2020) Kat:3, Licht: 0,177195,3,6,2,03,16,3,0,0,0,1,0,0,0,0
"POINT (8.818163649000042 53.077737021000075)",Unfall 177197 (2020) Kat:3, Licht: 0,177197,3,3,5,04,08,3,0,0,1,1,0,0,0,0
"POINT (8.828856059000032 53.034277493000047)",Unfall 177198 (2020) Kat:3, Licht: 0,177198,3,7,1,04,19,5,0,0,0,1,0,0,0,0
"POINT (8.862976475000039 53.103311157000064)",Unfall 177199 (2020) Kat:3, Licht: 0,177199,3,3,5,03,13,4,0,0,0,1,0,0,0,0
"POINT (8.562279114000035 53.192235932000074)",Unfall 177200 (2020) Kat:3, Licht: 0,177200,3,3,5,04,12,5,0,0,0,0,0,1,0,1
"POINT (8.811325134000072 53.060708004000048)",Unfall 177201 (2020) Kat:2, Licht: 0,177201,2,1,0,03,06,4,0,0,1,0,0,0,0,0
"POINT (8.864017998000065 53.082362915000033)",Unfall 177202 (2020) Kat:3, Licht: 0,177202,3,6,2,04,17,1,0,0,0,1,0,0,0,0
"POINT (8.917920224000056 53.071389507000049)",Unfall 177203 (2020) Kat:3, Licht: 2,177203,3,7,0,03,20,4,0,2,0,0,1,0,0,1
"POINT (8.797742777000053 53.071352209000054)",Unfall 177204 (2020) Kat:3, Licht: 0,177204,3,4,6,05,10,2,0,0,0,1,1,0,0,0
"POINT (8.878727388000073 53.079137720000062)",Unfall 177205 (2020) Kat:3, Licht: 1,177205,3,4,6,03,07,3,0,1,0,0,1,0,0,1
"POINT (8.858807746000025 53.124319582000055)",Unfall 177206 (2020) Kat:2, Licht: 0,177206,2,4,6,03,15,4,0,0,1,0,1,0,0,0
"POINT (8.762222169000040 53.120765658000039)",Unfall 177207 (2020) Kat:3, Licht: 2,177207,3,7,1,04,00,2,0,2,0,1,0,0,0,0
"POINT (8.720991754000067 53.132161312000051)",Unfall 177208 (2020) Kat:3, Licht: 2,177208,3,6,2,04,21,2,0,2,0,1,0,0,0,0
"POINT (8.738595115000067 53.088421589000063)",Unfall 177209 (2020) Kat:3, Licht: 0,177209,3,3,5,03,16,3,0,0,1,1,0,0,0,0
"POINT (8.873366741000041 53.062948134000067)",Unfall 177211 (2020) Kat:3, Licht: 0,177211,3,7,1,04,12,3,0,0,0,0,0,0,1,1
"POINT (8.788684679000028 53.098200759000065)",Unfall 177212 (2020) Kat:3, Licht: 0,177212,3,7,5,03,17,2,0,0,0,1,0,0,0,1
"POINT (8.949753428000065 53.063097875000039)",Unfall 177213 (2020) Kat:3, Licht: 0,177213,3,6,2,05,17,6,0,0,0,1,0,1,0,0
"POINT (8.809269562000054 53.094881140000041)",Unfall 177214 (2020) Kat:3, Licht: 0,177214,3,7,1,03,18,2,0,0,1,1,0,0,0,0
"POINT (8.831449245000044 53.075950993000049)",Unfall 177215 (2020) Kat:2, Licht: 0,177215,2,1,0,04,14,7,0,0,1,0,0,0,0,1
"POINT (8.819099324000035 53.080272785000034)",Unfall 177216 (2020) Kat:3, Licht: 0,177216,3,2,5,04,08,4,0,0,1,1,0,0,0,0
"POINT (8.742576579000058 53.128434383000069)",Unfall 177217 (2020) Kat:2, Licht: 0,177217,2,4,6,03,16,2,0,0,0,1,1,0,0,0
"POINT (8.788835960000029 53.063296345000026)",Unfall 177218 (2020) Kat:3, Licht: 0,177218,3,3,5,03,14,3,1,0,0,1,0,0,0,0
"POINT (8.824000546000036 53.033693416000062)",Unfall 177221 (2020) Kat:3, Licht: 0,177221,3,1,8,03,07,1,0,0,0,1,0,0,0,0
"POINT (8.830871134000063 53.085777898000060)",Unfall 177223 (2020) Kat:3, Licht: 1,177223,3,3,6,03,17,2,0,1,0,0,1,0,0,1
"POINT (8.607393146000050 53.184470878000070)",Unfall 177224 (2020) Kat:3, Licht: 0,177224,3,3,5,03,16,1,0,0,0,1,0,1,0,0
"POINT (8.786169637000057 53.091053843000054)",Unfall 177225 (2020) Kat:3, Licht: 2,177225,3,3,5,04,21,1,0,2,0,1,0,0,0,0
"POINT (8.766877468000075 53.094769415000030)",Unfall 177226 (2020) Kat:2, Licht: 0,177226,2,2,5,03,17,7,0,0,0,1,0,0,0,0
"POINT (8.917479218000040 53.092848029000038)",Unfall 177227 (2020) Kat:3, Licht: 0,177227,3,4,6,04,09,7,0,0,0,1,1,0,0,0
"POINT (8.575980416000050 53.190451676000066)",Unfall 177228 (2020) Kat:3, Licht: 0,177228,3,1,0,04,13,2,0,0,0,0,0,1,0,0
"POINT (8.572420953000062 53.183185235000053)",Unfall 177229 (2020) Kat:2, Licht: 0,177229,2,7,0,03,08,7,0,0,1,0,0,0,0,0
"POINT (8.876528632000031 53.081039719000046)",Unfall 177230 (2020) Kat:3, Licht: 0,177230,3,3,5,05,16,5,0,0,1,1,0,0,0,0
"POINT (8.814053449000028 53.081349753000040)",Unfall 177231 (2020) Kat:3, Licht: 2,177231,3,1,0,03,19,7,0,2,1,0,0,0,0,0
"POINT (8.853543215000059 53.064828702000057)",Unfall 177232 (2020) Kat:3, Licht: 2,177232,3,2,5,03,06,2,0,2,1,1,0,0,0,0
"POINT (8.809723617000032 53.078522439000039)",Unfall 177233 (2020) Kat:3, Licht: 0,177233,3,6,3,03,10,6,0,0,0,1,0,1,0,0
"POINT (8.806141267000044 53.083046678000073)",Unfall 177234 (2020) Kat:2, Licht: 2,177234,2,6,4,04,22,5,0,2,1,1,0,0,0,0
"POINT (8.797539415000074 53.080451339000035)",Unfall 177235 (2020) Kat:3, Licht: 0,177235,3,7,0,03,11,5,0,0,1,0,0,0,0,0
"POINT (8.891945315000044 53.127357429000028)",Unfall 177236 (2020) Kat:3, Licht: 0,177236,3,3,5,03,15,2,0,0,1,1,0,0,0,0
"POINT (8.785951699000066 53.057353330000069)",Unfall 177237 (2020) Kat:3, Licht: 2,177237,3,3,5,03,04,5,1,2,1,1,0,0,0,0
"POINT (8.625267849000068 53.180301707000069)",Unfall 177238 (2020) Kat:2, Licht: 0,177238,2,3,5,05,12,6,1,0,0,1,0,1,0,0
"POINT (8.900125611000021 53.079051729000071)",Unfall 177239 (2020) Kat:3, Licht: 2,177239,3,6,2,03,21,2,1,2,0,1,0,0,0,0
"POINT (8.808325818000071 53.094729588000064)",Unfall 177241 (2020) Kat:3, Licht: 0,177241,3,3,5,04,12,7,0,0,1,1,0,0,0,0
"POINT (8.929569256000036 53.059071054000071)",Unfall 177242 (2020) Kat:3, Licht: 0,177242,3,7,1,03,11,4,0,0,0,1,0,0,0,0
"POINT (8.741071817000034 53.052651255000058)",Unfall 177243 (2020) Kat:3, Licht: 0,177243,3,3,5,04,13,7,0,0,0,1,0,0,0,0
"POINT (8.871639064000021 53.091759299000046)",Unfall 177244 (2020) Kat:3, Licht: 0,177244,3,6,3,04,12,2,0,0,1,0,0,0,0,0
"POINT (8.935159280000050 53.058753744000057)",Unfall 177245 (2020) Kat:3, Licht: 0,177245,3,3,5,03,08,4,0,0,1,0,0,0,0,1
"POINT (8.872158280000065 53.099667880000027)",Unfall 177246 (2020) Kat:3, Licht: 0,177246,3,6,2,05,17,4,0,0,0,1,0,0,0,0
"POINT (8.923271531000069 53.059417590000066)",Unfall 177247 (2020) Kat:3, Licht: 1,177247,3,2,5,03,05,4,0,1,0,1,0,1,0,0
"POINT (8.707420426000056 53.176033080000082)",Unfall 177248 (2020) Kat:3, Licht: 0,177248,3,7,0,03,10,2,0,0,0,1,0,0,0,1
"POINT (8.870633601000066 53.067057621000060)",Unfall 177249 (2020) Kat:3, Licht: 0,177249,3,3,5,03,12,4,0,0,1,1,0,0,0,0
"POINT (8.837080197000034 53.082595989000026)",Unfall 177250 (2020) Kat:3, Licht: 0,177250,3,7,0,04,12,2,0,0,0,0,0,0,0,1
"POINT (8.854797197000039 53.067677212000035)",Unfall 177251 (2020) Kat:3, Licht: 0,177251,3,3,5,04,09,5,0,0,0,1,0,0,0,0
"POINT (8.822643934000041 53.074652833000073)",Unfall 177254 (2020) Kat:3, Licht: 0,177254,3,6,2,04,15,5,0,0,0,1,0,0,0,0
"POINT (8.629245394000066 53.188002152000081)",Unfall 177256 (2020) Kat:3, Licht: 2,177256,3,4,6,03,19,1,1,2,0,1,1,0,0,0
"POINT (8.812906797000039 53.058664630000067)",Unfall 177257 (2020) Kat:3, Licht: 0,177257,3,5,1,03,17,3,0,0,1,1,0,0,0,0
"POINT (8.804495813000074 53.080651095000064)",Unfall 177258 (2020) Kat:3, Licht: 0,177258,3,6,3,04,13,6,0,0,1,0,0,0,0,0
"POINT (8.844898289000071 53.045786702000044)",Unfall 177259 (2020) Kat:3, Licht: 0,177259,3,6,2,03,13,3,0,0,0,1,0,0,0,0
"POINT (8.636883136000051 53.166856951000057)",Unfall 177260 (2020) Kat:3, Licht: 0,177260,3,4,6,03,07,3,0,0,0,0,1,1,0,0
"POINT (8.729111682000053 53.085724793000054)",Unfall 177261 (2020) Kat:3, Licht: 0,177261,3,3,5,05,13,4,0,0,0,1,0,0,0,0
"POINT (8.811311665000062 53.081514288000051)",Unfall 177263 (2020) Kat:3, Licht: 2,177263,3,3,5,03,20,1,0,2,1,1,0,0,0,0
"POINT (8.856191799000044 53.070535981000035)",Unfall 177266 (2020) Kat:3, Licht: 0,177266,3,2,3,04,13,4,0,0,1,1,0,0,0,0
"POINT (8.804942947000029 53.059522037000079)",Unfall 177267 (2020) Kat:3, Licht: 0,177267,3,3,5,03,17,2,0,0,1,1,0,0,0,0
"POINT (8.900999685000045 53.095490983000047)",Unfall 177268 (2020) Kat:3, Licht: 2,177268,3,4,6,04,20,7,0,2,1,0,1,0,0,0
"POINT (8.918649231000075 53.038700447000053)",Unfall 177269 (2020) Kat:3, Licht: 0,177269,3,6,1,04,13,5,0,0,0,1,0,0,0,0
"POINT (8.914308637000033 53.065544037000052)",Unfall 177270 (2020) Kat:3, Licht: 2,177270,3,1,0,03,22,2,0,2,0,0,0,1,0,0
"POINT (8.786935784000036 53.075373855000066)",Unfall 177272 (2020) Kat:3, Licht: 0,177272,3,3,5,03,17,2,0,0,1,0,0,0,0,0
"POINT (8.800778961000049 53.078704269000070)",Unfall 177273 (2020) Kat:2, Licht: 0,177273,2,3,5,05,15,2,0,0,0,1,0,1,0,0
"POINT (8.641245703000038 53.162284153000030)",Unfall 177275 (2020) Kat:3, Licht: 0,177275,3,3,5,05,08,3,0,0,1,1,0,0,0,0
"POINT (8.853940409000074 53.071806418000051)",Unfall 177276 (2020) Kat:3, Licht: 0,177276,3,3,5,03,15,1,0,0,0,1,0,0,0,0
"POINT (8.808585645000051 53.089225253000052)",Unfall 177277 (2020) Kat:3, Licht: 2,177277,3,7,1,03,23,1,0,2,0,1,0,0,0,1
"POINT (8.807105202000059 53.074991056000044)",Unfall 177279 (2020) Kat:3, Licht: 0,177279,3,6,9,04,18,7,0,0,1,0,0,0,0,0
"POINT (8.943514795000056 53.038017131000061)",Unfall 177280 (2020) Kat:2, Licht: 0,177280,2,4,6,04,14,3,0,0,0,1,1,0,0,0
"POINT (8.722638556000049 53.044148380000081)",Unfall 177281 (2020) Kat:3, Licht: 2,177281,3,3,5,03,21,7,0,2,0,1,0,0,0,0
"POINT (8.778698823000070 53.094674287000032)",Unfall 177282 (2020) Kat:2, Licht: 0,177282,2,2,3,04,18,4,0,0,0,1,0,0,0,1
"POINT (8.781576299000051 53.100992732000066)",Unfall 177283 (2020) Kat:3, Licht: 0,177283,3,3,5,03,16,7,0,0,0,1,0,0,0,1
"POINT (8.571846259000040 53.189915974000030)",Unfall 177285 (2020) Kat:3, Licht: 2,177285,3,3,5,03,20,7,0,2,0,1,0,0,0,0
"POINT (8.817967241000076 53.052462549000040)",Unfall 177286 (2020) Kat:3, Licht: 2,177286,3,7,0,02,18,7,1,2,0,0,0,0,0,1
"POINT (8.839320899000029 53.081822411000076)",Unfall 177288 (2020) Kat:3, Licht: 0,177288,3,2,5,05,12,7,1,0,1,1,0,0,0,0
"POINT (8.726616609000075 53.129330524000068)",Unfall 177290 (2020) Kat:3, Licht: 0,177290,3,2,5,03,14,6,0,0,1,0,0,0,1,0
"POINT (8.898954924000066 53.128578016000063)",Unfall 177292 (2020) Kat:3, Licht: 0,177292,3,2,5,03,13,6,1,0,1,1,0,0,0,0
"POINT (8.927547676000074 53.072589452000045)",Unfall 177293 (2020) Kat:2, Licht: 0,177293,2,6,2,04,10,6,0,0,0,1,0,1,0,0
"POINT (8.822551890000057 53.074989135000067)",Unfall 177294 (2020) Kat:2, Licht: 0,177294,2,4,6,04,10,2,0,0,0,1,1,0,0,0
"POINT (8.894946283000024 53.045993620000047)",Unfall 177296 (2020) Kat:3, Licht: 0,177296,3,6,2,03,13,6,0,0,0,1,0,0,0,0
"POINT (8.765526185000056 53.084825875000035)",Unfall 177297 (2020) Kat:3, Licht: 0,177297,3,6,2,04,17,2,0,0,0,1,0,1,0,0
"POINT (8.802062462000038 53.084968511000056)",Unfall 177298 (2020) Kat:3, Licht: 0,177298,3,6,2,03,15,6,1,0,0,1,0,0,0,0
"POINT (8.947666499000036 53.064258696000081)",Unfall 177300 (2020) Kat:3, Licht: 0,177300,3,4,6,03,07,6,1,0,0,1,1,0,0,0
"POINT (8.813104101000022 53.098890610000069)",Unfall 177301 (2020) Kat:2, Licht: 0,177301,2,3,5,05,14,6,0,0,1,0,0,0,0,1
"POINT (8.930526683000039 53.059014652000030)",Unfall 177302 (2020) Kat:3, Licht: 2,177302,3,4,6,03,05,6,1,2,0,1,1,0,0,0
"POINT (8.829693288000044 53.085487144000069)",Unfall 177304 (2020) Kat:3, Licht: 0,177304,3,1,0,03,18,6,0,0,1,0,0,0,0,0
"POINT (8.894911944000057 53.046016142000042)",Unfall 177307 (2020) Kat:3, Licht: 0,177307,3,3,5,03,12,6,0,0,1,1,0,0,0,0
"POINT (8.795556936000025 53.067608725000071)",Unfall 177308 (2020) Kat:3, Licht: 0,177308,3,2,4,04,19,7,0,0,0,1,0,0,0,0
"POINT (8.738436146000026 53.051627927000027)",Unfall 177309 (2020) Kat:3, Licht: 0,177309,3,3,5,03,11,6,1,0,1,1,0,0,0,0
"POINT (8.841325588000075 53.069268172000079)",Unfall 177311 (2020) Kat:3, Licht: 0,177311,3,4,6,05,14,4,0,0,1,0,1,0,0,0
"POINT (8.791492009000024 53.065005948000078)",Unfall 177315 (2020) Kat:2, Licht: 0,177315,2,4,6,03,17,5,0,0,1,0,1,0,0,0
"POINT (8.621418749000043 53.168757498000048)",Unfall 177316 (2020) Kat:3, Licht: 0,177316,3,7,6,05,15,5,0,0,0,1,1,0,0,0
"POINT (8.817254884000022 53.080767688000037)",Unfall 177317 (2020) Kat:3, Licht: 0,177317,3,6,2,03,14,4,0,0,0,1,0,0,0,1
"POINT (8.884169130000032 53.063629705000039)",Unfall 177318 (2020) Kat:3, Licht: 2,177318,3,3,5,02,05,6,0,2,1,1,0,0,0,0
"POINT (8.892110947000049 53.111700180000071)",Unfall 177319 (2020) Kat:3, Licht: 2,177319,3,3,5,03,18,4,0,2,1,1,0,0,0,0
"POINT (8.599775876000024 53.177852934000043)",Unfall 177320 (2020) Kat:3, Licht: 0,177320,3,6,1,04,12,5,0,0,0,1,0,0,0,0
"POINT (8.787403770000026 53.069936041000062)",Unfall 177321 (2020) Kat:3, Licht: 2,177321,3,3,5,02,22,6,1,2,0,1,0,0,0,0
"POINT (8.813003810000055 53.058548266000059)",Unfall 177322 (2020) Kat:3, Licht: 0,177322,3,6,3,03,10,4,0,0,1,1,0,0,0,0
"POINT (8.764285869000048 53.096059191000052)",Unfall 177324 (2020) Kat:2, Licht: 0,177324,2,2,5,03,09,4,0,0,0,1,0,0,0,0
"POINT (8.808435105000058 53.075164901000051)",Unfall 177325 (2020) Kat:3, Licht: 0,177325,3,6,5,04,18,6,0,0,1,0,0,0,0,0
"POINT (8.836178263000022 53.082324961000040)",Unfall 177326 (2020) Kat:3, Licht: 0,177326,3,3,0,03,17,4,0,0,1,1,0,0,0,0
"POINT (8.875017432000050 53.091221391000033)",Unfall 177327 (2020) Kat:3, Licht: 0,177327,3,3,5,05,16,4,0,0,1,1,0,0,0,0
"POINT (8.937330181000050 53.090921851000076)",Unfall 177328 (2020) Kat:3, Licht: 0,177328,3,2,1,03,15,4,0,0,0,1,0,0,0,0
"POINT (8.864926166000032 53.095867546000079)",Unfall 177329 (2020) Kat:3, Licht: 0,177329,3,1,0,02,08,6,1,0,1,0,0,0,0,0
"POINT (8.927953468000055 53.038448121000044)",Unfall 177330 (2020) Kat:3, Licht: 0,177330,3,3,5,03,11,4,0,0,1,1,0,0,0,0
"POINT (8.892983479000066 53.082416772000045)",Unfall 177331 (2020) Kat:3, Licht: 0,177331,3,6,2,04,13,7,0,0,0,1,0,0,0,0
"POINT (8.872434915000042 53.063117822000038)",Unfall 177332 (2020) Kat:3, Licht: 0,177332,3,2,5,04,13,4,0,0,1,1,0,0,0,0
"POINT (8.815103536000038 53.102150664000078)",Unfall 177333 (2020) Kat:3, Licht: 0,177333,3,7,2,03,08,4,0,0,0,1,0,0,0,0
"POINT (8.951042339000026 53.064960997000071)",Unfall 177335 (2020) Kat:3, Licht: 0,177335,3,2,4,04,18,7,0,0,0,1,0,1,0,0
"POINT (8.936416381000072 53.073817846000054)",Unfall 177336 (2020) Kat:3, Licht: 0,177336,3,7,0,04,08,5,1,0,1,0,0,0,0,0
"POINT (8.824425918000031 53.084491735000029)",Unfall 177337 (2020) Kat:3, Licht: 0,177337,3,2,5,03,10,4,0,0,1,0,0,0,0,1
"POINT (8.882619520000048 53.100832370000035)",Unfall 177338 (2020) Kat:1, Licht: 0,177338,1,4,6,04,10,5,0,0,0,1,1,0,0,0
"POINT (8.778464403000044 53.069165359000067)",Unfall 177340 (2020) Kat:3, Licht: 2,177340,3,6,2,03,18,3,1,2,0,1,0,0,0,0
"POINT (8.824493206000057 53.079143208000062)",Unfall 177342 (2020) Kat:1, Licht: 2,177342,1,4,6,03,20,3,1,2,0,1,1,0,0,0
"POINT (8.594325901000048 53.179049262000035)",Unfall 177343 (2020) Kat:3, Licht: 0,177343,3,4,6,02,08,6,1,0,0,1,1,0,0,0
"POINT (8.821144052000022 53.077503472000046)",Unfall 177344 (2020) Kat:2, Licht: 2,177344,2,4,6,03,18,3,1,2,1,0,1,0,0,0
"POINT (8.825452439000060 53.084440546000053)",Unfall 177345 (2020) Kat:3, Licht: 0,177345,3,3,5,04,12,7,0,0,1,1,0,0,0,0
"POINT (8.864581069000053 53.090599910000037)",Unfall 177346 (2020) Kat:2, Licht: 0,177346,2,7,0,04,11,3,0,0,0,0,0,0,0,1
"POINT (8.788915808000070 53.093450336000046)",Unfall 177347 (2020) Kat:3, Licht: 0,177347,3,6,0,03,12,3,0,0,1,0,1,0,0,0
"POINT (8.730308527000034 53.135536957000056)",Unfall 177348 (2020) Kat:2, Licht: 1,177348,2,6,3,04,20,3,0,1,0,0,0,0,0,1
"POINT (8.730403517000070 53.040346856000042)",Unfall 177349 (2020) Kat:3, Licht: 0,177349,3,6,2,03,11,3,1,0,0,1,0,0,0,0
"POINT (8.625430302000041 53.181329324000046)",Unfall 177350 (2020) Kat:3, Licht: 0,177350,3,6,2,03,15,3,1,0,0,1,0,0,0,0
"POINT (8.911217573000045 53.039334657000040)",Unfall 177351 (2020) Kat:3, Licht: 0,177351,3,7,1,02,07,6,0,0,0,1,1,0,0,0
"POINT (8.686106938000023 53.171111574000065)",Unfall 177352 (2020) Kat:3, Licht: 2,177352,3,4,6,03,06,3,1,2,0,1,1,0,0,0
"POINT (8.760305845000062 53.083453787000053)",Unfall 177354 (2020) Kat:3, Licht: 0,177354,3,2,5,03,08,3,1,0,0,1,0,1,0,0
"POINT (8.730259215000046 53.040227165000033)",Unfall 177355 (2020) Kat:3, Licht: 0,177355,3,7,0,02,18,6,0,0,1,0,0,0,0,0
"POINT (8.854883005000033 53.082633608000037)",Unfall 177356 (2020) Kat:3, Licht: 0,177356,3,6,2,03,12,3,1,0,0,1,0,0,0,0
"POINT (8.842045739000071 53.083199968000031)",Unfall 177357 (2020) Kat:3, Licht: 0,177357,3,4,6,02,13,5,1,0,0,0,1,0,0,1
"POINT (8.885117082000022 53.072104584000044)",Unfall 177358 (2020) Kat:3, Licht: 2,177358,3,6,3,03,05,3,1,2,0,1,0,1,0,0
"POINT (8.805913442000076 53.078898554000034)",Unfall 177360 (2020) Kat:3, Licht: 0,177360,3,4,6,02,13,5,0,0,1,0,1,0,0,0
"POINT (8.884166955000069 53.063627157000042)",Unfall 177362 (2020) Kat:3, Licht: 0,177362,3,2,5,04,17,1,0,0,1,1,0,0,0,0
"POINT (8.807012390000068 53.081931900000029)",Unfall 177364 (2020) Kat:3, Licht: 0,177364,3,4,6,04,12,2,0,0,1,0,1,0,0,0
"POINT (8.731718870000066 53.047893158000079)",Unfall 177367 (2020) Kat:2, Licht: 0,177367,2,7,0,03,09,2,0,0,0,0,0,0,0,1
"POINT (8.809976920000054 53.095751124000060)",Unfall 177368 (2020) Kat:3, Licht: 0,177368,3,3,0,02,09,5,1,0,0,1,0,1,0,0
"POINT (8.824931493000065 53.084189106000053)",Unfall 177369 (2020) Kat:3, Licht: 0,177369,3,3,5,03,12,2,0,0,1,1,0,0,0,0
"POINT (8.819520664000038 53.080518215000041)",Unfall 177370 (2020) Kat:3, Licht: 0,177370,3,6,2,04,14,5,1,0,0,1,0,0,0,0
"POINT (8.805443758000024 53.100483547000067)",Unfall 177371 (2020) Kat:3, Licht: 0,177371,3,7,1,02,16,5,1,0,1,1,0,0,0,0
"POINT (8.788433496000039 53.104928158000064)",Unfall 177372 (2020) Kat:3, Licht: 0,177372,3,6,4,03,16,2,1,0,0,1,0,1,0,0
"POINT (8.672979189000046 53.174029946000076)",Unfall 177373 (2020) Kat:3, Licht: 0,177373,3,6,2,04,12,6,0,0,0,1,0,0,0,0
"POINT (8.884126390000063 53.034456684000077)",Unfall 177374 (2020) Kat:3, Licht: 2,177374,3,3,5,02,22,5,1,2,0,1,0,0,1,0
"POINT (8.732764225000040 53.042397232000042)",Unfall 177375 (2020) Kat:2, Licht: 0,177375,2,4,6,03,13,2,0,0,0,1,1,0,0,0
"POINT (8.933030244000065 53.038936122000052)",Unfall 177376 (2020) Kat:3, Licht: 0,177376,3,1,0,04,20,7,0,0,1,0,0,0,0,0
"POINT (8.824736152000071 53.084139266000079)",Unfall 177377 (2020) Kat:2, Licht: 0,177377,2,3,5,03,12,2,0,0,1,1,0,0,0,0
"POINT (8.853863621000073 53.082633190000081)",Unfall 177378 (2020) Kat:2, Licht: 0,177378,2,4,6,04,18,2,0,0,1,0,1,0,0,0
"POINT (8.933181179000030 53.038960980000070)",Unfall 177379 (2020) Kat:3, Licht: 0,177379,3,6,2,03,08,2,0,0,0,1,0,0,0,0
"POINT (8.883451505000039 53.100516864000042)",Unfall 177380 (2020) Kat:3, Licht: 0,177380,3,7,1,05,10,5,0,0,0,1,0,0,0,0
"POINT (8.818421917000023 53.086488678000080)",Unfall 177381 (2020) Kat:3, Licht: 0,177381,3,2,3,03,14,2,0,0,1,1,0,0,0,0
"POINT (8.776536883000063 53.096936231000029)",Unfall 177383 (2020) Kat:3, Licht: 0,177383,3,6,2,03,09,2,0,0,0,1,0,0,0,0
"POINT (8.862821309000026 53.106692933000033)",Unfall 177384 (2020) Kat:3, Licht: 0,177384,3,6,2,04,16,5,0,0,0,1,0,0,0,1
"POINT (8.798653810000076 53.083714618000045)",Unfall 177386 (2020) Kat:3, Licht: 0,177386,3,6,2,03,15,2,0,0,0,1,0,0,0,0
"POINT (8.632557535000046 53.181303741000079)",Unfall 177388 (2020) Kat:3, Licht: 0,177388,3,3,5,03,14,2,0,0,0,1,0,0,0,0
"POINT (8.805478164000022 53.081577134000042)",Unfall 177389 (2020) Kat:3, Licht: 0,177389,3,7,0,03,14,2,0,0,1,1,0,0,0,0
"POINT (8.932473950000031 53.058927054000037)",Unfall 177390 (2020) Kat:2, Licht: 0,177390,2,3,5,05,13,3,0,0,0,1,0,0,0,0
"POINT (8.886862712000038 53.062538305000032)",Unfall 177391 (2020) Kat:2, Licht: 0,177391,2,2,5,03,16,2,1,0,1,1,0,0,0,0
"POINT (8.749850020000054 53.123935248000066)",Unfall 177392 (2020) Kat:3, Licht: 0,177392,3,6,2,03,16,1,0,0,0,1,0,0,0,0
"POINT (8.773129157000028 53.081165940000062)",Unfall 177393 (2020) Kat:3, Licht: 1,177393,3,2,5,03,18,1,1,1,1,1,0,0,0,0
"POINT (8.788172485000075 53.076484087000040)",Unfall 177394 (2020) Kat:3, Licht: 0,177394,3,3,5,05,10,4,0,0,0,1,0,0,0,0
"POINT (8.852742460000059 53.061282655000070)",Unfall 177396 (2020) Kat:3, Licht: 0,177396,3,6,2,02,07,4,0,0,0,1,0,0,0,0
"POINT (8.818920958000035 53.115224397000077)",Unfall 177397 (2020) Kat:3, Licht: 2,177397,3,7,7,03,18,7,0,2,1,0,0,0,1,0
"POINT (8.807411569000067 53.094374727000059)",Unfall 177398 (2020) Kat:3, Licht: 0,177398,3,6,1,04,13,7,0,0,0,1,0,0,0,0
"POINT (8.820605803000035 53.079501038000046)",Unfall 177399 (2020) Kat:3, Licht: 0,177399,3,6,1,04,14,4,0,0,0,1,0,0,0,1
"POINT (8.805631797000046 53.100645825000072)",Unfall 177400 (2020) Kat:3, Licht: 0,177400,3,3,5,03,11,7,1,0,1,1,0,0,0,0
"POINT (8.820569549000027 53.072685803000070)",Unfall 177402 (2020) Kat:2, Licht: 0,177402,2,7,0,04,14,5,0,0,1,0,0,0,0,0
"POINT (8.824704272000076 53.068909163000058)",Unfall 177403 (2020) Kat:3, Licht: 0,177403,3,6,2,03,12,7,0,0,0,1,0,0,0,1
"POINT (8.845251682000026 53.081105001000026)",Unfall 177404 (2020) Kat:3, Licht: 0,177404,3,6,3,04,15,5,0,0,0,1,0,0,0,0
"POINT (8.837308514000029 53.037862472000029)",Unfall 177405 (2020) Kat:3, Licht: 2,177405,3,2,5,03,18,7,0,2,0,1,0,0,0,0
"POINT (8.706360469000060 53.175252499000067)",Unfall 177406 (2020) Kat:2, Licht: 0,177406,2,7,0,05,13,2,0,0,1,0,0,0,0,0
"POINT (8.625103102000026 53.179705125000055)",Unfall 177407 (2020) Kat:3, Licht: 0,177407,3,3,5,02,10,4,0,0,0,1,0,0,0,0
"POINT (8.832206689000032 53.050487302000079)",Unfall 177408 (2020) Kat:3, Licht: 0,177408,3,3,5,04,15,2,0,0,1,1,0,0,0,0
"POINT (8.630601418000026 53.156843382000034)",Unfall 177409 (2020) Kat:3, Licht: 0,177409,3,7,9,04,13,1,0,0,0,1,0,0,0,0
"POINT (8.822551183000030 53.078647170000067)",Unfall 177410 (2020) Kat:3, Licht: 2,177410,3,7,9,06,22,2,0,2,0,1,0,0,0,0
"POINT (8.764399638000043 53.085778137000034)",Unfall 177411 (2020) Kat:3, Licht: 0,177411,3,3,5,05,18,4,0,0,0,1,0,1,0,0
"POINT (8.812894141000072 53.079918661000079)",Unfall 177412 (2020) Kat:3, Licht: 1,177412,3,7,0,06,05,1,0,1,0,0,1,0,0,1
"POINT (8.822899987000028 53.078995353000039)",Unfall 177414 (2020) Kat:3, Licht: 0,177414,3,6,2,07,17,4,0,0,0,1,0,0,0,0
"POINT (8.885425608000048 53.049947444000054)",Unfall 177415 (2020) Kat:3, Licht: 0,177415,3,7,2,06,16,4,0,0,0,1,0,0,0,0