WKT,Name,OBJECTID,UKATEGORIE,UTYP1,UART,UMONAT,USTUNDE,UWOCHENTAG,STRZUSTAND,ULICHTVERH,ISTRAD,ISTPKW,ISTFUSS,ISTKRAD,ISTGKFZ,ISTSONSTIG
"POINT (8.800485149000053 53.078774151000061)",Unfall 177416 (2020) Kat:3, Licht: 0,177416,3,6,2,06,14,1,0,0,0,1,0,0,0,0
"POINT (8.825092876000042 53.084601850000070)",Unfall 177417 (2020) Kat:3, Licht: 0,177417,3,6,0,06,19,4,0,0,1,1,0,0,0,0
"POINT (8.734550348000028 53.165456689000052)",Unfall 177418 (2020) Kat:3, Licht: 0,177418,3,6,3,05,19,4,0,0,1,0,0,0,0,0
"POINT (8.878420843000072 53.079102982000052)",Unfall 177419 (2020) Kat:3, Licht: 0,177419,3,3,5,05,14,6,0,0,0,1,0,0,0,1
"POINT (8.841439104000074 53.035427149000043)",Unfall 177420 (2020) Kat:3, Licht: 0,177420,3,6,2,06,16,4,0,0,0,1,0,0,0,0
"POINT (8.793793254000036 53.074155539000060)",Unfall 177421 (2020) Kat:2, Licht: 0,177421,2,7,0,05,10,4,0,0,0,0,1,0,0,1
"POINT (8.628178968000043 53.186563586000034)",Unfall 177422 (2020) Kat:3, Licht: 0,177422,3,2,5,06,15,5,1,0,0,1,0,0,0,1
"POINT (8.852643029000035 53.060709147000068)",Unfall 177423 (2020) Kat:3, Licht: 1,177423,3,1,0,07,04,7,0,1,1,0,0,0,0,0
"POINT (8.748817501000076 53.124845584000070)",Unfall 177424 (2020) Kat:3, Licht: 0,177424,3,5,0,06,14,7,0,0,0,1,0,1,0,0
"POINT (8.801904683000032 53.057919750000053)",Unfall 177425 (2020) Kat:3, Licht: 0,177425,3,3,5,05,16,4,0,0,1,1,0,0,0,0
"POINT (8.805646595000042 53.065519394000034)",Unfall 177427 (2020) Kat:3, Licht: 0,177427,3,3,5,06,16,3,1,0,0,1,0,1,0,0
"POINT (8.819270927000048 53.038452515000074)",Unfall 177428 (2020) Kat:3, Licht: 2,177428,3,6,6,06,21,3,0,2,1,0,1,0,0,0
"POINT (8.877907445000062 53.101425866000056)",Unfall 177429 (2020) Kat:3, Licht: 0,177429,3,3,5,06,12,6,0,0,1,1,0,0,0,0
"POINT (8.787986811000053 53.076479444000029)",Unfall 177430 (2020) Kat:3, Licht: 0,177430,3,6,2,06,11,3,0,0,0,1,0,0,0,0
"POINT (8.808738611000024 53.087845722000054)",Unfall 177433 (2020) Kat:3, Licht: 0,177433,3,2,2,06,12,6,0,0,0,1,0,0,0,0
"POINT (8.898157368000057 53.033443268000042)",Unfall 177434 (2020) Kat:2, Licht: 0,177434,2,3,5,06,13,4,0,0,1,1,0,0,0,0
"POINT (8.833309058000054 53.070676506000041)",Unfall 177435 (2020) Kat:3, Licht: 0,177435,3,6,2,05,19,6,0,0,0,1,0,0,0,0
"POINT (8.854297331000055 53.082101673000068)",Unfall 177436 (2020) Kat:3, Licht: 0,177436,3,1,2,06,14,3,0,0,0,1,0,0,0,0
"POINT (8.812387059000059 53.073067340000080)",Unfall 177437 (2020) Kat:3, Licht: 0,177437,3,7,4,05,16,4,0,0,1,0,0,0,0,0
"POINT (8.854647562000025 53.081797566000034)",Unfall 177438 (2020) Kat:3, Licht: 0,177438,3,6,2,06,16,4,0,0,0,1,0,0,0,0
"POINT (8.782806167000047 53.101474244000030)",Unfall 177439 (2020) Kat:3, Licht: 0,177439,3,3,5,07,18,6,0,0,0,1,0,0,0,1
"POINT (8.840944228000069 53.098369659000070)",Unfall 177440 (2020) Kat:3, Licht: 0,177440,3,2,3,06,13,6,0,0,1,1,0,0,0,0
"POINT (8.813757215000067 53.078067033000082)",Unfall 177441 (2020) Kat:3, Licht: 0,177441,3,7,1,05,11,4,0,0,0,1,0,0,0,0
"POINT (8.802667977000056 53.067319063000070)",Unfall 177442 (2020) Kat:3, Licht: 0,177442,3,7,1,06,15,6,1,0,1,1,0,0,0,0
"POINT (8.839646906000041 53.151941316000034)",Unfall 177444 (2020) Kat:3, Licht: 0,177444,3,6,3,06,15,3,0,0,1,0,0,0,0,0
"POINT (8.816573605000031 53.073120362000054)",Unfall 177445 (2020) Kat:3, Licht: 0,177445,3,4,6,06,13,6,0,0,0,1,1,0,0,0
"POINT (8.811557360000052 53.081671407000044)",Unfall 177446 (2020) Kat:3, Licht: 0,177446,3,3,5,06,10,1,0,0,0,1,0,0,0,1
"POINT (8.813475761000063 53.080365483000037)",Unfall 177447 (2020) Kat:3, Licht: 0,177447,3,3,5,05,13,5,0,0,1,1,0,0,0,0
"POINT (8.933483687000035 53.069487765000076)",Unfall 177448 (2020) Kat:3, Licht: 0,177448,3,6,3,06,14,3,0,0,0,1,0,1,0,0
"POINT (8.882704055000033 53.074744987000031)",Unfall 177449 (2020) Kat:3, Licht: 0,177449,3,6,3,05,20,4,0,0,0,1,0,0,0,0
"POINT (8.625560035000035 53.181287943000029)",Unfall 177450 (2020) Kat:3, Licht: 0,177450,3,3,5,06,15,3,0,0,1,1,0,0,0,0
"POINT (8.639445038000076 53.189507160000062)",Unfall 177451 (2020) Kat:3, Licht: 0,177451,3,7,0,05,13,6,1,0,0,0,0,1,0,0
"POINT (8.945374050000055 53.065522166000051)",Unfall 177452 (2020) Kat:3, Licht: 0,177452,3,6,2,07,14,5,1,0,0,1,0,0,0,0
"POINT (8.844950064000045 53.091243976000044)",Unfall 177453 (2020) Kat:3, Licht: 0,177453,3,5,1,06,10,4,0,0,1,1,0,0,0,0
"POINT (8.877142849000052 53.080480975000057)",Unfall 177454 (2020) Kat:3, Licht: 0,177454,3,7,6,05,11,4,0,0,0,1,1,0,0,0
"POINT (8.795063198000037 53.067853406000040)",Unfall 177455 (2020) Kat:3, Licht: 0,177455,3,6,1,06,13,5,1,0,1,1,0,0,0,0
"POINT (8.797086619000027 53.064457800000071)",Unfall 177456 (2020) Kat:3, Licht: 0,177456,3,6,3,06,13,3,0,0,0,1,0,0,0,1
"POINT (8.702039697000032 53.167708005000065)",Unfall 177457 (2020) Kat:3, Licht: 0,177457,3,3,5,05,13,3,0,0,1,1,0,0,0,0
"POINT (8.574678877000054 53.192826429000036)",Unfall 177458 (2020) Kat:2, Licht: 0,177458,2,3,5,06,11,4,0,0,0,1,0,1,0,0
"POINT (8.825462553000023 53.078926773000035)",Unfall 177459 (2020) Kat:3, Licht: 0,177459,3,7,0,07,10,5,0,0,1,0,0,0,0,0
"POINT (8.794065103000037 53.066639727000052)",Unfall 177460 (2020) Kat:2, Licht: 0,177460,2,4,6,06,18,5,1,0,0,1,1,0,0,0
"POINT (8.899992452000049 53.124428807000072)",Unfall 177461 (2020) Kat:3, Licht: 0,177461,3,6,2,05,17,3,0,0,0,1,0,0,0,0
"POINT (8.792627075000041 53.093792863000033)",Unfall 177462 (2020) Kat:3, Licht: 0,177462,3,1,9,06,18,5,1,0,0,1,0,0,0,0
"POINT (8.965939370000058 53.057756089000065)",Unfall 177463 (2020) Kat:3, Licht: 0,177463,3,6,2,06,11,2,0,0,0,1,0,1,0,0
"POINT (8.899035369000046 53.129753628000060)",Unfall 177464 (2020) Kat:3, Licht: 0,177464,3,6,2,06,18,2,0,0,0,1,0,1,0,0
"POINT (8.729114620000075 53.128650662000041)",Unfall 177465 (2020) Kat:3, Licht: 0,177465,3,3,5,06,06,5,0,0,1,1,0,0,0,0
"POINT (8.667305099000032 53.093653215000074)",Unfall 177466 (2020) Kat:3, Licht: 2,177466,3,7,7,06,22,6,0,2,0,1,1,0,0,0
"POINT (8.872493827000028 53.085784028000035)",Unfall 177467 (2020) Kat:3, Licht: 0,177467,3,3,5,05,18,4,0,0,1,1,0,0,0,0
"POINT (8.842668798000034 53.046175771000037)",Unfall 177468 (2020) Kat:3, Licht: 0,177468,3,3,5,06,15,2,0,0,0,1,0,1,0,0
"POINT (8.806878120000022 53.060421006000070)",Unfall 177469 (2020) Kat:3, Licht: 0,177469,3,2,0,05,17,3,0,0,1,1,0,0,0,0
"POINT (8.709215298000061 53.151399002000062)",Unfall 177470 (2020) Kat:2, Licht: 0,177470,2,2,5,06,17,2,0,0,0,1,0,0,0,0
"POINT (8.578523628000028 53.184917787000074)",Unfall 177471 (2020) Kat:3, Licht: 0,177471,3,3,5,05,14,6,1,0,0,1,0,0,0,0
"POINT (8.840611528000068 53.076296405000051)",Unfall 177472 (2020) Kat:3, Licht: 0,177472,3,6,4,07,13,4,1,0,1,0,0,0,0,0
"POINT (8.876052667000067 53.074333828000078)",Unfall 177473 (2020) Kat:3, Licht: 0,177473,3,7,0,06,16,4,0,0,0,1,1,0,0,0
"POINT (8.864464233000035 53.094818902000043)",Unfall 177474 (2020) Kat:3, Licht: 0,177474,3,3,5,06,19,2,0,0,1,1,0,0,0,0
"POINT (8.837343651000026 53.037884496000061)",Unfall 177475 (2020) Kat:3, Licht: 2,177475,3,3,4,05,22,2,0,2,0,1,0,0,0,0
"POINT (8.808549212000060 53.082916134000072)",Unfall 177477 (2020) Kat:3, Licht: 0,177477,3,2,5,06,09,2,0,0,1,1,0,0,0,0
"POINT (8.805295176000072 53.093630824000059)",Unfall 177478 (2020) Kat:3, Licht: 0,177478,3,7,6,05,14,7,0,0,1,0,1,0,0,0
"POINT (8.741731359000028 53.130987070000060)",Unfall 177481 (2020) Kat:3, Licht: 0,177481,3,7,6,05,08,3,0,0,1,0,1,0,0,0
"POINT (8.825519993000057 53.037283684000045)",Unfall 177482 (2020) Kat:3, Licht: 0,177482,3,7,1,06,10,1,0,0,0,1,0,0,0,0
"POINT (8.571328264000044 53.184079137000026)",Unfall 177483 (2020) Kat:2, Licht: 0,177483,2,2,5,05,11,2,0,0,1,1,0,0,0,0
"POINT (8.802850618000036 53.101376144000028)",Unfall 177484 (2020) Kat:3, Licht: 0,177484,3,2,5,06,14,1,1,0,0,1,0,0,0,0
"POINT (8.858204386000068 53.136262177000049)",Unfall 177485 (2020) Kat:3, Licht: 0,177485,3,1,0,05,11,6,0,0,1,0,0,0,0,0
"POINT (8.792703599000049 53.065757715000075)",Unfall 177486 (2020) Kat:3, Licht: 0,177486,3,1,0,07,09,4,1,0,1,0,0,0,0,0
"POINT (8.720184161000077 53.056774447000066)",Unfall 177487 (2020) Kat:3, Licht: 0,177487,3,2,5,06,11,4,0,0,1,0,0,0,0,1
"POINT (8.804473915000074 53.059285551000073)",Unfall 177489 (2020) Kat:3, Licht: 0,177489,3,3,5,06,15,4,0,0,1,0,0,0,0,0
"POINT (8.534411589000058 53.204349370000045)",Unfall 177490 (2020) Kat:3, Licht: 0,177490,3,7,0,05,14,2,0,0,1,0,0,0,0,0
"POINT (8.835926357000062 53.082393636000063)",Unfall 177491 (2020) Kat:2, Licht: 0,177491,2,5,1,05,13,6,0,0,1,0,0,0,0,1
"POINT (8.797652643000049 53.073412718000043)",Unfall 177493 (2020) Kat:3, Licht: 0,177493,3,6,3,05,13,2,0,0,0,1,0,0,0,1
"POINT (8.900978283000029 53.089500055000030)",Unfall 177494 (2020) Kat:2, Licht: 0,177494,2,7,5,06,07,5,1,0,1,1,0,0,0,0
"POINT (8.806330156000058 53.084437716000082)",Unfall 177496 (2020) Kat:3, Licht: 0,177496,3,7,1,06,15,7,0,0,1,1,0,0,0,0
"POINT (8.736350189000063 53.133699743000079)",Unfall 177497 (2020) Kat:2, Licht: 0,177497,2,2,4,05,09,2,0,0,0,1,0,0,0,0
"POINT (8.626572194000062 53.170395787000075)",Unfall 177498 (2020) Kat:3, Licht: 0,177498,3,7,3,06,16,6,1,0,1,1,0,0,0,0
"POINT (8.799977196000043 53.079091356000049)",Unfall 177499 (2020) Kat:3, Licht: 0,177499,3,7,0,06,09,4,0,0,0,0,1,0,0,1
"POINT (8.790915807000033 53.058127693000074)",Unfall 177501 (2020) Kat:3, Licht: 1,177501,3,1,8,06,19,5,1,1,0,1,0,0,0,0
"POINT (8.816587389000063 53.072391637000067)",Unfall 177502 (2020) Kat:3, Licht: 1,177502,3,7,0,07,06,1,1,1,1,0,0,0,0,0
"POINT (8.798363498000072 53.063587443000074)",Unfall 177503 (2020) Kat:2, Licht: 2,177503,2,1,0,06,02,1,0,2,1,0,0,0,0,0
"POINT (8.790360396000040 53.108939961000033)",Unfall 177504 (2020) Kat:3, Licht: 0,177504,3,7,0,05,12,1,0,0,1,0,0,0,0,0
"POINT (8.876290203000053 53.081373100000064)",Unfall 177506 (2020) Kat:3, Licht: 0,177506,3,3,5,06,18,3,0,0,1,1,0,0,0,0
"POINT (8.919830288000071 53.037733882000055)",Unfall 177507 (2020) Kat:3, Licht: 0,177507,3,7,0,06,10,3,0,0,0,1,0,0,0,0
"POINT (8.884133882000072 53.100271467000027)",Unfall 177508 (2020) Kat:3, Licht: 0,177508,3,7,8,06,11,6,0,0,0,1,0,0,0,0
"POINT (8.795932334000042 53.072942135000062)",Unfall 177509 (2020) Kat:3, Licht: 0,177509,3,3,5,06,13,3,0,0,1,1,0,0,0,0
"POINT (8.865760649000038 53.066520197000045)",Unfall 177510 (2020) Kat:3, Licht: 0,177510,3,3,5,05,08,6,0,0,1,0,0,0,0,0
"POINT (8.789473311000052 53.082954366000081)",Unfall 177511 (2020) Kat:3, Licht: 0,177511,3,3,5,06,17,3,0,0,1,1,0,0,0,0
"POINT (8.832869336000044 53.081490213000052)",Unfall 177512 (2020) Kat:2, Licht: 0,177512,2,3,5,05,19,1,0,0,1,1,0,0,0,0
"POINT (8.777971630000025 53.066575976000081)",Unfall 177513 (2020) Kat:3, Licht: 0,177513,3,6,2,06,13,4,0,0,0,1,0,0,0,0
"POINT (8.836861782000028 53.076955070000054)",Unfall 177514 (2020) Kat:3, Licht: 0,177514,3,7,0,07,15,6,0,0,0,0,1,0,0,1
"POINT (8.935712018000061 53.072296974000039)",Unfall 177515 (2020) Kat:3, Licht: 0,177515,3,7,0,06,14,6,0,0,0,0,0,0,0,1
"POINT (8.809330766000073 53.059958619000042)",Unfall 177516 (2020) Kat:2, Licht: 0,177516,2,7,6,05,17,1,0,0,1,0,1,0,0,0
"POINT (8.824163778000070 53.079211722000082)",Unfall 177518 (2020) Kat:3, Licht: 0,177518,3,2,4,06,16,2,0,0,1,1,0,0,0,0
"POINT (8.807932379000022 53.064162085000078)",Unfall 177519 (2020) Kat:3, Licht: 1,177519,3,5,1,06,20,2,0,1,1,1,0,0,0,0
"POINT (8.898563738000064 53.134653782000044)",Unfall 177520 (2020) Kat:3, Licht: 0,177520,3,7,0,06,12,5,0,0,1,0,0,0,0,0
"POINT (8.893538358000058 53.046934587000067)",Unfall 177521 (2020) Kat:3, Licht: 0,177521,3,2,5,06,15,7,0,0,1,1,0,0,0,0
"POINT (8.727990838000039 53.038205425000058)",Unfall 177522 (2020) Kat:3, Licht: 0,177522,3,3,5,06,09,3,0,0,0,1,0,0,0,0
"POINT (8.577172818000065 53.188126744000044)",Unfall 177523 (2020) Kat:3, Licht: 0,177523,3,2,5,06,13,3,0,0,0,1,0,0,1,0
"POINT (8.574860964000038 53.192658291000043)",Unfall 177524 (2020) Kat:3, Licht: 0,177524,3,6,2,06,09,6,0,0,0,1,0,0,1,0
"POINT (8.864850542000056 53.095658257000082)",Unfall 177525 (2020) Kat:2, Licht: 0,177525,2,6,2,06,07,3,0,0,1,1,0,0,0,0
"POINT (8.741127151000057 53.049596403000066)",Unfall 177526 (2020) Kat:3, Licht: 0,177526,3,2,5,05,12,5,0,0,1,1,0,0,0,0
"POINT (8.855940917000055 53.121260331000030)",Unfall 177527 (2020) Kat:2, Licht: 0,177527,2,6,4,06,20,3,0,0,1,0,0,0,0,0
"POINT (8.882396259000075 53.075086781000039)",Unfall 177529 (2020) Kat:3, Licht: 0,177529,3,2,5,06,10,4,0,0,1,1,0,0,0,0
"POINT (8.929698060000021 53.059063646000027)",Unfall 177530 (2020) Kat:3, Licht: 0,177530,3,7,1,07,17,5,0,0,1,1,0,0,0,0
"POINT (8.872982135000029 53.084758339000075)",Unfall 177532 (2020) Kat:2, Licht: 0,177532,2,3,5,05,14,7,0,0,1,1,0,0,0,0
"POINT (8.831574889000024 53.081285408000042)",Unfall 177533 (2020) Kat:3, Licht: 0,177533,3,7,0,06,13,5,1,0,0,0,0,0,0,1
"POINT (8.729542505000040 53.178204543000049)",Unfall 177534 (2020) Kat:3, Licht: 0,177534,3,4,6,06,12,2,0,0,0,1,1,0,0,0
"POINT (8.931100488000027 53.137396717000058)",Unfall 177536 (2020) Kat:2, Licht: 0,177536,2,6,4,06,20,5,0,0,1,0,0,0,0,1
"POINT (8.826420174000020 53.074723601000073)",Unfall 177537 (2020) Kat:3, Licht: 0,177537,3,7,0,06,09,6,0,0,1,0,0,0,0,0
"POINT (8.933772473000033 53.038792543000056)",Unfall 177538 (2020) Kat:3, Licht: 0,177538,3,6,4,05,16,4,0,0,1,0,0,0,0,0
"POINT (8.809289622000051 53.077810305000071)",Unfall 177539 (2020) Kat:3, Licht: 0,177539,3,3,6,06,11,2,0,0,1,0,1,0,0,0
"POINT (8.802125472000057 53.077773164000064)",Unfall 177540 (2020) Kat:3, Licht: 0,177540,3,3,5,05,09,6,0,0,1,1,0,0,0,0
"POINT (8.790416924000056 53.092120445000035)",Unfall 177541 (2020) Kat:3, Licht: 0,177541,3,3,5,06,11,2,0,0,1,1,0,0,0,0
"POINT (8.859116858000050 53.063762543000053)",Unfall 177542 (2020) Kat:3, Licht: 0,177542,3,7,0,05,18,6,1,0,0,1,1,0,0,0
"POINT (8.932579424000039 53.069764263000081)",Unfall 177543 (2020) Kat:3, Licht: 0,177543,3,3,5,05,10,5,0,0,1,1,0,0,0,0
"POINT (8.829549580000048 53.071901344000082)",Unfall 177545 (2020) Kat:3, Licht: 0,177545,3,7,0,05,14,6,0,0,1,0,0,0,0,0
"POINT (8.802903932000049 53.079962695000063)",Unfall 177546 (2020) Kat:3, Licht: 0,177546,3,6,3,06,14,2,0,0,0,1,0,1,0,0
"POINT (8.872127111000054 53.067425490000062)",Unfall 177547 (2020) Kat:3, Licht: 0,177547,3,5,2,05,17,6,1,0,0,1,0,0,0,0
"POINT (8.823626782000076 53.078173036000067)",Unfall 177549 (2020) Kat:3, Licht: 0,177549,3,6,2,06,17,4,0,0,0,1,0,0,0,0
"POINT (8.920080415000030 53.037648251000064)",Unfall 177550 (2020) Kat:3, Licht: 0,177550,3,6,4,06,10,5,1,0,0,1,0,0,0,0
"POINT (8.839366758000040 53.098133650000079)",Unfall 177551 (2020) Kat:3, Licht: 0,177551,3,3,5,06,14,2,0,0,1,1,0,0,0,0
"POINT (8.636624474000030 53.174435836000043)",Unfall 177552 (2020) Kat:3, Licht: 2,177552,3,7,0,05,21,7,0,2,1,0,0,0,0,0
"POINT (8.807209117000070 53.070571528000073)",Unfall 177553 (2020) Kat:3, Licht: 0,177553,3,1,0,05,15,3,0,0,1,0,0,0,0,0
"POINT (8.784609062000072 53.103032444000064)",Unfall 177554 (2020) Kat:3, Licht: 0,177554,3,6,2,06,10,4,0,0,0,1,0,0,0,0
"POINT (8.835916579000070 53.074194846000069)",Unfall 177555 (2020) Kat:3, Licht: 0,177555,3,1,1,06,08,5,1,0,1,1,0,0,0,0
"POINT (8.719608464000032 53.140269908000050)",Unfall 177556 (2020) Kat:2, Licht: 2,177556,2,7,8,06,02,1,0,2,0,1,0,0,0,0
"POINT (8.804497203000040 53.059295271000053)",Unfall 177557 (2020) Kat:2, Licht: 0,177557,2,3,6,05,09,6,0,0,0,1,1,0,0,0
"POINT (8.723817526000062 53.046188023000070)",Unfall 177558 (2020) Kat:2, Licht: 1,177558,2,2,5,06,21,1,0,1,1,1,0,0,0,0
"POINT (8.731075730000043 53.135302750000051)",Unfall 177559 (2020) Kat:2, Licht: 0,177559,2,3,0,05,12,6,0,0,0,1,0,0,0,1
"POINT (8.793289127000037 53.066133034000075)",Unfall 177560 (2020) Kat:3, Licht: 0,177560,3,1,0,07,06,4,1,0,1,0,0,0,0,0
"POINT (8.844178300000067 53.075390174000063)",Unfall 177562 (2020) Kat:1, Licht: 0,177562,1,2,4,05,12,3,0,0,0,1,0,1,0,0
"POINT (8.817714725000030 53.079512312000077)",Unfall 177563 (2020) Kat:3, Licht: 0,177563,3,6,4,06,11,6,0,0,1,0,0,0,0,0
"POINT (8.789670483000066 53.084838012000034)",Unfall 177564 (2020) Kat:3, Licht: 2,177564,3,7,0,06,23,4,0,2,1,0,0,0,0,0
"POINT (8.874156001000074 53.078343599000050)",Unfall 177565 (2020) Kat:3, Licht: 0,177565,3,1,0,07,09,4,1,0,1,0,0,0,0,0
"POINT (8.778815635000058 53.064634592000061)",Unfall 177566 (2020) Kat:3, Licht: 0,177566,3,2,3,06,08,4,0,0,0,1,0,1,0,0
"POINT (8.896908296000049 53.059060966000061)",Unfall 177567 (2020) Kat:3, Licht: 0,177567,3,2,5,05,13,2,0,0,1,1,0,0,0,0
"POINT (8.743383466000068 53.129568873000039)",Unfall 177568 (2020) Kat:3, Licht: 0,177568,3,7,2,06,11,1,1,0,0,1,0,1,0,0
"POINT (8.619001131000061 53.180123597000033)",Unfall 177569 (2020) Kat:3, Licht: 0,177569,3,6,2,06,16,4,0,0,0,1,0,0,0,0
"POINT (8.837185512000076 53.084962157000064)",Unfall 177570 (2020) Kat:3, Licht: 0,177570,3,2,5,05,09,6,0,0,1,1,0,0,0,0
"POINT (8.807931164000024 53.074233454000080)",Unfall 177571 (2020) Kat:2, Licht: 0,177571,2,7,0,05,10,6,0,0,0,0,1,0,0,1
"POINT (8.789964395000027 53.071620821000067)",Unfall 177572 (2020) Kat:3, Licht: 0,177572,3,4,6,06,07,4,0,0,0,0,1,0,0,1
"POINT (8.798968334000051 53.105627768000033)",Unfall 177573 (2020) Kat:3, Licht: 0,177573,3,3,5,05,12,6,0,0,0,1,0,0,0,0
"POINT (8.844921677000059 53.045783073000052)",Unfall 177574 (2020) Kat:3, Licht: 0,177574,3,3,5,06,17,5,1,0,0,1,0,0,0,0
"POINT (8.573519999000041 53.181465832000072)",Unfall 177578 (2020) Kat:2, Licht: 0,177578,2,6,4,06,11,7,0,0,0,1,0,0,0,0
"POINT (8.791099755000062 53.100585752000029)",Unfall 177579 (2020) Kat:3, Licht: 0,177579,3,5,1,06,20,3,1,0,1,1,0,0,0,0
"POINT (8.786217677000025 53.057559070000082)",Unfall 177580 (2020) Kat:3, Licht: 0,177580,3,2,4,06,15,3,0,0,1,1,0,0,0,0
"POINT (8.887751963000028 53.068690895000032)",Unfall 177581 (2020) Kat:2, Licht: 0,177581,2,3,5,05,18,2,0,0,1,1,0,0,0,0
"POINT (8.748461695000060 53.125155447000054)",Unfall 177582 (2020) Kat:3, Licht: 0,177582,3,6,3,06,12,6,0,0,1,0,0,0,0,0
"POINT (8.847316746000047 53.085290868000072)",Unfall 177583 (2020) Kat:2, Licht: 0,177583,2,3,6,06,11,3,0,0,0,1,1,0,0,0
"POINT (8.802117800000076 53.077843039000072)",Unfall 177585 (2020) Kat:3, Licht: 0,177585,3,3,5,06,08,3,0,0,1,1,0,0,0,0
"POINT (8.797615148000034 53.076830200000074)",Unfall 177586 (2020) Kat:3, Licht: 0,177586,3,6,6,05,15,5,0,0,1,0,1,0,0,0
"POINT (8.883446040000024 53.110590774000059)",Unfall 177587 (2020) Kat:3, Licht: 0,177587,3,3,5,06,17,4,0,0,1,1,0,0,0,0
"POINT (8.858882359000063 53.045257620000029)",Unfall 177588 (2020) Kat:3, Licht: 0,177588,3,7,0,07,12,5,0,0,1,0,0,0,0,0
"POINT (8.639872358000048 53.173180736000063)",Unfall 177589 (2020) Kat:3, Licht: 0,177589,3,7,0,05,11,6,0,0,0,0,1,0,0,1
"POINT (8.861635328000034 53.099302032000082)",Unfall 177590 (2020) Kat:3, Licht: 0,177590,3,3,5,06,18,3,0,0,1,1,0,0,0,0
"POINT (8.627160546000027 53.170304012000031)",Unfall 177591 (2020) Kat:3, Licht: 0,177591,3,3,5,05,17,5,0,0,1,1,0,0,0,0
"POINT (8.870692677000022 53.095898258000034)",Unfall 177592 (2020) Kat:3, Licht: 0,177592,3,7,0,06,08,5,1,0,0,0,0,1,0,0
"POINT (8.856923441000049 53.072707106000053)",Unfall 177593 (2020) Kat:3, Licht: 0,177593,3,6,3,07,21,6,0,0,0,1,0,0,0,0
"POINT (8.891918882000027 53.081059288000063)",Unfall 177594 (2020) Kat:2, Licht: 0,177594,2,1,0,06,13,6,0,0,0,0,0,1,0,0
"POINT (8.761844364000069 53.118579998000030)",Unfall 177595 (2020) Kat:3, Licht: 2,177595,3,5,1,05,02,5,0,2,0,1,0,0,0,0
"POINT (8.837390538000022 53.037843099000042)",Unfall 177596 (2020) Kat:3, Licht: 0,177596,3,3,5,06,13,6,0,0,0,1,0,0,0,0
"POINT (8.802337557000044 53.076354928000057)",Unfall 177598 (2020) Kat:3, Licht: 1,177598,3,7,8,06,22,3,0,1,1,0,0,0,0,0
"POINT (8.753495296000040 53.123254994000035)",Unfall 177599 (2020) Kat:3, Licht: 0,177599,3,3,5,05,11,2,0,0,1,1,0,0,0,0
"POINT (8.774268029000041 53.101450725000063)",Unfall 177600 (2020) Kat:3, Licht: 0,177600,3,3,5,06,08,6,0,0,1,0,0,0,0,1
"POINT (8.562305705000028 53.192174853000040)",Unfall 177602 (2020) Kat:3, Licht: 0,177602,3,3,5,05,14,5,0,0,0,1,0,1,0,0
"POINT (8.840872392000051 53.040509971000063)",Unfall 177603 (2020) Kat:3, Licht: 0,177603,3,3,5,06,15,3,0,0,0,1,0,0,0,0
"POINT (8.832095356000025 53.068668726000055)",Unfall 177604 (2020) Kat:3, Licht: 0,177604,3,6,2,05,10,5,0,0,0,1,0,0,0,0
"POINT (8.748969582000029 53.124719697000046)",Unfall 177605 (2020) Kat:3, Licht: 0,177605,3,6,1,06,12,3,0,0,0,1,0,0,0,0
"POINT (8.814632012000061 53.093947384000046)",Unfall 177607 (2020) Kat:3, Licht: 0,177607,3,3,5,07,15,5,0,0,0,1,0,0,0,0
"POINT (8.948143245000040 53.055827995000072)",Unfall 177608 (2020) Kat:2, Licht: 0,177608,2,2,5,06,12,4,0,0,1,0,0,0,0,0
"POINT (8.773936315000071 53.062041638000039)",Unfall 177609 (2020) Kat:3, Licht: 0,177609,3,2,2,05,15,5,0,0,0,1,0,0,0,0
"POINT (8.912630184000022 53.040027270000053)",Unfall 177610 (2020) Kat:3, Licht: 0,177610,3,7,0,06,13,5,1,0,0,0,0,1,0,0
"POINT (8.778996936000056 53.064759731000038)",Unfall 177611 (2020) Kat:3, Licht: 0,177611,3,6,5,06,13,2,0,0,1,1,0,0,0,0
"POINT (8.788311789000034 53.092615143000046)",Unfall 177612 (2020) Kat:3, Licht: 2,177612,3,7,0,05,03,7,0,2,1,0,0,0,0,0
"POINT (8.823122499000021 53.073290440000051)",Unfall 177613 (2020) Kat:3, Licht: 0,177613,3,6,4,06,12,5,0,0,1,0,0,0,0,0
"POINT (8.959052124000039 53.046938510000075)",Unfall 177614 (2020) Kat:3, Licht: 0,177614,3,7,1,05,18,5,0,0,0,0,0,0,0,1
"POINT (8.569539103000068 53.192453899000043)",Unfall 177615 (2020) Kat:3, Licht: 0,177615,3,6,4,06,12,5,1,0,0,1,0,0,0,0
"POINT (8.844958952000070 53.045777287000078)",Unfall 177616 (2020) Kat:3, Licht: 0,177616,3,3,5,06,14,2,0,0,1,1,0,0,0,0
"POINT (8.817129360000024 53.078840381000077)",Unfall 177617 (2020) Kat:3, Licht: 0,177617,3,7,0,06,13,2,0,0,1,0,0,0,0,0
"POINT (8.703504009000028 53.160409319000053)",Unfall 177618 (2020) Kat:3, Licht: 0,177618,3,7,0,06,11,5,0,0,0,0,0,0,0,1
"POINT (8.826551547000065 53.085524400000054)",Unfall 177620 (2020) Kat:3, Licht: 0,177620,3,7,0,05,13,4,0,0,1,0,0,0,0,0