WKT,Name,OBJECTID,UKATEGORIE,UTYP1,UART,UMONAT,USTUNDE,UWOCHENTAG,STRZUSTAND,ULICHTVERH,ISTRAD,ISTPKW,ISTFUSS,ISTKRAD,ISTGKFZ,ISTSONSTIG
"POINT (8.790986797000073 53.072395643000050)",Unfall 177621 (2020) Kat:3, Licht: 0,177621,3,7,2,06,12,2,0,0,1,0,0,0,0,0
"POINT (8.871922990000030 53.077101199000026)",Unfall 177622 (2020) Kat:2, Licht: 0,177622,2,3,5,05,12,4,0,0,1,1,0,0,0,0
"POINT (8.848775638000063 53.050813552000079)",Unfall 177623 (2020) Kat:3, Licht: 0,177623,3,7,6,06,18,2,0,0,1,0,1,0,0,0
"POINT (8.869363327000031 53.064268706000064)",Unfall 177625 (2020) Kat:3, Licht: 0,177625,3,1,8,07,05,4,1,0,0,1,0,0,0,0
"POINT (8.711468367000066 53.147426109000037)",Unfall 177626 (2020) Kat:3, Licht: 0,177626,3,3,5,06,08,4,0,0,1,1,0,0,0,0
"POINT (8.869427986000062 53.080506050000054)",Unfall 177627 (2020) Kat:3, Licht: 0,177627,3,7,0,05,14,1,0,0,1,0,0,0,0,0
"POINT (8.802703795000070 53.067296639000062)",Unfall 177628 (2020) Kat:3, Licht: 0,177628,3,5,3,06,18,2,0,0,1,1,0,0,0,0
"POINT (8.731071409000037 53.135296219000054)",Unfall 177629 (2020) Kat:3, Licht: 0,177629,3,6,2,05,20,7,0,0,0,1,0,0,0,0
"POINT (8.836169285000040 53.071536462000040)",Unfall 177631 (2020) Kat:3, Licht: 0,177631,3,2,3,06,16,4,0,0,1,1,0,0,0,0
"POINT (8.902071825000064 53.071594226000059)",Unfall 177632 (2020) Kat:3, Licht: 0,177632,3,2,5,06,08,5,1,0,1,0,0,0,0,1
"POINT (8.901585627000031 53.076132015000042)",Unfall 177633 (2020) Kat:3, Licht: 0,177633,3,6,2,07,18,1,0,0,0,1,0,0,0,0
"POINT (8.854399296000054 53.088086204000035)",Unfall 177634 (2020) Kat:2, Licht: 0,177634,2,6,3,06,11,5,0,0,1,0,0,0,0,0
"POINT (8.873274430000038 53.091309292000062)",Unfall 177635 (2020) Kat:3, Licht: 0,177635,3,6,3,06,21,6,0,0,1,1,0,0,0,0
"POINT (8.823416052000027 53.072317802000043)",Unfall 177636 (2020) Kat:2, Licht: 0,177636,2,6,0,05,18,3,0,0,1,0,1,0,0,0
"POINT (8.842814849000035 53.072331355000074)",Unfall 177638 (2020) Kat:3, Licht: 0,177638,3,2,5,05,08,4,0,0,1,1,0,0,0,0
"POINT (8.800506666000047 53.078517823000027)",Unfall 177639 (2020) Kat:3, Licht: 0,177639,3,2,5,06,17,1,1,0,1,1,0,0,0,0
"POINT (8.736418039000057 53.133679110000060)",Unfall 177640 (2020) Kat:3, Licht: 0,177640,3,2,5,05,20,5,0,0,1,1,0,0,0,0
"POINT (8.731987744000037 53.131895016000044)",Unfall 177641 (2020) Kat:3, Licht: 2,177641,3,4,6,07,22,4,0,2,0,1,1,0,0,0
"POINT (8.952044430000058 53.133519988000046)",Unfall 177642 (2020) Kat:3, Licht: 0,177642,3,6,4,06,08,4,0,0,0,1,0,0,0,0
"POINT (8.805350307000026 53.073030535000044)",Unfall 177643 (2020) Kat:3, Licht: 0,177643,3,7,0,06,17,1,0,0,1,0,0,0,0,0
"POINT (8.734759853000071 53.081765962000077)",Unfall 177644 (2020) Kat:3, Licht: 0,177644,3,3,5,06,15,4,0,0,1,1,0,0,0,0
"POINT (8.844622257000026 53.070753763000027)",Unfall 177645 (2020) Kat:3, Licht: 0,177645,3,3,5,05,17,4,0,0,1,1,0,0,0,0
"POINT (8.841353681000044 53.041167360000031)",Unfall 177646 (2020) Kat:3, Licht: 0,177646,3,6,2,05,13,6,0,0,0,1,0,0,0,0
"POINT (8.799241563000066 53.083893696000075)",Unfall 177649 (2020) Kat:3, Licht: 0,177649,3,3,5,06,17,5,1,0,0,0,0,1,0,1
"POINT (8.771260011000038 53.102879917000053)",Unfall 177650 (2020) Kat:1, Licht: 1,177650,1,1,8,07,21,7,1,1,0,1,0,0,0,0
"POINT (8.823184736000030 53.072964810000030)",Unfall 177651 (2020) Kat:3, Licht: 0,177651,3,7,0,06,18,7,0,0,1,0,0,0,0,0
"POINT (8.772099753000020 53.094658298000070)",Unfall 177653 (2020) Kat:3, Licht: 1,177653,3,3,5,06,04,6,1,1,0,1,0,0,1,0
"POINT (8.746801357000038 53.122452019000036)",Unfall 177654 (2020) Kat:2, Licht: 0,177654,2,6,3,06,07,3,0,0,0,1,0,1,0,0
"POINT (8.872450603000061 53.063185557000054)",Unfall 177655 (2020) Kat:3, Licht: 0,177655,3,3,5,06,12,3,0,0,1,1,0,0,0,0
"POINT (8.734939229000077 53.043849397000031)",Unfall 177656 (2020) Kat:3, Licht: 0,177656,3,6,2,05,18,7,0,0,0,1,0,0,0,0
"POINT (8.702092678000042 53.167707275000055)",Unfall 177657 (2020) Kat:3, Licht: 0,177657,3,2,4,06,15,1,0,0,0,1,0,0,0,0
"POINT (8.817353953000065 53.087916412000027)",Unfall 177658 (2020) Kat:2, Licht: 0,177658,2,6,2,05,15,3,1,0,0,1,0,0,0,0
"POINT (8.809994519000043 53.095764370000040)",Unfall 177660 (2020) Kat:3, Licht: 0,177660,3,6,2,06,17,3,1,0,0,1,0,0,0,0
"POINT (8.816191021000066 53.077845372000070)",Unfall 177661 (2020) Kat:3, Licht: 0,177661,3,5,1,06,09,3,0,0,1,1,0,0,0,0
"POINT (8.857067415000074 53.082726654000055)",Unfall 177662 (2020) Kat:3, Licht: 0,177662,3,5,1,06,15,6,0,0,1,1,0,0,0,0
"POINT (8.960896701000024 53.057387585000072)",Unfall 177663 (2020) Kat:2, Licht: 0,177663,2,7,0,06,08,4,0,0,0,1,0,0,0,0
"POINT (8.825058531000025 53.084591866000039)",Unfall 177664 (2020) Kat:3, Licht: 0,177664,3,3,1,05,10,6,0,0,1,1,0,0,0,0
"POINT (8.811054373000047 53.059358691000057)",Unfall 177665 (2020) Kat:3, Licht: 0,177665,3,6,4,06,15,3,0,0,1,1,0,0,0,0
"POINT (8.752047219000076 53.122136512000054)",Unfall 177666 (2020) Kat:2, Licht: 0,177666,2,6,2,05,14,3,1,0,0,1,0,0,0,0
"POINT (8.878402787000027 53.079085865000081)",Unfall 177667 (2020) Kat:3, Licht: 0,177667,3,4,6,06,08,4,1,0,0,1,1,0,0,0
"POINT (8.803398913000024 53.080272432000072)",Unfall 177668 (2020) Kat:3, Licht: 0,177668,3,2,3,07,16,6,0,0,0,1,0,0,0,1
"POINT (8.812398686000051 53.076078358000075)",Unfall 177669 (2020) Kat:3, Licht: 2,177669,3,1,1,06,02,6,1,2,0,1,0,0,0,0
"POINT (8.794025749000070 53.101022975000035)",Unfall 177670 (2020) Kat:2, Licht: 0,177670,2,5,1,05,08,3,0,0,1,0,0,0,1,0
"POINT (8.843093445000022 53.046097866000082)",Unfall 177672 (2020) Kat:1, Licht: 0,177672,1,4,6,06,13,2,0,0,0,1,1,0,0,0
"POINT (8.810809136000046 53.061518043000035)",Unfall 177674 (2020) Kat:3, Licht: 0,177674,3,7,0,06,14,5,0,0,1,0,0,0,0,0
"POINT (8.715370951000068 53.052580887000033)",Unfall 177675 (2020) Kat:3, Licht: 0,177675,3,7,0,06,12,1,0,0,1,0,0,0,0,0
"POINT (8.852579767000066 53.060049434000064)",Unfall 177676 (2020) Kat:3, Licht: 0,177676,3,4,6,05,16,5,0,0,1,0,1,0,0,0
"POINT (8.927703982000026 53.072531679000065)",Unfall 177680 (2020) Kat:1, Licht: 0,177680,1,3,5,06,20,6,0,0,1,1,0,0,0,0
"POINT (8.803692918000024 53.079801388000078)",Unfall 177681 (2020) Kat:2, Licht: 0,177681,2,4,6,06,10,3,0,0,0,1,1,0,0,0
"POINT (8.807868288000066 53.077871110000046)",Unfall 177682 (2020) Kat:3, Licht: 0,177682,3,3,5,05,11,5,0,0,1,1,0,0,0,0
"POINT (8.894762107000076 53.097113583000066)",Unfall 177683 (2020) Kat:2, Licht: 0,177683,2,1,9,06,09,3,0,0,1,0,1,0,0,0
"POINT (8.735482722000029 53.133973214000036)",Unfall 177684 (2020) Kat:3, Licht: 0,177684,3,4,6,05,17,2,0,0,1,0,1,0,0,0
"POINT (8.930198672000074 53.070742332000066)",Unfall 177685 (2020) Kat:2, Licht: 0,177685,2,7,0,06,17,4,0,0,0,0,0,0,0,1
"POINT (8.693545335000067 53.168562500000064)",Unfall 177686 (2020) Kat:3, Licht: 0,177686,3,7,0,07,18,5,0,0,0,0,0,0,0,1
"POINT (8.801696261000075 53.071587704000081)",Unfall 177688 (2020) Kat:3, Licht: 0,177688,3,1,0,05,15,2,0,0,0,0,0,1,0,0
"POINT (8.787944048000043 53.083014145000050)",Unfall 177689 (2020) Kat:2, Licht: 0,177689,2,7,0,06,15,5,1,0,1,0,0,0,0,0
"POINT (8.818935640000063 53.109952337000038)",Unfall 177690 (2020) Kat:3, Licht: 0,177690,3,6,4,06,11,2,0,0,1,0,0,0,0,0
"POINT (8.961261541000056 53.057381264000071)",Unfall 177691 (2020) Kat:2, Licht: 0,177691,2,7,0,06,12,2,0,0,1,1,0,0,0,1
"POINT (8.803257534000068 53.071943232000081)",Unfall 177692 (2020) Kat:3, Licht: 0,177692,3,7,0,05,12,7,0,0,1,0,0,0,0,1
"POINT (8.825059400000043 53.073033239000040)",Unfall 177693 (2020) Kat:3, Licht: 0,177693,3,5,1,06,16,5,0,0,1,1,0,0,0,0
"POINT (8.878954456000031 53.085742216000028)",Unfall 177694 (2020) Kat:3, Licht: 0,177694,3,3,5,06,11,6,0,0,1,1,0,0,0,0
"POINT (8.628367741000034 53.186808968000037)",Unfall 177695 (2020) Kat:3, Licht: 0,177695,3,3,5,05,18,4,0,0,0,1,0,1,0,0
"POINT (8.867536278000046 53.072333880000031)",Unfall 177696 (2020) Kat:2, Licht: 0,177696,2,2,5,06,06,2,0,0,1,0,0,0,0,1
"POINT (8.791219864000027 53.091580797000063)",Unfall 177697 (2020) Kat:3, Licht: 0,177697,3,6,4,05,15,2,0,0,1,0,0,0,0,0
"POINT (8.824262515000044 53.078410053000027)",Unfall 177698 (2020) Kat:3, Licht: 0,177698,3,6,4,06,11,2,0,0,1,0,0,0,0,0
"POINT (8.625059194000073 53.179711550000036)",Unfall 177699 (2020) Kat:2, Licht: 0,177699,2,3,5,05,13,5,0,0,0,1,0,1,0,0
"POINT (8.817337682000073 53.087923916000079)",Unfall 177700 (2020) Kat:3, Licht: 0,177700,3,7,0,07,11,4,1,0,0,0,0,0,0,1
"POINT (8.802717311000038 53.067288177000080)",Unfall 177701 (2020) Kat:3, Licht: 0,177701,3,5,1,06,12,4,0,0,1,1,0,0,0,0
"POINT (8.876039972000058 53.082004853000058)",Unfall 177702 (2020) Kat:3, Licht: 0,177702,3,7,0,05,15,5,0,0,1,0,0,0,0,0
"POINT (8.868021648000024 53.072934907000047)",Unfall 177703 (2020) Kat:3, Licht: 0,177703,3,2,5,07,08,5,1,0,1,1,0,0,0,0
"POINT (8.799446851000027 53.065529901000048)",Unfall 177704 (2020) Kat:3, Licht: 0,177704,3,3,5,06,18,4,0,0,1,1,0,0,0,0
"POINT (8.678270263000059 53.173914866000075)",Unfall 177705 (2020) Kat:3, Licht: 0,177705,3,3,5,06,12,5,1,0,1,1,0,0,0,0
"POINT (8.825768866000033 53.075029554000082)",Unfall 177706 (2020) Kat:3, Licht: 0,177706,3,7,0,06,11,2,0,0,1,1,0,0,0,0
"POINT (8.838008426000044 53.067894605000049)",Unfall 177707 (2020) Kat:3, Licht: 0,177707,3,3,5,05,09,7,0,0,1,0,0,0,0,1
"POINT (8.819505706000030 53.080542308000076)",Unfall 177708 (2020) Kat:3, Licht: 0,177708,3,2,5,06,17,4,0,0,1,1,0,0,0,0
"POINT (8.788466085000039 53.098416654000061)",Unfall 177709 (2020) Kat:3, Licht: 0,177709,3,2,3,06,16,5,1,0,1,0,0,0,0,1
"POINT (8.833738052000058 53.071047604000057)",Unfall 177710 (2020) Kat:3, Licht: 2,177710,3,4,6,05,23,3,0,2,0,1,1,0,0,0
"POINT (8.736861232000024 53.045614616000080)",Unfall 177711 (2020) Kat:3, Licht: 0,177711,3,1,0,06,14,1,0,0,1,0,0,0,0,0
"POINT (8.899771924000049 53.121306749000041)",Unfall 177712 (2020) Kat:3, Licht: 0,177712,3,2,5,05,07,2,0,0,1,0,0,0,0,0
"POINT (8.802728839000054 53.067280961000051)",Unfall 177713 (2020) Kat:3, Licht: 0,177713,3,7,0,06,15,1,1,0,1,0,0,0,0,0
"POINT (8.866096023000068 53.070318603000032)",Unfall 177714 (2020) Kat:3, Licht: 0,177714,3,2,2,05,11,5,0,0,0,1,0,0,0,0
"POINT (8.809691157000032 53.076177969000071)",Unfall 177715 (2020) Kat:2, Licht: 0,177715,2,4,0,07,13,4,1,0,1,0,1,0,0,0
"POINT (8.833400813000026 53.079269775000057)",Unfall 177716 (2020) Kat:2, Licht: 2,177716,2,1,0,06,22,4,0,2,1,0,0,0,0,0
"POINT (8.862933824000038 53.090385733000062)",Unfall 177718 (2020) Kat:3, Licht: 0,177718,3,7,0,06,10,4,0,0,1,0,0,0,0,0
"POINT (8.620507372000077 53.171976932000064)",Unfall 177719 (2020) Kat:3, Licht: 1,177719,3,4,6,05,19,6,0,1,1,0,1,0,0,0
"POINT (8.614756734000025 53.174117627000044)",Unfall 177720 (2020) Kat:3, Licht: 0,177720,3,4,6,06,10,3,0,0,0,1,1,0,0,0
"POINT (8.658749522000051 53.163613013000031)",Unfall 177721 (2020) Kat:2, Licht: 0,177721,2,7,0,05,18,2,0,0,0,0,0,0,0,1
"POINT (8.797863513000038 53.070698631000027)",Unfall 177722 (2020) Kat:3, Licht: 0,177722,3,3,5,06,10,5,1,0,1,1,0,0,0,0
"POINT (8.737964873000067 53.138058915000045)",Unfall 177724 (2020) Kat:3, Licht: 0,177724,3,6,2,06,17,4,0,0,0,1,0,0,0,0
"POINT (8.837463842000034 53.037933205000058)",Unfall 177725 (2020) Kat:3, Licht: 0,177725,3,6,4,05,18,1,1,0,1,0,0,0,0,0
"POINT (8.651386206000041 53.174035711000045)",Unfall 177727 (2020) Kat:3, Licht: 0,177727,3,7,0,06,13,4,0,0,1,0,0,0,0,0
"POINT (8.627611152000043 53.183791240000062)",Unfall 177728 (2020) Kat:3, Licht: 0,177728,3,3,5,05,12,1,0,0,1,1,0,0,0,0
"POINT (8.909051260000069 53.096807027000068)",Unfall 177729 (2020) Kat:3, Licht: 0,177729,3,1,0,06,16,5,1,0,0,0,0,1,0,0
"POINT (8.898424567000063 53.079188223000074)",Unfall 177730 (2020) Kat:3, Licht: 0,177730,3,6,2,07,14,1,1,0,0,1,0,0,0,0
"POINT (8.844720038000048 53.068345524000051)",Unfall 177731 (2020) Kat:3, Licht: 0,177731,3,5,1,06,17,1,0,0,1,1,0,0,0,0
"POINT (8.829290204000074 53.077963593000050)",Unfall 177732 (2020) Kat:3, Licht: 0,177732,3,7,0,05,12,1,0,0,1,0,0,0,0,0
"POINT (8.727535483000054 53.037458182000080)",Unfall 177733 (2020) Kat:3, Licht: 0,177733,3,6,2,06,12,7,0,0,0,1,0,0,0,1
"POINT (8.931961832000070 53.038765383000054)",Unfall 177734 (2020) Kat:3, Licht: 0,177734,3,7,0,06,15,3,0,0,0,0,0,0,0,1
"POINT (8.553668304000041 53.196173125000030)",Unfall 177735 (2020) Kat:3, Licht: 0,177735,3,2,5,06,20,3,0,0,1,1,0,0,0,0
"POINT (8.871954800000026 53.067507045000070)",Unfall 177736 (2020) Kat:3, Licht: 0,177736,3,7,0,06,13,6,1,0,0,0,0,0,0,1
"POINT (8.756613293000044 53.110460339000042)",Unfall 177737 (2020) Kat:3, Licht: 0,177737,3,7,2,06,14,3,0,0,0,1,0,0,0,0
"POINT (8.831644932000074 53.081123894000029)",Unfall 177738 (2020) Kat:3, Licht: 0,177738,3,6,2,05,10,6,0,0,0,1,0,0,0,0
"POINT (8.640361179000024 53.174836473000028)",Unfall 177739 (2020) Kat:3, Licht: 0,177739,3,6,2,06,18,3,0,0,0,1,0,0,0,0
"POINT (8.799781332000066 53.078357243000028)",Unfall 177740 (2020) Kat:3, Licht: 0,177740,3,3,5,05,16,7,0,0,0,0,0,0,0,1
"POINT (8.827629686000023 53.072570198000051)",Unfall 177741 (2020) Kat:3, Licht: 0,177741,3,1,0,06,18,4,0,0,1,0,0,0,0,0
"POINT (8.798964764000061 53.079405489000067)",Unfall 177742 (2020) Kat:3, Licht: 0,177742,3,3,5,07,20,5,0,0,1,1,0,0,0,0
"POINT (8.810712273000036 53.080319366000026)",Unfall 177743 (2020) Kat:3, Licht: 0,177743,3,5,1,06,16,5,1,0,1,1,0,0,0,0
"POINT (8.792684143000031 53.064342855000064)",Unfall 177744 (2020) Kat:3, Licht: 0,177744,3,4,6,05,11,7,0,0,1,0,1,0,0,0
"POINT (8.816717496000024 53.073036719000072)",Unfall 177745 (2020) Kat:3, Licht: 0,177745,3,4,6,06,15,5,1,0,1,0,1,0,0,0
"POINT (8.784752881000031 53.102731058000074)",Unfall 177746 (2020) Kat:3, Licht: 0,177746,3,4,6,06,16,2,0,0,0,0,1,0,0,1
"POINT (8.924683304000041 53.073113219000049)",Unfall 177747 (2020) Kat:3, Licht: 0,177747,3,2,5,07,07,6,1,0,1,1,0,0,0,0
"POINT (8.796410510000044 53.071889319000036)",Unfall 177749 (2020) Kat:3, Licht: 2,177749,3,3,5,05,21,7,0,2,1,1,0,0,0,0
"POINT (8.754461838000054 53.123956909000071)",Unfall 177750 (2020) Kat:3, Licht: 0,177750,3,6,4,06,08,6,0,0,1,1,0,0,0,0
"POINT (8.916494974000045 53.059605683000029)",Unfall 177751 (2020) Kat:3, Licht: 0,177751,3,1,2,06,18,3,1,0,0,1,0,0,0,1
"POINT (8.803053929000043 53.084519892000060)",Unfall 177752 (2020) Kat:3, Licht: 0,177752,3,6,2,06,08,3,0,0,0,1,0,0,0,0
"POINT (8.855054361000043 53.078560417000062)",Unfall 177753 (2020) Kat:3, Licht: 0,177753,3,2,5,06,16,6,0,0,1,1,0,0,0,0
"POINT (8.825017158000037 53.084579839000071)",Unfall 177755 (2020) Kat:3, Licht: 0,177755,3,3,3,05,20,5,0,0,1,0,0,0,0,1
"POINT (8.778824761000067 53.062564424000072)",Unfall 177756 (2020) Kat:3, Licht: 0,177756,3,2,5,06,09,3,0,0,1,1,0,0,0,0
"POINT (8.876507705000051 53.081032928000070)",Unfall 177757 (2020) Kat:3, Licht: 0,177757,3,3,5,05,16,7,0,0,1,1,0,0,0,0
"POINT (8.741046317000041 53.052645456000050)",Unfall 177758 (2020) Kat:3, Licht: 0,177758,3,3,5,06,11,3,0,0,0,1,0,0,0,0
"POINT (8.787407581000025 53.083340430000078)",Unfall 177759 (2020) Kat:3, Licht: 2,177759,3,3,5,07,23,5,1,2,0,1,0,0,0,0
"POINT (8.809369645000061 53.088510710000037)",Unfall 177761 (2020) Kat:3, Licht: 0,177761,3,3,5,05,10,7,0,0,1,0,0,0,0,0
"POINT (8.788173727000071 53.076485975000082)",Unfall 177762 (2020) Kat:3, Licht: 0,177762,3,3,5,06,18,5,0,0,0,1,0,0,0,0
"POINT (8.887091948000034 53.070295305000059)",Unfall 177763 (2020) Kat:3, Licht: 0,177763,3,7,0,06,14,2,0,0,1,0,0,0,0,0
"POINT (8.852567380000039 53.059889280000050)",Unfall 177764 (2020) Kat:3, Licht: 0,177764,3,6,2,05,13,7,0,0,0,1,0,0,0,0
"POINT (8.802073095000026 53.094417454000052)",Unfall 177765 (2020) Kat:3, Licht: 0,177765,3,6,4,06,10,5,0,0,1,1,0,0,0,0
"POINT (8.779358721000051 53.100165324000045)",Unfall 177766 (2020) Kat:3, Licht: 0,177766,3,2,4,06,18,6,0,0,1,1,0,0,0,0
"POINT (8.885176247000061 53.045080618000043)",Unfall 177767 (2020) Kat:2, Licht: 2,177767,2,1,8,05,23,4,0,2,0,0,0,1,0,0
"POINT (8.577776899000071 53.206104379000067)",Unfall 177768 (2020) Kat:3, Licht: 0,177768,3,6,2,06,18,2,0,0,0,1,0,1,0,0
"POINT (8.729712733000042 53.178240862000052)",Unfall 177769 (2020) Kat:3, Licht: 0,177769,3,3,5,06,13,5,0,0,1,1,0,0,0,0
"POINT (8.821751162000055 53.037354884000081)",Unfall 177770 (2020) Kat:2, Licht: 0,177770,2,1,8,06,09,7,0,0,0,1,0,0,0,0
"POINT (8.899019131000046 53.129755315000068)",Unfall 177773 (2020) Kat:3, Licht: 0,177773,3,3,5,05,18,7,0,0,1,0,0,0,0,1
"POINT (8.628528542000026 53.175472213000035)",Unfall 177774 (2020) Kat:3, Licht: 0,177774,3,3,5,06,20,2,0,0,1,1,0,0,0,0
"POINT (8.883618635000062 53.121210119000068)",Unfall 177777 (2020) Kat:3, Licht: 0,177777,3,3,0,06,07,4,0,0,1,0,0,0,0,0
"POINT (8.772714524000037 53.108940390000043)",Unfall 177778 (2020) Kat:2, Licht: 0,177778,2,2,3,06,18,5,1,0,0,1,0,0,0,1
"POINT (8.875926476000075 53.082131333000063)",Unfall 177779 (2020) Kat:3, Licht: 0,177779,3,2,5,05,16,7,0,0,0,1,0,0,0,0
"POINT (8.704420826000046 53.155886276000047)",Unfall 177780 (2020) Kat:3, Licht: 0,177780,3,6,2,06,15,2,0,0,0,1,0,0,0,0
"POINT (8.894701479000048 53.059620233000032)",Unfall 177781 (2020) Kat:3, Licht: 0,177781,3,7,3,05,11,7,0,0,0,1,0,0,0,1
"POINT (8.800684190000027 53.071096218000037)",Unfall 177783 (2020) Kat:3, Licht: 0,177783,3,6,4,06,20,4,0,0,1,1,0,0,0,0
"POINT (8.740533410000069 53.054260795000062)",Unfall 177784 (2020) Kat:3, Licht: 0,177784,3,3,5,06,11,5,1,0,1,1,0,0,0,0
"POINT (8.816469380000058 53.039288893000048)",Unfall 177785 (2020) Kat:3, Licht: 0,177785,3,3,5,06,15,1,0,0,1,0,0,0,0,0
"POINT (8.871945728000071 53.082164712000065)",Unfall 177786 (2020) Kat:3, Licht: 0,177786,3,6,2,05,12,6,0,0,0,1,0,1,0,0
"POINT (8.869558600000062 53.064209092000056)",Unfall 177787 (2020) Kat:2, Licht: 0,177787,2,2,5,06,15,1,1,0,0,1,0,0,0,0
"POINT (8.824542505000068 53.084187395000072)",Unfall 177789 (2020) Kat:3, Licht: 0,177789,3,3,5,08,15,5,0,0,1,1,0,0,0,0
"POINT (8.808040336000033 53.078011416000038)",Unfall 177790 (2020) Kat:3, Licht: 0,177790,3,5,1,08,11,4,0,0,0,1,0,0,0,1
"POINT (8.702167440000039 53.167585431000077)",Unfall 177791 (2020) Kat:3, Licht: 0,177791,3,6,2,08,16,6,0,0,0,1,0,0,0,0
"POINT (8.802162680000038 53.085074554000073)",Unfall 177792 (2020) Kat:3, Licht: 0,177792,3,3,5,07,18,2,0,0,0,1,0,0,0,0
"POINT (8.824594711000032 53.068912631000046)",Unfall 177793 (2020) Kat:2, Licht: 2,177793,2,7,6,08,21,6,0,2,1,0,1,0,0,0
"POINT (8.894386201000032 53.054426828000032)",Unfall 177794 (2020) Kat:3, Licht: 0,177794,3,2,5,08,13,4,0,0,1,1,0,0,0,0
"POINT (8.788393941000038 53.073469212000077)",Unfall 177796 (2020) Kat:3, Licht: 0,177796,3,6,2,08,13,4,0,0,1,1,0,0,0,0
"POINT (8.597498818000076 53.184836967000081)",Unfall 177797 (2020) Kat:3, Licht: 0,177797,3,3,5,08,13,6,1,0,0,1,0,1,0,0
"POINT (8.849556314000040 53.088018632000058)",Unfall 177799 (2020) Kat:3, Licht: 0,177799,3,4,6,08,15,4,0,0,0,1,1,0,0,0
"POINT (8.794320337000045 53.094100045000062)",Unfall 177800 (2020) Kat:3, Licht: 0,177800,3,6,2,08,07,3,0,0,0,1,0,0,0,1
"POINT (8.735203051000042 53.165253047000078)",Unfall 177801 (2020) Kat:3, Licht: 0,177801,3,3,5,07,12,1,0,0,0,1,0,1,0,0
"POINT (8.870850257000029 53.087426401000073)",Unfall 177802 (2020) Kat:2, Licht: 0,177802,2,6,4,08,07,4,0,0,1,0,0,0,0,0
"POINT (8.707451385000070 53.161271610000028)",Unfall 177803 (2020) Kat:3, Licht: 0,177803,3,6,2,08,14,1,0,0,1,1,0,0,0,0
"POINT (8.898131226000032 53.068345163000060)",Unfall 177804 (2020) Kat:2, Licht: 0,177804,2,5,1,08,08,4,0,0,1,1,0,0,0,0
"POINT (8.704211537000049 53.156867406000060)",Unfall 177805 (2020) Kat:3, Licht: 0,177805,3,6,3,08,12,4,0,0,1,0,0,0,0,0
"POINT (8.819349097000043 53.161486501000070)",Unfall 177806 (2020) Kat:3, Licht: 0,177806,3,7,0,07,13,1,0,0,1,0,0,0,0,0
"POINT (8.753830478000054 53.120488490000071)",Unfall 177808 (2020) Kat:3, Licht: 2,177808,3,7,0,08,02,3,1,2,1,0,0,0,0,0
"POINT (8.808231135000028 53.094661254000073)",Unfall 177809 (2020) Kat:3, Licht: 0,177809,3,2,4,08,13,3,0,0,1,1,0,0,0,0
"POINT (8.787837618000026 53.076667694000037)",Unfall 177810 (2020) Kat:3, Licht: 0,177810,3,6,2,08,13,5,0,0,0,1,0,0,0,0
"POINT (8.686149817000057 53.171074186000055)",Unfall 177811 (2020) Kat:2, Licht: 0,177811,2,7,0,08,12,3,0,0,1,0,0,0,0,0
"POINT (8.899967172000061 53.059331153000073)",Unfall 177812 (2020) Kat:3, Licht: 0,177812,3,7,6,08,19,5,0,0,0,0,1,0,0,1
"POINT (8.577923825000028 53.186288325000078)",Unfall 177813 (2020) Kat:3, Licht: 0,177813,3,4,6,08,09,3,0,0,0,1,1,0,0,0
"POINT (8.836816300000066 53.082960165000031)",Unfall 177814 (2020) Kat:3, Licht: 0,177814,3,7,0,08,10,2,1,0,0,1,0,0,0,0
"POINT (8.630553736000024 53.156784294000033)",Unfall 177815 (2020) Kat:3, Licht: 0,177815,3,6,3,07,15,1,0,0,1,0,0,0,0,0
"POINT (8.568435643000044 53.181460757000082)",Unfall 177816 (2020) Kat:3, Licht: 0,177816,3,6,2,08,17,3,0,0,0,1,0,0,0,1
"POINT (8.767181569000059 53.111719960000073)",Unfall 177817 (2020) Kat:3, Licht: 0,177817,3,3,5,08,16,7,0,0,1,1,0,0,0,0
"POINT (8.863025408000055 53.071474866000074)",Unfall 177818 (2020) Kat:3, Licht: 0,177818,3,3,5,08,15,3,0,0,1,1,0,0,0,0
"POINT (8.882032612000046 53.075220150000064)",Unfall 177819 (2020) Kat:2, Licht: 0,177819,2,6,3,08,12,3,0,0,0,1,0,0,0,0
"POINT (8.872303313000032 53.099998094000057)",Unfall 177820 (2020) Kat:3, Licht: 0,177820,3,6,2,07,12,1,0,0,0,1,0,1,0,0
"POINT (8.936348830000043 53.061799753000059)",Unfall 177821 (2020) Kat:3, Licht: 0,177821,3,7,0,08,09,3,0,0,1,0,0,0,0,0
"POINT (8.833849462000046 53.074004897000066)",Unfall 177823 (2020) Kat:3, Licht: 1,177823,3,7,1,08,21,3,0,1,1,1,0,0,0,0
"POINT (8.729106871000056 53.128637779000030)",Unfall 177824 (2020) Kat:3, Licht: 0,177824,3,6,2,08,10,4,0,0,0,1,0,0,1,0
"POINT (8.618696790000058 53.176834901000063)",Unfall 177826 (2020) Kat:3, Licht: 0,177826,3,7,0,08,12,7,0,0,1,0,0,0,0,0
"POINT (8.745211628000050 53.127975445000061)",Unfall 177827 (2020) Kat:3, Licht: 0,177827,3,7,7,07,14,1,0,0,0,1,0,1,0,0
"POINT (8.888184240000044 53.046245639000063)",Unfall 177828 (2020) Kat:3, Licht: 1,177828,3,3,5,08,21,6,0,1,1,1,0,0,0,0