WKT,Name,OBJECTID,UKATEGORIE,UTYP1,UART,UMONAT,USTUNDE,UWOCHENTAG,STRZUSTAND,ULICHTVERH,ISTRAD,ISTPKW,ISTFUSS,ISTKRAD,ISTGKFZ,ISTSONSTIG
"POINT (8.825186612000039 53.084534986000051)",Unfall 177829 (2020) Kat:3, Licht: 2,177829,3,3,5,08,23,2,0,2,1,1,0,0,0,0
"POINT (8.826194542000053 53.034335296000052)",Unfall 177830 (2020) Kat:2, Licht: 0,177830,2,3,5,08,11,6,0,0,1,1,0,0,0,0
"POINT (8.843190945000060 53.072226049000051)",Unfall 177831 (2020) Kat:3, Licht: 0,177831,3,7,0,08,13,2,0,0,0,0,0,0,0,1
"POINT (8.801167785000075 53.068250114000080)",Unfall 177832 (2020) Kat:3, Licht: 2,177832,3,7,0,08,03,1,0,2,1,0,0,0,0,0
"POINT (8.946229017000064 53.076842259000045)",Unfall 177833 (2020) Kat:3, Licht: 0,177833,3,6,4,07,15,1,0,0,0,1,0,0,0,0
"POINT (8.930158037000069 53.119513876000042)",Unfall 177836 (2020) Kat:3, Licht: 0,177836,3,6,3,07,12,1,0,0,1,0,0,0,0,0
"POINT (8.816110272000060 53.103553159000057)",Unfall 177838 (2020) Kat:3, Licht: 0,177838,3,7,0,08,17,6,0,0,1,0,0,0,0,0
"POINT (8.792983106000065 53.059299285000066)",Unfall 177839 (2020) Kat:3, Licht: 2,177839,3,6,3,08,23,1,0,2,0,1,0,0,0,0
"POINT (8.854101110000045 53.030558114000030)",Unfall 177841 (2020) Kat:3, Licht: 0,177841,3,1,0,07,18,1,0,0,1,0,1,0,0,0
"POINT (8.963400018000073 53.057375148000062)",Unfall 177843 (2020) Kat:3, Licht: 0,177843,3,2,5,08,16,2,0,0,1,1,0,0,0,0
"POINT (8.758857822000039 53.115995322000060)",Unfall 177844 (2020) Kat:2, Licht: 0,177844,2,3,0,08,15,7,0,0,1,0,0,0,0,1
"POINT (8.784514521000062 53.088186569000072)",Unfall 177845 (2020) Kat:3, Licht: 0,177845,3,5,1,08,13,4,0,0,0,1,0,0,0,0
"POINT (8.818589634000034 53.072460557000056)",Unfall 177846 (2020) Kat:3, Licht: 0,177846,3,1,0,08,14,7,1,0,1,0,0,0,0,0
"POINT (8.897489229000030 53.044300289000034)",Unfall 177847 (2020) Kat:3, Licht: 0,177847,3,3,5,08,11,6,0,0,1,1,0,0,0,0
"POINT (8.748906224000052 53.124954441000057)",Unfall 177849 (2020) Kat:3, Licht: 0,177849,3,6,4,08,08,6,0,0,1,1,0,0,0,0
"POINT (8.818035785000063 53.072398663000058)",Unfall 177850 (2020) Kat:3, Licht: 0,177850,3,1,0,08,13,7,1,0,1,0,0,0,0,0
"POINT (8.773036534000028 53.077636435000045)",Unfall 177851 (2020) Kat:3, Licht: 0,177851,3,2,0,08,05,5,1,0,1,0,0,0,0,1
"POINT (8.619265212000073 53.182106297000075)",Unfall 177852 (2020) Kat:3, Licht: 0,177852,3,2,5,08,09,7,0,0,1,1,0,0,0,0
"POINT (8.758044144000053 53.058185666000043)",Unfall 177856 (2020) Kat:3, Licht: 0,177856,3,3,5,08,18,7,0,0,0,1,0,0,0,0
"POINT (8.835499201000062 53.038777001000028)",Unfall 177858 (2020) Kat:3, Licht: 0,177858,3,2,2,08,12,4,0,0,0,1,0,0,0,0
"POINT (8.894404375000022 53.051320707000059)",Unfall 177859 (2020) Kat:3, Licht: 0,177859,3,3,5,08,09,5,0,0,1,1,0,0,0,0
"POINT (8.766993938000042 53.101721664000081)",Unfall 177860 (2020) Kat:2, Licht: 0,177860,2,7,0,07,13,6,0,0,1,0,0,0,0,0
"POINT (8.803964597000061 53.072302599000068)",Unfall 177861 (2020) Kat:3, Licht: 0,177861,3,7,0,08,14,5,0,0,1,0,0,0,0,1
"POINT (8.875439731000029 53.082166373000064)",Unfall 177862 (2020) Kat:3, Licht: 0,177862,3,3,5,07,09,7,0,0,1,1,0,0,0,0
"POINT (8.845282998000073 53.097185711000066)",Unfall 177863 (2020) Kat:3, Licht: 0,177863,3,1,4,08,17,6,0,0,1,1,0,0,0,0
"POINT (8.841159242000060 53.069267434000039)",Unfall 177864 (2020) Kat:2, Licht: 2,177864,2,6,3,07,21,6,0,2,1,1,0,0,0,0
"POINT (8.807994325000038 53.094823022000071)",Unfall 177865 (2020) Kat:3, Licht: 0,177865,3,3,5,08,16,4,1,0,0,1,0,0,0,1
"POINT (8.716361985000049 53.056500642000060)",Unfall 177866 (2020) Kat:3, Licht: 0,177866,3,3,5,07,11,6,0,0,0,1,0,1,0,0
"POINT (8.771767009000030 53.094365552000056)",Unfall 177867 (2020) Kat:3, Licht: 0,177867,3,7,0,08,18,6,0,0,0,0,0,0,0,1
"POINT (8.784169015000032 53.059911530000079)",Unfall 177868 (2020) Kat:3, Licht: 0,177868,3,3,5,07,21,7,1,0,0,1,0,0,0,0
"POINT (8.852567503000046 53.059890863000078)",Unfall 177869 (2020) Kat:3, Licht: 0,177869,3,7,6,07,18,6,0,0,1,0,1,0,0,0
"POINT (8.613367117000053 53.184309039000027)",Unfall 177871 (2020) Kat:2, Licht: 0,177871,2,3,3,07,11,7,0,0,0,1,0,1,0,0
"POINT (8.822566292000033 53.074936512000079)",Unfall 177872 (2020) Kat:3, Licht: 0,177872,3,6,4,07,19,6,0,0,1,1,0,0,0,0
"POINT (8.811292460000061 53.031011919000036)",Unfall 177875 (2020) Kat:3, Licht: 0,177875,3,5,1,08,16,3,0,0,0,1,0,0,0,0
"POINT (8.639128661000029 53.173206378000032)",Unfall 177876 (2020) Kat:3, Licht: 0,177876,3,3,5,07,13,7,1,0,1,1,0,0,0,0
"POINT (8.776091910000048 53.079589716000044)",Unfall 177877 (2020) Kat:3, Licht: 0,177877,3,6,4,07,20,5,0,0,1,0,0,0,0,0
"POINT (8.940743000000055 53.078548524000041)",Unfall 177878 (2020) Kat:3, Licht: 0,177878,3,4,6,08,13,3,1,0,1,0,1,0,0,0
"POINT (8.876461494000068 53.081017933000055)",Unfall 177879 (2020) Kat:3, Licht: 0,177879,3,3,5,07,19,7,0,0,1,1,0,0,0,0
"POINT (8.882619401000056 53.057602394000071)",Unfall 177880 (2020) Kat:2, Licht: 0,177880,2,3,5,07,20,5,0,0,0,1,0,0,0,0
"POINT (8.757405173000052 53.111857655000051)",Unfall 177881 (2020) Kat:2, Licht: 0,177881,2,7,6,07,16,5,0,0,0,1,1,0,0,0
"POINT (8.774099804000059 53.108197481000047)",Unfall 177882 (2020) Kat:3, Licht: 0,177882,3,6,2,08,17,4,0,0,0,1,0,0,0,0
"POINT (8.867701339000064 53.072530724000046)",Unfall 177884 (2020) Kat:3, Licht: 0,177884,3,7,1,07,16,5,0,0,0,1,0,0,0,1
"POINT (8.820768817000044 53.072706774000039)",Unfall 177886 (2020) Kat:3, Licht: 0,177886,3,6,3,07,11,5,0,0,1,1,0,1,0,0
"POINT (8.829145235000055 53.072061648000044)",Unfall 177887 (2020) Kat:3, Licht: 0,177887,3,4,6,08,11,5,0,0,0,1,1,0,0,0
"POINT (8.943768795000040 53.066345654000031)",Unfall 177888 (2020) Kat:3, Licht: 0,177888,3,7,0,07,16,5,0,0,0,1,0,0,0,0
"POINT (8.718155097000022 53.050907168000037)",Unfall 177889 (2020) Kat:3, Licht: 0,177889,3,7,0,08,12,2,1,0,0,1,0,0,0,0
"POINT (8.848613260000036 53.050529429000051)",Unfall 177891 (2020) Kat:3, Licht: 0,177891,3,3,5,07,10,5,0,0,0,1,0,0,1,0
"POINT (8.770065313000032 53.095236276000037)",Unfall 177892 (2020) Kat:3, Licht: 0,177892,3,3,5,08,09,7,0,0,1,1,0,0,0,0
"POINT (8.820781093000051 53.051277442000071)",Unfall 177893 (2020) Kat:3, Licht: 0,177893,3,2,5,07,08,5,0,0,1,1,0,0,0,0
"POINT (8.836670723000054 53.071669282000073)",Unfall 177895 (2020) Kat:3, Licht: 0,177895,3,7,0,07,13,6,1,0,1,1,0,0,0,0
"POINT (8.775763251000058 53.090556315000072)",Unfall 177896 (2020) Kat:3, Licht: 0,177896,3,5,0,07,13,4,0,0,1,0,0,0,0,1
"POINT (8.772020301000055 53.109307868000030)",Unfall 177897 (2020) Kat:3, Licht: 0,177897,3,7,0,08,09,2,1,0,0,0,0,0,0,1
"POINT (8.702074013000072 53.167707532000065)",Unfall 177898 (2020) Kat:3, Licht: 0,177898,3,4,6,07,18,4,0,0,0,1,1,0,0,0
"POINT (8.742943851000064 53.129931114000044)",Unfall 177899 (2020) Kat:3, Licht: 0,177899,3,3,5,08,13,4,0,0,0,1,0,0,0,0
"POINT (8.840552918000071 53.069402142000058)",Unfall 177900 (2020) Kat:3, Licht: 0,177900,3,7,0,07,10,4,0,0,1,1,0,0,0,0
"POINT (8.787050298000054 53.100063779000038)",Unfall 177901 (2020) Kat:3, Licht: 2,177901,3,7,9,08,23,3,1,2,0,0,0,0,0,1
"POINT (8.823555130000045 53.030465329000037)",Unfall 177902 (2020) Kat:3, Licht: 2,177902,3,7,0,07,23,4,0,2,0,1,0,0,0,0
"POINT (8.765352227000051 53.118563642000026)",Unfall 177903 (2020) Kat:2, Licht: 0,177903,2,3,5,08,18,5,0,0,1,0,0,0,0,0
"POINT (8.801710786000058 53.070524562000060)",Unfall 177905 (2020) Kat:2, Licht: 2,177905,2,7,0,08,01,7,0,2,1,0,0,0,0,0
"POINT (8.794149541000024 53.103158322000070)",Unfall 177906 (2020) Kat:3, Licht: 0,177906,3,6,2,07,18,6,0,0,0,1,0,0,0,0
"POINT (8.788075120000030 53.062893654000050)",Unfall 177907 (2020) Kat:3, Licht: 0,177907,3,2,5,07,10,3,1,0,1,1,0,0,0,0
"POINT (8.623407730000054 53.173527883000077)",Unfall 177908 (2020) Kat:3, Licht: 0,177908,3,3,5,08,09,6,0,0,0,1,0,0,0,1
"POINT (8.826416178000045 53.072930487000065)",Unfall 177909 (2020) Kat:3, Licht: 2,177909,3,5,0,07,22,3,0,2,1,1,0,0,0,0
"POINT (8.739343392000023 53.134522824000044)",Unfall 177911 (2020) Kat:3, Licht: 0,177911,3,6,2,07,12,6,1,0,0,1,0,0,0,0
"POINT (8.914147703000026 53.064415231000055)",Unfall 177913 (2020) Kat:3, Licht: 0,177913,3,7,0,08,12,2,0,0,0,0,0,0,0,1
"POINT (8.884522583000035 53.072843208000052)",Unfall 177914 (2020) Kat:3, Licht: 0,177914,3,6,3,07,14,2,0,0,1,0,0,0,0,0
"POINT (8.812615746000063 53.080833008000070)",Unfall 177915 (2020) Kat:3, Licht: 0,177915,3,2,4,08,17,4,0,0,1,1,0,0,0,0
"POINT (8.869697750000057 53.064245903000028)",Unfall 177916 (2020) Kat:3, Licht: 0,177916,3,1,5,07,17,2,1,0,0,1,0,0,1,0
"POINT (8.848709171000053 53.071481052000081)",Unfall 177917 (2020) Kat:3, Licht: 0,177917,3,3,5,08,13,6,0,0,1,1,0,0,0,0
"POINT (8.816546156000072 53.080880144000048)",Unfall 177918 (2020) Kat:3, Licht: 0,177918,3,7,2,07,09,6,1,0,0,1,0,0,0,0
"POINT (8.897698014000071 53.059030871000061)",Unfall 177920 (2020) Kat:3, Licht: 2,177920,3,7,2,07,23,2,0,2,0,1,0,0,0,0
"POINT (8.792150042000060 53.103364252000063)",Unfall 177921 (2020) Kat:3, Licht: 0,177921,3,3,5,08,18,6,0,0,1,1,0,0,0,0
"POINT (8.956229213000029 53.067594046000067)",Unfall 177922 (2020) Kat:3, Licht: 0,177922,3,7,6,07,12,6,0,0,0,1,1,0,0,0
"POINT (8.910659823000060 53.124399722000078)",Unfall 177924 (2020) Kat:3, Licht: 0,177924,3,6,3,07,13,2,0,0,1,1,0,0,0,0
"POINT (8.959773309000070 53.039161955000054)",Unfall 177925 (2020) Kat:2, Licht: 0,177925,2,2,5,08,13,6,0,0,1,1,0,0,1,0
"POINT (8.777943938000021 53.066622250000080)",Unfall 177929 (2020) Kat:3, Licht: 2,177929,3,1,8,08,02,7,0,2,0,1,0,0,0,0
"POINT (8.801341103000027 53.071480333000068)",Unfall 177930 (2020) Kat:3, Licht: 0,177930,3,2,5,08,13,7,0,0,1,1,0,0,0,0
"POINT (8.885668437000049 53.065020357000037)",Unfall 177931 (2020) Kat:3, Licht: 0,177931,3,5,0,07,10,1,0,0,0,1,0,1,0,0
"POINT (8.805135532000065 53.073058008000032)",Unfall 177932 (2020) Kat:2, Licht: 0,177932,2,3,5,08,10,3,0,0,1,1,0,0,0,0
"POINT (8.856559610000033 53.071365239000045)",Unfall 177933 (2020) Kat:3, Licht: 0,177933,3,3,5,08,11,4,0,0,1,1,0,0,0,0
"POINT (8.831855836000045 53.073027890000049)",Unfall 177934 (2020) Kat:3, Licht: 1,177934,3,7,6,07,22,1,0,1,0,1,1,0,0,0
"POINT (8.910567976000039 53.082600822000074)",Unfall 177935 (2020) Kat:3, Licht: 0,177935,3,2,4,08,16,5,0,0,0,1,0,0,0,0
"POINT (8.870920044000059 53.087524249000069)",Unfall 177936 (2020) Kat:3, Licht: 0,177936,3,3,5,07,11,6,0,0,1,1,0,0,0,0
"POINT (8.854472493000060 53.082332558000076)",Unfall 177938 (2020) Kat:3, Licht: 0,177938,3,6,2,07,11,1,0,0,0,1,0,0,0,0
"POINT (8.880816635000031 53.101548604000072)",Unfall 177939 (2020) Kat:2, Licht: 0,177939,2,7,0,08,11,4,1,0,1,0,0,0,0,0
"POINT (8.942368581000039 53.032859637000058)",Unfall 177940 (2020) Kat:3, Licht: 0,177940,3,4,6,08,16,7,0,0,0,1,1,0,0,0
"POINT (8.795979019000072 53.098569711000039)",Unfall 177941 (2020) Kat:3, Licht: 0,177941,3,6,2,07,14,7,0,0,0,1,0,0,0,0
"POINT (8.621708378000051 53.170008488000065)",Unfall 177942 (2020) Kat:3, Licht: 0,177942,3,7,0,08,00,6,1,0,1,0,0,0,0,1
"POINT (8.837383965000072 53.037846331000026)",Unfall 177943 (2020) Kat:3, Licht: 0,177943,3,3,5,07,11,6,0,0,0,1,0,0,0,0
"POINT (8.868829717000040 53.069881102000068)",Unfall 177944 (2020) Kat:3, Licht: 0,177944,3,2,5,08,09,5,0,0,0,1,0,0,0,1
"POINT (8.852253511000072 53.056893952000053)",Unfall 177945 (2020) Kat:3, Licht: 0,177945,3,6,2,08,09,7,0,0,0,1,0,0,0,0
"POINT (8.800479677000055 53.078499188000080)",Unfall 177946 (2020) Kat:3, Licht: 0,177946,3,3,4,07,11,6,0,0,1,0,0,0,0,0
"POINT (8.853537207000045 53.064815089000035)",Unfall 177947 (2020) Kat:3, Licht: 0,177947,3,6,2,08,13,6,1,0,0,1,0,0,0,0
"POINT (8.787653494000040 53.076392027000054)",Unfall 177949 (2020) Kat:3, Licht: 0,177949,3,7,0,07,15,6,0,0,1,1,0,0,0,0
"POINT (8.688703037000039 53.168505495000034)",Unfall 177950 (2020) Kat:3, Licht: 0,177950,3,3,5,08,18,3,0,0,1,1,0,0,0,0
"POINT (8.844872753000061 53.033656804000032)",Unfall 177951 (2020) Kat:3, Licht: 2,177951,3,2,5,07,05,5,1,2,1,0,0,0,1,0
"POINT (8.788175757000033 53.069511187000046)",Unfall 177952 (2020) Kat:3, Licht: 0,177952,3,3,5,07,14,6,0,0,1,1,0,0,0,0
"POINT (8.820846856000060 53.027280908000080)",Unfall 177954 (2020) Kat:2, Licht: 0,177954,2,7,0,08,11,4,0,0,0,0,0,0,0,1
"POINT (8.577482166000038 53.187511170000050)",Unfall 177955 (2020) Kat:3, Licht: 0,177955,3,2,5,07,07,5,0,0,0,1,0,0,0,0
"POINT (8.685884732000034 53.173840977000054)",Unfall 177957 (2020) Kat:3, Licht: 0,177957,3,3,5,08,16,3,1,0,0,1,0,0,0,0
"POINT (8.959384995000050 53.047192193000058)",Unfall 177958 (2020) Kat:3, Licht: 0,177958,3,6,2,08,10,7,0,0,0,1,0,0,0,0
"POINT (8.831100973000048 53.085833600000058)",Unfall 177960 (2020) Kat:3, Licht: 0,177960,3,1,0,08,08,5,0,0,1,0,0,0,1,0
"POINT (8.880854355000054 53.056642754000052)",Unfall 177961 (2020) Kat:3, Licht: 1,177961,3,6,4,07,20,5,0,1,1,1,0,0,0,0
"POINT (8.761975427000039 53.114521590000038)",Unfall 177963 (2020) Kat:3, Licht: 0,177963,3,7,1,07,17,5,1,0,0,1,0,0,0,0
"POINT (8.835609103000024 53.073782291000043)",Unfall 177964 (2020) Kat:3, Licht: 0,177964,3,3,5,07,18,5,0,0,1,1,0,0,0,0
"POINT (8.568939872000044 53.184170686000073)",Unfall 177965 (2020) Kat:3, Licht: 0,177965,3,2,5,08,18,6,0,0,0,1,0,0,0,0
"POINT (8.900409288000049 53.078941734000068)",Unfall 177966 (2020) Kat:3, Licht: 0,177966,3,6,2,07,05,5,1,0,0,1,0,0,0,0
"POINT (8.767637646000026 53.111591855000029)",Unfall 177967 (2020) Kat:3, Licht: 0,177967,3,6,2,08,11,2,1,0,0,1,0,0,0,0
"POINT (8.752186444000074 53.112757144000057)",Unfall 177968 (2020) Kat:3, Licht: 0,177968,3,6,2,07,19,5,1,0,0,1,0,0,0,0
"POINT (8.869182383000066 53.074283317000038)",Unfall 177969 (2020) Kat:3, Licht: 0,177969,3,2,4,07,13,5,0,0,1,1,0,0,0,0
"POINT (8.821390257000076 53.095686706000038)",Unfall 177970 (2020) Kat:3, Licht: 2,177970,3,7,1,08,05,7,0,2,1,1,0,0,0,0
"POINT (8.833360869000046 53.070663240000044)",Unfall 177971 (2020) Kat:3, Licht: 0,177971,3,2,5,07,16,5,0,0,1,1,0,0,0,0
"POINT (8.816555483000059 53.084121972000048)",Unfall 177972 (2020) Kat:3, Licht: 0,177972,3,3,5,08,16,3,0,0,1,1,0,0,0,0
"POINT (8.641507426000032 53.176318492000064)",Unfall 177973 (2020) Kat:3, Licht: 0,177973,3,2,4,07,16,5,1,0,0,1,0,0,0,0
"POINT (8.774061929000027 53.108217070000080)",Unfall 177974 (2020) Kat:3, Licht: 0,177974,3,6,2,07,13,5,0,0,0,1,0,0,0,0
"POINT (8.829685799000060 53.074539754000057)",Unfall 177975 (2020) Kat:3, Licht: 0,177975,3,6,2,08,17,3,1,0,1,1,0,0,0,0
"POINT (8.728284602000031 53.057629907000035)",Unfall 177977 (2020) Kat:3, Licht: 0,177977,3,2,5,07,14,4,0,0,0,1,0,1,0,0
"POINT (8.854833581000037 53.066962187000058)",Unfall 177979 (2020) Kat:3, Licht: 0,177979,3,2,2,07,13,4,0,0,0,1,0,1,0,0
"POINT (8.796845332000032 53.108341750000079)",Unfall 177980 (2020) Kat:3, Licht: 0,177980,3,7,0,08,16,7,1,0,0,0,0,0,0,1
"POINT (8.869293190000064 53.064040550000072)",Unfall 177981 (2020) Kat:3, Licht: 0,177981,3,6,2,07,11,5,1,0,0,1,0,1,0,0
"POINT (8.619370372000049 53.184070347000045)",Unfall 177982 (2020) Kat:3, Licht: 0,177982,3,2,5,08,14,5,0,0,1,1,0,0,0,0
"POINT (8.856417007000061 53.066756028000043)",Unfall 177983 (2020) Kat:3, Licht: 0,177983,3,6,3,07,13,4,0,0,1,0,0,0,0,0
"POINT (8.819666317000042 53.038305434000051)",Unfall 177984 (2020) Kat:3, Licht: 0,177984,3,3,5,08,10,6,0,0,0,1,0,0,0,0
"POINT (8.785693128000048 53.085961507000036)",Unfall 177986 (2020) Kat:3, Licht: 0,177986,3,4,6,08,16,1,0,0,0,1,1,0,0,0
"POINT (8.889826767000045 53.057445686000051)",Unfall 177987 (2020) Kat:3, Licht: 0,177987,3,3,5,07,16,5,1,0,0,1,0,0,0,0
"POINT (8.780358112000045 53.105476341000042)",Unfall 177990 (2020) Kat:3, Licht: 0,177990,3,3,5,07,19,3,0,0,1,0,0,0,0,0
"POINT (8.891711182000051 53.049420312000052)",Unfall 177991 (2020) Kat:3, Licht: 0,177991,3,3,5,08,16,2,0,0,1,1,0,0,0,0
"POINT (8.897721525000065 53.059083412000064)",Unfall 177992 (2020) Kat:3, Licht: 0,177992,3,2,5,07,07,5,1,0,1,1,0,0,0,0
"POINT (8.950261995000062 53.076502679000043)",Unfall 177993 (2020) Kat:2, Licht: 0,177993,2,4,6,07,10,3,0,0,0,1,1,0,0,0
"POINT (8.854778302000057 53.067734478000034)",Unfall 177994 (2020) Kat:3, Licht: 0,177994,3,3,5,08,18,2,0,0,1,1,0,0,0,0
"POINT (8.714407951000055 53.180173439000043)",Unfall 177995 (2020) Kat:2, Licht: 0,177995,2,2,4,07,10,3,0,0,1,1,0,0,0,0
"POINT (8.785451075000026 53.096729155000048)",Unfall 177996 (2020) Kat:3, Licht: 0,177996,3,4,6,08,19,4,0,0,1,0,1,0,0,0
"POINT (8.819520664000038 53.080518215000041)",Unfall 177997 (2020) Kat:3, Licht: 0,177997,3,2,5,07,07,3,0,0,1,1,0,0,0,0
"POINT (8.810551765000071 53.095427128000040)",Unfall 177998 (2020) Kat:3, Licht: 0,177998,3,6,1,08,09,6,0,0,1,1,0,0,0,0
"POINT (8.873051269000030 53.067012398000031)",Unfall 177999 (2020) Kat:3, Licht: 0,177999,3,3,5,07,07,5,1,0,1,1,0,0,0,0
"POINT (8.795813824000049 53.106289815000082)",Unfall 178000 (2020) Kat:2, Licht: 0,178000,2,3,5,08,19,5,0,0,1,1,0,0,0,0
"POINT (8.795194920000029 53.074074609000036)",Unfall 178002 (2020) Kat:3, Licht: 0,178002,3,7,6,08,17,5,0,0,1,0,1,0,0,0
"POINT (8.834777982000048 53.032868714000074)",Unfall 178004 (2020) Kat:2, Licht: 0,178004,2,6,4,07,12,2,0,0,0,1,0,0,0,1
"POINT (8.618977125000072 53.184086119000028)",Unfall 178005 (2020) Kat:3, Licht: 0,178005,3,3,5,08,10,7,0,0,1,1,0,0,0,0
"POINT (8.810189654000055 53.081547051000030)",Unfall 178006 (2020) Kat:3, Licht: 2,178006,3,3,5,08,23,6,0,2,1,1,0,0,0,0
"POINT (8.815227928000070 53.029565559000048)",Unfall 178007 (2020) Kat:3, Licht: 0,178007,3,7,5,07,14,2,0,0,1,1,0,0,0,0
"POINT (8.823069210000028 53.051124129000073)",Unfall 178008 (2020) Kat:3, Licht: 2,178008,3,2,0,08,00,3,1,2,0,1,0,1,0,0
"POINT (8.775743291000026 53.090565861000073)",Unfall 178009 (2020) Kat:3, Licht: 0,178009,3,5,1,07,16,2,0,0,1,1,0,0,0,0
"POINT (8.885281842000040 53.057239520000053)",Unfall 178010 (2020) Kat:3, Licht: 0,178010,3,6,1,07,17,2,0,0,0,1,0,1,0,0
"POINT (8.812286304000054 53.076384252000082)",Unfall 178011 (2020) Kat:2, Licht: 2,178011,2,7,0,08,00,4,1,2,1,0,0,0,0,0
"POINT (8.930532349000032 53.059038912000062)",Unfall 178012 (2020) Kat:3, Licht: 0,178012,3,2,5,08,18,5,0,0,1,1,0,0,0,0
"POINT (8.766942630000074 53.084133538000060)",Unfall 178013 (2020) Kat:3, Licht: 0,178013,3,5,1,07,19,2,0,0,1,1,0,0,0,0
"POINT (8.803221141000051 53.072218824000061)",Unfall 178014 (2020) Kat:2, Licht: 0,178014,2,3,5,08,16,5,0,0,1,1,0,0,0,0
"POINT (8.827757313000063 53.083033490000048)",Unfall 178015 (2020) Kat:3, Licht: 0,178015,3,3,5,07,16,5,1,0,1,1,0,0,0,0
"POINT (8.728589901000021 53.038900422000040)",Unfall 178016 (2020) Kat:3, Licht: 0,178016,3,3,5,08,10,5,0,0,1,1,0,0,0,0
"POINT (8.571635964000052 53.196122643000081)",Unfall 178017 (2020) Kat:3, Licht: 0,178017,3,6,2,07,14,2,0,0,0,1,0,0,0,0
"POINT (8.811126108000053 53.076223851000066)",Unfall 178018 (2020) Kat:3, Licht: 0,178018,3,6,3,08,12,4,1,0,1,1,0,0,0,0
"POINT (8.788832734000039 53.094100013000059)",Unfall 178020 (2020) Kat:3, Licht: 1,178020,3,7,0,08,20,6,1,1,1,0,0,0,0,0
"POINT (8.916200419000063 53.071192463000045)",Unfall 178021 (2020) Kat:2, Licht: 1,178021,2,2,5,07,04,5,1,1,0,1,0,0,0,0
"POINT (8.825081287000046 53.084199677000072)",Unfall 178023 (2020) Kat:3, Licht: 0,178023,3,3,5,08,07,3,0,0,1,1,0,0,0,0
"POINT (8.875671220000072 53.082325377000075)",Unfall 178024 (2020) Kat:3, Licht: 0,178024,3,2,5,07,09,5,1,0,1,1,0,0,0,0
"POINT (8.635714337000024 53.171076929000037)",Unfall 178025 (2020) Kat:3, Licht: 0,178025,3,3,5,07,14,1,0,0,0,1,0,0,0,0
"POINT (8.837402397000062 53.037837268000033)",Unfall 178026 (2020) Kat:3, Licht: 0,178026,3,2,5,08,09,1,0,0,1,1,0,0,0,0
"POINT (8.628463149000027 53.168642143000056)",Unfall 178027 (2020) Kat:3, Licht: 0,178027,3,3,0,07,17,1,0,0,0,1,0,1,0,0
"POINT (8.795745489000069 53.079642308000075)",Unfall 178028 (2020) Kat:3, Licht: 0,178028,3,6,4,08,19,3,0,0,1,1,0,0,0,0
"POINT (8.951399182000046 53.089629447000050)",Unfall 178030 (2020) Kat:3, Licht: 0,178030,3,3,5,07,16,1,0,0,1,1,0,0,0,0
"POINT (8.824288721000073 53.078421595000066)",Unfall 178031 (2020) Kat:3, Licht: 0,178031,3,6,3,08,16,3,1,0,0,1,0,1,0,0
"POINT (8.885352699000066 53.042489987000067)",Unfall 178032 (2020) Kat:3, Licht: 0,178032,3,6,2,08,13,6,0,0,0,1,0,0,0,0
"POINT (8.914101676000030 53.059802216000037)",Unfall 178034 (2020) Kat:3, Licht: 0,178034,3,1,0,08,13,4,0,0,1,0,0,0,0,0
"POINT (8.751816640000072 53.129149432000077)",Unfall 178035 (2020) Kat:3, Licht: 0,178035,3,3,0,07,18,4,0,0,1,0,0,0,0,0
"POINT (8.715784541000062 53.054184784000029)",Unfall 178036 (2020) Kat:2, Licht: 0,178036,2,3,5,07,20,7,0,0,0,1,0,0,0,0
"POINT (8.952870940000025 53.073355455000069)",Unfall 178038 (2020) Kat:3, Licht: 0,178038,3,7,0,07,13,7,0,0,1,0,1,0,0,0
"POINT (8.909352174000048 53.058730527000080)",Unfall 178039 (2020) Kat:2, Licht: 0,178039,2,6,3,08,11,5,0,0,1,0,0,0,0,0
"POINT (8.809861179000052 53.079382573000032)",Unfall 178040 (2020) Kat:3, Licht: 0,178040,3,6,0,07,12,7,0,0,1,0,1,0,0,0
"POINT (8.801139387000035 53.068673596000053)",Unfall 178041 (2020) Kat:3, Licht: 0,178041,3,7,0,08,19,2,1,0,1,0,0,0,0,0
"POINT (8.778797312000052 53.064645330000076)",Unfall 178042 (2020) Kat:3, Licht: 0,178042,3,2,5,07,07,4,0,0,1,1,0,0,0,0
"POINT (8.627577176000045 53.171025738000026)",Unfall 178043 (2020) Kat:3, Licht: 0,178043,3,5,1,07,14,7,0,0,0,1,0,0,0,0
"POINT (8.868797731000029 53.074283813000079)",Unfall 178044 (2020) Kat:3, Licht: 2,178044,3,7,6,08,03,7,0,2,0,1,1,0,0,0
"POINT (8.813143233000062 53.058381033000046)",Unfall 178047 (2020) Kat:3, Licht: 0,178047,3,7,1,07,12,4,0,0,1,1,0,0,0,0
"POINT (8.791487133000032 53.065008834000082)",Unfall 178049 (2020) Kat:3, Licht: 0,178049,3,2,5,08,17,2,1,0,1,1,0,0,0,0
"POINT (8.804194131000031 53.113764115000038)",Unfall 178050 (2020) Kat:3, Licht: 1,178050,3,7,0,07,21,6,0,1,1,0,0,0,0,0
"POINT (8.796781050000050 53.066972041000042)",Unfall 178051 (2020) Kat:3, Licht: 1,178051,3,3,5,08,20,4,0,1,1,1,0,0,0,0
"POINT (8.813894678000054 53.080371962000072)",Unfall 178052 (2020) Kat:3, Licht: 1,178052,3,6,2,07,20,6,0,1,0,1,0,0,0,0