WKT,Name,OBJECTID,UKATEGORIE,UTYP1,UART,UMONAT,USTUNDE,UWOCHENTAG,STRZUSTAND,ULICHTVERH,ISTRAD,ISTPKW,ISTFUSS,ISTKRAD,ISTGKFZ,ISTSONSTIG
"POINT (8.802589283000032 53.070407524000075)",Unfall 178053 (2020) Kat:3, Licht: 0,178053,3,6,1,08,15,6,0,0,1,1,0,0,0,0
"POINT (8.798992298000030 53.056378502000030)",Unfall 178054 (2020) Kat:3, Licht: 0,178054,3,3,4,07,11,4,0,0,0,1,0,0,0,0
"POINT (8.565526304000059 53.194674121000048)",Unfall 178055 (2020) Kat:3, Licht: 0,178055,3,3,6,07,18,6,0,0,0,1,1,0,0,0
"POINT (8.746545379000054 53.156933980000076)",Unfall 178056 (2020) Kat:2, Licht: 0,178056,2,1,9,08,19,5,0,0,0,1,0,0,0,0
"POINT (8.787794109000060 53.099201082000036)",Unfall 178058 (2020) Kat:3, Licht: 0,178058,3,7,0,08,17,1,0,0,1,0,0,0,0,1
"POINT (8.821320496000055 53.052552301000048)",Unfall 178061 (2020) Kat:3, Licht: 0,178061,3,3,5,08,16,6,0,0,0,1,0,0,0,0
"POINT (8.810187318000033 53.058074599000065)",Unfall 178062 (2020) Kat:3, Licht: 0,178062,3,6,2,07,11,5,0,0,0,1,0,0,0,0
"POINT (8.856071225000051 53.070544612000049)",Unfall 178064 (2020) Kat:3, Licht: 0,178064,3,4,6,07,15,3,1,0,0,1,1,0,0,0
"POINT (8.802927354000076 53.067156680000039)",Unfall 178065 (2020) Kat:3, Licht: 0,178065,3,6,0,07,18,5,0,0,1,0,0,0,0,0
"POINT (8.571843587000046 53.189889232000041)",Unfall 178066 (2020) Kat:3, Licht: 0,178066,3,3,5,08,09,2,1,0,0,1,0,0,0,0
"POINT (8.804458475000047 53.075492337000071)",Unfall 178067 (2020) Kat:3, Licht: 0,178067,3,1,0,08,19,6,0,0,0,0,0,1,0,0
"POINT (8.791372649000039 53.091665889000069)",Unfall 178068 (2020) Kat:3, Licht: 0,178068,3,5,2,07,18,5,0,0,0,1,0,0,0,0
"POINT (8.809717569000043 53.080691264000052)",Unfall 178069 (2020) Kat:2, Licht: 0,178069,2,7,0,08,17,4,0,0,1,0,0,0,0,0
"POINT (8.803537711000047 53.075261615000045)",Unfall 178070 (2020) Kat:3, Licht: 0,178070,3,1,0,07,11,5,0,0,1,0,0,0,0,0
"POINT (8.891989823000074 53.047948713000039)",Unfall 178071 (2020) Kat:3, Licht: 0,178071,3,2,5,08,18,6,0,0,1,1,0,0,0,0
"POINT (8.916808448000040 53.071314811000036)",Unfall 178072 (2020) Kat:3, Licht: 0,178072,3,6,2,07,14,3,0,0,0,1,0,0,0,0
"POINT (8.955948687000046 53.045593424000060)",Unfall 178073 (2020) Kat:3, Licht: 1,178073,3,7,1,08,05,5,0,1,0,0,0,0,1,1
"POINT (8.778772298000035 53.106101317000082)",Unfall 178074 (2020) Kat:3, Licht: 0,178074,3,7,1,07,07,5,0,0,0,1,0,0,0,0
"POINT (8.896104970000067 53.056873834000044)",Unfall 178075 (2020) Kat:3, Licht: 0,178075,3,3,5,08,13,5,0,0,0,1,0,0,0,1
"POINT (8.941668413000059 53.060359980000044)",Unfall 178076 (2020) Kat:3, Licht: 0,178076,3,3,5,08,14,5,0,0,1,1,0,0,0,0
"POINT (8.577448736000065 53.182729607000056)",Unfall 178077 (2020) Kat:3, Licht: 0,178077,3,7,0,07,13,5,0,0,1,0,0,0,0,0
"POINT (8.805801174000067 53.081354746000045)",Unfall 178078 (2020) Kat:3, Licht: 0,178078,3,2,0,08,11,6,0,0,0,1,0,0,0,1
"POINT (8.787235492000036 53.083091774000081)",Unfall 178079 (2020) Kat:3, Licht: 0,178079,3,4,6,07,16,5,0,0,0,1,1,0,0,0
"POINT (8.794894388000046 53.093935775000034)",Unfall 178081 (2020) Kat:3, Licht: 0,178081,3,3,5,07,14,5,0,0,1,1,0,0,0,0
"POINT (8.711036369000055 53.148334882000029)",Unfall 178082 (2020) Kat:3, Licht: 0,178082,3,6,2,08,18,7,1,0,0,1,0,0,0,0
"POINT (8.785485805000064 53.095846296000047)",Unfall 178086 (2020) Kat:3, Licht: 0,178086,3,6,3,07,08,4,0,0,1,0,0,0,0,0
"POINT (8.873428909000040 53.066996219000032)",Unfall 178087 (2020) Kat:3, Licht: 0,178087,3,3,5,08,13,5,0,0,1,1,0,0,0,0
"POINT (8.960936157000049 53.053363760000082)",Unfall 178088 (2020) Kat:3, Licht: 0,178088,3,1,0,07,12,3,0,0,0,1,0,0,0,0
"POINT (8.880172457000072 53.071690553000053)",Unfall 178089 (2020) Kat:3, Licht: 0,178089,3,2,3,08,11,5,0,0,1,1,0,0,0,0
"POINT (8.843218642000068 53.072218294000038)",Unfall 178090 (2020) Kat:3, Licht: 1,178090,3,7,0,07,21,4,0,1,0,0,0,0,0,1
"POINT (8.739366204000021 53.132734748000075)",Unfall 178091 (2020) Kat:3, Licht: 0,178091,3,6,0,08,16,4,1,0,0,1,0,0,0,0
"POINT (8.852613278000035 53.047597311000061)",Unfall 178092 (2020) Kat:3, Licht: 0,178092,3,3,5,07,12,4,0,0,1,1,0,0,0,0
"POINT (8.640408804000060 53.189212727000040)",Unfall 178093 (2020) Kat:3, Licht: 0,178093,3,1,8,08,12,6,1,0,0,1,0,0,0,0
"POINT (8.755925670000067 53.100216730000056)",Unfall 178094 (2020) Kat:3, Licht: 0,178094,3,1,6,07,20,4,0,0,1,0,1,0,0,0
"POINT (8.749366220000070 53.120632265000040)",Unfall 178095 (2020) Kat:3, Licht: 0,178095,3,6,0,08,10,2,1,0,1,0,0,0,0,1
"POINT (8.948684061000051 53.036001568000074)",Unfall 178097 (2020) Kat:3, Licht: 0,178097,3,4,6,07,08,4,0,0,0,1,1,0,0,0
"POINT (8.753856723000070 53.120284671000036)",Unfall 178100 (2020) Kat:2, Licht: 0,178100,2,6,1,07,07,4,0,0,0,1,0,0,0,0
"POINT (8.809228131000054 53.078791089000049)",Unfall 178101 (2020) Kat:3, Licht: 0,178101,3,3,5,08,17,3,0,0,1,1,0,0,0,0
"POINT (8.832013588000052 53.040395814000078)",Unfall 178103 (2020) Kat:2, Licht: 0,178103,2,7,0,07,10,4,0,0,0,0,0,0,0,1
"POINT (8.955058018000045 53.057579822000037)",Unfall 178104 (2020) Kat:3, Licht: 0,178104,3,3,5,07,08,4,0,0,1,1,0,0,0,0
"POINT (8.753167696000048 53.114503659000036)",Unfall 178105 (2020) Kat:3, Licht: 0,178105,3,3,6,08,14,4,0,0,1,0,1,0,0,0
"POINT (8.805284614000073 53.077952525000057)",Unfall 178106 (2020) Kat:3, Licht: 0,178106,3,4,6,07,12,2,0,0,1,0,1,0,0,0
"POINT (8.857092266000052 53.042477358000042)",Unfall 178108 (2020) Kat:3, Licht: 0,178108,3,5,1,08,15,3,0,0,1,1,0,0,0,0
"POINT (8.806881765000071 53.082026111000062)",Unfall 178110 (2020) Kat:3, Licht: 0,178110,3,4,6,08,14,5,0,0,1,1,1,0,0,0
"POINT (8.759297965000030 53.115865790000043)",Unfall 178112 (2020) Kat:3, Licht: 0,178112,3,2,3,08,15,2,1,0,0,1,0,0,0,0
"POINT (8.793672936000064 53.066384990000074)",Unfall 178113 (2020) Kat:2, Licht: 0,178113,2,4,6,07,10,2,0,0,0,1,1,0,0,0
"POINT (8.788803033000022 53.066473985000073)",Unfall 178116 (2020) Kat:3, Licht: 1,178116,3,3,5,07,21,3,0,1,1,1,0,0,0,0
"POINT (8.951008682000065 53.057894392000037)",Unfall 178117 (2020) Kat:3, Licht: 0,178117,3,3,3,08,06,2,0,0,0,1,0,0,0,0
"POINT (8.821270074000040 53.072759527000073)",Unfall 178118 (2020) Kat:3, Licht: 2,178118,3,1,0,07,23,2,1,2,1,0,0,0,0,0
"POINT (8.762672829000053 53.114159261000054)",Unfall 178119 (2020) Kat:2, Licht: 0,178119,2,2,5,07,18,3,1,0,0,1,0,0,0,1
"POINT (8.742752932000030 53.131529962000059)",Unfall 178120 (2020) Kat:3, Licht: 0,178120,3,1,0,08,16,2,1,0,1,0,0,0,0,0
"POINT (8.857010515000070 53.091237553000042)",Unfall 178121 (2020) Kat:2, Licht: 0,178121,2,7,5,07,15,3,1,0,0,0,1,1,0,0
"POINT (8.748803464000048 53.124880797000060)",Unfall 178123 (2020) Kat:3, Licht: 2,178123,3,3,5,07,22,3,1,2,0,1,0,0,0,0
"POINT (8.787764894000077 53.099235736000082)",Unfall 178124 (2020) Kat:3, Licht: 0,178124,3,7,0,08,17,3,0,0,1,0,0,0,0,1
"POINT (8.886038136000025 53.086008190000030)",Unfall 178125 (2020) Kat:2, Licht: 0,178125,2,2,5,07,17,2,0,0,1,1,0,0,0,0
"POINT (8.808734536000031 53.083185836000041)",Unfall 178126 (2020) Kat:3, Licht: 0,178126,3,6,2,07,08,3,1,0,0,1,0,0,0,0
"POINT (8.811049478000030 53.096606949000034)",Unfall 178127 (2020) Kat:3, Licht: 0,178127,3,3,6,08,09,3,0,0,0,0,1,1,0,0
"POINT (8.781647087000067 53.087624658000038)",Unfall 178128 (2020) Kat:3, Licht: 0,178128,3,2,5,07,09,3,0,0,0,1,0,0,0,0
"POINT (8.878375064000068 53.079152349000026)",Unfall 178130 (2020) Kat:3, Licht: 0,178130,3,6,2,07,14,3,1,0,0,1,0,0,0,1
"POINT (8.569312012000069 53.181903965000060)",Unfall 178131 (2020) Kat:3, Licht: 0,178131,3,7,0,08,14,7,0,0,1,0,0,0,0,0
"POINT (8.808253264000030 53.088289188000033)",Unfall 178132 (2020) Kat:3, Licht: 0,178132,3,3,5,07,13,2,0,0,0,1,0,0,0,1
"POINT (8.823318076000021 53.072630988000071)",Unfall 178133 (2020) Kat:2, Licht: 0,178133,2,6,3,07,14,3,1,0,0,1,0,1,0,0
"POINT (8.874027832000024 53.082091737000042)",Unfall 178134 (2020) Kat:2, Licht: 0,178134,2,7,6,08,14,6,0,0,1,0,1,0,0,0
"POINT (8.594275858000060 53.179060012000036)",Unfall 178135 (2020) Kat:3, Licht: 0,178135,3,3,5,07,07,3,0,0,1,0,0,0,0,1
"POINT (8.807478642000035 53.072912863000056)",Unfall 178136 (2020) Kat:3, Licht: 2,178136,3,6,4,08,01,1,0,2,1,0,0,0,0,0
"POINT (8.901906895000025 53.073984308000036)",Unfall 178137 (2020) Kat:3, Licht: 0,178137,3,6,2,07,13,2,0,0,0,1,0,0,0,0
"POINT (8.825091584000063 53.084193955000046)",Unfall 178138 (2020) Kat:3, Licht: 0,178138,3,3,5,07,15,3,1,0,1,1,0,0,0,0
"POINT (8.954072322000059 53.066524130000062)",Unfall 178140 (2020) Kat:3, Licht: 0,178140,3,7,0,07,15,3,1,0,1,0,0,0,0,1
"POINT (8.807086578000053 53.064665367000032)",Unfall 178141 (2020) Kat:2, Licht: 2,178141,2,7,0,08,22,4,0,2,1,0,0,0,0,0
"POINT (8.854482783000037 53.067004277000080)",Unfall 178143 (2020) Kat:3, Licht: 0,178143,3,2,5,08,15,4,0,0,1,1,0,0,0,0
"POINT (8.875203001000045 53.082432446000041)",Unfall 178145 (2020) Kat:3, Licht: 0,178145,3,2,3,08,14,6,0,0,1,1,0,0,0,0
"POINT (8.726601354000025 53.129317545000049)",Unfall 178146 (2020) Kat:3, Licht: 0,178146,3,4,6,07,13,2,0,0,1,0,0,0,0,1
"POINT (8.736892703000024 53.079782958000067)",Unfall 178147 (2020) Kat:3, Licht: 2,178147,3,3,5,08,21,5,0,2,1,1,0,0,0,0
"POINT (8.798219929000027 53.055963457000075)",Unfall 178149 (2020) Kat:3, Licht: 0,178149,3,6,2,08,17,6,0,0,0,1,0,0,0,0
"POINT (8.696365299000036 53.168607361000056)",Unfall 178150 (2020) Kat:3, Licht: 0,178150,3,2,3,07,15,2,0,0,1,1,0,0,0,0
"POINT (8.794405842000060 53.099524016000032)",Unfall 178151 (2020) Kat:3, Licht: 0,178151,3,6,4,08,15,7,0,0,0,1,0,0,0,0
"POINT (8.945764055000041 53.047697449000054)",Unfall 178152 (2020) Kat:3, Licht: 2,178152,3,7,9,08,04,6,0,2,0,1,0,0,0,0
"POINT (8.628364607000037 53.168596844000035)",Unfall 178153 (2020) Kat:2, Licht: 0,178153,2,7,6,07,20,2,0,0,0,1,1,0,0,0
"POINT (8.927636145000065 53.089897220000069)",Unfall 178154 (2020) Kat:3, Licht: 0,178154,3,1,8,08,13,7,0,0,0,1,0,0,0,0
"POINT (8.876128035000022 53.081536120000067)",Unfall 178155 (2020) Kat:3, Licht: 0,178155,3,3,5,08,09,6,0,0,1,1,0,0,0,0
"POINT (8.795915013000069 53.065132626000036)",Unfall 178156 (2020) Kat:2, Licht: 0,178156,2,5,1,07,16,2,0,0,1,1,0,0,0,0
"POINT (8.788772403000053 53.103441935000035)",Unfall 178157 (2020) Kat:3, Licht: 0,178157,3,6,4,08,14,3,0,0,1,0,0,0,0,0
"POINT (8.796990559000051 53.076443349000044)",Unfall 178158 (2020) Kat:3, Licht: 0,178158,3,3,5,08,13,4,0,0,0,1,0,0,0,1
"POINT (8.866658402000041 53.062225448000049)",Unfall 178159 (2020) Kat:2, Licht: 0,178159,2,3,5,07,16,2,0,0,1,0,0,1,0,0
"POINT (8.799720704000038 53.094768087000034)",Unfall 178160 (2020) Kat:3, Licht: 0,178160,3,5,0,08,10,4,0,0,1,0,0,0,0,1
"POINT (8.785649951000039 53.101863973000036)",Unfall 178161 (2020) Kat:3, Licht: 0,178161,3,3,5,07,16,2,0,0,1,1,0,0,0,0
"POINT (8.891840891000072 53.048324841000067)",Unfall 178162 (2020) Kat:3, Licht: 0,178162,3,3,5,08,14,4,1,0,0,1,0,0,0,1
"POINT (8.747475925000060 53.126018869000063)",Unfall 178163 (2020) Kat:3, Licht: 0,178163,3,6,1,08,11,7,0,0,0,1,0,0,0,0
"POINT (8.647807995000051 53.171487483000078)",Unfall 178164 (2020) Kat:3, Licht: 0,178164,3,2,0,09,11,4,0,0,1,0,0,0,1,0
"POINT (8.901106803000062 53.089346984000031)",Unfall 178166 (2020) Kat:3, Licht: 0,178166,3,2,5,09,11,3,0,0,1,1,0,0,0,0
"POINT (8.899948027000050 53.059330156000044)",Unfall 178167 (2020) Kat:3, Licht: 0,178167,3,3,5,09,15,3,0,0,1,1,0,0,0,0
"POINT (8.864381944000058 53.071064549000027)",Unfall 178168 (2020) Kat:3, Licht: 0,178168,3,2,2,10,15,2,1,0,0,1,0,1,0,0
"POINT (8.959378308000055 53.047186620000048)",Unfall 178169 (2020) Kat:3, Licht: 0,178169,3,2,3,09,16,5,0,0,1,1,0,0,0,0
"POINT (8.778500103000056 53.108312891000082)",Unfall 178170 (2020) Kat:3, Licht: 0,178170,3,6,5,10,09,5,1,0,1,1,0,0,0,0
"POINT (8.740805757000032 53.129313612000033)",Unfall 178171 (2020) Kat:3, Licht: 0,178171,3,3,5,09,12,3,0,0,1,1,0,0,0,0
"POINT (8.731266899000048 53.132836012000041)",Unfall 178173 (2020) Kat:3, Licht: 0,178173,3,6,4,09,13,1,0,0,1,1,0,0,0,0
"POINT (8.750514288000034 53.083682484000065)",Unfall 178174 (2020) Kat:3, Licht: 0,178174,3,3,5,10,11,7,0,0,1,1,0,0,0,0
"POINT (8.786721246000070 53.074399671000037)",Unfall 178175 (2020) Kat:3, Licht: 2,178175,3,2,2,10,21,7,1,2,0,1,0,0,0,0
"POINT (8.835644707000029 53.073807190000082)",Unfall 178177 (2020) Kat:3, Licht: 0,178177,3,6,9,09,11,6,0,0,1,0,0,0,0,0
"POINT (8.882140217000028 53.101013304000048)",Unfall 178180 (2020) Kat:3, Licht: 0,178180,3,6,0,09,12,2,0,0,1,0,1,0,0,0
"POINT (8.824462363000066 53.084256381000046)",Unfall 178181 (2020) Kat:3, Licht: 2,178181,3,3,5,10,05,7,1,2,1,1,0,0,0,0
"POINT (8.557487834000028 53.189563902000032)",Unfall 178183 (2020) Kat:3, Licht: 1,178183,3,3,0,10,08,3,1,1,1,1,0,0,0,0
"POINT (8.829305166000040 53.076266107000038)",Unfall 178184 (2020) Kat:3, Licht: 0,178184,3,1,0,09,16,2,0,0,1,1,0,0,0,0
"POINT (8.828322427000046 53.080156338000052)",Unfall 178185 (2020) Kat:3, Licht: 0,178185,3,3,5,09,13,6,0,0,1,1,0,0,0,0
"POINT (8.925592045000030 53.069870631000072)",Unfall 178186 (2020) Kat:3, Licht: 0,178186,3,2,5,10,16,4,0,0,1,1,0,0,0,0
"POINT (8.748216233000051 53.096321342000067)",Unfall 178187 (2020) Kat:3, Licht: 1,178187,3,6,3,10,18,5,1,1,1,1,0,0,0,0
"POINT (8.792483130000051 53.094005086000038)",Unfall 178188 (2020) Kat:3, Licht: 0,178188,3,3,5,09,14,5,0,0,1,1,0,0,0,0
"POINT (8.714156207000031 53.152132923000067)",Unfall 178189 (2020) Kat:3, Licht: 0,178189,3,6,3,10,09,4,1,0,1,1,0,0,0,0
"POINT (8.818142199000022 53.077732881000031)",Unfall 178190 (2020) Kat:3, Licht: 0,178190,3,3,5,09,10,3,0,0,1,1,0,0,0,0
"POINT (8.543706605000068 53.192790501000047)",Unfall 178191 (2020) Kat:3, Licht: 0,178191,3,7,2,09,16,6,0,0,1,0,0,0,0,1
"POINT (8.929537062000065 53.059072513000046)",Unfall 178192 (2020) Kat:2, Licht: 2,178192,2,4,6,10,20,5,0,2,0,0,1,1,0,0
"POINT (8.891819755000029 53.098481598000035)",Unfall 178193 (2020) Kat:3, Licht: 0,178193,3,7,0,10,15,6,0,0,0,0,0,0,0,1
"POINT (8.886527098000045 53.079035136000073)",Unfall 178195 (2020) Kat:3, Licht: 2,178195,3,7,0,09,20,6,0,2,1,0,1,0,0,0
"POINT (8.884646287000066 53.063328413000079)",Unfall 178197 (2020) Kat:3, Licht: 0,178197,3,6,2,10,12,4,0,0,0,1,0,1,0,0
"POINT (8.800560213000040 53.078792615000054)",Unfall 178198 (2020) Kat:2, Licht: 0,178198,2,3,5,09,16,6,0,0,0,1,0,0,0,0
"POINT (8.911795939000058 53.123910860000080)",Unfall 178199 (2020) Kat:2, Licht: 0,178199,2,2,4,09,18,1,0,0,1,0,0,0,0,0
"POINT (8.827687355000023 53.083019251000053)",Unfall 178200 (2020) Kat:3, Licht: 0,178200,3,6,4,10,13,6,0,0,1,0,0,0,0,0
"POINT (8.801267051000025 53.071520342000042)",Unfall 178201 (2020) Kat:3, Licht: 0,178201,3,2,5,09,10,3,0,0,1,1,0,0,0,0
"POINT (8.740796490000037 53.053070691000073)",Unfall 178203 (2020) Kat:3, Licht: 2,178203,3,3,5,10,19,3,0,2,0,1,0,0,0,1
"POINT (8.862648153000066 53.106691933000036)",Unfall 178204 (2020) Kat:3, Licht: 0,178204,3,6,2,09,14,1,0,0,0,1,0,0,0,0
"POINT (8.531378731000075 53.196038003000069)",Unfall 178205 (2020) Kat:2, Licht: 0,178205,2,3,5,09,14,5,0,0,1,0,0,0,0,1
"POINT (8.775517719000050 53.099754342000040)",Unfall 178206 (2020) Kat:3, Licht: 1,178206,3,6,3,10,06,3,0,1,0,1,0,0,1,0
"POINT (8.838445487000058 53.101437335000071)",Unfall 178208 (2020) Kat:2, Licht: 0,178208,2,6,3,09,15,6,0,0,1,0,0,0,0,0
"POINT (8.819510782000066 53.080545748000077)",Unfall 178209 (2020) Kat:3, Licht: 0,178209,3,7,4,09,13,4,0,0,1,0,0,0,0,0
"POINT (8.797683946000063 53.081047409000064)",Unfall 178210 (2020) Kat:3, Licht: 0,178210,3,7,6,09,10,3,0,0,0,1,1,0,0,0
"POINT (8.800435639000057 53.069956207000075)",Unfall 178212 (2020) Kat:3, Licht: 0,178212,3,4,6,09,15,6,1,0,1,0,1,0,0,0
"POINT (8.785371211000040 53.070920089000026)",Unfall 178213 (2020) Kat:3, Licht: 0,178213,3,3,5,09,15,6,0,0,1,1,0,0,0,0
"POINT (8.848106580000035 53.074947997000038)",Unfall 178214 (2020) Kat:2, Licht: 0,178214,2,7,9,10,12,6,0,0,0,1,0,0,0,1
"POINT (8.785325188000059 53.102046425000026)",Unfall 178215 (2020) Kat:2, Licht: 2,178215,2,1,8,09,23,6,0,2,0,1,0,0,0,0
"POINT (8.803161373000023 53.084644370000035)",Unfall 178218 (2020) Kat:3, Licht: 0,178218,3,3,5,09,17,5,1,0,1,1,0,0,0,0
"POINT (8.791901093000035 53.103378108000072)",Unfall 178219 (2020) Kat:3, Licht: 0,178219,3,6,2,09,14,7,0,0,0,1,0,0,0,0
"POINT (8.923631111000077 53.044158483000047)",Unfall 178220 (2020) Kat:3, Licht: 0,178220,3,3,5,10,10,6,1,0,1,1,0,0,0,0
"POINT (8.861647811000069 53.099292755000079)",Unfall 178222 (2020) Kat:3, Licht: 2,178222,3,3,5,10,05,2,1,2,1,1,0,0,0,0
"POINT (8.849740026000063 53.047770082000056)",Unfall 178224 (2020) Kat:3, Licht: 0,178224,3,2,5,09,16,7,0,0,1,1,0,0,0,0
"POINT (8.815017033000061 53.102156750000063)",Unfall 178225 (2020) Kat:3, Licht: 0,178225,3,2,4,09,16,5,0,0,0,1,0,0,0,0
"POINT (8.740641998000058 53.054083820000074)",Unfall 178226 (2020) Kat:3, Licht: 0,178226,3,6,2,10,14,2,0,0,0,1,0,1,0,0
"POINT (8.818894376000060 53.111700119000034)",Unfall 178228 (2020) Kat:3, Licht: 0,178228,3,3,5,09,17,5,1,0,0,1,0,0,0,0
"POINT (8.785388241000021 53.096723343000065)",Unfall 178229 (2020) Kat:3, Licht: 0,178229,3,3,0,09,19,3,0,0,1,1,0,0,0,0
"POINT (8.875933486000065 53.081731692000062)",Unfall 178231 (2020) Kat:3, Licht: 2,178231,3,3,5,10,20,2,0,2,0,1,0,0,0,0
"POINT (8.769391935000044 53.114410651000071)",Unfall 178232 (2020) Kat:3, Licht: 0,178232,3,7,0,09,18,6,0,0,1,0,0,0,0,0
"POINT (8.869629177000036 53.064269807000073)",Unfall 178233 (2020) Kat:3, Licht: 2,178233,3,3,5,10,19,5,1,2,0,1,0,0,0,0
"POINT (8.914181986000074 53.059606190000068)",Unfall 178234 (2020) Kat:3, Licht: 2,178234,3,4,6,09,22,5,1,2,0,1,1,0,0,0
"POINT (8.832051634000038 53.077554370000030)",Unfall 178235 (2020) Kat:3, Licht: 2,178235,3,3,5,09,22,2,0,2,1,1,0,0,0,0
"POINT (8.756784826000057 53.110617011000045)",Unfall 178236 (2020) Kat:3, Licht: 2,178236,3,2,5,10,21,7,0,2,0,1,0,0,0,0
"POINT (8.716598089000058 53.175467019000052)",Unfall 178237 (2020) Kat:2, Licht: 2,178237,2,1,0,10,20,1,0,2,0,0,0,1,0,0
"POINT (8.754561394000064 53.119291925000027)",Unfall 178239 (2020) Kat:3, Licht: 0,178239,3,7,1,09,15,2,0,0,0,1,0,1,0,0
"POINT (8.618904324000027 53.178672861000052)",Unfall 178240 (2020) Kat:3, Licht: 2,178240,3,7,0,10,19,1,1,2,1,0,0,0,0,0
"POINT (8.835088119000034 53.082062594000035)",Unfall 178241 (2020) Kat:2, Licht: 0,178241,2,2,5,10,14,2,0,0,0,1,0,1,0,0
"POINT (8.953764502000070 53.034101421000059)",Unfall 178242 (2020) Kat:3, Licht: 0,178242,3,3,5,09,16,6,0,0,1,1,0,0,0,0
"POINT (8.872163364000073 53.067360663000045)",Unfall 178243 (2020) Kat:3, Licht: 0,178243,3,6,2,09,07,4,1,0,0,1,0,0,0,0
"POINT (8.878227661000040 53.082468506000055)",Unfall 178244 (2020) Kat:3, Licht: 0,178244,3,6,2,10,15,6,0,0,0,1,0,0,0,0
"POINT (8.718539986000053 53.045835189000059)",Unfall 178245 (2020) Kat:3, Licht: 0,178245,3,3,5,09,13,4,0,0,0,1,0,0,0,0
"POINT (8.963278298000034 53.064269284000034)",Unfall 178246 (2020) Kat:3, Licht: 1,178246,3,7,6,09,16,5,1,1,0,1,1,0,0,0
"POINT (8.779017093000050 53.098857617000078)",Unfall 178247 (2020) Kat:3, Licht: 2,178247,3,2,4,09,21,2,0,2,1,0,0,0,0,0
"POINT (8.930472326000029 53.059017866000033)",Unfall 178248 (2020) Kat:3, Licht: 0,178248,3,4,6,09,15,2,0,0,0,1,1,0,0,0
"POINT (8.807095928000024 53.079425633000028)",Unfall 178249 (2020) Kat:3, Licht: 2,178249,3,1,0,10,18,1,1,2,1,0,0,0,0,0
"POINT (8.834522095000068 53.089566364000063)",Unfall 178250 (2020) Kat:3, Licht: 0,178250,3,1,8,09,10,5,0,0,1,1,0,0,0,0
"POINT (8.657134028000030 53.174679085000037)",Unfall 178251 (2020) Kat:3, Licht: 0,178251,3,2,5,10,16,4,1,0,1,1,0,0,0,0
"POINT (8.903262020000057 53.099747343000047)",Unfall 178252 (2020) Kat:3, Licht: 0,178252,3,3,5,09,09,3,0,0,1,1,0,0,0,0
"POINT (8.562298373000033 53.183215109000059)",Unfall 178253 (2020) Kat:2, Licht: 0,178253,2,3,5,09,15,5,1,0,0,1,0,1,0,0
"POINT (8.715508997000029 53.178909497000063)",Unfall 178254 (2020) Kat:3, Licht: 0,178254,3,7,0,09,08,7,0,0,0,0,0,0,0,1
"POINT (8.800564374000032 53.078795008000043)",Unfall 178256 (2020) Kat:3, Licht: 2,178256,3,6,3,10,20,7,1,2,0,1,0,0,0,0
"POINT (8.748804540000037 53.124856151000074)",Unfall 178257 (2020) Kat:3, Licht: 0,178257,3,6,2,09,12,5,1,0,0,1,0,0,0,0
"POINT (8.814277967000066 53.039694015000066)",Unfall 178259 (2020) Kat:2, Licht: 0,178259,2,2,5,10,11,5,0,0,0,1,0,0,0,1
"POINT (8.849531762000026 53.085248607000040)",Unfall 178260 (2020) Kat:3, Licht: 0,178260,3,2,2,09,15,5,1,0,0,1,0,0,0,0
"POINT (8.837159342000064 53.069445803000065)",Unfall 178261 (2020) Kat:3, Licht: 0,178261,3,7,7,09,13,1,0,0,1,0,0,0,0,1
"POINT (8.899669392000021 53.079131739000047)",Unfall 178262 (2020) Kat:3, Licht: 0,178262,3,1,0,09,18,5,1,0,0,0,0,1,0,0
"POINT (8.788618123000049 53.070657844000038)",Unfall 178263 (2020) Kat:3, Licht: 2,178263,3,7,0,09,06,6,1,2,0,0,0,1,0,0
"POINT (8.884265417000052 53.071793021000076)",Unfall 178265 (2020) Kat:3, Licht: 0,178265,3,3,5,09,12,4,0,0,1,1,0,0,0,0
"POINT (8.846928828000046 53.048269865000066)",Unfall 178266 (2020) Kat:2, Licht: 0,178266,2,3,5,09,11,5,1,0,1,1,0,0,0,0
"POINT (8.716419871000028 53.056441723000034)",Unfall 178267 (2020) Kat:3, Licht: 0,178267,3,3,5,09,07,2,0,0,0,1,0,1,0,0
"POINT (8.715572658000042 53.135354163000045)",Unfall 178268 (2020) Kat:3, Licht: 0,178268,3,3,5,10,12,7,0,0,0,1,0,0,0,0
"POINT (8.913971252000067 53.062676831000033)",Unfall 178269 (2020) Kat:3, Licht: 0,178269,3,3,5,09,08,4,0,0,0,1,0,0,0,0
"POINT (8.880749612000045 53.101722898000048)",Unfall 178270 (2020) Kat:3, Licht: 2,178270,3,3,5,10,19,4,1,2,1,1,0,0,0,0
"POINT (8.844164590000048 53.075287074000073)",Unfall 178271 (2020) Kat:2, Licht: 0,178271,2,2,5,09,08,2,1,0,1,0,0,0,1,0
"POINT (8.882047724000074 53.079119602000048)",Unfall 178272 (2020) Kat:3, Licht: 0,178272,3,3,5,09,11,6,0,0,1,1,0,0,0,0
"POINT (8.565627557000028 53.197291571000051)",Unfall 178274 (2020) Kat:3, Licht: 0,178274,3,3,5,10,10,6,0,0,0,1,0,1,0,0