WKT,Name,OBJECTID,UKATEGORIE,UTYP1,UART,UMONAT,USTUNDE,UWOCHENTAG,STRZUSTAND,ULICHTVERH,ISTRAD,ISTPKW,ISTFUSS,ISTKRAD,ISTGKFZ,ISTSONSTIG
"POINT (8.551124902000026 53.192731172000038)",Unfall 178275 (2020) Kat:3, Licht: 2,178275,3,1,0,10,06,6,1,2,1,0,0,0,0,0
"POINT (8.780373796000049 53.105468428000052)",Unfall 178276 (2020) Kat:3, Licht: 0,178276,3,7,0,09,12,5,1,0,0,0,0,1,0,0
"POINT (8.784917793000034 53.060212360000037)",Unfall 178277 (2020) Kat:3, Licht: 0,178277,3,6,3,09,15,5,0,0,0,1,0,0,0,1
"POINT (8.787422556000024 53.089995089000070)",Unfall 178278 (2020) Kat:3, Licht: 2,178278,3,3,5,10,23,4,0,2,0,1,0,0,0,0
"POINT (8.779208328000038 53.100334538000027)",Unfall 178279 (2020) Kat:3, Licht: 0,178279,3,6,4,09,15,5,1,0,1,0,0,0,0,0
"POINT (8.728491518000055 53.038942588000054)",Unfall 178280 (2020) Kat:2, Licht: 0,178280,2,2,5,09,17,7,0,0,1,1,0,0,0,0
"POINT (8.802685693000058 53.066755322000063)",Unfall 178281 (2020) Kat:3, Licht: 0,178281,3,7,6,10,17,6,0,0,0,0,1,1,0,0
"POINT (8.810695776000046 53.080116768000039)",Unfall 178282 (2020) Kat:3, Licht: 0,178282,3,7,0,09,18,3,0,0,0,0,0,0,0,1
"POINT (8.787373015000071 53.089971215000048)",Unfall 178283 (2020) Kat:3, Licht: 0,178283,3,7,0,10,15,2,1,0,1,0,0,0,0,0
"POINT (8.648045087000071 53.164751516000081)",Unfall 178285 (2020) Kat:3, Licht: 0,178285,3,6,2,09,15,1,1,0,0,1,0,0,0,0
"POINT (8.880831283000020 53.101769147000027)",Unfall 178288 (2020) Kat:2, Licht: 0,178288,2,2,3,10,14,3,0,0,1,0,0,0,0,1
"POINT (8.894912504000047 53.046015776000047)",Unfall 178289 (2020) Kat:2, Licht: 2,178289,2,4,6,10,06,3,1,2,0,1,1,0,0,0
"POINT (8.791162755000073 53.095158305000041)",Unfall 178291 (2020) Kat:3, Licht: 0,178291,3,2,5,09,15,6,0,0,1,1,0,0,0,0
"POINT (8.882613217000028 53.057599234000065)",Unfall 178293 (2020) Kat:3, Licht: 2,178293,3,3,5,10,21,5,0,2,0,1,0,0,0,0
"POINT (8.562319164000030 53.192205546000082)",Unfall 178295 (2020) Kat:3, Licht: 0,178295,3,3,5,09,15,5,1,0,0,1,0,0,0,0
"POINT (8.880627615000037 53.060374722000063)",Unfall 178296 (2020) Kat:3, Licht: 0,178296,3,7,0,09,16,4,0,0,1,0,0,0,0,0
"POINT (8.790848530000062 53.098967908000077)",Unfall 178297 (2020) Kat:3, Licht: 2,178297,3,3,5,10,20,3,0,2,1,1,0,0,0,0
"POINT (8.870643675000054 53.088325459000032)",Unfall 178298 (2020) Kat:3, Licht: 0,178298,3,6,1,09,13,5,0,0,0,1,0,0,0,0
"POINT (8.813386174000073 53.081043336000050)",Unfall 178299 (2020) Kat:3, Licht: 0,178299,3,3,5,09,13,6,0,0,1,0,0,0,0,0
"POINT (8.901987209000026 53.125718622000079)",Unfall 178300 (2020) Kat:3, Licht: 0,178300,3,7,0,10,11,6,0,0,1,0,0,0,0,0
"POINT (8.702740941000059 53.170710925000037)",Unfall 178302 (2020) Kat:3, Licht: 0,178302,3,3,5,10,11,2,0,0,0,1,0,1,0,0
"POINT (8.759309131000066 53.115860001000044)",Unfall 178303 (2020) Kat:3, Licht: 0,178303,3,7,0,10,15,2,0,0,1,0,1,0,0,0
"POINT (8.615105839000023 53.173988656000063)",Unfall 178305 (2020) Kat:3, Licht: 0,178305,3,4,6,09,17,5,0,0,0,0,1,0,0,1
"POINT (8.814257589000022 53.039697481000076)",Unfall 178306 (2020) Kat:3, Licht: 0,178306,3,3,5,10,12,1,0,0,0,1,0,0,0,0
"POINT (8.845722655000031 53.033128490000081)",Unfall 178309 (2020) Kat:2, Licht: 0,178309,2,3,5,09,13,3,0,0,1,1,0,0,0,0
"POINT (8.628637113000025 53.177526736000061)",Unfall 178310 (2020) Kat:3, Licht: 0,178310,3,1,0,09,10,2,0,0,0,1,0,0,0,1
"POINT (8.685843738000074 53.173842292000074)",Unfall 178311 (2020) Kat:3, Licht: 0,178311,3,3,5,10,10,2,0,0,1,1,0,0,0,0
"POINT (8.901467463000074 53.077062774000069)",Unfall 178312 (2020) Kat:3, Licht: 0,178312,3,3,5,09,12,5,0,0,0,1,0,0,0,1
"POINT (8.849739802000045 53.047797720000062)",Unfall 178313 (2020) Kat:3, Licht: 0,178313,3,3,5,10,14,2,0,0,1,1,0,0,0,0
"POINT (8.803530882000075 53.092925570000034)",Unfall 178314 (2020) Kat:3, Licht: 0,178314,3,7,0,10,17,5,0,0,0,0,0,0,0,1
"POINT (8.702333431000056 53.140000370000052)",Unfall 178316 (2020) Kat:2, Licht: 1,178316,2,3,5,09,06,4,0,1,0,1,0,0,1,0
"POINT (8.635346797000068 53.190794540000070)",Unfall 178317 (2020) Kat:3, Licht: 0,178317,3,7,0,09,12,2,0,0,0,0,0,0,0,1
"POINT (8.802027805000023 53.094574915000067)",Unfall 178318 (2020) Kat:2, Licht: 2,178318,2,3,5,10,19,2,0,2,1,1,0,0,0,1
"POINT (8.610041508000052 53.184424612000043)",Unfall 178319 (2020) Kat:3, Licht: 0,178319,3,7,0,09,07,6,0,0,0,0,0,1,0,0
"POINT (8.876105439000071 53.082137068000065)",Unfall 178320 (2020) Kat:3, Licht: 0,178320,3,2,5,10,15,5,1,0,1,1,0,0,0,0
"POINT (8.812306590000048 53.095704904000058)",Unfall 178321 (2020) Kat:3, Licht: 0,178321,3,3,5,09,10,2,0,0,1,1,0,0,0,0
"POINT (8.695044087000042 53.142090837000069)",Unfall 178322 (2020) Kat:3, Licht: 1,178322,3,3,5,09,19,4,1,1,0,1,0,0,0,0
"POINT (8.758220451000057 53.119012686000076)",Unfall 178325 (2020) Kat:3, Licht: 0,178325,3,2,5,09,15,6,0,0,0,1,0,0,0,0
"POINT (8.879006956000069 53.085301293000043)",Unfall 178326 (2020) Kat:3, Licht: 0,178326,3,3,5,10,13,6,0,0,0,1,0,0,0,0
"POINT (8.809431563000032 53.072040304000041)",Unfall 178327 (2020) Kat:3, Licht: 0,178327,3,3,5,09,17,4,0,0,1,1,0,0,0,0
"POINT (8.716675025000029 53.134548834000043)",Unfall 178328 (2020) Kat:3, Licht: 0,178328,3,3,5,09,11,4,0,0,0,1,0,0,0,0
"POINT (8.688634080000043 53.171345497000061)",Unfall 178329 (2020) Kat:3, Licht: 0,178329,3,7,0,09,16,2,0,0,1,1,0,0,0,0
"POINT (8.831291146000069 53.071282805000067)",Unfall 178331 (2020) Kat:3, Licht: 0,178331,3,7,0,10,10,1,0,0,0,0,0,1,0,0
"POINT (8.783671807000076 53.101778706000061)",Unfall 178332 (2020) Kat:2, Licht: 0,178332,2,3,5,09,14,5,0,0,1,1,0,0,0,0
"POINT (8.602904132000049 53.180198982000036)",Unfall 178333 (2020) Kat:3, Licht: 0,178333,3,7,7,09,15,4,1,0,0,0,1,1,0,0
"POINT (8.814441903000045 53.090751849000071)",Unfall 178334 (2020) Kat:3, Licht: 0,178334,3,7,3,10,14,4,1,0,1,1,0,0,0,0
"POINT (8.856940226000063 53.072731568000052)",Unfall 178335 (2020) Kat:3, Licht: 0,178335,3,6,5,09,09,3,0,0,1,1,0,0,0,0
"POINT (8.871743250000066 53.091424021000080)",Unfall 178337 (2020) Kat:3, Licht: 0,178337,3,3,5,09,12,4,0,0,1,1,0,0,0,0
"POINT (8.848561890000042 53.050512999000034)",Unfall 178338 (2020) Kat:3, Licht: 2,178338,3,3,5,10,06,5,0,2,0,1,0,0,0,0
"POINT (8.961626212000056 53.066730655000072)",Unfall 178340 (2020) Kat:3, Licht: 0,178340,3,1,9,09,15,4,0,0,0,0,0,1,0,0
"POINT (8.869611835000058 53.064190669000027)",Unfall 178341 (2020) Kat:3, Licht: 0,178341,3,2,0,09,15,1,0,0,0,0,0,1,0,0
"POINT (8.811462309000035 53.030940545000078)",Unfall 178342 (2020) Kat:3, Licht: 0,178342,3,6,2,10,14,7,1,0,0,1,0,0,0,0
"POINT (8.861508064000077 53.078729811000073)",Unfall 178343 (2020) Kat:3, Licht: 0,178343,3,7,0,10,16,7,0,0,0,0,1,0,0,1
"POINT (8.622361165000029 53.181773829000065)",Unfall 178344 (2020) Kat:3, Licht: 0,178344,3,3,5,09,17,4,0,0,1,1,0,0,0,0
"POINT (8.812339552000026 53.080977029000053)",Unfall 178345 (2020) Kat:3, Licht: 0,178345,3,3,5,09,08,6,1,0,1,1,0,0,0,0
"POINT (8.858185883000033 53.105047116000037)",Unfall 178347 (2020) Kat:3, Licht: 1,178347,3,6,1,09,18,4,0,1,0,1,0,0,0,0
"POINT (8.792045958000074 53.073066084000061)",Unfall 178348 (2020) Kat:2, Licht: 1,178348,2,7,0,09,20,4,0,1,1,0,0,0,0,0
"POINT (8.811820988000022 53.086336091000078)",Unfall 178349 (2020) Kat:3, Licht: 0,178349,3,2,5,09,09,2,0,0,1,1,0,0,0,0
"POINT (8.837501524000061 53.094653447000042)",Unfall 178350 (2020) Kat:3, Licht: 0,178350,3,7,0,10,11,7,0,0,1,0,0,0,0,0
"POINT (8.909482733000061 53.059733336000079)",Unfall 178351 (2020) Kat:2, Licht: 0,178351,2,7,6,09,17,4,0,0,0,1,1,0,0,0
"POINT (8.870042937000051 53.064833348000036)",Unfall 178353 (2020) Kat:2, Licht: 0,178353,2,6,3,10,11,4,0,0,0,1,0,1,0,0
"POINT (8.831587780000064 53.081150079000054)",Unfall 178354 (2020) Kat:3, Licht: 0,178354,3,6,1,09,17,2,0,0,0,1,0,0,0,0
"POINT (8.846916455000041 53.048295174000032)",Unfall 178355 (2020) Kat:3, Licht: 0,178355,3,3,5,09,13,6,0,0,1,1,0,0,0,0
"POINT (8.815137941000046 53.077075234000063)",Unfall 178356 (2020) Kat:3, Licht: 0,178356,3,3,5,10,09,4,1,0,1,1,0,0,0,0
"POINT (8.640403978000052 53.188315830000079)",Unfall 178357 (2020) Kat:3, Licht: 0,178357,3,3,5,10,09,5,1,0,0,0,0,1,1,0
"POINT (8.703975168000056 53.158134826000037)",Unfall 178358 (2020) Kat:3, Licht: 0,178358,3,2,5,10,18,6,0,0,1,1,0,0,0,0
"POINT (8.812965246000033 53.080652842000063)",Unfall 178359 (2020) Kat:3, Licht: 0,178359,3,6,2,09,18,4,0,0,0,1,0,0,0,0
"POINT (8.802276461000076 53.063635509000051)",Unfall 178360 (2020) Kat:3, Licht: 0,178360,3,6,2,09,13,5,0,0,1,1,0,0,0,0
"POINT (8.877153743000065 53.080469322000056)",Unfall 178361 (2020) Kat:3, Licht: 0,178361,3,3,5,10,12,4,0,0,1,1,0,0,0,0
"POINT (8.715986521000048 53.047926960000041)",Unfall 178363 (2020) Kat:2, Licht: 0,178363,2,2,5,10,11,5,0,0,1,1,0,0,0,0
"POINT (8.848631228000045 53.050560868000048)",Unfall 178364 (2020) Kat:3, Licht: 0,178364,3,2,5,10,13,6,0,0,1,1,0,0,0,0
"POINT (8.730074429000069 53.133099575000074)",Unfall 178366 (2020) Kat:3, Licht: 0,178366,3,3,5,09,18,4,0,0,1,1,0,0,0,0
"POINT (8.811819151000066 53.097366566000062)",Unfall 178369 (2020) Kat:3, Licht: 0,178369,3,3,5,09,18,4,0,0,1,1,0,0,0,0
"POINT (8.931995578000056 53.038770537000062)",Unfall 178370 (2020) Kat:3, Licht: 2,178370,3,1,9,09,00,1,0,2,0,1,0,0,0,0
"POINT (8.571680502000049 53.196168500000056)",Unfall 178372 (2020) Kat:3, Licht: 0,178372,3,7,0,09,18,3,0,0,1,0,0,0,0,0
"POINT (8.945313815000077 53.078061314000081)",Unfall 178375 (2020) Kat:3, Licht: 0,178375,3,1,4,10,09,3,1,0,0,1,0,0,0,0
"POINT (8.831966940000029 53.071062958000027)",Unfall 178376 (2020) Kat:3, Licht: 0,178376,3,5,1,09,13,1,0,0,0,1,0,1,0,0
"POINT (8.778692340000021 53.108657224000069)",Unfall 178377 (2020) Kat:3, Licht: 0,178377,3,6,2,09,07,5,0,0,1,1,0,0,0,0
"POINT (8.841035973000032 53.040801226000042)",Unfall 178378 (2020) Kat:3, Licht: 2,178378,3,6,2,10,19,3,1,2,0,1,0,0,0,0
"POINT (8.791132933000029 53.058242157000052)",Unfall 178381 (2020) Kat:3, Licht: 0,178381,3,3,5,09,09,4,0,0,0,1,0,0,1,0
"POINT (8.832836681000060 53.039462249000053)",Unfall 178385 (2020) Kat:3, Licht: 0,178385,3,6,1,09,12,6,0,0,0,1,0,0,0,1
"POINT (8.856687779000026 53.088922719000038)",Unfall 178388 (2020) Kat:3, Licht: 1,178388,3,5,1,09,20,3,0,1,1,1,0,0,0,0
"POINT (8.676389814000061 53.171275011000034)",Unfall 178389 (2020) Kat:3, Licht: 0,178389,3,5,8,09,10,7,0,0,1,1,0,0,0,0
"POINT (8.598179411000047 53.182879090000029)",Unfall 178390 (2020) Kat:3, Licht: 0,178390,3,2,0,10,17,6,0,0,1,1,0,0,0,0
"POINT (8.754123842000070 53.127083816000038)",Unfall 178392 (2020) Kat:3, Licht: 0,178392,3,3,0,10,08,2,0,0,1,1,0,0,0,0
"POINT (8.785727083000040 53.088868081000044)",Unfall 178394 (2020) Kat:3, Licht: 2,178394,3,7,0,09,20,7,1,2,1,0,0,0,0,0
"POINT (8.783515493000039 53.071474612000031)",Unfall 178395 (2020) Kat:3, Licht: 0,178395,3,6,3,09,10,5,0,0,0,1,0,0,1,0
"POINT (8.905764131000069 53.098287098000071)",Unfall 178396 (2020) Kat:3, Licht: 2,178396,3,2,5,10,20,2,0,2,0,1,0,1,0,0
"POINT (8.799645400000031 53.072856843000068)",Unfall 178397 (2020) Kat:2, Licht: 0,178397,2,3,5,10,18,5,0,0,1,1,0,0,0,0
"POINT (8.843604604000063 53.083709919000057)",Unfall 178398 (2020) Kat:3, Licht: 0,178398,3,3,5,09,16,3,0,0,1,1,0,0,0,0
"POINT (8.814331465000066 53.039684917000045)",Unfall 178399 (2020) Kat:3, Licht: 0,178399,3,3,5,09,12,3,0,0,1,1,0,0,0,0
"POINT (8.805727779000051 53.081406915000059)",Unfall 178401 (2020) Kat:2, Licht: 0,178401,2,3,5,10,15,2,1,0,1,0,0,0,0,1
"POINT (8.824875259000066 53.084643917000051)",Unfall 178402 (2020) Kat:3, Licht: 0,178402,3,1,4,09,10,6,0,0,1,0,0,0,0,0
"POINT (8.822965359000023 53.073721347000060)",Unfall 178404 (2020) Kat:3, Licht: 0,178404,3,6,1,10,16,5,1,0,0,1,0,0,0,0
"POINT (8.837284901000032 53.082376431000057)",Unfall 178405 (2020) Kat:3, Licht: 0,178405,3,2,3,09,11,2,0,0,1,0,0,0,1,0
"POINT (8.849966165000069 53.087699937000082)",Unfall 178406 (2020) Kat:3, Licht: 0,178406,3,7,5,09,16,3,0,0,1,1,0,0,0,0
"POINT (8.567949671000065 53.194556789000046)",Unfall 178407 (2020) Kat:3, Licht: 0,178407,3,6,2,10,15,7,1,0,0,1,0,0,0,0
"POINT (8.792349473000058 53.073185904000070)",Unfall 178408 (2020) Kat:2, Licht: 2,178408,2,7,0,10,00,1,1,2,1,0,0,0,0,0
"POINT (8.864322607000077 53.071083860000044)",Unfall 178409 (2020) Kat:3, Licht: 0,178409,3,6,2,09,14,6,0,0,0,1,0,0,0,0
"POINT (8.844863171000043 53.045792151000057)",Unfall 178411 (2020) Kat:3, Licht: 0,178411,3,3,5,09,17,4,0,0,1,1,0,0,0,0
"POINT (8.943202026000051 53.066610275000073)",Unfall 178412 (2020) Kat:2, Licht: 0,178412,2,5,1,10,15,2,0,0,0,1,0,0,0,0
"POINT (8.618695162000051 53.176821750000045)",Unfall 178413 (2020) Kat:3, Licht: 0,178413,3,6,2,10,12,2,0,0,0,1,0,0,0,0
"POINT (8.787673017000032 53.087459488000036)",Unfall 178414 (2020) Kat:2, Licht: 0,178414,2,2,5,09,13,6,0,0,1,1,0,0,0,0
"POINT (8.780212977000076 53.091733660000045)",Unfall 178415 (2020) Kat:3, Licht: 0,178415,3,1,8,09,14,4,1,0,0,0,0,0,0,1
"POINT (8.776606176000030 53.063421819000041)",Unfall 178416 (2020) Kat:3, Licht: 2,178416,3,6,2,10,19,6,0,2,0,1,0,0,0,0
"POINT (8.889761340000064 53.050188451000054)",Unfall 178417 (2020) Kat:3, Licht: 2,178417,3,6,3,09,20,4,0,2,0,0,0,1,0,1
"POINT (8.761069020000036 53.113351859000034)",Unfall 178418 (2020) Kat:3, Licht: 2,178418,3,7,0,09,20,3,0,2,1,0,0,0,0,0
"POINT (8.796611101000053 53.089250095000068)",Unfall 178421 (2020) Kat:3, Licht: 2,178421,3,3,5,10,19,2,0,2,1,1,0,0,0,0
"POINT (8.752315835000047 53.112526493000075)",Unfall 178422 (2020) Kat:3, Licht: 0,178422,3,6,3,09,07,5,0,0,0,1,0,0,1,0
"POINT (8.583501207000040 53.214368702000058)",Unfall 178424 (2020) Kat:3, Licht: 0,178424,3,3,5,09,16,3,0,0,1,0,0,1,0,0
"POINT (8.827141705000031 53.083202036000046)",Unfall 178425 (2020) Kat:3, Licht: 0,178425,3,6,4,09,10,3,0,0,0,1,0,0,0,0
"POINT (8.621303904000058 53.171733614000061)",Unfall 178426 (2020) Kat:3, Licht: 0,178426,3,4,6,09,11,7,0,0,0,0,1,0,0,1
"POINT (8.759555309000064 53.054640564000067)",Unfall 178428 (2020) Kat:3, Licht: 2,178428,3,6,2,10,22,7,1,2,0,1,0,0,0,0
"POINT (8.618980223000051 53.184085995000032)",Unfall 178429 (2020) Kat:3, Licht: 0,178429,3,7,0,09,13,3,0,0,0,0,0,0,0,1
"POINT (8.848408287000041 53.050287651000076)",Unfall 178431 (2020) Kat:2, Licht: 0,178431,2,6,0,10,17,5,0,0,0,1,0,0,0,1
"POINT (8.860913043000039 53.049706968000066)",Unfall 178432 (2020) Kat:3, Licht: 1,178432,3,6,3,09,19,3,0,1,1,0,0,0,0,0
"POINT (8.808447973000057 53.088095634000069)",Unfall 178436 (2020) Kat:3, Licht: 2,178436,3,2,5,09,19,3,1,2,0,1,0,0,0,0
"POINT (8.837131163000038 53.090713956000059)",Unfall 178437 (2020) Kat:3, Licht: 0,178437,3,6,4,10,07,3,0,0,1,0,0,0,0,0
"POINT (8.868781140000067 53.074262300000044)",Unfall 178438 (2020) Kat:3, Licht: 0,178438,3,7,0,09,10,3,0,0,1,0,0,0,0,0
"POINT (8.632244007000054 53.169585009000059)",Unfall 178439 (2020) Kat:3, Licht: 0,178439,3,2,2,09,11,2,0,0,0,1,0,0,0,0
"POINT (8.770121470000049 53.072287080000081)",Unfall 178440 (2020) Kat:3, Licht: 0,178440,3,3,5,10,15,7,0,0,1,1,0,0,0,0
"POINT (8.860600515000044 53.044257039000058)",Unfall 178441 (2020) Kat:3, Licht: 0,178441,3,1,0,09,17,4,0,0,0,1,1,0,0,0
"POINT (8.877617521000047 53.080307059000063)",Unfall 178442 (2020) Kat:3, Licht: 0,178442,3,2,5,10,15,4,0,0,1,1,0,0,0,0
"POINT (8.852607179000074 53.060412517000032)",Unfall 178444 (2020) Kat:3, Licht: 0,178444,3,6,2,09,13,6,0,0,0,1,0,0,0,0
"POINT (8.917846023000038 53.100636032000068)",Unfall 178445 (2020) Kat:3, Licht: 0,178445,3,7,0,10,13,5,0,0,1,0,0,0,0,0
"POINT (8.837336432000029 53.076825510000049)",Unfall 178446 (2020) Kat:3, Licht: 0,178446,3,3,3,10,14,6,0,0,1,1,0,0,0,0
"POINT (8.769270181000024 53.110751175000075)",Unfall 178447 (2020) Kat:3, Licht: 0,178447,3,2,5,10,09,6,0,0,1,1,0,0,0,0
"POINT (8.756715283000062 53.110610956000073)",Unfall 178448 (2020) Kat:3, Licht: 2,178448,3,7,6,09,01,3,0,2,0,1,1,0,0,0
"POINT (8.809030379000035 53.083386231000077)",Unfall 178449 (2020) Kat:3, Licht: 0,178449,3,5,6,09,07,5,0,0,0,1,1,0,0,0
"POINT (8.805560943000046 53.071610825000050)",Unfall 178450 (2020) Kat:3, Licht: 2,178450,3,2,5,10,06,4,0,2,0,1,1,0,0,0
"POINT (8.910200897000038 53.071318836000046)",Unfall 178451 (2020) Kat:3, Licht: 0,178451,3,6,3,09,19,3,0,0,1,0,0,0,0,0
"POINT (8.761865369000077 53.097263998000074)",Unfall 178452 (2020) Kat:3, Licht: 0,178452,3,6,3,09,18,7,0,0,0,1,0,1,0,0
"POINT (8.884171220000042 53.063632155000050)",Unfall 178453 (2020) Kat:3, Licht: 0,178453,3,3,5,10,14,6,0,0,1,1,0,0,0,0
"POINT (8.801319751000051 53.071491870000045)",Unfall 178454 (2020) Kat:3, Licht: 2,178454,3,2,5,09,22,3,0,2,1,1,0,0,0,0
"POINT (8.856857267000066 53.072721036000075)",Unfall 178455 (2020) Kat:3, Licht: 0,178455,3,6,2,10,07,2,1,0,0,1,0,0,0,0
"POINT (8.875191958000073 53.082304776000058)",Unfall 178456 (2020) Kat:3, Licht: 2,178456,3,7,0,10,23,3,1,2,1,0,0,0,0,0
"POINT (8.937168210000039 53.068763128000057)",Unfall 178457 (2020) Kat:3, Licht: 2,178457,3,1,3,09,22,1,1,2,0,1,0,0,0,1
"POINT (8.769043331000034 53.082852306000063)",Unfall 178458 (2020) Kat:3, Licht: 0,178458,3,7,0,09,16,5,0,0,0,0,1,0,0,1
"POINT (8.892512876000069 53.047624545000076)",Unfall 178461 (2020) Kat:3, Licht: 0,178461,3,3,5,09,18,3,0,0,1,1,0,0,0,0
"POINT (8.562259481000069 53.192250827000066)",Unfall 178462 (2020) Kat:3, Licht: 0,178462,3,3,5,09,14,4,0,0,0,1,0,0,0,0
"POINT (8.891716295000038 53.049417300000073)",Unfall 178463 (2020) Kat:3, Licht: 0,178463,3,2,4,10,16,3,0,0,0,1,0,0,1,0
"POINT (8.739568681000037 53.147687475000055)",Unfall 178465 (2020) Kat:2, Licht: 0,178465,2,6,1,09,14,6,0,0,0,1,0,0,0,0
"POINT (8.870740427000044 53.091305940000041)",Unfall 178466 (2020) Kat:3, Licht: 2,178466,3,7,0,10,19,4,1,2,1,0,0,0,0,0
"POINT (8.917613392000021 53.121887342000036)",Unfall 178467 (2020) Kat:3, Licht: 0,178467,3,6,3,10,10,5,0,0,1,0,0,0,0,0
"POINT (8.808345281000072 53.057794069000067)",Unfall 178468 (2020) Kat:3, Licht: 2,178468,3,3,6,10,20,6,0,2,0,1,1,0,0,0
"POINT (8.588559593000070 53.182961371000033)",Unfall 178469 (2020) Kat:2, Licht: 0,178469,2,3,0,09,10,3,0,0,1,1,0,0,0,0
"POINT (8.824442039000076 53.068917281000040)",Unfall 178471 (2020) Kat:3, Licht: 2,178471,3,6,3,10,20,3,0,2,1,0,0,0,0,0
"POINT (8.614244337000059 53.176241135000055)",Unfall 178472 (2020) Kat:2, Licht: 0,178472,2,2,5,09,09,3,0,0,1,1,0,0,0,0
"POINT (8.763972193000029 53.108565945000066)",Unfall 178474 (2020) Kat:3, Licht: 0,178474,3,6,2,10,12,6,0,0,0,1,0,0,0,0
"POINT (8.766840730000070 53.071259003000080)",Unfall 178476 (2020) Kat:3, Licht: 0,178476,3,3,5,09,17,3,0,0,1,1,0,0,0,0
"POINT (8.847697147000076 53.050442881000038)",Unfall 178477 (2020) Kat:3, Licht: 0,178477,3,1,8,10,10,2,1,0,0,1,0,0,0,0
"POINT (8.806620236000072 53.073524324000061)",Unfall 178479 (2020) Kat:3, Licht: 2,178479,3,6,2,09,21,7,1,2,0,1,0,0,0,0
"POINT (8.715295908000030 53.052276192000079)",Unfall 178480 (2020) Kat:3, Licht: 0,178480,3,3,0,09,07,5,0,0,1,1,0,0,0,0
"POINT (8.768631547000041 53.083241020000060)",Unfall 178481 (2020) Kat:2, Licht: 0,178481,2,7,6,10,16,2,0,0,0,0,1,1,0,0
"POINT (8.886371882000049 53.071540811000034)",Unfall 178483 (2020) Kat:3, Licht: 2,178483,3,6,2,09,22,3,0,2,0,1,0,0,0,0
"POINT (8.790486042000055 53.094874271000037)",Unfall 178484 (2020) Kat:3, Licht: 2,178484,3,5,0,09,19,3,0,2,1,1,0,0,0,0
"POINT (8.748698571000034 53.124947962000078)",Unfall 178485 (2020) Kat:3, Licht: 0,178485,3,5,2,09,17,7,1,0,0,1,0,0,0,0
"POINT (8.876541807000024 53.081043994000026)",Unfall 178486 (2020) Kat:2, Licht: 0,178486,2,3,5,10,16,2,0,0,1,1,0,0,0,0
"POINT (8.803257512000073 53.080239124000059)",Unfall 178488 (2020) Kat:3, Licht: 0,178488,3,3,6,10,12,5,1,0,1,0,1,0,0,0
"POINT (8.753360029000021 53.120903586000054)",Unfall 178489 (2020) Kat:3, Licht: 0,178489,3,7,0,09,23,7,1,0,1,1,0,0,0,0
"POINT (8.821666721000042 53.072797139000045)",Unfall 178490 (2020) Kat:3, Licht: 0,178490,3,7,0,10,13,2,1,0,1,0,0,0,0,0
"POINT (8.616963850000047 53.184166703000074)",Unfall 178491 (2020) Kat:3, Licht: 0,178491,3,3,5,09,10,6,0,0,1,1,0,0,0,0
"POINT (8.660544259000062 53.175056923000056)",Unfall 178492 (2020) Kat:2, Licht: 0,178492,2,6,6,10,14,5,1,0,1,0,1,0,0,0
"POINT (8.734523222000064 53.043579177000026)",Unfall 178493 (2020) Kat:3, Licht: 0,178493,3,4,6,09,12,2,0,0,1,0,1,0,0,0
"POINT (8.816285238000035 53.100032551000027)",Unfall 178495 (2020) Kat:3, Licht: 0,178495,3,7,0,10,15,2,0,0,1,0,0,0,0,0
"POINT (8.896280312000044 53.059338116000049)",Unfall 178496 (2020) Kat:3, Licht: 0,178496,3,3,5,09,08,6,1,0,0,1,0,0,0,0
"POINT (8.897030374000053 53.042711879000080)",Unfall 178497 (2020) Kat:3, Licht: 0,178497,3,7,0,09,15,4,0,0,1,0,0,0,0,0
"POINT (8.847687879000034 53.093145102000051)",Unfall 178498 (2020) Kat:3, Licht: 0,178498,3,2,5,10,17,6,0,0,1,1,0,0,0,0
"POINT (8.746787131000076 53.126613064000082)",Unfall 178499 (2020) Kat:3, Licht: 2,178499,3,6,1,09,21,4,0,2,0,1,0,0,0,1
"POINT (8.774163472000055 53.108164554000041)",Unfall 178501 (2020) Kat:3, Licht: 0,178501,3,3,6,09,14,2,0,0,0,1,1,0,0,0
"POINT (8.682800997000072 53.166510971000037)",Unfall 178502 (2020) Kat:3, Licht: 0,178502,3,6,4,09,18,7,1,0,1,0,0,0,0,1
"POINT (8.822383902000070 53.078720104000070)",Unfall 178503 (2020) Kat:3, Licht: 2,178503,3,1,0,10,03,1,0,2,0,1,0,0,0,0
"POINT (8.819338715000072 53.080414895000047)",Unfall 178504 (2020) Kat:3, Licht: 0,178504,3,6,2,09,12,5,0,0,0,1,0,0,0,0
"POINT (8.875742446000061 53.062102527000036)",Unfall 178505 (2020) Kat:3, Licht: 0,178505,3,6,3,10,14,4,1,0,0,1,0,1,0,0
"POINT (8.804782222000029 53.083817788000033)",Unfall 178506 (2020) Kat:3, Licht: 0,178506,3,2,5,09,11,3,0,0,1,0,0,0,0,0
"POINT (8.759663986000021 53.059579875000054)",Unfall 178507 (2020) Kat:3, Licht: 2,178507,3,7,1,09,23,7,0,2,0,1,0,0,0,0
"POINT (8.704384742000059 53.156034811000040)",Unfall 178508 (2020) Kat:3, Licht: 0,178508,3,2,5,10,16,6,0,0,1,1,0,0,0,0
"POINT (8.720943556000066 53.072831232000055)",Unfall 178509 (2020) Kat:3, Licht: 2,178509,3,7,0,10,23,7,1,2,0,0,0,1,0,0