WKT,Name,OBJECTID,UKATEGORIE,UTYP1,UART,UMONAT,USTUNDE,UWOCHENTAG,STRZUSTAND,ULICHTVERH,ISTRAD,ISTPKW,ISTFUSS,ISTKRAD,ISTGKFZ,ISTSONSTIG
"POINT (8.825019262000069 53.084580451000079)",Unfall 178514 (2020) Kat:3, Licht: 0,178514,3,3,5,09,08,2,0,0,1,1,0,0,0,0
"POINT (8.896308591000036 53.079259832000048)",Unfall 178515 (2020) Kat:2, Licht: 0,178515,2,7,0,10,13,7,1,0,1,0,0,0,0,0
"POINT (8.848586240000032 53.050511134000033)",Unfall 178516 (2020) Kat:2, Licht: 2,178516,2,3,5,10,00,1,1,2,0,1,0,0,0,0
"POINT (8.806093452000027 53.087641759000064)",Unfall 178518 (2020) Kat:3, Licht: 0,178518,3,7,5,09,09,6,0,0,1,0,0,0,0,1
"POINT (8.676748277000058 53.165619022000044)",Unfall 178520 (2020) Kat:2, Licht: 0,178520,2,1,0,09,17,4,0,0,1,0,0,0,0,0
"POINT (8.827137720000053 53.084846874000050)",Unfall 178522 (2020) Kat:2, Licht: 0,178522,2,1,0,09,09,2,0,0,0,0,0,1,0,0
"POINT (8.840425043000039 53.067856387000063)",Unfall 178523 (2020) Kat:2, Licht: 0,178523,2,5,1,10,13,7,0,0,1,1,0,0,0,0
"POINT (8.784578367000052 53.103018890000044)",Unfall 178524 (2020) Kat:3, Licht: 0,178524,3,3,5,09,15,4,0,0,1,0,0,0,0,0
"POINT (8.806968458000029 53.073787883000080)",Unfall 178525 (2020) Kat:3, Licht: 0,178525,3,5,1,10,08,4,0,0,1,1,0,0,0,0
"POINT (8.886252076000062 53.060775119000027)",Unfall 178526 (2020) Kat:3, Licht: 0,178526,3,6,4,09,14,2,0,0,0,1,0,0,0,1
"POINT (8.755127455000036 53.119901644000038)",Unfall 178527 (2020) Kat:3, Licht: 0,178527,3,6,4,09,15,6,0,0,1,1,0,0,0,0
"POINT (8.759736390000057 53.124281380000070)",Unfall 178530 (2020) Kat:3, Licht: 0,178530,3,2,5,10,07,6,1,0,1,1,0,0,0,0
"POINT (8.832773444000054 53.077469475000044)",Unfall 178531 (2020) Kat:3, Licht: 0,178531,3,7,0,08,15,2,0,0,1,0,0,0,0,0
"POINT (8.757580422000046 53.082228425000039)",Unfall 178532 (2020) Kat:2, Licht: 0,178532,2,7,3,09,14,5,0,0,1,0,0,0,0,0
"POINT (8.796986629000060 53.076445468000031)",Unfall 178533 (2020) Kat:3, Licht: 0,178533,3,2,5,10,11,4,0,0,0,1,0,0,0,1
"POINT (8.801894940000068 53.079270751000081)",Unfall 178534 (2020) Kat:3, Licht: 0,178534,3,4,6,08,17,2,0,0,1,0,1,0,0,0
"POINT (8.880773718000057 53.076889564000055)",Unfall 178535 (2020) Kat:3, Licht: 2,178535,3,1,5,09,19,7,0,2,0,1,0,0,0,1
"POINT (8.560569111000064 53.201690261000067)",Unfall 178536 (2020) Kat:3, Licht: 0,178536,3,3,5,10,09,6,0,0,1,1,0,0,0,0
"POINT (8.740746201000036 53.046984064000071)",Unfall 178537 (2020) Kat:2, Licht: 0,178537,2,3,5,10,11,5,0,0,1,0,0,0,0,0
"POINT (8.851441688000023 53.063393067000050)",Unfall 178538 (2020) Kat:2, Licht: 1,178538,2,3,5,08,19,2,0,1,1,1,0,0,0,0
"POINT (8.892686202000050 53.049789895000060)",Unfall 178539 (2020) Kat:3, Licht: 2,178539,3,4,6,09,00,1,0,2,0,1,1,0,0,0
"POINT (8.810666444000049 53.080851637000080)",Unfall 178541 (2020) Kat:3, Licht: 0,178541,3,5,1,09,13,3,0,0,1,1,0,0,0,0
"POINT (8.899178318000054 53.076197552000053)",Unfall 178542 (2020) Kat:3, Licht: 0,178542,3,7,0,10,08,3,0,0,1,0,0,0,0,0
"POINT (8.889202326000032 53.082524090000049)",Unfall 178543 (2020) Kat:3, Licht: 1,178543,3,6,2,10,07,3,1,1,0,1,0,0,0,0
"POINT (8.717923775000031 53.056606465000073)",Unfall 178544 (2020) Kat:3, Licht: 2,178544,3,6,3,09,04,1,0,2,1,0,0,0,0,1
"POINT (8.793733905000067 53.066359405000071)",Unfall 178546 (2020) Kat:3, Licht: 0,178546,3,2,5,10,16,3,1,0,1,1,0,0,0,0
"POINT (8.751674934000050 53.163959864000049)",Unfall 178547 (2020) Kat:3, Licht: 0,178547,3,7,5,10,16,5,0,0,1,1,0,0,0,0
"POINT (8.829848104000064 53.088901287000056)",Unfall 178549 (2020) Kat:3, Licht: 0,178549,3,4,6,08,10,2,0,0,0,1,1,0,0,0
"POINT (8.792105421000031 53.094408858000065)",Unfall 178550 (2020) Kat:3, Licht: 0,178550,3,6,2,09,06,4,0,0,0,1,0,0,0,0
"POINT (8.856939839000063 53.072722270000042)",Unfall 178551 (2020) Kat:3, Licht: 0,178551,3,6,2,10,14,3,0,0,0,1,0,0,0,0
"POINT (8.863459933000058 53.068448415000034)",Unfall 178552 (2020) Kat:3, Licht: 0,178552,3,2,5,08,16,2,0,0,0,1,0,1,0,0
"POINT (8.815867852000054 53.081114352000043)",Unfall 178553 (2020) Kat:3, Licht: 0,178553,3,3,1,09,17,6,0,0,1,1,0,0,0,0
"POINT (8.740949560000047 53.053078387000028)",Unfall 178554 (2020) Kat:3, Licht: 1,178554,3,3,5,10,18,6,0,1,0,1,0,0,0,0
"POINT (8.677834321000034 53.168993062000027)",Unfall 178556 (2020) Kat:3, Licht: 0,178556,3,2,5,10,10,2,0,0,1,1,0,0,0,0
"POINT (8.857112633000043 53.082649226000058)",Unfall 178557 (2020) Kat:3, Licht: 2,178557,3,5,1,10,20,2,0,2,1,1,0,0,0,0
"POINT (8.777108304000024 53.106611242000042)",Unfall 178559 (2020) Kat:2, Licht: 0,178559,2,3,5,09,08,4,0,0,1,1,0,0,0,0
"POINT (8.949750785000049 53.064188304000027)",Unfall 178560 (2020) Kat:3, Licht: 1,178560,3,3,5,10,17,7,0,1,1,1,0,0,0,0
"POINT (8.766848770000024 53.071260636000034)",Unfall 178561 (2020) Kat:3, Licht: 0,178561,3,3,5,09,13,3,0,0,1,1,0,0,0,0
"POINT (8.874747878000051 53.101255409000032)",Unfall 178562 (2020) Kat:3, Licht: 0,178562,3,3,0,10,07,2,1,0,1,1,0,0,0,0
"POINT (8.544598694000058 53.193785945000059)",Unfall 178564 (2020) Kat:2, Licht: 0,178564,2,7,9,09,11,7,0,0,0,1,0,0,0,0
"POINT (8.716612263000059 53.056517611000061)",Unfall 178565 (2020) Kat:3, Licht: 0,178565,3,3,5,09,17,5,0,0,1,1,0,0,0,0
"POINT (8.785373877000041 53.102436709000074)",Unfall 178566 (2020) Kat:3, Licht: 0,178566,3,2,5,10,16,2,0,0,1,1,0,0,0,0
"POINT (8.818272769000032 53.095521620000056)",Unfall 178567 (2020) Kat:3, Licht: 2,178567,3,1,0,10,21,5,1,2,1,0,0,0,0,0
"POINT (8.546308918000023 53.188997650000033)",Unfall 178568 (2020) Kat:2, Licht: 0,178568,2,7,0,08,14,2,0,0,0,0,0,0,0,1
"POINT (8.825132545000031 53.084365271000081)",Unfall 178569 (2020) Kat:3, Licht: 0,178569,3,3,5,09,17,3,0,0,1,0,0,0,0,1
"POINT (8.626204421000068 53.183842578000053)",Unfall 178570 (2020) Kat:3, Licht: 0,178570,3,2,0,09,10,7,0,0,0,1,0,0,0,1
"POINT (8.833541223000054 53.070622529000048)",Unfall 178571 (2020) Kat:3, Licht: 2,178571,3,3,5,10,02,2,0,2,1,1,0,0,0,0
"POINT (8.878554999000073 53.078952988000026)",Unfall 178572 (2020) Kat:2, Licht: 0,178572,2,2,4,09,10,6,0,0,1,1,0,0,0,0
"POINT (8.813643903000070 53.085477230000038)",Unfall 178573 (2020) Kat:3, Licht: 1,178573,3,4,6,09,06,3,1,1,0,1,1,0,0,0
"POINT (8.711432199000058 53.147385245000066)",Unfall 178574 (2020) Kat:3, Licht: 2,178574,3,6,2,10,19,5,1,2,0,1,0,0,0,0
"POINT (8.837379972000065 53.037848294000071)",Unfall 178575 (2020) Kat:3, Licht: 0,178575,3,2,2,09,15,2,0,0,0,1,0,0,0,0
"POINT (8.708281763000059 53.163387424000064)",Unfall 178576 (2020) Kat:3, Licht: 0,178576,3,3,5,09,14,3,0,0,0,1,0,0,0,0
"POINT (8.741171983000072 53.052780659000064)",Unfall 178577 (2020) Kat:3, Licht: 0,178577,3,7,0,10,14,7,1,0,0,0,0,1,0,0
"POINT (8.787697659000060 53.065753170000050)",Unfall 178578 (2020) Kat:2, Licht: 0,178578,2,6,3,10,15,1,0,0,1,0,0,0,0,0
"POINT (8.806530432000045 53.064993632000039)",Unfall 178579 (2020) Kat:2, Licht: 0,178579,2,4,6,09,12,6,0,0,0,1,1,0,0,0
"POINT (8.857244221000030 53.137051245000066)",Unfall 178580 (2020) Kat:3, Licht: 1,178580,3,6,4,10,18,6,0,1,1,1,0,0,0,0
"POINT (8.825131115000033 53.084487266000053)",Unfall 178581 (2020) Kat:2, Licht: 0,178581,2,2,5,09,08,4,0,0,1,1,0,0,0,0
"POINT (8.627401198000030 53.187793472000067)",Unfall 178582 (2020) Kat:3, Licht: 0,178582,3,3,5,08,16,1,0,0,0,1,0,0,0,0
"POINT (8.819203404000064 53.044521019000058)",Unfall 178583 (2020) Kat:3, Licht: 0,178583,3,7,0,09,18,2,0,0,1,0,0,0,0,0
"POINT (8.752910112000052 53.121296514000051)",Unfall 178585 (2020) Kat:3, Licht: 2,178585,3,7,0,12,00,6,0,2,0,0,1,0,0,1
"POINT (8.746018933000073 53.127185945000065)",Unfall 178588 (2020) Kat:3, Licht: 0,178588,3,7,0,10,11,7,1,0,0,0,0,1,0,0
"POINT (8.756748646000062 53.110444613000027)",Unfall 178589 (2020) Kat:2, Licht: 2,178589,2,3,5,11,18,6,1,2,0,1,0,0,0,0
"POINT (8.882646711000064 53.057470247000026)",Unfall 178591 (2020) Kat:3, Licht: 0,178591,3,7,9,12,14,5,1,0,0,1,0,0,0,0
"POINT (8.717189784000027 53.063099449000049)",Unfall 178592 (2020) Kat:3, Licht: 2,178592,3,7,0,11,19,4,0,2,0,1,0,0,0,0
"POINT (8.785202913000035 53.102312985000026)",Unfall 178593 (2020) Kat:3, Licht: 1,178593,3,6,2,12,16,7,0,1,1,0,0,0,0,0
"POINT (8.841174394000063 53.095746157000065)",Unfall 178594 (2020) Kat:3, Licht: 2,178594,3,7,6,10,23,7,1,2,1,0,1,0,0,0
"POINT (8.950449790000050 53.057933939000065)",Unfall 178595 (2020) Kat:3, Licht: 0,178595,3,2,5,11,15,4,0,0,1,1,0,0,0,0
"POINT (8.764842806000047 53.085434331000044)",Unfall 178596 (2020) Kat:2, Licht: 1,178596,2,4,6,12,07,4,0,1,0,1,1,0,0,0
"POINT (8.950417931000061 53.057935478000047)",Unfall 178597 (2020) Kat:3, Licht: 2,178597,3,1,8,10,22,7,1,2,0,1,0,0,0,0
"POINT (8.569132060000072 53.181239863000030)",Unfall 178598 (2020) Kat:3, Licht: 0,178598,3,4,6,12,14,4,0,0,0,1,1,0,0,0
"POINT (8.919938944000023 53.059583137000061)",Unfall 178599 (2020) Kat:3, Licht: 2,178599,3,2,3,11,17,4,0,2,1,1,0,0,0,0
"POINT (8.567533284000035 53.194385099000044)",Unfall 178600 (2020) Kat:2, Licht: 2,178600,2,2,5,12,17,4,1,2,0,1,0,1,0,0
"POINT (8.883085669000025 53.074106375000042)",Unfall 178602 (2020) Kat:3, Licht: 0,178602,3,4,6,10,11,7,0,0,1,0,1,0,0,0
"POINT (8.887818140000036 53.034652033000043)",Unfall 178603 (2020) Kat:3, Licht: 0,178603,3,3,5,11,13,4,0,0,0,0,0,1,0,1
"POINT (8.884348844000044 53.071888351000041)",Unfall 178604 (2020) Kat:3, Licht: 2,178604,3,7,0,12,06,3,0,2,1,0,0,0,0,0
"POINT (8.893415566000044 53.110473708000029)",Unfall 178605 (2020) Kat:3, Licht: 0,178605,3,6,4,11,08,4,0,0,1,1,0,0,0,1
"POINT (8.817668927000057 53.078488845000038)",Unfall 178606 (2020) Kat:3, Licht: 0,178606,3,3,5,12,13,6,0,0,1,1,0,0,0,0
"POINT (8.752537558000029 53.112202076000074)",Unfall 178607 (2020) Kat:2, Licht: 0,178607,2,4,6,11,13,4,0,0,0,1,1,0,0,0
"POINT (8.879982997000070 53.102406154000050)",Unfall 178609 (2020) Kat:3, Licht: 2,178609,3,7,1,12,17,7,1,2,0,1,0,0,0,0
"POINT (8.858190369000056 53.136275829000056)",Unfall 178610 (2020) Kat:3, Licht: 0,178610,3,6,3,11,14,3,0,0,1,0,0,0,0,0
"POINT (8.801814427000068 53.067810517000055)",Unfall 178611 (2020) Kat:3, Licht: 0,178611,3,2,5,11,16,3,0,0,1,0,0,0,0,1
"POINT (8.769602468000073 53.116018875000066)",Unfall 178612 (2020) Kat:3, Licht: 2,178612,3,2,6,12,02,3,0,2,0,1,1,0,0,0
"POINT (8.778354947000025 53.067230028000040)",Unfall 178613 (2020) Kat:3, Licht: 0,178613,3,1,7,10,10,7,1,0,0,1,0,0,0,0
"POINT (8.630328488000032 53.156505160000052)",Unfall 178614 (2020) Kat:2, Licht: 0,178614,2,1,0,12,12,3,1,0,1,0,0,0,0,0
"POINT (8.887912641000071 53.109132320000072)",Unfall 178615 (2020) Kat:3, Licht: 0,178615,3,6,2,11,14,3,0,0,1,0,0,0,0,0
"POINT (8.873649509000074 53.079012257000045)",Unfall 178616 (2020) Kat:3, Licht: 1,178616,3,3,5,12,09,3,1,1,1,1,0,0,0,0
"POINT (8.856239215000073 53.088906135000059)",Unfall 178617 (2020) Kat:3, Licht: 0,178617,3,3,5,12,09,5,1,0,1,0,0,1,0,0
"POINT (8.889234665000060 53.086354280000080)",Unfall 178619 (2020) Kat:3, Licht: 0,178619,3,3,5,11,07,3,1,0,1,1,0,0,0,0
"POINT (8.817797988000052 53.083544560000064)",Unfall 178620 (2020) Kat:3, Licht: 2,178620,3,3,5,12,20,3,1,2,1,1,0,0,0,0
"POINT (8.899281444000053 53.042813228000057)",Unfall 178621 (2020) Kat:3, Licht: 0,178621,3,3,5,11,14,3,0,0,1,1,0,0,0,0
"POINT (8.914080055000056 53.068238415000053)",Unfall 178622 (2020) Kat:3, Licht: 0,178622,3,2,5,12,13,6,0,0,1,1,0,0,0,0
"POINT (8.914373536000028 53.059819509000079)",Unfall 178624 (2020) Kat:3, Licht: 2,178624,3,6,2,11,04,3,0,2,0,1,0,0,1,0
"POINT (8.572375318000070 53.197564417000081)",Unfall 178625 (2020) Kat:3, Licht: 0,178625,3,5,1,11,14,3,0,0,1,1,0,0,0,0
"POINT (8.887900240000022 53.066772088000050)",Unfall 178626 (2020) Kat:2, Licht: 2,178626,2,3,5,12,21,2,0,2,1,1,0,0,0,0
"POINT (8.853475455000023 53.093527713000071)",Unfall 178629 (2020) Kat:3, Licht: 0,178629,3,3,5,11,15,6,0,0,1,1,0,0,0,0
"POINT (8.880566333000047 53.076725568000029)",Unfall 178630 (2020) Kat:3, Licht: 1,178630,3,6,2,11,16,3,0,1,0,1,0,0,0,0
"POINT (8.862578009000060 53.099323696000056)",Unfall 178632 (2020) Kat:3, Licht: 0,178632,3,6,4,12,14,3,1,0,1,1,0,0,0,0
"POINT (8.883543367000073 53.056775088000052)",Unfall 178634 (2020) Kat:3, Licht: 2,178634,3,6,4,11,19,3,0,2,0,1,0,0,0,0
"POINT (8.819522742000061 53.080553851000047)",Unfall 178635 (2020) Kat:3, Licht: 2,178635,3,2,5,12,17,2,1,2,1,1,0,0,0,0
"POINT (8.814041263000036 53.100392514000077)",Unfall 178636 (2020) Kat:3, Licht: 2,178636,3,4,6,10,06,6,0,2,0,0,1,0,0,1
"POINT (8.808567361000030 53.082926969000027)",Unfall 178638 (2020) Kat:3, Licht: 2,178638,3,3,5,11,19,3,0,2,0,1,0,0,0,1
"POINT (8.802090170000042 53.086506742000040)",Unfall 178639 (2020) Kat:3, Licht: 2,178639,3,6,1,12,20,2,1,2,0,1,0,0,0,0
"POINT (8.792799765000041 53.069089851000058)",Unfall 178641 (2020) Kat:3, Licht: 0,178641,3,3,5,10,14,6,1,0,1,1,0,0,0,0
"POINT (8.902610702000061 53.126734533000047)",Unfall 178642 (2020) Kat:3, Licht: 1,178642,3,3,5,11,16,2,0,1,1,1,0,0,0,0
"POINT (8.872885929000063 53.091336569000077)",Unfall 178643 (2020) Kat:3, Licht: 0,178643,3,2,5,12,07,2,0,0,1,1,0,0,0,0
"POINT (8.571851211000023 53.196112175000053)",Unfall 178644 (2020) Kat:3, Licht: 2,178644,3,3,5,11,07,2,1,2,0,1,0,0,0,0
"POINT (8.890125156000067 53.084254592000036)",Unfall 178645 (2020) Kat:3, Licht: 0,178645,3,2,5,12,15,5,0,0,1,1,0,0,0,0
"POINT (8.567533597000022 53.194385246000081)",Unfall 178647 (2020) Kat:2, Licht: 1,178647,2,2,5,11,07,2,0,1,0,1,0,0,0,0
"POINT (8.783936168000025 53.075732346000052)",Unfall 178648 (2020) Kat:2, Licht: 0,178648,2,7,0,11,09,2,0,0,1,0,0,0,0,0
"POINT (8.752174297000067 53.112787648000051)",Unfall 178649 (2020) Kat:3, Licht: 0,178649,3,3,5,12,13,7,1,0,1,1,0,0,0,0
"POINT (8.875477020000062 53.101416418000042)",Unfall 178650 (2020) Kat:3, Licht: 2,178650,3,6,2,10,19,6,1,2,0,1,0,0,0,0
"POINT (8.736718794000069 53.133665964000045)",Unfall 178651 (2020) Kat:3, Licht: 0,178651,3,3,5,11,13,6,0,0,1,1,0,0,0,0
"POINT (8.848493106000035 53.065935450000040)",Unfall 178652 (2020) Kat:3, Licht: 0,178652,3,6,2,11,07,2,1,0,0,1,0,0,0,1
"POINT (8.618021282000029 53.174577364000072)",Unfall 178653 (2020) Kat:3, Licht: 0,178653,3,1,0,12,09,6,1,0,1,0,0,0,0,0
"POINT (8.884022204000075 53.050728955000068)",Unfall 178654 (2020) Kat:3, Licht: 0,178654,3,6,2,11,15,2,0,0,0,1,0,0,0,0
"POINT (8.937944565000066 53.075596290000078)",Unfall 178655 (2020) Kat:3, Licht: 0,178655,3,6,4,12,15,2,1,0,0,1,0,0,0,0
"POINT (8.844129298000041 53.075400834000050)",Unfall 178656 (2020) Kat:3, Licht: 2,178656,3,6,1,10,19,6,1,2,0,1,0,0,0,0
"POINT (8.686021804000063 53.173839667000038)",Unfall 178657 (2020) Kat:3, Licht: 0,178657,3,4,6,11,12,2,0,0,0,1,1,0,0,0
"POINT (8.896320025000023 53.079259440000044)",Unfall 178659 (2020) Kat:3, Licht: 1,178659,3,6,2,12,15,2,1,1,0,1,0,0,0,0
"POINT (8.856942800000070 53.072793255000079)",Unfall 178660 (2020) Kat:3, Licht: 0,178660,3,7,2,11,12,1,0,0,0,1,0,0,0,0
"POINT (8.733893570000021 53.041387358000065)",Unfall 178663 (2020) Kat:3, Licht: 2,178663,3,4,6,11,17,1,1,2,0,1,1,0,0,0
"POINT (8.712693011000056 53.169780845000048)",Unfall 178664 (2020) Kat:3, Licht: 0,178664,3,6,2,12,14,6,0,0,0,1,0,0,0,0
"POINT (8.893156397000041 53.114471978000040)",Unfall 178666 (2020) Kat:3, Licht: 0,178666,3,7,0,12,10,6,0,0,1,0,0,0,0,0
"POINT (8.796705976000055 53.076220823000028)",Unfall 178667 (2020) Kat:3, Licht: 0,178667,3,7,0,10,14,6,1,0,0,0,0,0,0,1
"POINT (8.823235856000053 53.076327635000041)",Unfall 178670 (2020) Kat:2, Licht: 0,178670,2,7,0,12,10,5,1,0,1,0,0,0,0,0
"POINT (8.876747369000043 53.065903887000047)",Unfall 178671 (2020) Kat:3, Licht: 2,178671,3,6,1,11,20,7,0,2,0,1,0,0,0,0
"POINT (8.758091798000066 53.116768277000062)",Unfall 178672 (2020) Kat:3, Licht: 2,178672,3,6,3,12,21,7,1,2,0,1,0,0,0,1
"POINT (8.782923228000072 53.094050949000064)",Unfall 178673 (2020) Kat:3, Licht: 2,178673,3,3,5,10,19,6,1,2,0,1,0,0,0,0
"POINT (8.847903288000055 53.086736137000059)",Unfall 178674 (2020) Kat:2, Licht: 2,178674,2,7,0,11,23,7,1,2,1,0,0,0,0,0
"POINT (8.875198114000057 53.082305041000041)",Unfall 178676 (2020) Kat:3, Licht: 2,178676,3,3,5,10,18,6,1,2,0,1,0,0,0,0
"POINT (8.943599516000063 53.038010688000043)",Unfall 178677 (2020) Kat:3, Licht: 2,178677,3,4,6,12,16,3,1,2,0,1,1,0,0,0
"POINT (8.809089309000058 53.083271922000051)",Unfall 178678 (2020) Kat:2, Licht: 0,178678,2,7,0,11,12,7,1,0,1,0,0,0,0,0
"POINT (8.714343572000075 53.180154917000038)",Unfall 178679 (2020) Kat:3, Licht: 2,178679,3,6,2,12,18,4,1,2,0,1,0,0,0,0
"POINT (8.782186376000027 53.066804044000037)",Unfall 178680 (2020) Kat:3, Licht: 0,178680,3,2,3,12,13,5,0,0,1,1,0,0,0,0
"POINT (8.807992965000040 53.070199406000029)",Unfall 178681 (2020) Kat:3, Licht: 0,178681,3,4,6,10,16,6,1,0,0,1,1,0,0,0
"POINT (8.781331227000067 53.101257610000062)",Unfall 178682 (2020) Kat:3, Licht: 0,178682,3,1,1,12,10,4,0,0,0,1,0,0,0,0
"POINT (8.802133425000022 53.077769002000082)",Unfall 178683 (2020) Kat:3, Licht: 2,178683,3,3,5,10,17,6,1,2,0,1,0,0,0,0
"POINT (8.812192255000070 53.089770680000072)",Unfall 178684 (2020) Kat:3, Licht: 2,178684,3,3,5,12,17,4,1,2,1,1,0,0,0,0
"POINT (8.739256469000054 53.117277171000069)",Unfall 178685 (2020) Kat:3, Licht: 2,178685,3,7,0,11,18,7,1,2,0,1,0,0,0,0
"POINT (8.739517809000063 53.136378367000077)",Unfall 178686 (2020) Kat:3, Licht: 0,178686,3,6,2,12,15,4,1,0,0,1,0,0,0,0
"POINT (8.837376410000047 53.037850045000027)",Unfall 178687 (2020) Kat:3, Licht: 0,178687,3,2,5,11,12,7,1,0,0,1,0,0,0,0
"POINT (8.754389265000043 53.120007586000042)",Unfall 178688 (2020) Kat:3, Licht: 2,178688,3,6,2,12,18,6,1,2,0,1,0,0,0,0
"POINT (8.786211877000028 53.103063036000037)",Unfall 178689 (2020) Kat:3, Licht: 0,178689,3,6,2,10,13,6,1,0,1,0,0,0,0,0
"POINT (8.935143662000030 53.058754620000059)",Unfall 178690 (2020) Kat:3, Licht: 0,178690,3,2,5,11,14,6,1,0,1,1,0,0,0,0
"POINT (8.824888135000037 53.084644674000060)",Unfall 178692 (2020) Kat:3, Licht: 0,178692,3,3,5,11,15,6,0,0,1,1,0,0,0,0
"POINT (8.855926587000056 53.081926215000067)",Unfall 178694 (2020) Kat:3, Licht: 0,178694,3,6,2,11,13,6,1,0,0,1,0,0,0,0
"POINT (8.769569889000024 53.113140143000066)",Unfall 178695 (2020) Kat:3, Licht: 0,178695,3,3,5,11,09,6,0,0,1,1,0,0,0,0
"POINT (8.776314371000069 53.104612853000049)",Unfall 178696 (2020) Kat:3, Licht: 0,178696,3,1,0,12,08,3,1,0,1,0,0,0,0,0
"POINT (8.755490063000025 53.120236776000070)",Unfall 178697 (2020) Kat:3, Licht: 0,178697,3,7,4,10,14,6,1,0,1,1,0,0,0,0
"POINT (8.875063388000058 53.082120980000070)",Unfall 178698 (2020) Kat:3, Licht: 2,178698,3,4,6,12,19,3,1,2,0,1,1,0,0,0
"POINT (8.847899040000073 53.050541015000078)",Unfall 178699 (2020) Kat:3, Licht: 0,178699,3,2,5,11,12,6,1,0,1,1,0,0,0,0
"POINT (8.584397686000045 53.181381058000056)",Unfall 178700 (2020) Kat:3, Licht: 0,178700,3,3,5,12,15,2,1,0,0,1,0,0,0,0
"POINT (8.769131167000069 53.110821417000068)",Unfall 178701 (2020) Kat:3, Licht: 2,178701,3,6,1,12,19,4,0,2,0,1,0,0,0,0
"POINT (8.704883213000073 53.175689842000054)",Unfall 178702 (2020) Kat:3, Licht: 0,178702,3,1,4,10,12,6,1,0,0,1,0,0,0,0
"POINT (8.828856624000025 53.034265203000075)",Unfall 178703 (2020) Kat:3, Licht: 2,178703,3,2,3,11,06,6,0,2,0,1,0,1,0,0
"POINT (8.744745247000026 53.128385650000041)",Unfall 178706 (2020) Kat:3, Licht: 0,178706,3,5,1,12,10,5,1,0,0,1,0,1,0,0
"POINT (8.837920641000039 53.071869293000077)",Unfall 178708 (2020) Kat:3, Licht: 0,178708,3,3,0,11,12,5,1,0,1,1,0,0,0,1
"POINT (8.878315198000053 53.079216906000056)",Unfall 178709 (2020) Kat:3, Licht: 0,178709,3,5,2,12,10,3,0,0,0,1,0,0,0,0
"POINT (8.750371948000066 53.083792881000079)",Unfall 178710 (2020) Kat:3, Licht: 0,178710,3,2,5,11,14,5,1,0,0,1,0,0,0,0
"POINT (8.952861076000033 53.069142586000055)",Unfall 178711 (2020) Kat:3, Licht: 2,178711,3,4,6,12,17,6,1,2,0,1,1,0,0,0
"POINT (8.858855381000069 53.028883627000027)",Unfall 178712 (2020) Kat:3, Licht: 0,178712,3,6,2,11,14,5,0,0,0,1,0,0,0,0
"POINT (8.825534274000063 53.038079151000034)",Unfall 178713 (2020) Kat:3, Licht: 1,178713,3,7,0,11,07,5,0,1,0,0,1,0,0,1
"POINT (8.607023701000060 53.176227032000043)",Unfall 178714 (2020) Kat:2, Licht: 0,178714,2,7,0,12,14,2,0,0,1,1,0,0,0,0
"POINT (8.760198443000036 53.087981937000052)",Unfall 178716 (2020) Kat:3, Licht: 2,178716,3,3,5,12,18,2,0,2,0,1,0,1,0,0
"POINT (8.578557864000061 53.207213575000026)",Unfall 178718 (2020) Kat:2, Licht: 2,178718,2,4,6,12,18,1,0,2,0,1,1,0,0,0
"POINT (8.893465413000058 53.079300600000067)",Unfall 178719 (2020) Kat:3, Licht: 2,178719,3,1,0,12,16,3,1,2,0,0,0,1,0,0
"POINT (8.803756006000072 53.080259377000061)",Unfall 178721 (2020) Kat:3, Licht: 2,178721,3,4,6,11,17,4,1,2,0,1,1,0,0,0
"POINT (8.880669365000074 53.101677454000082)",Unfall 178722 (2020) Kat:3, Licht: 2,178722,3,3,5,12,15,2,1,2,1,1,0,0,0,0
"POINT (8.799967346000074 53.065233679000073)",Unfall 178723 (2020) Kat:3, Licht: 0,178723,3,3,5,11,09,4,1,0,0,1,0,1,0,0
"POINT (8.799756447000050 53.070481810000047)",Unfall 178724 (2020) Kat:3, Licht: 0,178724,3,3,5,12,10,5,0,0,1,1,0,0,0,0
"POINT (8.772123105000048 53.094641921000061)",Unfall 178726 (2020) Kat:3, Licht: 2,178726,3,3,5,11,05,4,1,2,0,1,0,0,0,0
"POINT (8.688404016000050 53.169673311000054)",Unfall 178727 (2020) Kat:3, Licht: 0,178727,3,3,5,11,10,4,0,0,1,1,0,0,0,0
"POINT (8.796999142000061 53.076438722000034)",Unfall 178728 (2020) Kat:3, Licht: 2,178728,3,2,4,12,18,7,1,2,1,1,0,0,0,0
"POINT (8.893229541000039 53.047142367000049)",Unfall 178730 (2020) Kat:3, Licht: 2,178730,3,3,5,11,18,5,0,2,1,1,0,0,0,0
"POINT (8.843078930000047 53.055550700000026)",Unfall 178731 (2020) Kat:3, Licht: 0,178731,3,2,3,11,15,4,0,0,1,1,0,0,0,0
"POINT (8.807564226000068 53.099700994000045)",Unfall 178732 (2020) Kat:3, Licht: 0,178732,3,3,5,11,12,3,1,0,1,0,0,0,0,1
"POINT (8.887777923000044 53.071542449000049)",Unfall 178733 (2020) Kat:3, Licht: 2,178733,3,6,6,11,05,3,1,2,1,0,1,0,0,0
"POINT (8.751262436000047 53.110847450000051)",Unfall 178734 (2020) Kat:3, Licht: 2,178734,3,2,5,12,06,2,1,2,0,1,0,0,0,0