WKT,Name,OBJECTID,UKATEGORIE,UTYP1,UART,UMONAT,USTUNDE,UWOCHENTAG,STRZUSTAND,ULICHTVERH,ISTRAD,ISTPKW,ISTFUSS,ISTKRAD,ISTGKFZ,ISTSONSTIG
"POINT (8.803113962000055 53.069759456000043)",Unfall 178736 (2020) Kat:3, Licht: 0,178736,3,7,6,12,13,7,0,0,1,0,1,0,0,0
"POINT (8.910608646000071 53.096127763000027)",Unfall 178737 (2020) Kat:3, Licht: 1,178737,3,1,8,11,07,5,0,1,1,0,0,0,0,0
"POINT (8.732396383000037 53.058289496000043)",Unfall 178738 (2020) Kat:2, Licht: 0,178738,2,3,5,11,14,3,1,0,1,1,0,0,0,0
"POINT (8.836863459000028 53.038111362000052)",Unfall 178739 (2020) Kat:3, Licht: 0,178739,3,6,2,12,10,7,1,0,0,1,0,0,1,0
"POINT (8.821958782000024 53.072823327000037)",Unfall 178740 (2020) Kat:3, Licht: 0,178740,3,7,0,12,13,3,1,0,1,1,0,0,0,0
"POINT (8.574389001000043 53.181465874000082)",Unfall 178741 (2020) Kat:3, Licht: 0,178741,3,3,5,11,08,3,1,0,0,1,0,1,0,0
"POINT (8.853504487000066 53.064899738000065)",Unfall 178742 (2020) Kat:3, Licht: 2,178742,3,6,2,12,21,2,1,2,0,1,0,0,0,0
"POINT (8.882065003000037 53.106725261000065)",Unfall 178744 (2020) Kat:3, Licht: 0,178744,3,3,5,11,12,3,1,0,1,1,0,0,0,0
"POINT (8.784013374000040 53.075680062000060)",Unfall 178745 (2020) Kat:3, Licht: 1,178745,3,2,5,12,16,4,0,1,1,0,0,0,1,0
"POINT (8.844713113000069 53.076640016000056)",Unfall 178747 (2020) Kat:3, Licht: 2,178747,3,7,0,11,18,3,0,2,1,0,0,0,0,0
"POINT (8.742974433000029 53.091581297000062)",Unfall 178748 (2020) Kat:3, Licht: 0,178748,3,3,5,12,11,5,0,0,0,1,0,0,0,0
"POINT (8.719489614000054 53.173783849000074)",Unfall 178749 (2020) Kat:3, Licht: 2,178749,3,4,6,11,07,3,1,2,0,1,1,0,0,0
"POINT (8.858686781000074 53.102822874000026)",Unfall 178750 (2020) Kat:3, Licht: 2,178750,3,4,6,12,07,6,1,2,0,1,1,0,0,0
"POINT (8.869136677000029 53.074603624000076)",Unfall 178751 (2020) Kat:3, Licht: 2,178751,3,4,6,10,20,5,1,2,0,1,1,0,0,0
"POINT (8.837189728000055 53.037944478000043)",Unfall 178752 (2020) Kat:3, Licht: 2,178752,3,3,5,11,21,5,0,2,0,1,0,0,0,0
"POINT (8.827366961000053 53.079834257000073)",Unfall 178753 (2020) Kat:3, Licht: 0,178753,3,3,5,11,14,3,1,0,1,1,0,0,0,0
"POINT (8.733776654000053 53.058441642000048)",Unfall 178754 (2020) Kat:3, Licht: 2,178754,3,3,5,12,17,4,1,2,0,1,1,0,0,0
"POINT (8.823994753000022 53.070500343000049)",Unfall 178755 (2020) Kat:3, Licht: 2,178755,3,1,0,11,20,2,1,2,0,0,0,1,0,0
"POINT (8.875258710000026 53.082307655000079)",Unfall 178756 (2020) Kat:3, Licht: 0,178756,3,2,5,11,14,3,1,0,1,1,0,0,0,0
"POINT (8.804351883000038 53.080767062000064)",Unfall 178757 (2020) Kat:3, Licht: 2,178757,3,2,5,12,19,7,0,2,0,1,0,0,0,1
"POINT (8.605572805000065 53.184573324000041)",Unfall 178758 (2020) Kat:3, Licht: 2,178758,3,6,3,12,19,6,0,2,0,1,0,1,0,0
"POINT (8.961162448000039 53.050717442000064)",Unfall 178759 (2020) Kat:3, Licht: 2,178759,3,6,2,11,17,2,0,2,0,1,0,0,0,0
"POINT (8.786590199000045 53.089403044000051)",Unfall 178760 (2020) Kat:3, Licht: 0,178760,3,2,5,11,15,2,0,0,0,1,0,0,0,1
"POINT (8.894529627000054 53.046267618000059)",Unfall 178761 (2020) Kat:3, Licht: 2,178761,3,7,0,12,19,7,1,2,0,0,0,1,0,0
"POINT (8.636741440000037 53.173220749000052)",Unfall 178762 (2020) Kat:3, Licht: 2,178762,3,6,2,10,18,5,1,2,0,1,0,0,0,0
"POINT (8.897866217000058 53.059330740000064)",Unfall 178764 (2020) Kat:3, Licht: 1,178764,3,3,6,12,07,4,0,1,0,1,1,0,0,0
"POINT (8.624512527000036 53.177209371000060)",Unfall 178765 (2020) Kat:3, Licht: 2,178765,3,4,6,10,06,5,1,2,0,1,1,0,0,0
"POINT (8.829738245000044 53.089518010000063)",Unfall 178766 (2020) Kat:3, Licht: 0,178766,3,6,2,12,11,4,1,0,0,1,0,0,0,0
"POINT (8.778632209000023 53.094397126000047)",Unfall 178768 (2020) Kat:2, Licht: 2,178768,2,2,6,12,19,4,1,2,0,1,1,0,0,0
"POINT (8.812300555000036 53.073014123000064)",Unfall 178769 (2020) Kat:3, Licht: 0,178769,3,6,2,11,16,1,0,0,0,1,0,0,0,0
"POINT (8.807845316000055 53.099743691000072)",Unfall 178770 (2020) Kat:3, Licht: 0,178770,3,6,3,12,14,6,1,0,0,1,0,1,0,0
"POINT (8.780422647000023 53.063568956000040)",Unfall 178771 (2020) Kat:3, Licht: 0,178771,3,3,5,10,10,5,0,0,0,1,0,0,0,0
"POINT (8.828505685000039 53.068805647000033)",Unfall 178772 (2020) Kat:3, Licht: 2,178772,3,6,2,11,18,1,1,2,0,1,0,0,0,0
"POINT (8.830323804000045 53.071622675000071)",Unfall 178773 (2020) Kat:3, Licht: 0,178773,3,5,1,12,10,3,1,0,1,1,0,0,0,0
"POINT (8.807333623000034 53.074169140000038)",Unfall 178774 (2020) Kat:2, Licht: 0,178774,2,7,0,11,08,2,0,0,1,0,0,0,0,0
"POINT (8.627200872000060 53.170171588000073)",Unfall 178775 (2020) Kat:3, Licht: 2,178775,3,6,4,11,18,7,1,2,0,1,0,0,0,0
"POINT (8.753488354000069 53.120790360000058)",Unfall 178777 (2020) Kat:2, Licht: 2,178777,2,4,6,11,18,7,0,2,0,1,1,0,0,0
"POINT (8.584545739000021 53.181409663000068)",Unfall 178778 (2020) Kat:3, Licht: 2,178778,3,3,5,11,19,7,1,2,0,1,0,0,0,0
"POINT (8.831098220000058 53.081375728000069)",Unfall 178780 (2020) Kat:3, Licht: 0,178780,3,1,0,10,12,5,0,0,0,0,0,0,0,1
"POINT (8.808203016000050 53.099636595000050)",Unfall 178782 (2020) Kat:3, Licht: 0,178782,3,6,2,11,14,6,0,0,0,1,0,0,0,1
"POINT (8.751668433000077 53.163965055000062)",Unfall 178783 (2020) Kat:3, Licht: 0,178783,3,5,1,12,14,2,1,0,0,1,0,0,0,0
"POINT (8.711179715000071 53.179307046000076)",Unfall 178784 (2020) Kat:3, Licht: 2,178784,3,2,5,11,17,6,0,2,0,1,0,1,0,0
"POINT (8.765218448000042 53.127280424000048)",Unfall 178785 (2020) Kat:3, Licht: 0,178785,3,3,5,11,15,6,0,0,1,1,0,0,0,0
"POINT (8.847726609000063 53.050537118000079)",Unfall 178786 (2020) Kat:2, Licht: 1,178786,2,3,5,12,17,3,0,1,0,1,0,0,0,0
"POINT (8.736061768000070 53.044686838000075)",Unfall 178787 (2020) Kat:3, Licht: 0,178787,3,3,5,10,16,5,0,0,1,1,0,0,0,0
"POINT (8.702031511000030 53.167708117000075)",Unfall 178788 (2020) Kat:3, Licht: 2,178788,3,2,6,12,17,3,1,2,0,1,1,0,0,0
"POINT (8.808144538000022 53.083141524000041)",Unfall 178789 (2020) Kat:2, Licht: 0,178789,2,4,6,11,10,6,1,0,0,0,1,0,0,1
"POINT (8.840318795000030 53.081501005000064)",Unfall 178790 (2020) Kat:3, Licht: 1,178790,3,3,5,12,08,3,1,1,1,1,0,0,0,0
"POINT (8.579124170000057 53.183311801000059)",Unfall 178791 (2020) Kat:2, Licht: 2,178791,2,7,0,12,18,5,1,2,1,0,0,0,0,0
"POINT (8.864134618000037 53.094353341000044)",Unfall 178792 (2020) Kat:3, Licht: 0,178792,3,7,0,10,10,5,1,0,1,0,0,0,0,0
"POINT (8.850197605000062 53.026153660000034)",Unfall 178793 (2020) Kat:3, Licht: 0,178793,3,7,4,11,15,6,1,0,1,0,0,0,0,0
"POINT (8.687960212000064 53.169878363000066)",Unfall 178794 (2020) Kat:3, Licht: 2,178794,3,3,5,12,18,3,1,2,0,1,0,1,0,0
"POINT (8.892092866000041 53.047971327000027)",Unfall 178795 (2020) Kat:3, Licht: 0,178795,3,3,5,11,11,2,1,0,1,1,0,0,0,0
"POINT (8.798019198000077 53.063828737000051)",Unfall 178796 (2020) Kat:3, Licht: 0,178796,3,7,1,11,09,6,0,0,1,1,0,0,0,0
"POINT (8.545700798000041 53.189191247000053)",Unfall 178797 (2020) Kat:2, Licht: 0,178797,2,7,0,12,13,6,0,0,0,0,0,0,0,1
"POINT (8.844197757000075 53.075496021000049)",Unfall 178799 (2020) Kat:3, Licht: 2,178799,3,3,4,11,18,6,1,2,1,0,0,0,0,1
"POINT (8.886633913000026 53.079182980000041)",Unfall 178800 (2020) Kat:2, Licht: 0,178800,2,3,5,11,08,6,0,0,1,1,0,0,0,0
"POINT (8.870101319000071 53.080677199000036)",Unfall 178801 (2020) Kat:3, Licht: 1,178801,3,3,5,12,08,2,1,1,1,1,0,0,0,0
"POINT (8.755236973000024 53.119269205000080)",Unfall 178802 (2020) Kat:3, Licht: 0,178802,3,3,5,10,15,5,1,0,0,1,0,0,0,1
"POINT (8.799009915000056 53.079423244000054)",Unfall 178803 (2020) Kat:3, Licht: 2,178803,3,3,5,12,18,1,1,2,0,1,0,0,0,1
"POINT (8.799088050000023 53.069783653000059)",Unfall 178804 (2020) Kat:3, Licht: 2,178804,3,7,0,11,16,5,0,2,0,0,0,0,0,1
"POINT (8.891883956000072 53.081070015000080)",Unfall 178805 (2020) Kat:3, Licht: 0,178805,3,3,5,11,13,6,0,0,0,1,0,0,0,0
"POINT (8.964151043000072 53.062316532000068)",Unfall 178807 (2020) Kat:3, Licht: 1,178807,3,3,5,12,07,3,1,1,1,1,0,0,0,0
"POINT (8.817053963000035 53.078797304000034)",Unfall 178808 (2020) Kat:3, Licht: 0,178808,3,7,2,10,08,5,1,0,1,1,0,0,0,0
"POINT (8.823315179000076 53.031238565000081)",Unfall 178810 (2020) Kat:3, Licht: 2,178810,3,7,5,12,07,2,1,2,0,1,0,0,0,0
"POINT (8.838819338000064 53.080465885000081)",Unfall 178811 (2020) Kat:3, Licht: 0,178811,3,7,0,12,15,4,0,0,1,1,0,0,0,0
"POINT (8.736327171000028 53.059088041000052)",Unfall 178812 (2020) Kat:3, Licht: 2,178812,3,3,5,10,19,5,1,2,0,1,0,0,0,1
"POINT (8.823669284000062 53.077977717000067)",Unfall 178814 (2020) Kat:3, Licht: 1,178814,3,3,5,12,07,2,0,1,1,1,0,0,0,0
"POINT (8.929521398000077 53.059073223000041)",Unfall 178815 (2020) Kat:3, Licht: 1,178815,3,3,5,11,16,5,1,1,1,1,0,0,0,0
"POINT (8.793346507000024 53.088704886000073)",Unfall 178816 (2020) Kat:2, Licht: 1,178816,2,1,0,12,08,5,1,1,1,0,0,0,0,0
"POINT (8.817420491000064 53.083446536000054)",Unfall 178818 (2020) Kat:3, Licht: 2,178818,3,3,5,11,17,5,1,2,0,1,0,0,0,1
"POINT (8.864457901000037 53.099429766000071)",Unfall 178819 (2020) Kat:3, Licht: 1,178819,3,6,4,11,16,5,1,1,1,1,0,0,0,0
"POINT (8.879817982000077 53.101604428000030)",Unfall 178821 (2020) Kat:3, Licht: 0,178821,3,1,0,10,11,5,0,0,1,0,0,0,0,0
"POINT (8.823034516000064 53.027124275000062)",Unfall 178822 (2020) Kat:3, Licht: 0,178822,3,6,3,12,12,6,0,0,1,1,0,0,0,0
"POINT (8.702211974000022 53.167700095000043)",Unfall 178823 (2020) Kat:3, Licht: 0,178823,3,2,5,11,15,5,0,0,0,1,0,0,0,1
"POINT (8.612415563000070 53.184354900000073)",Unfall 178824 (2020) Kat:3, Licht: 0,178824,3,2,2,11,13,5,1,0,0,1,0,0,0,0
"POINT (8.898101610000026 53.093534592000026)",Unfall 178825 (2020) Kat:3, Licht: 0,178825,3,4,6,12,14,6,1,0,0,1,1,0,0,0
"POINT (8.886983020000059 53.051089043000047)",Unfall 178826 (2020) Kat:3, Licht: 2,178826,3,1,9,11,01,1,0,2,0,1,0,0,0,0
"POINT (8.753024392000043 53.121196808000036)",Unfall 178828 (2020) Kat:3, Licht: 1,178828,3,6,2,12,17,2,1,1,0,1,0,0,0,0
"POINT (8.711028057000021 53.143169431000047)",Unfall 178829 (2020) Kat:3, Licht: 2,178829,3,3,5,11,16,1,0,2,1,1,0,0,0,0
"POINT (8.837920727000039 53.076751205000051)",Unfall 178830 (2020) Kat:3, Licht: 0,178830,3,5,1,11,11,4,1,0,1,1,0,0,0,0
"POINT (8.785543125000061 53.070927468000036)",Unfall 178831 (2020) Kat:3, Licht: 0,178831,3,6,1,12,10,4,0,0,0,1,0,0,0,0
"POINT (8.846923631000038 53.048303820000058)",Unfall 178833 (2020) Kat:3, Licht: 2,178833,3,3,0,11,06,4,1,2,1,1,0,0,0,0
"POINT (8.774033808000070 53.099714814000038)",Unfall 178835 (2020) Kat:2, Licht: 0,178835,2,7,0,11,11,4,1,0,1,0,0,0,0,0
"POINT (8.910584659000051 53.082604084000081)",Unfall 178836 (2020) Kat:3, Licht: 0,178836,3,2,5,11,14,4,0,0,0,1,0,0,0,0
"POINT (8.834780842000043 53.070390527000029)",Unfall 178839 (2020) Kat:3, Licht: 0,178839,3,1,0,11,12,4,1,0,1,0,0,0,0,0
"POINT (8.625126753000075 53.179657023000061)",Unfall 178840 (2020) Kat:2, Licht: 0,178840,2,2,4,12,11,6,1,0,1,1,0,0,0,0
"POINT (8.771570815000075 53.078177218000064)",Unfall 178842 (2020) Kat:3, Licht: 0,178842,3,1,8,12,13,6,0,0,1,0,0,0,0,0
"POINT (8.797481069000071 53.080592945000035)",Unfall 178843 (2020) Kat:3, Licht: 0,178843,3,3,5,10,11,5,0,0,1,1,0,0,0,0
"POINT (8.638151154000070 53.173240075000081)",Unfall 178844 (2020) Kat:3, Licht: 2,178844,3,3,5,11,17,5,1,2,0,1,0,0,0,0
"POINT (8.824708380000061 53.084124270000075)",Unfall 178845 (2020) Kat:3, Licht: 1,178845,3,7,1,11,07,3,0,1,1,1,0,0,0,0
"POINT (8.680308732000071 53.172289545000069)",Unfall 178846 (2020) Kat:3, Licht: 0,178846,3,6,2,12,13,5,1,0,0,1,0,0,0,0
"POINT (8.784663370000033 53.076163382000061)",Unfall 178847 (2020) Kat:3, Licht: 0,178847,3,7,1,11,12,3,0,0,0,1,0,0,1,0
"POINT (8.789295286000026 53.071011139000063)",Unfall 178848 (2020) Kat:2, Licht: 2,178848,2,6,3,12,18,7,1,2,0,1,0,0,0,1
"POINT (8.799588122000046 53.094621748000066)",Unfall 178849 (2020) Kat:3, Licht: 2,178849,3,7,2,10,18,5,1,2,1,1,0,0,0,0
"POINT (8.624434390000033 53.177167152000038)",Unfall 178850 (2020) Kat:3, Licht: 0,178850,3,6,2,11,07,3,0,0,1,0,0,1,0,0
"POINT (8.836208437000039 53.091051494000055)",Unfall 178852 (2020) Kat:3, Licht: 0,178852,3,7,0,10,08,5,1,0,1,0,0,0,0,0
"POINT (8.796452593000026 53.089450007000039)",Unfall 178854 (2020) Kat:3, Licht: 0,178854,3,6,3,11,11,3,0,0,0,1,0,0,0,0
"POINT (8.717536568000071 53.180737957000076)",Unfall 178855 (2020) Kat:3, Licht: 2,178855,3,6,4,12,06,4,1,2,0,1,0,0,0,0
"POINT (8.837396541000032 53.037840147000054)",Unfall 178856 (2020) Kat:3, Licht: 0,178856,3,2,3,12,08,5,1,0,1,0,0,0,1,0
"POINT (8.881506265000041 53.096985127000039)",Unfall 178858 (2020) Kat:2, Licht: 0,178858,2,2,5,11,09,3,0,0,1,1,0,0,0,0
"POINT (8.635994058000051 53.171279066000068)",Unfall 178859 (2020) Kat:3, Licht: 2,178859,3,3,5,12,18,3,1,2,1,1,0,0,0,0
"POINT (8.959178765000047 53.050724607000063)",Unfall 178860 (2020) Kat:3, Licht: 0,178860,3,4,6,11,11,7,0,0,0,1,1,0,0,0
"POINT (8.751084361000039 53.111427515000059)",Unfall 178861 (2020) Kat:3, Licht: 2,178861,3,4,6,12,23,6,0,2,0,1,1,0,0,0
"POINT (8.822650157000055 53.078572383000051)",Unfall 178863 (2020) Kat:3, Licht: 0,178863,3,6,2,11,08,2,1,0,0,1,0,0,0,1
"POINT (8.825126957000066 53.084350848000042)",Unfall 178864 (2020) Kat:3, Licht: 0,178864,3,2,2,12,10,4,0,0,1,1,0,0,0,0
"POINT (8.849911484000074 53.085078729000031)",Unfall 178865 (2020) Kat:2, Licht: 0,178865,2,4,6,11,14,2,0,0,0,0,1,0,0,1
"POINT (8.962649945000067 53.055075691000070)",Unfall 178866 (2020) Kat:3, Licht: 0,178866,3,6,2,12,12,7,0,0,0,1,0,0,0,0
"POINT (8.769125156000030 53.082740340000043)",Unfall 178867 (2020) Kat:3, Licht: 2,178867,3,5,1,11,04,2,0,2,0,1,0,0,0,0
"POINT (8.900123318000055 53.052704509000080)",Unfall 178868 (2020) Kat:3, Licht: 1,178868,3,4,6,11,06,2,1,1,0,1,1,0,0,0
"POINT (8.788435448000030 53.093958094000072)",Unfall 178869 (2020) Kat:3, Licht: 2,178869,3,3,0,12,20,3,0,2,1,1,0,0,0,0
"POINT (8.831384443000047 53.081224835000057)",Unfall 178871 (2020) Kat:2, Licht: 2,178871,2,7,0,12,22,3,0,2,0,0,0,0,0,1
"POINT (8.959404811000070 53.040983461000053)",Unfall 178872 (2020) Kat:3, Licht: 1,178872,3,2,5,11,15,2,0,1,0,1,0,0,0,0
"POINT (8.792364523000060 53.100760939000054)",Unfall 178874 (2020) Kat:3, Licht: 2,178874,3,7,0,12,07,4,0,2,1,1,0,0,0,0
"POINT (8.811248124000031 53.072393382000030)",Unfall 178875 (2020) Kat:3, Licht: 2,178875,3,6,2,10,18,4,1,2,0,1,0,0,0,0
"POINT (8.873389907000046 53.077836803000082)",Unfall 178876 (2020) Kat:2, Licht: 0,178876,2,7,0,11,15,1,0,0,1,0,0,0,0,0
"POINT (8.686107853000067 53.173144849000039)",Unfall 178877 (2020) Kat:3, Licht: 1,178877,3,4,6,12,15,3,1,1,0,1,1,0,0,0
"POINT (8.852310749000026 53.057199891000039)",Unfall 178878 (2020) Kat:3, Licht: 2,178878,3,6,2,11,17,7,0,2,0,1,0,0,0,0
"POINT (8.702282557000046 53.167692219000060)",Unfall 178879 (2020) Kat:3, Licht: 2,178879,3,7,0,12,19,6,0,2,0,0,0,0,0,1
"POINT (8.825220674000036 53.084411584000065)",Unfall 178881 (2020) Kat:3, Licht: 2,178881,3,3,5,11,17,7,0,2,1,0,0,0,0,1
"POINT (8.647640237000076 53.168271697000080)",Unfall 178882 (2020) Kat:3, Licht: 0,178882,3,3,3,11,13,7,0,0,0,1,0,0,0,0
"POINT (8.846761056000048 53.068350603000056)",Unfall 178883 (2020) Kat:3, Licht: 2,178883,3,2,5,12,07,2,1,2,1,0,0,0,0,1
"POINT (8.946124427000029 53.048713568000039)",Unfall 178884 (2020) Kat:3, Licht: 0,178884,3,2,5,10,12,4,0,0,1,1,0,0,0,0
"POINT (8.819083617000047 53.080265113000053)",Unfall 178887 (2020) Kat:3, Licht: 2,178887,3,2,5,12,17,6,0,2,1,1,0,0,0,0
"POINT (8.661440500000026 53.168242668000062)",Unfall 178889 (2020) Kat:3, Licht: 0,178889,3,7,1,11,12,6,0,0,0,1,0,1,0,0
"POINT (8.931810771000073 53.041118635000032)",Unfall 178890 (2020) Kat:3, Licht: 0,178890,3,3,5,12,11,2,0,0,1,1,0,0,0,0
"POINT (8.889598003000060 53.064499963000060)",Unfall 178891 (2020) Kat:3, Licht: 2,178891,3,6,2,10,17,4,1,2,0,1,0,0,0,0
"POINT (8.520945170000061 53.205176284000061)",Unfall 178892 (2020) Kat:3, Licht: 2,178892,3,4,6,12,16,2,1,2,0,1,1,0,0,0
"POINT (8.800933504000057 53.061742781000078)",Unfall 178893 (2020) Kat:3, Licht: 2,178893,3,7,0,11,20,6,0,2,0,0,0,0,0,1
"POINT (8.760177742000053 53.087987039000041)",Unfall 178894 (2020) Kat:3, Licht: 1,178894,3,3,5,12,07,2,1,1,0,1,0,1,0,0
"POINT (8.830805148000025 53.071451485000068)",Unfall 178895 (2020) Kat:3, Licht: 2,178895,3,1,0,12,19,3,1,2,0,0,0,1,0,0
"POINT (8.822478216000036 53.054114227000071)",Unfall 178896 (2020) Kat:3, Licht: 0,178896,3,7,0,10,08,4,0,0,1,0,0,0,0,0
"POINT (8.812536579000039 53.059106602000043)",Unfall 178897 (2020) Kat:3, Licht: 0,178897,3,6,2,11,13,6,0,0,1,1,0,0,0,0
"POINT (8.621188117000031 53.184009268000068)",Unfall 178898 (2020) Kat:3, Licht: 1,178898,3,1,0,12,19,2,0,1,1,0,0,0,0,0
"POINT (8.837388664000059 53.037844021000069)",Unfall 178899 (2020) Kat:2, Licht: 2,178899,2,2,5,11,17,7,0,2,0,1,0,0,0,0
"POINT (8.916011118000029 53.070875175000026)",Unfall 178900 (2020) Kat:3, Licht: 0,178900,3,4,6,11,12,6,0,0,1,0,1,0,0,0
"POINT (8.820758416000047 53.051223131000029)",Unfall 178901 (2020) Kat:3, Licht: 2,178901,3,2,5,12,18,5,1,2,0,1,0,1,0,0
"POINT (8.770467317000055 53.078640127000028)",Unfall 178905 (2020) Kat:3, Licht: 2,178905,3,7,6,12,16,7,1,2,0,1,1,0,0,0
"POINT (8.814639751000073 53.029744823000044)",Unfall 178906 (2020) Kat:3, Licht: 1,178906,3,6,2,10,17,4,1,1,0,1,0,0,0,0
"POINT (8.819445563000045 53.027644457000065)",Unfall 178907 (2020) Kat:3, Licht: 1,178907,3,7,0,11,17,5,1,1,0,0,0,0,0,1
"POINT (8.789711439000030 53.100787628000035)",Unfall 178908 (2020) Kat:3, Licht: 0,178908,3,7,9,11,11,5,0,0,1,0,0,0,0,0
"POINT (8.782158706000075 53.075638252000033)",Unfall 178909 (2020) Kat:3, Licht: 0,178909,3,3,5,12,12,6,1,0,1,1,0,0,0,0
"POINT (8.802151031000051 53.077759788000037)",Unfall 178910 (2020) Kat:3, Licht: 2,178910,3,4,6,11,18,5,0,2,0,1,1,0,0,0
"POINT (8.811495547000050 53.097069135000027)",Unfall 178911 (2020) Kat:3, Licht: 2,178911,3,5,1,11,18,5,0,2,0,1,0,0,0,0
"POINT (8.714152416000047 53.180233126000076)",Unfall 178912 (2020) Kat:3, Licht: 2,178912,3,2,4,11,20,5,0,2,0,1,0,0,0,0
"POINT (8.638152898000044 53.173284044000070)",Unfall 178914 (2020) Kat:3, Licht: 1,178914,3,3,5,12,07,3,1,1,0,1,0,0,0,0
"POINT (8.838417559000050 53.082164908000038)",Unfall 178915 (2020) Kat:3, Licht: 1,178915,3,2,3,11,08,5,0,1,1,1,0,0,0,0
"POINT (8.801091124000038 53.068300094000051)",Unfall 178916 (2020) Kat:2, Licht: 2,178916,2,7,1,12,18,2,1,2,1,1,0,0,0,0
"POINT (8.862822874000074 53.067871113000081)",Unfall 178917 (2020) Kat:3, Licht: 0,178917,3,4,6,11,16,4,0,0,0,1,1,0,0,0
"POINT (8.871639986000048 53.062288493000040)",Unfall 178920 (2020) Kat:3, Licht: 0,178920,3,3,5,11,14,4,0,0,1,1,0,0,0,0
"POINT (8.630639531000043 53.156890611000051)",Unfall 178921 (2020) Kat:2, Licht: 0,178921,2,1,0,12,14,6,2,0,1,0,0,0,0,0
"POINT (8.802610301000073 53.070376799000030)",Unfall 178922 (2020) Kat:3, Licht: 1,178922,3,3,5,11,16,4,0,1,1,0,0,0,0,0
"POINT (8.909677469000030 53.096530144000042)",Unfall 178923 (2020) Kat:3, Licht: 1,178923,3,1,5,12,07,6,1,1,1,1,0,0,0,0
"POINT (8.727016198000058 53.036295120000034)",Unfall 178924 (2020) Kat:3, Licht: 2,178924,3,3,5,10,18,4,1,2,0,1,0,0,0,0
"POINT (8.649191295000037 53.172445344000039)",Unfall 178925 (2020) Kat:3, Licht: 0,178925,3,3,5,11,14,5,1,0,1,1,0,0,0,0
"POINT (8.569203593000054 53.181226695000078)",Unfall 178926 (2020) Kat:3, Licht: 0,178926,3,1,8,11,12,4,0,0,0,1,0,0,0,0
"POINT (8.833342608000066 53.094522452000035)",Unfall 178927 (2020) Kat:3, Licht: 1,178927,3,7,0,12,16,4,1,1,1,0,0,0,0,0
"POINT (8.789296286000024 53.071010585000067)",Unfall 178928 (2020) Kat:3, Licht: 0,178928,3,3,4,11,08,4,0,0,1,1,0,0,0,0
"POINT (8.758855105000066 53.115993371000059)",Unfall 178929 (2020) Kat:3, Licht: 2,178929,3,2,5,12,21,7,1,2,1,1,0,0,0,0
"POINT (8.791217853000035 53.086011365000047)",Unfall 178930 (2020) Kat:3, Licht: 0,178930,3,6,2,11,12,4,0,0,0,1,0,0,1,0
"POINT (8.890579384000034 53.083546222000052)",Unfall 178931 (2020) Kat:3, Licht: 0,178931,3,1,8,12,15,3,1,0,0,1,0,0,0,0
"POINT (8.871780968000053 53.101853366000057)",Unfall 178932 (2020) Kat:3, Licht: 0,178932,3,2,5,10,07,4,1,0,1,0,0,0,0,0
"POINT (8.797951792000049 53.100846917000069)",Unfall 178933 (2020) Kat:3, Licht: 2,178933,3,6,2,12,21,3,1,2,0,1,0,0,0,0
"POINT (8.932739813000069 53.065142871000035)",Unfall 178935 (2020) Kat:3, Licht: 0,178935,3,3,5,10,07,4,0,0,1,1,0,0,0,0
"POINT (8.763564252000037 53.108984457000076)",Unfall 178936 (2020) Kat:3, Licht: 0,178936,3,2,5,11,08,4,0,0,1,1,0,0,0,0
"POINT (8.572733287000062 53.186247064000042)",Unfall 178937 (2020) Kat:3, Licht: 0,178937,3,6,2,12,12,4,0,0,1,1,0,0,0,0
"POINT (8.880889278000041 53.076760317000037)",Unfall 178938 (2020) Kat:2, Licht: 2,178938,2,4,6,10,17,4,1,2,0,1,1,0,0,0
"POINT (8.891887719000067 53.048741789000076)",Unfall 178939 (2020) Kat:3, Licht: 2,178939,3,6,2,12,17,4,1,2,0,1,0,0,0,0
"POINT (8.739755933000026 53.136578852000071)",Unfall 178941 (2020) Kat:3, Licht: 2,178941,3,3,6,12,16,4,1,2,0,1,1,0,0,0
"POINT (8.667591254000058 53.175134463000063)",Unfall 178942 (2020) Kat:3, Licht: 2,178942,3,3,0,11,17,3,1,2,0,1,0,1,0,0
"POINT (8.878867335000052 53.057194091000042)",Unfall 178943 (2020) Kat:3, Licht: 0,178943,3,3,5,12,14,6,0,0,1,1,0,0,0,0
"POINT (8.818183126000065 53.038814439000078)",Unfall 178945 (2020) Kat:3, Licht: 0,178945,3,2,5,11,14,3,0,0,1,1,0,0,0,0
"POINT (8.843325506000042 53.046055293000052)",Unfall 178946 (2020) Kat:3, Licht: 0,178946,3,7,6,12,13,3,0,0,0,1,1,0,0,0
"POINT (8.788931191000074 53.097708213000033)",Unfall 178947 (2020) Kat:3, Licht: 0,178947,3,3,5,11,13,3,0,0,1,0,0,0,1,0
"POINT (8.801448444000073 53.080839701000059)",Unfall 178949 (2020) Kat:3, Licht: 0,178949,3,6,3,11,16,3,1,0,1,0,0,0,0,0
"POINT (8.806379296000046 53.065083058000027)",Unfall 178950 (2020) Kat:2, Licht: 0,178950,2,3,5,11,15,3,0,0,1,1,0,0,0,0
"POINT (8.814054247000058 53.100412084000027)",Unfall 178951 (2020) Kat:2, Licht: 2,178951,2,6,4,12,07,3,1,2,1,0,0,0,0,1
"POINT (8.587256391000040 53.182655235000027)",Unfall 178952 (2020) Kat:3, Licht: 0,178952,3,3,5,10,14,3,0,0,0,1,0,0,0,1