WKT,Name,OBJECTID,UKATEGORIE,UTYP1,UART,UMONAT,USTUNDE,UWOCHENTAG,STRZUSTAND,ULICHTVERH,ISTRAD,ISTPKW,ISTFUSS,ISTKRAD,ISTGKFZ,ISTSONSTIG
"POINT (8.824541208000028 53.084185878000028)",Unfall 178954 (2020) Kat:3, Licht: 0,178954,3,3,5,11,08,3,0,0,1,0,0,0,1,0
"POINT (8.809169048000058 53.063416504000031)",Unfall 178955 (2020) Kat:3, Licht: 0,178955,3,7,0,12,12,2,0,0,0,0,0,0,0,1
"POINT (8.795764637000048 53.056155652000029)",Unfall 178956 (2020) Kat:2, Licht: 2,178956,2,2,5,12,16,4,0,2,1,0,0,0,1,0
"POINT (8.784861240000055 53.097382069000048)",Unfall 178957 (2020) Kat:3, Licht: 0,178957,3,5,1,10,11,3,0,0,1,1,0,0,0,0
"POINT (8.882065374000035 53.079097619000038)",Unfall 178958 (2020) Kat:3, Licht: 1,178958,3,3,5,11,16,3,0,1,1,1,0,0,0,0
"POINT (8.866623122000021 53.062231422000082)",Unfall 178960 (2020) Kat:3, Licht: 0,178960,3,2,4,11,14,3,0,0,1,1,0,0,0,0
"POINT (8.578666924000061 53.181859054000029)",Unfall 178961 (2020) Kat:3, Licht: 2,178961,3,6,2,12,18,4,1,2,0,1,0,0,0,0
"POINT (8.801594228000056 53.070908851000070)",Unfall 178962 (2020) Kat:3, Licht: 2,178962,3,7,5,12,20,5,1,2,1,1,0,0,0,0
"POINT (8.555766356000049 53.185855592000053)",Unfall 178963 (2020) Kat:3, Licht: 2,178963,3,1,8,10,17,3,0,2,0,1,0,0,0,0
"POINT (8.812620558000049 53.098248914000067)",Unfall 178965 (2020) Kat:3, Licht: 2,178965,3,2,5,12,17,3,1,2,0,1,0,0,0,0
"POINT (8.748188062000054 53.125395122000043)",Unfall 178966 (2020) Kat:3, Licht: 0,178966,3,6,2,11,10,2,1,0,0,1,0,0,0,1
"POINT (8.849973232000025 53.112031759000047)",Unfall 178967 (2020) Kat:3, Licht: 2,178967,3,3,5,12,05,6,1,2,0,1,0,0,0,0
"POINT (8.901885888000038 53.088483413000063)",Unfall 178969 (2020) Kat:3, Licht: 0,178969,3,2,5,11,09,2,1,0,1,1,0,0,0,0
"POINT (8.880685605000053 53.101686651000080)",Unfall 178970 (2020) Kat:3, Licht: 2,178970,3,2,5,11,05,2,0,2,1,1,0,0,0,0
"POINT (8.837308342000029 53.076882349000073)",Unfall 178971 (2020) Kat:3, Licht: 0,178971,3,6,3,12,12,2,1,0,0,1,0,0,0,0
"POINT (8.823078000000066 53.072951951000050)",Unfall 178972 (2020) Kat:3, Licht: 0,178972,3,4,6,10,12,3,0,0,0,1,1,0,0,0
"POINT (8.837337016000049 53.076826938000067)",Unfall 178974 (2020) Kat:3, Licht: 0,178974,3,1,0,11,11,2,1,0,1,0,0,0,0,0
"POINT (8.948516515000051 53.070570237000027)",Unfall 178975 (2020) Kat:3, Licht: 0,178975,3,2,5,12,12,1,1,0,0,1,0,1,0,0
"POINT (8.825141642000062 53.084496318000049)",Unfall 178976 (2020) Kat:3, Licht: 2,178976,3,2,3,12,16,3,1,2,1,1,0,0,0,0
"POINT (8.829222377000065 53.072904342000072)",Unfall 178977 (2020) Kat:3, Licht: 0,178977,3,6,6,10,12,3,0,0,1,0,1,0,0,0
"POINT (8.738672605000033 53.055608102000065)",Unfall 178978 (2020) Kat:3, Licht: 0,178978,3,3,5,11,10,2,1,0,1,1,0,0,0,0
"POINT (8.617748765000044 53.175063698000031)",Unfall 178979 (2020) Kat:3, Licht: 2,178979,3,7,6,12,16,2,1,2,0,1,1,0,0,0
"POINT (8.691195353000069 53.168599123000035)",Unfall 178980 (2020) Kat:2, Licht: 2,178980,2,7,0,11,18,2,1,2,1,0,0,0,0,0
"POINT (8.869237823000049 53.064170008000076)",Unfall 178983 (2020) Kat:3, Licht: 0,178983,3,6,2,11,10,2,0,0,0,1,0,0,0,0
"POINT (8.788608535000037 53.070651541000075)",Unfall 178984 (2020) Kat:3, Licht: 0,178984,3,7,0,11,12,2,0,0,1,0,0,0,0,0
"POINT (8.803433595000058 53.066848239000080)",Unfall 178985 (2020) Kat:3, Licht: 0,178985,3,7,0,12,12,5,1,0,1,0,0,0,0,0
"POINT (8.876509786000042 53.081033604000027)",Unfall 178987 (2020) Kat:3, Licht: 0,178987,3,3,5,11,10,2,1,0,1,1,0,0,0,0
"POINT (8.930245811000077 53.043165003000070)",Unfall 178988 (2020) Kat:3, Licht: 2,178988,3,7,1,11,21,2,1,2,0,1,0,0,0,0
"POINT (8.710138365000034 53.150430137000058)",Unfall 178989 (2020) Kat:3, Licht: 0,178989,3,6,2,12,12,2,1,0,0,1,0,0,0,0
"POINT (8.882902849000061 53.057790033000060)",Unfall 178990 (2020) Kat:2, Licht: 0,178990,2,6,2,10,10,3,0,0,0,1,0,0,1,0
"POINT (8.951737242000036 53.065245597000057)",Unfall 178993 (2020) Kat:3, Licht: 0,178993,3,4,6,11,15,2,1,0,0,1,1,0,0,0
"POINT (8.781059065000022 53.078041369000061)",Unfall 178994 (2020) Kat:2, Licht: 2,178994,2,6,4,12,20,7,1,2,0,1,0,0,0,0
"POINT (8.897602756000026 53.058817995000027)",Unfall 178995 (2020) Kat:3, Licht: 2,178995,3,3,5,12,07,3,1,2,1,1,0,0,0,0
"POINT (8.801456221000024 53.064197140000033)",Unfall 178996 (2020) Kat:3, Licht: 0,178996,3,4,0,11,13,6,1,0,0,0,1,0,0,1
"POINT (8.804850348000059 53.065992559000051)",Unfall 178998 (2020) Kat:2, Licht: 0,178998,2,7,0,12,10,2,1,0,1,0,0,0,0,0
"POINT (8.825533784000072 53.038051874000075)",Unfall 178999 (2020) Kat:3, Licht: 1,178999,3,6,1,11,17,6,0,1,0,1,0,0,0,0
"POINT (8.851486061000060 53.085492972000054)",Unfall 179001 (2020) Kat:3, Licht: 2,179001,3,7,0,12,16,4,1,2,0,1,0,0,0,1
"POINT (8.801262449000035 53.086842166000054)",Unfall 179004 (2020) Kat:3, Licht: 0,179004,3,3,5,12,10,5,1,0,0,1,0,0,0,0
"POINT (8.856973829000026 53.085359042000050)",Unfall 179005 (2020) Kat:3, Licht: 2,179005,3,6,4,11,03,1,1,2,1,0,0,0,0,0
"POINT (8.897995306000041 53.043967679000048)",Unfall 179006 (2020) Kat:3, Licht: 0,179006,3,6,2,12,09,6,1,0,0,1,0,0,0,0
"POINT (8.849923650000051 53.085063178000041)",Unfall 179007 (2020) Kat:3, Licht: 1,179007,3,3,5,10,16,3,1,1,1,1,0,0,0,0
"POINT (8.844921677000059 53.045783073000052)",Unfall 179008 (2020) Kat:3, Licht: 2,179008,3,3,5,12,18,4,0,2,0,1,0,0,0,0
"POINT (8.731401322000067 53.147275774000036)",Unfall 21899 (2021) Kat:2, Licht: 2,21899,2,1,9,03,05,2,1,2,0,0,0,1,0,0
"POINT (8.817731953000020 53.048892448000061)",Unfall 21932 (2021) Kat:2, Licht: 0,21932,2,7,0,06,11,6,0,0,1,0,0,0,0,0
"POINT (8.796974387000034 53.087159857000074)",Unfall 21953 (2021) Kat:3, Licht: 0,21953,3,6,2,12,13,5,1,0,0,1,0,0,0,1
"POINT (8.861542872000030 53.030347076000055)",Unfall 21956 (2021) Kat:3, Licht: 0,21956,3,6,2,05,15,2,0,0,0,0,0,0,1,0
"POINT (8.869177659000059 53.033388564000063)",Unfall 21985 (2021) Kat:3, Licht: 2,21985,3,6,2,12,18,5,1,2,0,1,0,0,0,0
"POINT (8.811145719000024 53.113613104000081)",Unfall 22022 (2021) Kat:3, Licht: 0,22022,3,6,9,07,15,4,0,0,0,1,0,0,0,0
"POINT (8.961011754000026 53.072598105000054)",Unfall 22041 (2021) Kat:3, Licht: 1,22041,3,6,2,12,08,2,1,1,0,1,0,0,0,0
"POINT (8.888624485000037 53.038695659000041)",Unfall 22071 (2021) Kat:3, Licht: 0,22071,3,6,2,11,14,2,0,0,0,1,0,0,1,0
"POINT (8.796588357000076 53.099660437000068)",Unfall 22074 (2021) Kat:3, Licht: 0,22074,3,6,2,05,12,6,0,0,0,1,0,0,0,0
"POINT (8.737548968000056 53.078828285000043)",Unfall 22118 (2021) Kat:3, Licht: 2,22118,3,6,3,11,22,3,0,2,0,1,0,0,1,0
"POINT (8.715969767000047 53.173965274000068)",Unfall 22121 (2021) Kat:3, Licht: 0,22121,3,6,3,05,15,2,0,0,0,1,0,0,1,0
"POINT (8.629017341000065 53.179051515000026)",Unfall 22150 (2021) Kat:3, Licht: 0,22150,3,6,2,09,14,2,0,0,0,1,0,0,0,1
"POINT (8.837810632000071 53.023671495000031)",Unfall 22153 (2021) Kat:3, Licht: 0,22153,3,6,2,03,15,3,0,0,0,1,0,0,1,0
"POINT (8.873604287000035 53.107312680000064)",Unfall 22184 (2021) Kat:3, Licht: 0,22184,3,6,2,07,15,6,0,0,0,1,0,0,0,0
"POINT (8.716764808000050 53.171696038000050)",Unfall 22206 (2021) Kat:3, Licht: 2,22206,3,6,2,01,07,5,1,2,0,1,0,0,0,0
"POINT (8.798491675000037 53.087577684000053)",Unfall 22237 (2021) Kat:3, Licht: 2,22237,3,6,2,11,18,6,0,2,0,1,0,0,0,1
"POINT (8.716090814000040 53.173601231000077)",Unfall 22240 (2021) Kat:2, Licht: 0,22240,2,6,2,04,13,5,0,0,0,1,0,0,1,0
"POINT (8.789460504000033 53.078636979000066)",Unfall 22274 (2021) Kat:3, Licht: 1,22274,3,6,2,03,08,5,0,1,0,1,0,0,0,0
"POINT (8.811600316000067 53.035587922000047)",Unfall 22306 (2021) Kat:3, Licht: 0,22306,3,6,2,07,11,3,0,0,0,1,0,1,0,0
"POINT (8.783671908000031 53.071659011000065)",Unfall 22316 (2021) Kat:3, Licht: 0,22316,3,6,2,08,17,6,0,0,0,1,0,0,1,0
"POINT (8.720486403000052 53.162987252000050)",Unfall 22319 (2021) Kat:2, Licht: 0,22319,2,6,2,03,08,5,0,0,0,1,0,0,0,0
"POINT (8.738199748000056 53.143028000000072)",Unfall 22350 (2021) Kat:3, Licht: 0,22350,3,6,2,06,17,4,0,0,0,1,0,0,0,0
"POINT (8.729803884000034 53.150037413000064)",Unfall 22369 (2021) Kat:3, Licht: 0,22369,3,1,8,12,11,5,2,0,0,1,0,0,0,0
"POINT (8.781893109000066 53.122911673000033)",Unfall 22371 (2021) Kat:2, Licht: 2,22371,2,6,2,01,05,6,0,2,0,1,0,0,1,0
"POINT (8.879204878000053 53.036933265000073)",Unfall 22404 (2021) Kat:3, Licht: 0,22404,3,6,2,10,14,6,0,0,0,1,0,0,0,0
"POINT (8.755904156000042 53.133118918000037)",Unfall 22407 (2021) Kat:3, Licht: 0,22407,3,6,2,06,15,5,0,0,0,1,0,0,1,0
"POINT (8.717118116000051 53.171416221000072)",Unfall 22439 (2021) Kat:3, Licht: 0,22439,3,6,2,09,17,5,0,0,0,1,0,1,0,0
"POINT (8.794303196000044 53.094064321000076)",Unfall 22442 (2021) Kat:3, Licht: 0,22442,3,3,5,03,10,2,1,0,0,1,0,0,0,0
"POINT (8.917742875000044 53.034754998000039)",Unfall 22475 (2021) Kat:3, Licht: 0,22475,3,6,2,06,11,2,0,0,0,0,0,0,0,1
"POINT (8.796053803000063 53.086103069000046)",Unfall 22497 (2021) Kat:2, Licht: 0,22497,2,6,3,05,13,3,0,0,0,1,0,0,1,0
"POINT (8.861233423000044 53.029341224000063)",Unfall 22526 (2021) Kat:3, Licht: 2,22526,3,7,9,10,17,1,1,2,0,0,0,1,0,0
"POINT (8.794666862000042 53.091337202000034)",Unfall 22529 (2021) Kat:3, Licht: 0,22529,3,6,2,03,11,4,0,0,0,1,0,0,0,0
"POINT (8.879792077000047 53.037078266000037)",Unfall 22541 (2021) Kat:3, Licht: 2,22541,3,6,2,01,05,2,1,2,0,1,0,0,0,0
"POINT (8.875814174000027 53.036129848000030)",Unfall 22573 (2021) Kat:3, Licht: 2,22573,3,6,2,11,17,6,0,2,0,1,0,0,0,0
"POINT (8.819243491000066 53.048204208000072)",Unfall 22576 (2021) Kat:3, Licht: 0,22576,3,6,2,06,18,7,1,0,0,1,0,0,0,0
"POINT (8.739244278000058 53.143774668000049)",Unfall 22610 (2021) Kat:2, Licht: 0,22610,2,1,9,08,20,4,0,0,0,0,0,1,0,0
"POINT (8.777428206000025 53.124672080000039)",Unfall 22613 (2021) Kat:3, Licht: 2,22613,3,7,9,02,06,6,1,2,0,1,0,0,0,0
"POINT (8.776444745000049 53.069129954000061)",Unfall 22645 (2021) Kat:3, Licht: 0,22645,3,1,9,08,15,2,1,0,0,0,0,1,0,0
"POINT (8.880318278000061 53.037206970000057)",Unfall 22666 (2021) Kat:3, Licht: 2,22666,3,6,2,11,05,3,0,2,0,1,0,0,0,0
"POINT (8.868565540000077 53.033324052000069)",Unfall 22669 (2021) Kat:2, Licht: 0,22669,2,6,3,04,11,3,0,0,0,1,0,0,1,0
"POINT (8.792334565000033 53.056230984000081)",Unfall 22698 (2021) Kat:3, Licht: 0,22698,3,1,8,09,16,5,0,0,0,1,0,0,0,0
"POINT (8.858715418000031 53.113684408000040)",Unfall 22701 (2021) Kat:3, Licht: 0,22701,3,6,9,02,14,5,0,0,0,1,0,0,0,0
"POINT (8.781296292000036 53.067519561000040)",Unfall 22735 (2021) Kat:3, Licht: 0,22735,3,6,1,06,21,1,0,0,0,1,0,1,0,0
"POINT (8.711229524000032 53.179319148000047)",Unfall 22816 (2021) Kat:3, Licht: 0,22816,3,3,5,06,21,4,0,0,0,1,0,0,0,0
"POINT (8.720727851000049 53.162979998000026)",Unfall 22836 (2021) Kat:3, Licht: 2,22836,3,6,2,11,17,5,1,2,0,1,0,0,0,1
"POINT (8.645358959000021 53.174748115000057)",Unfall 22839 (2021) Kat:3, Licht: 0,22839,3,7,9,05,19,3,1,0,0,1,0,0,0,0
"POINT (8.865729619000035 53.110554559000036)",Unfall 22868 (2021) Kat:2, Licht: 0,22868,2,1,8,10,14,2,1,0,0,1,0,0,0,0
"POINT (8.795413927000027 53.090454171000033)",Unfall 22871 (2021) Kat:3, Licht: 0,22871,3,6,2,03,16,3,0,0,0,1,0,0,0,0
"POINT (8.564584556000057 53.193116098000075)",Unfall 22903 (2021) Kat:3, Licht: 2,22903,3,6,4,06,23,7,0,2,0,1,0,0,0,0
"POINT (8.906982162000077 53.081287566000071)",Unfall 22956 (2021) Kat:3, Licht: 2,22956,3,6,2,11,22,4,1,2,0,1,0,0,0,0
"POINT (8.842360913000050 53.040127487000063)",Unfall 23003 (2021) Kat:3, Licht: 2,23003,3,6,3,11,23,5,0,2,0,1,0,0,1,0
"POINT (8.577975785000035 53.188172189000056)",Unfall 23006 (2021) Kat:3, Licht: 0,23006,3,7,2,05,18,2,1,0,0,1,0,0,0,0
"POINT (8.775091644000042 53.069029514000079)",Unfall 23036 (2021) Kat:3, Licht: 0,23036,3,6,2,10,07,4,0,0,0,1,0,0,1,0
"POINT (8.724380343000064 53.154923617000065)",Unfall 23039 (2021) Kat:2, Licht: 0,23039,2,6,2,02,13,2,0,0,0,0,0,0,1,0
"POINT (8.715863728000045 53.173864899000080)",Unfall 23124 (2021) Kat:3, Licht: 0,23124,3,6,2,10,15,3,0,0,0,1,0,0,0,0
"POINT (8.813719098000036 53.117205896000030)",Unfall 23127 (2021) Kat:3, Licht: 0,23127,3,1,3,04,10,2,0,0,0,1,0,0,0,1
"POINT (8.715781628000059 53.173997183000040)",Unfall 23160 (2021) Kat:3, Licht: 2,23160,3,7,9,09,03,5,0,2,0,1,0,0,0,0
"POINT (8.711288200000070 53.179333404000033)",Unfall 23163 (2021) Kat:2, Licht: 0,23163,2,3,5,02,16,1,0,0,0,1,0,0,0,0
"POINT (8.931304251000029 53.079083401000048)",Unfall 23207 (2021) Kat:3, Licht: 0,23207,3,6,2,08,15,6,1,0,0,1,0,0,0,0
"POINT (8.911589006000042 53.080534235000073)",Unfall 23210 (2021) Kat:2, Licht: 0,23210,2,7,9,02,12,3,1,0,0,0,0,0,1,0
"POINT (8.681733928000028 53.172938535000071)",Unfall 23242 (2021) Kat:3, Licht: 0,23242,3,7,9,06,17,7,0,0,0,1,0,0,0,0
"POINT (8.903035968000040 53.082411854000043)",Unfall 23297 (2021) Kat:3, Licht: 0,23297,3,1,9,06,18,4,0,0,0,0,0,1,0,0
"POINT (8.715845521000062 53.173894235000034)",Unfall 23330 (2021) Kat:3, Licht: 0,23330,3,6,2,09,16,3,0,0,0,1,0,0,0,0
"POINT (8.736653073000070 53.142520346000026)",Unfall 23360 (2021) Kat:3, Licht: 2,23360,3,6,1,07,22,3,0,2,0,1,0,0,0,0
"POINT (8.888814699000022 53.038410155000065)",Unfall 23383 (2021) Kat:2, Licht: 1,23383,2,6,3,06,21,5,1,1,0,1,0,0,0,1
"POINT (8.805463059000033 53.052464123000050)",Unfall 23407 (2021) Kat:3, Licht: 0,23407,3,6,2,08,14,6,1,0,0,1,0,0,0,0
"POINT (8.944716100000051 53.027436908000027)",Unfall 23427 (2021) Kat:3, Licht: 0,23427,3,6,2,12,08,4,0,0,0,1,0,0,0,0
"POINT (8.811728492000043 53.115508504000047)",Unfall 23430 (2021) Kat:2, Licht: 1,23430,2,1,9,04,20,2,0,1,0,1,0,0,0,0
"POINT (8.896060268000042 53.089374935000080)",Unfall 23459 (2021) Kat:3, Licht: 0,23459,3,6,2,10,13,6,1,0,0,1,0,0,1,0
"POINT (8.789386806000039 53.078536245000066)",Unfall 23462 (2021) Kat:3, Licht: 0,23462,3,6,3,04,09,4,0,0,0,1,0,0,1,0
"POINT (8.807112962000076 53.117071554000063)",Unfall 23496 (2021) Kat:2, Licht: 0,23496,2,1,3,09,08,6,1,0,0,1,0,0,1,0
"POINT (8.817518989000064 53.048951372000033)",Unfall 23549 (2021) Kat:3, Licht: 0,23549,3,2,5,11,07,4,1,0,1,1,0,0,0,0
"POINT (8.728520807000052 53.150829161000047)",Unfall 23552 (2021) Kat:3, Licht: 0,23552,3,6,2,04,16,2,0,0,0,1,0,0,1,0
"POINT (8.737486435000051 53.078269082000077)",Unfall 23581 (2021) Kat:3, Licht: 0,23581,3,1,8,09,11,6,0,0,0,0,0,0,1,0
"POINT (8.663078039000027 53.172123256000077)",Unfall 23584 (2021) Kat:2, Licht: 1,23584,2,1,0,03,06,4,0,1,0,1,0,0,0,0
"POINT (8.776795247000052 53.067009779000045)",Unfall 23628 (2021) Kat:3, Licht: 0,23628,3,6,2,09,14,6,0,0,0,1,0,0,0,0
"POINT (8.584123765000072 53.184083511000040)",Unfall 23631 (2021) Kat:3, Licht: 0,23631,3,1,9,02,09,6,0,0,0,1,0,0,0,0
"POINT (8.964087057000029 53.068265257000064)",Unfall 23684 (2021) Kat:3, Licht: 1,23684,3,6,2,12,07,5,0,1,0,1,0,0,0,0
"POINT (8.791540367000039 53.120312950000027)",Unfall 23686 (2021) Kat:3, Licht: 2,23686,3,6,2,01,06,6,0,2,0,1,0,0,1,0
"POINT (8.889208715000052 53.038991441000064)",Unfall 23718 (2021) Kat:2, Licht: 0,23718,2,1,9,05,18,1,0,0,0,1,0,0,0,0
"POINT (8.717948102000037 53.169512173000044)",Unfall 23749 (2021) Kat:3, Licht: 0,23749,3,6,3,08,17,3,0,0,0,1,0,0,0,1
"POINT (8.736896310000077 53.143088786000078)",Unfall 23752 (2021) Kat:3, Licht: 0,23752,3,6,1,02,12,4,1,0,0,1,0,0,0,0
"POINT (8.818149374000029 53.046768415000031)",Unfall 23785 (2021) Kat:2, Licht: 0,23785,2,1,0,07,18,5,0,0,0,0,0,0,0,1
"POINT (8.755742956000063 53.076060840000082)",Unfall 23850 (2021) Kat:2, Licht: 2,23850,2,7,8,01,01,7,0,2,0,0,0,0,1,0
"POINT (8.585144382000067 53.183876676000068)",Unfall 23882 (2021) Kat:3, Licht: 0,23882,3,6,0,11,11,2,0,0,0,1,0,0,1,0
"POINT (8.876289382000039 53.036276636000082)",Unfall 23885 (2021) Kat:3, Licht: 0,23885,3,3,5,04,06,5,2,0,0,1,0,0,1,0
"POINT (8.915847127000063 53.079358595000031)",Unfall 23919 (2021) Kat:3, Licht: 0,23919,3,1,2,03,15,3,0,0,0,1,0,0,0,0
"POINT (8.896273570000062 53.089237390000051)",Unfall 23951 (2021) Kat:3, Licht: 0,23951,3,6,2,07,14,6,0,0,0,1,0,0,0,0
"POINT (8.737394732000041 53.143687522000050)",Unfall 23972 (2021) Kat:3, Licht: 0,23972,3,6,2,04,15,6,0,0,0,1,0,0,0,0
"POINT (8.741730413000028 53.140528251000035)",Unfall 24003 (2021) Kat:3, Licht: 2,24003,3,2,5,11,22,6,1,2,0,1,0,0,0,0
"POINT (8.790248258000076 53.079677530000026)",Unfall 24006 (2021) Kat:3, Licht: 2,24006,3,1,9,04,04,5,2,2,0,1,0,0,0,1
"POINT (8.885241842000028 53.039543995000031)",Unfall 24051 (2021) Kat:3, Licht: 0,24051,3,1,8,11,12,7,1,0,0,1,0,0,0,0
"POINT (8.822149974000070 53.023673142000064)",Unfall 24054 (2021) Kat:2, Licht: 0,24054,2,6,2,06,17,2,0,0,0,0,0,0,1,0
"POINT (8.754500464000046 53.056699173000027)",Unfall 24087 (2021) Kat:3, Licht: 0,24087,3,6,1,09,17,3,0,0,0,1,0,0,0,0
"POINT (8.789042711000036 53.078060200000039)",Unfall 24090 (2021) Kat:3, Licht: 0,24090,3,7,0,03,13,2,0,0,0,1,0,0,1,0
"POINT (8.793071442000041 53.083051102000070)",Unfall 24122 (2021) Kat:3, Licht: 0,24122,3,6,2,08,14,6,1,0,0,1,0,0,0,0
"POINT (8.783567942000047 53.071597661000055)",Unfall 24142 (2021) Kat:3, Licht: 2,24142,3,6,3,12,06,6,0,2,0,1,0,0,1,0
"POINT (8.873108709000064 53.035199631000069)",Unfall 24175 (2021) Kat:3, Licht: 0,24175,3,6,2,09,16,5,0,0,0,1,0,1,0,0
"POINT (8.791788751000070 53.081541967000078)",Unfall 24178 (2021) Kat:3, Licht: 0,24178,3,6,2,03,13,6,0,0,0,1,0,0,0,0
"POINT (8.970298640000067 53.059015092000038)",Unfall 24211 (2021) Kat:3, Licht: 0,24211,3,6,2,07,13,3,0,0,0,1,0,0,0,0
"POINT (8.714574088000063 53.176678867000078)",Unfall 24285 (2021) Kat:2, Licht: 0,24285,2,6,2,07,14,6,0,0,0,1,0,0,0,0
"POINT (8.808258144000035 53.051574711000058)",Unfall 24306 (2021) Kat:3, Licht: 2,24306,3,3,5,11,17,6,1,2,1,1,0,0,0,0
"POINT (8.794640575000074 53.058139960000062)",Unfall 24309 (2021) Kat:3, Licht: 0,24309,3,6,2,05,17,6,0,0,0,1,0,0,0,0
"POINT (8.735978421000027 53.144370582000079)",Unfall 24339 (2021) Kat:3, Licht: 2,24339,3,1,0,09,20,4,1,2,0,0,0,1,0,0
"POINT (8.777422784000066 53.069224257000030)",Unfall 24342 (2021) Kat:3, Licht: 2,24342,3,6,2,02,05,6,0,2,0,1,0,0,1,0
"POINT (8.824545577000038 53.023650467000039)",Unfall 24373 (2021) Kat:3, Licht: 0,24373,3,6,2,08,15,6,1,0,0,1,0,0,0,0
"POINT (8.913866586000040 53.079754642000069)",Unfall 24430 (2021) Kat:3, Licht: 0,24430,3,6,9,05,12,5,0,0,0,1,0,0,0,0
"POINT (8.797249026000031 53.088029867000046)",Unfall 24461 (2021) Kat:3, Licht: 0,24461,3,6,2,10,14,1,1,0,0,1,0,0,0,0
"POINT (8.621352532000060 53.180661091000047)",Unfall 24464 (2021) Kat:3, Licht: 0,24464,3,6,2,03,13,4,0,0,0,1,0,0,0,0
"POINT (8.812204753000060 53.117663925000045)",Unfall 24476 (2021) Kat:2, Licht: 2,24476,2,1,9,11,02,6,0,2,0,1,0,0,0,0
"POINT (8.739460499000074 53.143601218000072)",Unfall 24479 (2021) Kat:2, Licht: 1,24479,2,1,9,04,20,7,0,1,0,0,0,1,0,0
"POINT (8.796777971000040 53.056723766000061)",Unfall 24508 (2021) Kat:3, Licht: 0,24508,3,2,5,09,15,3,0,0,0,0,0,1,0,1
"POINT (8.720449016000032 53.163075333000052)",Unfall 24511 (2021) Kat:3, Licht: 1,24511,3,6,2,03,06,5,0,1,0,1,0,0,0,0
"POINT (8.819611194000061 53.116472517000034)",Unfall 24595 (2021) Kat:3, Licht: 0,24595,3,6,2,10,14,6,0,0,0,1,0,0,0,0
"POINT (8.789459153000053 53.078635133000034)",Unfall 24598 (2021) Kat:3, Licht: 0,24598,3,6,2,04,16,3,0,0,0,1,0,0,0,0
"POINT (8.794055526000022 53.093627243000071)",Unfall 24631 (2021) Kat:3, Licht: 0,24631,3,6,3,09,16,3,0,0,0,1,0,0,1,0
"POINT (8.737367545000041 53.078426652000076)",Unfall 24634 (2021) Kat:3, Licht: 1,24634,3,1,8,03,17,3,1,1,0,1,0,0,0,0
"POINT (8.649446804000036 53.174036322000063)",Unfall 24666 (2021) Kat:3, Licht: 0,24666,3,6,2,07,12,4,0,0,0,1,0,0,0,1
"POINT (8.868403368000031 53.108958520000044)",Unfall 24686 (2021) Kat:3, Licht: 2,24686,3,1,9,12,21,6,1,2,0,1,0,0,0,0
"POINT (8.718197953000072 53.168370007000078)",Unfall 24689 (2021) Kat:3, Licht: 0,24689,3,6,2,06,15,4,0,0,0,1,0,0,0,0
"POINT (8.744088468000029 53.138686958000051)",Unfall 24713 (2021) Kat:3, Licht: 0,24713,3,6,3,07,14,3,0,0,0,1,0,0,1,0
"POINT (8.819808324000064 53.048312249000048)",Unfall 24731 (2021) Kat:2, Licht: 2,24731,2,7,3,12,17,2,0,2,0,1,0,0,0,0
"POINT (8.937976299000070 53.079083520000040)",Unfall 24765 (2021) Kat:3, Licht: 1,24765,3,6,3,11,16,4,0,1,0,1,0,0,0,0
"POINT (8.798436615000071 53.087428082000031)",Unfall 24768 (2021) Kat:3, Licht: 0,24768,3,6,2,06,07,5,0,0,0,1,0,0,0,0
"POINT (8.783925192000027 53.065766230000065)",Unfall 24801 (2021) Kat:3, Licht: 0,24801,3,3,5,09,12,7,0,0,0,1,0,1,0,0
"POINT (8.806129462000058 53.109731393000061)",Unfall 24804 (2021) Kat:2, Licht: 0,24804,2,6,2,03,13,6,0,0,0,1,0,0,0,0
"POINT (8.550821307000035 53.197498419000055)",Unfall 24822 (2021) Kat:3, Licht: 2,24822,3,3,5,12,19,6,1,2,0,1,0,0,0,0
"POINT (8.722772065000072 53.181057842000030)",Unfall 24833 (2021) Kat:3, Licht: 2,24833,3,6,2,07,21,6,1,2,0,1,0,0,0,0
"POINT (8.920042665000040 53.078884356000060)",Unfall 24853 (2021) Kat:3, Licht: 2,24853,3,6,2,12,16,4,1,2,0,1,0,0,0,1
"POINT (8.792919082000026 53.059342553000079)",Unfall 24856 (2021) Kat:3, Licht: 2,24856,3,6,2,04,20,7,1,2,0,1,0,0,0,0
"POINT (8.885012694000068 53.098151246000043)",Unfall 24931 (2021) Kat:3, Licht: 0,24931,3,6,2,10,13,6,0,0,0,1,0,0,0,0
"POINT (8.785784679000074 53.060173402000032)",Unfall 24934 (2021) Kat:3, Licht: 2,24934,3,6,2,04,04,5,2,2,0,1,0,0,0,0
"POINT (8.850864497000032 53.025981064000064)",Unfall 24967 (2021) Kat:3, Licht: 0,24967,3,6,2,09,16,6,0,0,0,1,0,0,1,0
"POINT (8.763165096000023 53.130046137000079)",Unfall 24998 (2021) Kat:3, Licht: 0,24998,3,6,2,06,16,1,0,0,0,1,0,0,0,0
"POINT (8.809770496000056 53.111972162000029)",Unfall 25021 (2021) Kat:3, Licht: 1,25021,3,6,2,11,16,4,0,1,0,1,0,0,0,0
"POINT (8.799789872000076 53.054975282000044)",Unfall 25053 (2021) Kat:3, Licht: 0,25053,3,7,1,10,12,6,0,0,0,1,0,0,0,0
"POINT (8.726863642000069 53.152174653000031)",Unfall 25056 (2021) Kat:3, Licht: 0,25056,3,6,2,03,15,2,0,0,0,1,0,0,0,0
"POINT (8.714963325000042 53.174811256000055)",Unfall 25087 (2021) Kat:3, Licht: 0,25087,3,6,3,08,18,3,0,0,0,1,0,0,1,0