WKT,Name,OBJECTID,UKATEGORIE,UTYP1,UART,UMONAT,USTUNDE,UWOCHENTAG,STRZUSTAND,ULICHTVERH,ISTRAD,ISTPKW,ISTFUSS,ISTKRAD,ISTGKFZ,ISTSONSTIG
"POINT (8.728234846000021 53.145234870000081)",Unfall 25185 (2021) Kat:3, Licht: 0,25185,3,6,3,10,09,6,0,0,0,1,0,0,1,0
"POINT (8.854314309000074 53.027274958000078)",Unfall 25218 (2021) Kat:2, Licht: 0,25218,2,6,2,10,14,6,0,0,0,1,0,1,0,0
"POINT (8.795677033000061 53.119612578000044)",Unfall 25221 (2021) Kat:3, Licht: 0,25221,3,6,2,01,15,6,2,0,0,1,0,0,0,1
"POINT (8.864313721000030 53.031324057000063)",Unfall 25252 (2021) Kat:3, Licht: 0,25252,3,6,2,07,08,4,0,0,0,1,0,0,0,0
"POINT (8.845717352000065 53.038513241000032)",Unfall 25309 (2021) Kat:3, Licht: 0,25309,3,6,2,06,08,2,0,0,0,0,0,1,1,0
"POINT (8.794089955000061 53.093413278000071)",Unfall 25357 (2021) Kat:3, Licht: 2,25357,3,6,2,11,17,2,1,2,0,1,0,0,0,0
"POINT (8.851798705000022 53.026102112000046)",Unfall 25393 (2021) Kat:3, Licht: 0,25393,3,6,3,08,17,3,0,0,0,1,0,0,1,0
"POINT (8.657633666000038 53.172565035000048)",Unfall 25429 (2021) Kat:3, Licht: 0,25429,3,7,8,07,20,2,0,0,0,1,0,0,0,0
"POINT (8.798910057000057 53.055477658000029)",Unfall 25481 (2021) Kat:3, Licht: 0,25481,3,6,2,10,16,5,0,0,0,1,0,0,0,0
"POINT (8.776078076000033 53.067790588000037)",Unfall 25484 (2021) Kat:3, Licht: 1,25484,3,6,2,04,06,5,2,1,0,1,0,0,0,0
"POINT (8.932702818000053 53.079122945000051)",Unfall 25537 (2021) Kat:2, Licht: 1,25537,2,6,2,12,16,5,1,1,0,1,0,0,0,1
"POINT (8.937614133000068 53.027609797000082)",Unfall 25547 (2021) Kat:3, Licht: 0,25547,3,6,2,07,12,6,0,0,0,1,0,0,0,1
"POINT (8.757785605000038 53.122976250000079)",Unfall 150255 (2021) Kat:3, Licht: 0,150255,3,7,0,01,14,3,0,0,1,0,0,0,0,0
"POINT (8.572903191000023 53.181465291000052)",Unfall 150256 (2021) Kat:3, Licht: 0,150256,3,6,2,06,11,2,1,0,0,1,0,0,0,0
"POINT (8.841289038000070 53.069497867000052)",Unfall 150257 (2021) Kat:3, Licht: 0,150257,3,5,1,05,15,7,0,0,1,1,0,0,0,0
"POINT (8.794515576000038 53.072796594000067)",Unfall 150258 (2021) Kat:3, Licht: 0,150258,3,2,5,07,19,3,0,0,1,1,0,0,0,0
"POINT (8.599086930000055 53.179933493000078)",Unfall 150259 (2021) Kat:3, Licht: 0,150259,3,3,5,04,20,6,0,0,1,1,0,0,0,0
"POINT (8.899637190000021 53.121044440000048)",Unfall 150260 (2021) Kat:3, Licht: 0,150260,3,3,5,03,15,2,0,0,0,1,0,0,0,1
"POINT (8.810929261000069 53.092493394000030)",Unfall 150261 (2021) Kat:3, Licht: 0,150261,3,3,5,06,08,4,0,0,1,1,0,0,0,0
"POINT (8.896314760000053 53.079259621000062)",Unfall 150262 (2021) Kat:3, Licht: 2,150262,3,3,5,02,20,4,0,2,1,1,0,0,0,0
"POINT (8.822625856000059 53.082808834000048)",Unfall 150265 (2021) Kat:3, Licht: 0,150265,3,2,5,07,16,3,0,0,1,1,0,0,0,0
"POINT (8.756603145000042 53.088223583000058)",Unfall 150266 (2021) Kat:3, Licht: 0,150266,3,3,5,07,14,5,0,0,0,1,0,1,0,0
"POINT (8.880370218000053 53.101571524000065)",Unfall 150267 (2021) Kat:3, Licht: 0,150267,3,3,5,05,14,5,0,0,1,1,0,0,0,0
"POINT (8.791546809000067 53.064975625000045)",Unfall 150268 (2021) Kat:3, Licht: 0,150268,3,6,4,04,19,2,0,0,1,1,0,0,0,0
"POINT (8.747503669000025 53.125994570000046)",Unfall 150269 (2021) Kat:3, Licht: 0,150269,3,6,2,07,14,5,0,0,0,1,0,0,0,0
"POINT (8.754795774000058 53.102874501000031)",Unfall 150270 (2021) Kat:3, Licht: 2,150270,3,4,6,01,07,2,0,2,0,1,1,0,0,0
"POINT (8.823117162000074 53.073305077000043)",Unfall 150271 (2021) Kat:3, Licht: 0,150271,3,5,1,04,15,6,0,0,1,1,0,0,0,0
"POINT (8.787015860000054 53.082930919000034)",Unfall 150272 (2021) Kat:3, Licht: 0,150272,3,3,5,06,19,5,0,0,1,1,0,0,0,0
"POINT (8.707451250000076 53.132438643000057)",Unfall 150273 (2021) Kat:3, Licht: 0,150273,3,1,9,06,16,5,0,0,0,1,0,0,0,0
"POINT (8.869429658000058 53.064169227000036)",Unfall 150274 (2021) Kat:3, Licht: 2,150274,3,6,2,01,18,7,2,2,0,1,0,0,0,0
"POINT (8.844054264000022 53.144326472000046)",Unfall 150275 (2021) Kat:3, Licht: 0,150275,3,1,0,03,14,4,0,0,0,0,0,1,0,0
"POINT (8.892647256000032 53.079431086000056)",Unfall 150276 (2021) Kat:3, Licht: 0,150276,3,4,6,06,14,4,0,0,0,1,1,0,0,0
"POINT (8.818083095000077 53.038846398000032)",Unfall 150277 (2021) Kat:3, Licht: 0,150277,3,3,5,07,18,6,0,0,1,1,0,0,0,0
"POINT (8.804023552000046 53.093196147000072)",Unfall 150278 (2021) Kat:3, Licht: 0,150278,3,7,5,05,18,2,1,0,0,1,0,0,0,0
"POINT (8.740809898000066 53.129310134000036)",Unfall 150280 (2021) Kat:3, Licht: 0,150280,3,3,5,04,09,2,0,0,1,1,0,0,0,0
"POINT (8.885679123000045 53.058977974000072)",Unfall 150282 (2021) Kat:3, Licht: 2,150282,3,7,0,01,02,6,1,2,1,0,0,0,0,0
"POINT (8.831995403000064 53.077499707000072)",Unfall 150283 (2021) Kat:3, Licht: 0,150283,3,3,5,06,15,5,0,0,1,1,0,0,0,0
"POINT (8.876434977000031 53.079137350000053)",Unfall 150285 (2021) Kat:3, Licht: 0,150285,3,1,8,01,16,5,0,0,0,1,0,1,0,0
"POINT (8.786662550000074 53.069406457000071)",Unfall 150286 (2021) Kat:3, Licht: 0,150286,3,3,6,06,16,5,0,0,0,1,1,0,0,0
"POINT (8.850649959000066 53.085324130000060)",Unfall 150288 (2021) Kat:3, Licht: 0,150288,3,7,0,03,12,4,0,0,1,0,0,0,0,0
"POINT (8.818129502000033 53.077730432000067)",Unfall 150289 (2021) Kat:3, Licht: 0,150289,3,3,5,06,11,2,0,0,1,1,0,0,0,0
"POINT (8.616512492000027 53.175233930000047)",Unfall 150290 (2021) Kat:3, Licht: 0,150290,3,3,5,02,13,4,0,0,0,1,0,0,0,1
"POINT (8.844524714000045 53.045312702000047)",Unfall 150292 (2021) Kat:3, Licht: 0,150292,3,7,2,07,20,2,0,0,0,1,0,0,0,0
"POINT (8.878952071000072 53.085762236000051)",Unfall 150294 (2021) Kat:3, Licht: 0,150294,3,7,0,05,10,1,0,0,1,0,0,0,0,0
"POINT (8.624475554000071 53.177170261000072)",Unfall 150295 (2021) Kat:3, Licht: 1,150295,3,3,5,01,17,5,1,1,0,1,0,0,0,0
"POINT (8.788101480000023 53.070318189000034)",Unfall 150296 (2021) Kat:3, Licht: 0,150296,3,6,2,06,08,2,1,0,0,1,0,0,0,1
"POINT (8.628876496000032 53.168126255000061)",Unfall 150297 (2021) Kat:3, Licht: 0,150297,3,6,2,05,13,5,0,0,0,1,0,0,0,0
"POINT (8.759753360000047 53.082347547000040)",Unfall 150298 (2021) Kat:2, Licht: 0,150298,2,1,8,07,15,4,0,0,1,0,0,0,0,0
"POINT (8.801503660000037 53.076920929000039)",Unfall 150299 (2021) Kat:3, Licht: 2,150299,3,1,4,06,23,6,0,2,1,0,1,0,0,0
"POINT (8.640022607000049 53.167951978000076)",Unfall 150300 (2021) Kat:3, Licht: 0,150300,3,7,6,06,11,7,0,0,0,1,1,0,0,0
"POINT (8.891204715000072 53.132090224000081)",Unfall 150301 (2021) Kat:3, Licht: 0,150301,3,3,5,02,11,7,0,0,1,0,0,0,0,0
"POINT (8.860530780000033 53.066037488000063)",Unfall 150303 (2021) Kat:3, Licht: 2,150303,3,4,6,03,19,7,1,2,0,1,1,0,0,0
"POINT (8.807286797000074 53.082152199000063)",Unfall 150304 (2021) Kat:3, Licht: 0,150304,3,3,5,06,17,3,1,0,1,1,0,0,0,0
"POINT (8.556502955000042 53.190020286000049)",Unfall 150305 (2021) Kat:3, Licht: 0,150305,3,1,0,07,20,6,0,0,0,0,0,1,0,0
"POINT (8.777861227000074 53.099501666000037)",Unfall 150310 (2021) Kat:3, Licht: 0,150310,3,6,4,06,21,5,0,0,1,0,0,0,0,1
"POINT (8.924533316000065 53.073106333000055)",Unfall 150312 (2021) Kat:3, Licht: 0,150312,3,6,2,03,14,4,0,0,0,1,0,0,0,0
"POINT (8.868380658000035 53.062185707000026)",Unfall 150315 (2021) Kat:3, Licht: 0,150315,3,3,6,07,09,7,0,0,0,1,1,0,0,0
"POINT (8.955265463000046 53.054551363000030)",Unfall 150316 (2021) Kat:3, Licht: 0,150316,3,1,6,04,12,2,0,0,0,1,1,0,0,0
"POINT (8.941380002000074 53.067380348000029)",Unfall 150318 (2021) Kat:3, Licht: 0,150318,3,4,6,04,16,6,0,0,1,0,1,0,0,0
"POINT (8.797325161000060 53.091433619000043)",Unfall 150319 (2021) Kat:3, Licht: 1,150319,3,5,1,02,07,2,0,1,0,1,0,0,0,0
"POINT (8.797087174000069 53.076391050000041)",Unfall 150321 (2021) Kat:3, Licht: 0,150321,3,7,5,06,12,2,0,0,0,1,0,0,0,1
"POINT (8.923303328000031 53.059416019000082)",Unfall 150323 (2021) Kat:3, Licht: 1,150323,3,3,5,01,16,2,0,1,0,1,0,0,0,0
"POINT (8.796973209000043 53.076396095000064)",Unfall 150324 (2021) Kat:3, Licht: 1,150324,3,7,3,06,21,4,0,1,0,1,0,0,0,1
"POINT (8.943359457000042 53.066542833000028)",Unfall 150326 (2021) Kat:3, Licht: 0,150326,3,6,2,03,11,3,0,0,0,1,0,0,0,0
"POINT (8.898495644000036 53.077757133000034)",Unfall 150327 (2021) Kat:3, Licht: 0,150327,3,3,0,06,16,7,0,0,1,0,0,0,0,0
"POINT (8.791800113000022 53.074995422000029)",Unfall 150329 (2021) Kat:3, Licht: 0,150329,3,2,4,07,18,6,0,0,1,1,0,0,0,0
"POINT (8.951253866000059 53.065130207000038)",Unfall 150330 (2021) Kat:3, Licht: 0,150330,3,2,4,04,16,3,0,0,1,1,0,0,0,0
"POINT (8.813644830000044 53.091511846000060)",Unfall 150331 (2021) Kat:3, Licht: 0,150331,3,6,4,04,15,7,0,0,1,1,0,0,0,0
"POINT (8.623314367000035 53.173535063000031)",Unfall 150332 (2021) Kat:3, Licht: 0,150332,3,2,0,07,17,2,0,0,0,1,0,0,0,1
"POINT (8.827737693000074 53.034262380000030)",Unfall 150334 (2021) Kat:3, Licht: 0,150334,3,7,6,06,12,7,0,0,0,0,1,0,0,1
"POINT (8.865870190000066 53.071797592000053)",Unfall 150335 (2021) Kat:3, Licht: 0,150335,3,7,0,06,18,4,0,0,0,0,1,0,0,1
"POINT (8.791950943000074 53.082731451000029)",Unfall 150336 (2021) Kat:2, Licht: 0,150336,2,3,5,01,08,6,1,0,1,1,0,0,0,0
"POINT (8.607680540000047 53.174530289000074)",Unfall 150337 (2021) Kat:3, Licht: 0,150337,3,7,0,06,18,4,0,0,0,1,0,1,0,0
"POINT (8.909212070000024 53.071344099000044)",Unfall 150338 (2021) Kat:2, Licht: 0,150338,2,1,9,05,20,3,1,0,0,1,0,0,0,0
"POINT (8.853028144000064 53.089352215000076)",Unfall 150340 (2021) Kat:3, Licht: 0,150340,3,5,1,03,18,2,0,0,1,1,0,0,0,0
"POINT (8.771939459000066 53.093903554000065)",Unfall 150341 (2021) Kat:2, Licht: 0,150341,2,7,6,06,15,3,0,0,1,0,1,0,0,0
"POINT (8.901521365000065 53.114748660000032)",Unfall 150342 (2021) Kat:3, Licht: 0,150342,3,6,4,02,13,1,0,0,1,1,0,0,0,0
"POINT (8.809754042000066 53.072001183000054)",Unfall 150345 (2021) Kat:3, Licht: 0,150345,3,6,3,07,12,7,0,0,1,0,0,0,0,1
"POINT (8.824180267000031 53.079208293000079)",Unfall 150346 (2021) Kat:3, Licht: 0,150346,3,7,1,06,19,3,0,0,0,1,1,0,0,0
"POINT (8.868209414000034 53.061926098000072)",Unfall 150347 (2021) Kat:3, Licht: 0,150347,3,2,5,01,12,3,1,0,1,1,0,0,0,0
"POINT (8.794297644000039 53.074327130000029)",Unfall 150348 (2021) Kat:3, Licht: 0,150348,3,7,6,06,14,6,0,0,0,0,1,0,0,1
"POINT (8.896569047000071 53.079250981000030)",Unfall 150350 (2021) Kat:3, Licht: 0,150350,3,6,2,07,14,2,0,0,0,1,0,0,0,0
"POINT (8.784492406000027 53.097780307000050)",Unfall 150351 (2021) Kat:3, Licht: 0,150351,3,6,3,03,16,5,0,0,1,1,0,0,0,0
"POINT (8.907288024000025 53.078465607000055)",Unfall 150353 (2021) Kat:3, Licht: 0,150353,3,7,0,06,19,5,1,0,1,1,0,0,0,0
"POINT (8.836683893000043 53.075289666000060)",Unfall 150354 (2021) Kat:3, Licht: 0,150354,3,3,5,02,17,4,1,0,1,1,0,0,0,0
"POINT (8.785636503000035 53.070944258000054)",Unfall 150356 (2021) Kat:3, Licht: 0,150356,3,3,5,03,11,2,0,0,1,1,0,0,0,0
"POINT (8.802005306000069 53.076602261000062)",Unfall 150357 (2021) Kat:3, Licht: 0,150357,3,6,2,07,19,5,0,0,1,0,0,1,0,0
"POINT (8.807548209000061 53.082513185000039)",Unfall 150358 (2021) Kat:3, Licht: 2,150358,3,7,5,07,22,3,1,2,0,1,0,0,0,1
"POINT (8.720143578000034 53.056724616000054)",Unfall 150359 (2021) Kat:3, Licht: 0,150359,3,6,2,05,19,6,0,0,0,1,0,0,0,1
"POINT (8.896046341000044 53.111635214000046)",Unfall 150360 (2021) Kat:3, Licht: 2,150360,3,7,1,03,19,2,0,2,1,1,0,0,0,0
"POINT (8.827923668000039 53.085042856000030)",Unfall 150364 (2021) Kat:3, Licht: 0,150364,3,2,5,06,09,4,0,0,1,1,0,0,0,0
"POINT (8.801592952000021 53.071350098000039)",Unfall 150365 (2021) Kat:2, Licht: 1,150365,2,3,5,01,07,5,1,1,1,0,0,0,0,0
"POINT (8.782910517000062 53.087064841000029)",Unfall 150366 (2021) Kat:3, Licht: 0,150366,3,2,5,06,11,2,0,0,1,1,0,0,0,0
"POINT (8.801411987000051 53.071289846000070)",Unfall 150367 (2021) Kat:3, Licht: 0,150367,3,5,2,05,19,4,0,0,0,1,0,0,0,0
"POINT (8.806499227000074 53.073568700000067)",Unfall 150368 (2021) Kat:3, Licht: 2,150368,3,6,2,07,00,6,0,2,0,1,0,0,0,0
"POINT (8.887907176000056 53.067004406000081)",Unfall 150369 (2021) Kat:3, Licht: 0,150369,3,2,5,04,15,3,1,0,0,1,0,0,0,0
"POINT (8.799834620000070 53.070446596000068)",Unfall 150371 (2021) Kat:3, Licht: 0,150371,3,3,5,04,17,4,0,0,1,1,0,0,0,0
"POINT (8.899992874000077 53.122557883000070)",Unfall 150372 (2021) Kat:3, Licht: 0,150372,3,7,0,02,12,6,0,0,1,0,0,0,0,0
"POINT (8.824041929000032 53.084271407000074)",Unfall 150374 (2021) Kat:3, Licht: 0,150374,3,7,0,07,19,4,0,0,1,1,0,0,0,0
"POINT (8.898558352000066 53.119935313000042)",Unfall 150375 (2021) Kat:3, Licht: 0,150375,3,3,5,06,17,5,0,0,1,1,0,0,0,0
"POINT (8.685719552000023 53.177636208000081)",Unfall 150376 (2021) Kat:3, Licht: 0,150376,3,3,5,05,10,2,0,0,1,1,0,0,0,0
"POINT (8.798206446000052 53.055880322000064)",Unfall 150377 (2021) Kat:3, Licht: 0,150377,3,6,1,01,11,4,1,0,0,1,0,0,1,0
"POINT (8.771695526000030 53.109476019000056)",Unfall 150378 (2021) Kat:3, Licht: 0,150378,3,6,2,06,08,2,1,0,0,1,0,0,0,0
"POINT (8.875197628000024 53.082521261000068)",Unfall 150379 (2021) Kat:3, Licht: 0,150379,3,6,1,05,07,2,0,0,0,1,0,0,0,0
"POINT (8.801666146000059 53.094582445000071)",Unfall 150380 (2021) Kat:3, Licht: 1,150380,3,5,1,07,04,5,0,1,1,1,0,0,0,0
"POINT (8.881087552000054 53.080681198000036)",Unfall 150381 (2021) Kat:3, Licht: 0,150381,3,2,5,04,14,5,0,0,0,1,0,1,0,0
"POINT (8.927795113000059 53.089858204000052)",Unfall 150382 (2021) Kat:3, Licht: 0,150382,3,7,1,06,12,3,0,0,0,1,0,0,0,0
"POINT (8.760664001000066 53.087855317000049)",Unfall 150383 (2021) Kat:3, Licht: 0,150383,3,2,5,02,08,6,0,0,0,1,0,0,0,0
"POINT (8.772100096000031 53.094658058000050)",Unfall 150385 (2021) Kat:3, Licht: 0,150385,3,3,5,03,09,3,0,0,1,1,0,0,0,0
"POINT (8.899881901000072 53.121599323000055)",Unfall 150386 (2021) Kat:3, Licht: 0,150386,3,6,2,07,14,6,0,0,0,1,0,0,0,0
"POINT (8.888892647000034 53.110084435000033)",Unfall 150387 (2021) Kat:2, Licht: 0,150387,2,4,6,07,16,6,0,0,0,0,1,0,0,1
"POINT (8.780888581000056 53.069224962000078)",Unfall 150389 (2021) Kat:1, Licht: 0,150389,1,7,0,01,10,7,0,0,0,1,0,0,0,0
"POINT (8.569427433000044 53.189178022000078)",Unfall 150390 (2021) Kat:3, Licht: 2,150390,3,3,5,05,00,6,0,2,0,0,0,0,0,1
"POINT (8.807306418000053 53.082167951000031)",Unfall 150391 (2021) Kat:3, Licht: 0,150391,3,3,1,07,17,2,0,0,1,0,0,0,0,0
"POINT (8.823591752000027 53.044157693000045)",Unfall 150392 (2021) Kat:3, Licht: 2,150392,3,3,5,01,17,2,1,2,1,1,0,0,0,0
"POINT (8.618634372000031 53.174308882000048)",Unfall 150393 (2021) Kat:3, Licht: 0,150393,3,2,5,03,09,4,0,0,1,1,0,0,0,0
"POINT (8.799316044000022 53.083884193000074)",Unfall 150395 (2021) Kat:3, Licht: 0,150395,3,2,5,06,16,3,0,0,1,1,0,0,0,0
"POINT (8.809897911000064 53.076324417000080)",Unfall 150396 (2021) Kat:3, Licht: 0,150396,3,3,5,05,13,2,0,0,1,0,0,0,0,0
"POINT (8.704399989000024 53.155972052000038)",Unfall 150397 (2021) Kat:3, Licht: 0,150397,3,7,0,07,11,5,0,0,1,0,0,0,0,0
"POINT (8.803682951000042 53.076716996000073)",Unfall 150398 (2021) Kat:3, Licht: 0,150398,3,7,0,04,12,7,0,0,1,0,0,0,0,0
"POINT (8.822562930000061 53.075208311000040)",Unfall 150399 (2021) Kat:3, Licht: 0,150399,3,4,6,03,10,2,0,0,1,0,1,0,0,0
"POINT (8.751923988000044 53.122110462000080)",Unfall 150401 (2021) Kat:3, Licht: 0,150401,3,2,5,02,10,6,0,0,1,1,0,0,0,0
"POINT (8.871064571000034 53.066906789000029)",Unfall 150403 (2021) Kat:3, Licht: 0,150403,3,3,5,07,20,6,0,0,1,0,0,0,0,0
"POINT (8.852917999000056 53.065022230000068)",Unfall 150405 (2021) Kat:2, Licht: 0,150405,2,6,4,06,14,3,0,0,1,0,0,0,0,0
"POINT (8.845081542000059 53.075191421000056)",Unfall 150406 (2021) Kat:3, Licht: 0,150406,3,6,3,01,14,2,1,0,0,1,0,0,0,1
"POINT (8.690212142000064 53.174099330000047)",Unfall 150407 (2021) Kat:3, Licht: 0,150407,3,3,5,05,08,2,1,0,1,1,0,0,0,0
"POINT (8.824273155000071 53.072942827000077)",Unfall 150408 (2021) Kat:3, Licht: 2,150408,3,4,6,07,01,1,0,2,0,1,1,0,0,0
"POINT (8.882325735000052 53.063722465000069)",Unfall 150409 (2021) Kat:3, Licht: 0,150409,3,1,0,01,12,2,1,0,1,0,0,0,0,0
"POINT (8.698028288000046 53.084412129000043)",Unfall 150411 (2021) Kat:3, Licht: 0,150411,3,1,8,06,10,7,0,0,1,0,0,0,0,0
"POINT (8.846065278000026 53.050333250000051)",Unfall 150412 (2021) Kat:3, Licht: 0,150412,3,7,1,06,17,5,1,0,1,1,0,0,0,0
"POINT (8.870876359000022 53.064652707000050)",Unfall 150413 (2021) Kat:3, Licht: 0,150413,3,7,0,02,08,3,2,0,0,0,0,0,0,1
"POINT (8.880354886000021 53.082405136000034)",Unfall 150415 (2021) Kat:3, Licht: 0,150415,3,3,5,03,16,6,1,0,1,1,0,0,0,0
"POINT (8.867736557000057 53.072571641000081)",Unfall 150416 (2021) Kat:3, Licht: 0,150416,3,7,0,07,17,5,1,0,1,0,1,0,0,0
"POINT (8.791065837000076 53.091501614000038)",Unfall 150418 (2021) Kat:3, Licht: 0,150418,3,6,2,05,16,5,0,0,0,1,0,0,0,0
"POINT (8.796770869000056 53.068418587000053)",Unfall 150421 (2021) Kat:3, Licht: 0,150421,3,1,0,07,10,2,0,0,1,0,0,0,0,0
"POINT (8.817401521000022 53.098340426000050)",Unfall 150423 (2021) Kat:3, Licht: 0,150423,3,3,5,06,07,3,0,0,1,0,0,0,0,0
"POINT (8.753630964000024 53.111265280000055)",Unfall 150424 (2021) Kat:2, Licht: 2,150424,2,6,4,01,19,6,2,2,0,1,0,0,0,0
"POINT (8.786245450000024 53.072306382000079)",Unfall 150427 (2021) Kat:3, Licht: 0,150427,3,7,1,04,11,7,0,0,0,1,0,0,0,1
"POINT (8.804810506000024 53.066016503000071)",Unfall 150428 (2021) Kat:3, Licht: 0,150428,3,6,2,04,13,1,0,0,0,1,0,0,0,0
"POINT (8.914310490000048 53.065335986000036)",Unfall 150429 (2021) Kat:3, Licht: 0,150429,3,4,6,02,14,6,0,0,0,1,1,0,0,0
"POINT (8.819437050000033 53.051631390000068)",Unfall 150431 (2021) Kat:3, Licht: 0,150431,3,4,6,07,13,5,0,0,0,0,1,0,0,1
"POINT (8.963801977000060 53.057501800000068)",Unfall 150433 (2021) Kat:3, Licht: 0,150433,3,3,1,05,16,2,0,0,1,1,0,0,0,0
"POINT (8.842135640000038 53.104917734000082)",Unfall 150434 (2021) Kat:2, Licht: 0,150434,2,1,6,01,14,5,0,0,0,1,1,0,0,0
"POINT (8.877635371000054 53.080288253000049)",Unfall 150435 (2021) Kat:3, Licht: 0,150435,3,3,5,06,21,3,0,0,1,1,0,0,0,0
"POINT (8.818271949000064 53.038786061000053)",Unfall 150436 (2021) Kat:2, Licht: 0,150436,2,2,5,05,09,5,0,0,0,1,0,1,0,0
"POINT (8.729424893000044 53.039487823000059)",Unfall 150437 (2021) Kat:3, Licht: 2,150437,3,6,4,07,22,5,0,2,1,1,0,0,0,0
"POINT (8.617791431000057 53.174694242000044)",Unfall 150438 (2021) Kat:3, Licht: 0,150438,3,7,0,04,10,7,0,0,0,0,1,0,0,1
"POINT (8.839645172000075 53.072270570000057)",Unfall 150439 (2021) Kat:3, Licht: 0,150439,3,7,0,03,15,4,0,0,1,0,0,0,0,0
"POINT (8.852475821000041 53.073578762000068)",Unfall 150440 (2021) Kat:3, Licht: 0,150440,3,7,0,06,14,2,0,0,1,0,0,0,0,0
"POINT (8.568827907000070 53.181330579000075)",Unfall 150441 (2021) Kat:2, Licht: 0,150441,2,2,6,02,11,3,1,0,0,0,1,0,1,0
"POINT (8.931659698000033 53.091988419000074)",Unfall 150443 (2021) Kat:3, Licht: 0,150443,3,4,6,03,10,6,1,0,0,1,1,0,0,0
"POINT (8.628462786000057 53.168641997000066)",Unfall 150444 (2021) Kat:3, Licht: 0,150444,3,3,5,07,17,1,0,0,0,1,0,1,0,0
"POINT (8.716414141000030 53.056428587000028)",Unfall 150445 (2021) Kat:3, Licht: 0,150445,3,3,5,07,10,5,0,0,0,1,0,0,0,0
"POINT (8.959405051000033 53.047208909000062)",Unfall 150446 (2021) Kat:2, Licht: 0,150446,2,1,9,05,15,6,1,0,0,1,0,0,0,0
"POINT (8.854290825000021 53.082483355000079)",Unfall 150447 (2021) Kat:3, Licht: 0,150447,3,3,5,01,08,3,1,0,1,1,0,0,0,0
"POINT (8.757354682000027 53.117417344000046)",Unfall 150448 (2021) Kat:3, Licht: 0,150448,3,7,5,04,09,6,0,0,1,1,0,0,0,0
"POINT (8.885370813000065 53.034570090000045)",Unfall 150449 (2021) Kat:3, Licht: 0,150449,3,3,5,07,16,4,0,0,1,1,0,0,0,0
"POINT (8.800688953000076 53.071100153000032)",Unfall 150450 (2021) Kat:3, Licht: 2,150450,3,6,2,01,19,5,1,2,0,1,0,0,0,0
"POINT (8.805735122000044 53.081401908000032)",Unfall 150451 (2021) Kat:2, Licht: 0,150451,2,3,6,03,16,3,0,0,0,1,1,0,0,0
"POINT (8.856524685000068 53.089864336000062)",Unfall 150452 (2021) Kat:3, Licht: 0,150452,3,3,5,06,08,4,0,0,1,0,0,0,0,0
"POINT (8.781601229000046 53.064307015000054)",Unfall 150453 (2021) Kat:3, Licht: 0,150453,3,4,6,06,14,5,0,0,0,1,1,0,0,0
"POINT (8.562322434000066 53.192203067000037)",Unfall 150454 (2021) Kat:2, Licht: 0,150454,2,2,5,02,08,6,1,0,0,1,0,0,0,0
"POINT (8.859380526000052 53.046408490000033)",Unfall 150455 (2021) Kat:3, Licht: 0,150455,3,6,3,03,12,5,0,0,0,0,0,0,0,1
"POINT (8.868023302000040 53.072937129000081)",Unfall 150457 (2021) Kat:3, Licht: 0,150457,3,6,1,07,13,6,0,0,0,1,0,0,0,0
"POINT (8.838099817000057 53.082600669000044)",Unfall 150458 (2021) Kat:3, Licht: 0,150458,3,3,5,05,11,5,0,0,0,1,0,0,0,1
"POINT (8.861301094000055 53.023727213000029)",Unfall 150459 (2021) Kat:3, Licht: 0,150459,3,3,5,04,13,4,1,0,1,1,0,0,0,0
"POINT (8.618746480000027 53.177256037000063)",Unfall 150460 (2021) Kat:3, Licht: 0,150460,3,3,0,04,13,6,0,0,1,1,0,0,0,0
"POINT (8.758844230000022 53.115985563000038)",Unfall 150463 (2021) Kat:3, Licht: 0,150463,3,2,5,06,14,7,0,0,1,1,0,0,0,0
"POINT (8.756902017000073 53.112194331000069)",Unfall 150464 (2021) Kat:2, Licht: 0,150464,2,4,6,01,12,3,1,0,0,1,1,0,0,0
"POINT (8.781965586000069 53.083437285000059)",Unfall 150465 (2021) Kat:3, Licht: 2,150465,3,5,1,06,23,5,0,2,0,1,0,0,0,0
"POINT (8.738056597000025 53.054903092000075)",Unfall 150466 (2021) Kat:3, Licht: 0,150466,3,6,4,05,08,4,0,0,1,0,0,0,0,0
"POINT (8.855732354000054 53.103388856000038)",Unfall 150467 (2021) Kat:3, Licht: 0,150467,3,2,4,06,15,6,0,0,0,1,0,0,0,0
"POINT (8.674808331000065 53.173685635000027)",Unfall 150468 (2021) Kat:3, Licht: 0,150468,3,6,2,01,15,7,1,0,0,1,0,0,0,0
"POINT (8.801305669000044 53.077055102000031)",Unfall 150469 (2021) Kat:3, Licht: 0,150469,3,7,0,02,16,1,0,0,1,0,0,0,0,0
"POINT (8.765551516000073 53.113807087000055)",Unfall 150470 (2021) Kat:3, Licht: 0,150470,3,6,1,06,18,3,1,0,0,1,0,0,0,0
"POINT (8.797177831000056 53.072461848000046)",Unfall 150471 (2021) Kat:3, Licht: 0,150471,3,3,5,07,17,7,0,0,1,1,0,0,0,0
"POINT (8.830681112000036 53.041010374000052)",Unfall 150472 (2021) Kat:3, Licht: 0,150472,3,3,5,05,15,6,0,0,0,1,0,0,0,0
"POINT (8.776779022000028 53.053405802000043)",Unfall 150474 (2021) Kat:3, Licht: 0,150474,3,6,3,04,13,3,0,0,1,0,0,0,0,0