WKT,Name,OBJECTID,UKATEGORIE,UTYP1,UART,UMONAT,USTUNDE,UWOCHENTAG,STRZUSTAND,ULICHTVERH,ISTRAD,ISTPKW,ISTFUSS,ISTKRAD,ISTGKFZ,ISTSONSTIG
"POINT (8.858044894000045 53.072509139000033)",Unfall 150475 (2021) Kat:3, Licht: 0,150475,3,7,0,07,11,4,0,0,0,1,1,0,0,0
"POINT (8.788558327000032 53.072776864000048)",Unfall 150477 (2021) Kat:3, Licht: 0,150477,3,3,5,04,16,4,0,0,0,1,0,0,0,0
"POINT (8.598481658000026 53.175416314000074)",Unfall 150479 (2021) Kat:3, Licht: 0,150479,3,3,5,01,15,5,0,0,1,1,0,0,0,0
"POINT (8.819295777000036 53.051671157000044)",Unfall 150483 (2021) Kat:3, Licht: 0,150483,3,7,6,04,17,7,0,0,0,1,1,0,0,0
"POINT (8.872256833000051 53.077364443000079)",Unfall 150484 (2021) Kat:3, Licht: 0,150484,3,2,5,02,15,5,0,0,1,1,0,0,0,0
"POINT (8.808659745000057 53.072275466000065)",Unfall 150486 (2021) Kat:3, Licht: 0,150486,3,6,4,07,17,4,0,0,1,0,0,0,0,1
"POINT (8.806088958000032 53.078248668000072)",Unfall 150487 (2021) Kat:3, Licht: 0,150487,3,3,5,06,19,7,0,0,1,0,0,0,0,0
"POINT (8.853353264000077 53.064309184000081)",Unfall 150488 (2021) Kat:3, Licht: 0,150488,3,7,0,06,16,3,0,0,1,0,0,0,0,0
"POINT (8.825148307000063 53.084502049000037)",Unfall 150490 (2021) Kat:3, Licht: 0,150490,3,2,5,06,18,3,1,0,0,1,0,0,0,1
"POINT (8.837210859000038 53.069977433000076)",Unfall 150491 (2021) Kat:3, Licht: 0,150491,3,7,0,05,14,5,0,0,1,0,1,0,0,0
"POINT (8.790257098000041 53.086092388000054)",Unfall 150492 (2021) Kat:3, Licht: 0,150492,3,6,2,07,13,3,0,0,0,1,0,0,0,0
"POINT (8.880306289000032 53.060558340000057)",Unfall 150493 (2021) Kat:3, Licht: 0,150493,3,3,0,04,12,6,0,0,0,1,0,0,0,0
"POINT (8.783582613000021 53.103815959000030)",Unfall 150494 (2021) Kat:3, Licht: 0,150494,3,6,2,03,13,5,0,0,0,1,0,0,0,0
"POINT (8.852729120000049 53.082222817000059)",Unfall 150495 (2021) Kat:3, Licht: 0,150495,3,5,0,06,17,2,0,0,1,0,0,0,0,0
"POINT (8.625481125000022 53.178552926000066)",Unfall 150496 (2021) Kat:3, Licht: 0,150496,3,3,5,02,10,3,2,0,0,1,0,0,0,0
"POINT (8.831069718000037 53.085826025000074)",Unfall 150498 (2021) Kat:3, Licht: 2,150498,3,3,5,03,18,1,1,2,1,1,0,0,0,0
"POINT (8.858298313000034 53.072461510000039)",Unfall 150500 (2021) Kat:3, Licht: 0,150500,3,3,5,07,13,5,0,0,1,1,0,0,0,0
"POINT (8.768742472000042 53.093868555000029)",Unfall 150501 (2021) Kat:3, Licht: 0,150501,3,5,1,05,13,4,0,0,0,1,0,0,1,0
"POINT (8.819723408000073 53.096219306000080)",Unfall 150503 (2021) Kat:2, Licht: 0,150503,2,7,0,07,13,7,0,0,1,0,0,0,0,0
"POINT (8.847382740000057 53.050249680000036)",Unfall 150504 (2021) Kat:2, Licht: 2,150504,2,3,5,01,16,4,1,2,0,1,0,0,0,0
"POINT (8.701906731000065 53.167709835000039)",Unfall 150505 (2021) Kat:3, Licht: 0,150505,3,2,3,04,17,4,0,0,1,1,0,0,0,0
"POINT (8.785446445000048 53.071103831000073)",Unfall 150506 (2021) Kat:3, Licht: 0,150506,3,3,1,06,07,4,0,0,1,1,0,0,0,0
"POINT (8.910608847000049 53.082517324000037)",Unfall 150507 (2021) Kat:3, Licht: 2,150507,3,2,5,02,18,4,1,2,0,1,0,0,0,0
"POINT (8.963550407000071 53.060967626000036)",Unfall 150508 (2021) Kat:3, Licht: 0,150508,3,4,6,03,13,4,0,0,0,1,1,0,0,0
"POINT (8.722387067000057 53.056864430000076)",Unfall 150509 (2021) Kat:3, Licht: 2,150509,3,7,0,06,22,5,0,2,1,0,0,0,0,0
"POINT (8.803597715000024 53.082405682000058)",Unfall 150510 (2021) Kat:3, Licht: 0,150510,3,3,5,05,14,4,1,0,0,1,0,1,0,0
"POINT (8.571828338000046 53.189906128000075)",Unfall 150511 (2021) Kat:3, Licht: 2,150511,3,3,5,04,21,7,1,2,0,1,0,0,0,0
"POINT (8.848405474000060 53.050252909000051)",Unfall 150512 (2021) Kat:3, Licht: 0,150512,3,6,3,04,17,6,0,0,0,1,0,0,0,1
"POINT (8.850450713000043 53.040240009000058)",Unfall 150513 (2021) Kat:3, Licht: 0,150513,3,3,1,07,15,2,0,0,0,1,0,1,0,0
"POINT (8.691257520000022 53.172121089000029)",Unfall 150516 (2021) Kat:3, Licht: 0,150516,3,6,1,06,18,4,0,0,1,0,0,0,0,1
"POINT (8.896709983000051 53.124084944000060)",Unfall 150517 (2021) Kat:3, Licht: 2,150517,3,4,6,01,17,6,1,2,0,1,1,0,0,0
"POINT (8.687736806000032 53.086737050000067)",Unfall 150518 (2021) Kat:2, Licht: 0,150518,2,6,4,06,07,4,0,0,0,1,0,0,1,0
"POINT (8.865519842000026 53.069761192000044)",Unfall 150519 (2021) Kat:3, Licht: 0,150519,3,5,8,05,15,3,0,0,0,1,0,0,0,0
"POINT (8.622548688000052 53.172924626000054)",Unfall 150520 (2021) Kat:2, Licht: 0,150520,2,7,0,04,16,2,0,0,1,0,0,0,0,0
"POINT (8.899532195000063 53.105219573000056)",Unfall 150521 (2021) Kat:3, Licht: 0,150521,3,5,1,03,15,6,0,0,1,1,0,0,0,0
"POINT (8.802683933000026 53.084686088000069)",Unfall 150522 (2021) Kat:3, Licht: 0,150522,3,3,5,06,13,5,0,0,1,0,0,0,0,0
"POINT (8.782039975000032 53.085990076000030)",Unfall 150523 (2021) Kat:3, Licht: 0,150523,3,6,3,02,15,4,0,0,1,1,0,0,0,0
"POINT (8.880801781000059 53.101558793000038)",Unfall 150525 (2021) Kat:3, Licht: 0,150525,3,7,0,07,16,2,0,0,1,1,0,0,0,0
"POINT (8.606195598000056 53.184554762000062)",Unfall 150526 (2021) Kat:3, Licht: 0,150526,3,6,6,07,14,7,0,0,0,1,1,0,0,0
"POINT (8.824431612000069 53.084257480000076)",Unfall 150528 (2021) Kat:3, Licht: 2,150528,3,3,5,01,20,3,1,2,1,1,0,0,0,0
"POINT (8.781542929000068 53.101029920000030)",Unfall 150529 (2021) Kat:3, Licht: 0,150529,3,7,0,06,11,7,0,0,1,0,0,0,0,0
"POINT (8.852215699000055 53.073701231000030)",Unfall 150531 (2021) Kat:3, Licht: 1,150531,3,2,4,07,04,2,0,1,1,1,0,0,0,0
"POINT (8.796901239000022 53.064577303000078)",Unfall 150532 (2021) Kat:3, Licht: 0,150532,3,4,6,04,15,5,0,0,0,1,1,0,0,0
"POINT (8.825047696000070 53.084519389000036)",Unfall 150533 (2021) Kat:3, Licht: 0,150533,3,2,5,03,15,3,0,0,1,1,0,0,0,0
"POINT (8.875196918000029 53.084365243000036)",Unfall 150534 (2021) Kat:3, Licht: 0,150534,3,7,1,06,09,6,0,0,0,1,0,0,0,0
"POINT (8.730037602000039 53.138171131000036)",Unfall 150535 (2021) Kat:3, Licht: 1,150535,3,7,0,06,21,7,0,1,1,0,0,0,0,1
"POINT (8.859793132000050 53.064747771000043)",Unfall 150538 (2021) Kat:2, Licht: 0,150538,2,7,1,03,11,4,0,0,0,1,0,0,0,0
"POINT (8.837105344000065 53.069455141000049)",Unfall 150539 (2021) Kat:3, Licht: 0,150539,3,3,5,06,16,3,0,0,1,1,0,0,0,0
"POINT (8.716336677000072 53.056499011000028)",Unfall 150540 (2021) Kat:3, Licht: 0,150540,3,3,5,02,17,5,0,0,0,1,0,0,0,0
"POINT (8.711605236000025 53.147456631000068)",Unfall 150543 (2021) Kat:2, Licht: 0,150543,2,7,0,07,15,4,0,0,1,0,0,0,0,0
"POINT (8.779015584000035 53.068951000000027)",Unfall 150545 (2021) Kat:3, Licht: 2,150545,3,1,9,01,17,7,1,2,0,1,0,0,0,0
"POINT (8.819067026000027 53.080415427000048)",Unfall 150547 (2021) Kat:2, Licht: 0,150547,2,1,0,05,16,1,1,0,0,0,1,1,0,0
"POINT (8.826984953000022 53.086172028000078)",Unfall 150548 (2021) Kat:2, Licht: 0,150548,2,7,0,07,11,6,0,0,1,0,0,0,0,0
"POINT (8.824612714000068 53.069116850000057)",Unfall 150550 (2021) Kat:3, Licht: 2,150550,3,6,1,06,03,7,0,2,0,1,0,0,0,1
"POINT (8.866286614000046 53.063862718000053)",Unfall 150551 (2021) Kat:3, Licht: 0,150551,3,1,1,06,17,7,1,0,1,1,0,0,0,0
"POINT (8.856940781000048 53.072744860000057)",Unfall 150552 (2021) Kat:3, Licht: 0,150552,3,6,1,02,09,3,1,0,0,1,0,0,0,1
"POINT (8.754165956000065 53.088825336000070)",Unfall 150554 (2021) Kat:3, Licht: 0,150554,3,3,5,03,10,3,0,0,1,1,0,0,0,0
"POINT (8.838228777000040 53.082551388000070)",Unfall 150555 (2021) Kat:3, Licht: 0,150555,3,7,0,06,15,2,0,0,0,0,0,0,0,1
"POINT (8.873743073000071 53.073056729000029)",Unfall 150556 (2021) Kat:3, Licht: 0,150556,3,1,4,07,17,7,0,0,0,1,0,0,0,0
"POINT (8.798958416000062 53.069504513000027)",Unfall 150557 (2021) Kat:3, Licht: 0,150557,3,4,6,05,19,1,0,0,0,0,1,0,0,1
"POINT (8.818109201000027 53.077726514000062)",Unfall 150558 (2021) Kat:3, Licht: 0,150558,3,3,5,04,17,5,1,0,1,1,0,0,0,0
"POINT (8.535816208000028 53.204005894000034)",Unfall 150559 (2021) Kat:2, Licht: 0,150559,2,6,4,07,11,7,0,0,1,1,0,0,0,0
"POINT (8.624513432000072 53.177213157000040)",Unfall 150560 (2021) Kat:3, Licht: 2,150560,3,3,5,01,23,2,1,2,0,1,0,0,0,0
"POINT (8.891976624000051 53.048021156000061)",Unfall 150561 (2021) Kat:3, Licht: 0,150561,3,7,2,06,17,4,0,0,0,1,0,1,0,0
"POINT (8.571866919000058 53.196075543000063)",Unfall 150562 (2021) Kat:3, Licht: 0,150562,3,6,2,02,15,3,1,0,0,1,0,0,0,0
"POINT (8.891875913000035 53.079266635000067)",Unfall 150564 (2021) Kat:3, Licht: 0,150564,3,7,0,06,07,5,0,0,0,0,0,0,0,1
"POINT (8.955894135000051 53.076143461000072)",Unfall 150565 (2021) Kat:3, Licht: 0,150565,3,3,5,05,18,1,0,0,1,1,0,0,0,0
"POINT (8.573061489000054 53.198646246000067)",Unfall 150566 (2021) Kat:3, Licht: 0,150566,3,3,5,04,18,5,0,0,1,1,0,0,0,0
"POINT (8.900678069000037 53.127248060000056)",Unfall 150567 (2021) Kat:3, Licht: 0,150567,3,7,0,04,12,7,0,0,1,0,0,0,0,0
"POINT (8.810602051000046 53.081882435000068)",Unfall 150568 (2021) Kat:3, Licht: 0,150568,3,3,5,07,12,2,0,0,0,1,0,0,0,1
"POINT (8.817855147000046 53.083053664000033)",Unfall 150569 (2021) Kat:2, Licht: 0,150569,2,5,1,02,07,6,0,0,1,1,0,0,0,0
"POINT (8.774082607000025 53.101595143000054)",Unfall 150570 (2021) Kat:3, Licht: 0,150570,3,4,6,01,13,6,1,0,0,1,1,0,0,0
"POINT (8.825151782000034 53.084505037000042)",Unfall 150572 (2021) Kat:3, Licht: 0,150572,3,3,5,06,12,4,0,0,1,0,0,0,0,0
"POINT (8.800836828000058 53.078512655000054)",Unfall 150573 (2021) Kat:3, Licht: 2,150573,3,6,3,01,18,5,0,2,0,1,0,0,0,1
"POINT (8.917558595000060 53.092816210000080)",Unfall 150575 (2021) Kat:3, Licht: 0,150575,3,7,9,05,11,4,0,0,0,1,0,0,0,0
"POINT (8.734073803000058 53.058579854000072)",Unfall 150576 (2021) Kat:3, Licht: 1,150576,3,7,3,07,21,4,1,1,1,1,0,0,0,0
"POINT (8.676366181000049 53.118750070000033)",Unfall 150577 (2021) Kat:3, Licht: 0,150577,3,4,0,04,11,1,0,0,1,0,0,0,0,1
"POINT (8.747118406000027 53.157687480000050)",Unfall 150579 (2021) Kat:3, Licht: 0,150579,3,5,1,06,16,3,0,0,0,1,0,0,0,0
"POINT (8.759750097000051 53.116398183000058)",Unfall 150580 (2021) Kat:3, Licht: 0,150580,3,4,6,02,11,5,0,0,0,1,1,0,0,0
"POINT (8.792059746000064 53.073057888000051)",Unfall 150583 (2021) Kat:3, Licht: 0,150583,3,3,5,07,20,7,0,0,1,0,0,0,0,1
"POINT (8.730872093000073 53.040749604000041)",Unfall 150584 (2021) Kat:3, Licht: 0,150584,3,6,2,06,07,3,0,0,0,1,0,0,0,0
"POINT (8.876043122000056 53.081621480000081)",Unfall 150585 (2021) Kat:3, Licht: 1,150585,3,3,5,01,07,3,0,1,1,1,0,0,0,0
"POINT (8.824267863000046 53.073118671000032)",Unfall 150586 (2021) Kat:3, Licht: 0,150586,3,2,5,06,21,7,0,0,1,1,0,0,0,0
"POINT (8.695642923000037 53.167631177000032)",Unfall 150587 (2021) Kat:3, Licht: 0,150587,3,7,6,05,13,3,1,0,0,1,1,0,0,0
"POINT (8.923825938000050 53.040431799000032)",Unfall 150588 (2021) Kat:3, Licht: 0,150588,3,3,5,07,08,4,0,0,1,1,0,0,0,0
"POINT (8.716525742000044 53.181796724000037)",Unfall 150589 (2021) Kat:2, Licht: 0,150589,2,1,8,03,16,3,0,0,1,0,0,0,0,0
"POINT (8.824560616000042 53.068913669000040)",Unfall 150590 (2021) Kat:3, Licht: 0,150590,3,3,5,06,10,6,0,0,1,1,0,0,0,0
"POINT (8.898951562000036 53.128548371000079)",Unfall 150593 (2021) Kat:3, Licht: 1,150593,3,6,0,03,18,4,1,1,0,1,0,0,0,0
"POINT (8.617410212000038 53.174866615000042)",Unfall 150595 (2021) Kat:3, Licht: 0,150595,3,3,4,06,05,3,1,0,0,0,0,1,0,1
"POINT (8.875829122000027 53.082369764000077)",Unfall 150597 (2021) Kat:3, Licht: 0,150597,3,6,1,05,11,6,0,0,0,1,0,0,0,0
"POINT (8.873529906000044 53.062794993000068)",Unfall 150598 (2021) Kat:3, Licht: 0,150598,3,6,2,03,13,4,0,0,0,1,0,0,0,0
"POINT (8.803149470000051 53.067017623000027)",Unfall 150599 (2021) Kat:3, Licht: 1,150599,3,3,5,04,19,4,0,1,1,0,0,0,0,0
"POINT (8.872446916000058 53.063130344000058)",Unfall 150600 (2021) Kat:3, Licht: 0,150600,3,2,5,07,16,2,0,0,1,1,0,0,0,0
"POINT (8.832184002000076 53.086104139000042)",Unfall 150602 (2021) Kat:3, Licht: 0,150602,3,6,3,06,12,4,0,0,1,0,0,1,0,0
"POINT (8.900963031000060 53.089517660000070)",Unfall 150603 (2021) Kat:2, Licht: 0,150603,2,3,5,01,12,7,0,0,1,1,0,0,0,0
"POINT (8.896912784000051 53.059071933000041)",Unfall 150604 (2021) Kat:3, Licht: 0,150604,3,3,5,06,15,6,0,0,1,1,0,0,0,0
"POINT (8.802734221000037 53.058369463000076)",Unfall 150605 (2021) Kat:3, Licht: 0,150605,3,6,2,05,14,2,0,0,0,1,0,0,0,0
"POINT (8.851448721000054 53.104893755000035)",Unfall 150607 (2021) Kat:3, Licht: 0,150607,3,1,0,03,08,2,2,0,0,0,0,1,0,0
"POINT (8.869288769000036 53.074738655000033)",Unfall 150608 (2021) Kat:3, Licht: 0,150608,3,4,6,06,14,3,0,0,0,1,1,0,0,0
"POINT (8.862525943000037 53.106783964000044)",Unfall 150609 (2021) Kat:3, Licht: 0,150609,3,2,5,07,12,3,0,0,1,1,0,0,0,0
"POINT (8.893484319000038 53.046970946000044)",Unfall 150610 (2021) Kat:3, Licht: 0,150610,3,3,5,05,18,6,1,0,0,1,0,0,0,0
"POINT (8.730247225000028 53.042449666000039)",Unfall 150611 (2021) Kat:3, Licht: 0,150611,3,3,5,03,15,4,0,0,0,1,0,0,0,0
"POINT (8.615521312000055 53.194485427000075)",Unfall 150612 (2021) Kat:3, Licht: 0,150612,3,3,5,04,08,4,0,0,0,1,0,1,0,0
"POINT (8.799481414000070 53.070164608000027)",Unfall 150613 (2021) Kat:3, Licht: 0,150613,3,2,3,07,13,2,0,0,1,1,0,0,0,0
"POINT (8.759916555000075 53.113986754000052)",Unfall 150615 (2021) Kat:3, Licht: 0,150615,3,3,5,04,14,4,0,0,1,1,0,0,0,0
"POINT (8.784487822000074 53.102047217000063)",Unfall 150616 (2021) Kat:3, Licht: 0,150616,3,6,2,03,14,6,0,0,0,1,0,0,0,0
"POINT (8.809590834000062 53.092589144000044)",Unfall 150617 (2021) Kat:3, Licht: 0,150617,3,3,5,06,09,4,0,0,1,1,0,0,0,0
"POINT (8.930194468000025 53.070739764000052)",Unfall 150618 (2021) Kat:3, Licht: 0,150618,3,7,0,02,09,6,0,0,0,0,0,0,0,1
"POINT (8.597562898000035 53.184835917000044)",Unfall 150619 (2021) Kat:3, Licht: 0,150619,3,3,5,03,12,7,1,0,0,1,0,0,0,1
"POINT (8.765102760000048 53.124245915000074)",Unfall 150620 (2021) Kat:3, Licht: 0,150620,3,6,0,06,12,5,0,0,1,1,0,0,0,0
"POINT (8.852505647000044 53.073608693000040)",Unfall 150621 (2021) Kat:3, Licht: 0,150621,3,3,5,05,10,2,1,0,0,1,0,0,0,0
"POINT (8.623954770000068 53.174387331000048)",Unfall 150622 (2021) Kat:3, Licht: 0,150622,3,6,2,04,10,4,0,0,0,1,0,0,0,0
"POINT (8.764190506000034 53.087766275000035)",Unfall 150623 (2021) Kat:2, Licht: 2,150623,2,7,1,04,23,6,0,2,1,1,0,0,0,0
"POINT (8.785030223000035 53.102235948000043)",Unfall 150624 (2021) Kat:2, Licht: 0,150624,2,7,1,02,10,2,0,0,0,1,0,0,0,1
"POINT (8.807586262000029 53.079308326000046)",Unfall 150626 (2021) Kat:3, Licht: 0,150626,3,6,2,07,15,3,0,0,0,1,0,0,0,0
"POINT (8.837553659000037 53.082504242000027)",Unfall 150627 (2021) Kat:2, Licht: 2,150627,2,7,0,06,01,1,0,2,0,0,0,0,0,1
"POINT (8.827527654000050 53.079894392000028)",Unfall 150628 (2021) Kat:3, Licht: 0,150628,3,6,2,06,13,4,0,0,0,1,0,0,0,0
"POINT (8.801924305000057 53.071656644000029)",Unfall 150629 (2021) Kat:3, Licht: 2,150629,3,4,6,01,06,3,1,2,0,1,1,0,0,0
"POINT (8.806309436000049 53.064305912000066)",Unfall 150630 (2021) Kat:3, Licht: 0,150630,3,7,1,06,08,3,1,0,1,1,0,0,0,0
"POINT (8.863535818000059 53.071338449000052)",Unfall 150631 (2021) Kat:3, Licht: 0,150631,3,6,2,05,12,1,0,0,0,1,0,1,0,0
"POINT (8.846508691000054 53.092442419000065)",Unfall 150632 (2021) Kat:3, Licht: 0,150632,3,3,5,07,09,3,0,0,1,1,0,0,0,0
"POINT (8.851520422000021 53.065090118000057)",Unfall 150634 (2021) Kat:2, Licht: 0,150634,2,4,6,03,17,1,1,0,0,1,1,0,0,0
"POINT (8.885840747000032 53.056664714000078)",Unfall 150635 (2021) Kat:3, Licht: 0,150635,3,6,4,06,05,2,1,0,1,0,0,0,0,0
"POINT (8.779125201000056 53.076111553000032)",Unfall 150636 (2021) Kat:3, Licht: 2,150636,3,6,3,02,17,3,2,2,1,0,0,0,0,0
"POINT (8.870247756000026 53.064854544000070)",Unfall 150638 (2021) Kat:3, Licht: 0,150638,3,3,5,07,11,6,0,0,1,1,0,0,0,0
"POINT (8.945303049000074 53.075325437000060)",Unfall 150639 (2021) Kat:3, Licht: 0,150639,3,1,0,07,20,6,0,0,0,0,0,1,0,0
"POINT (8.904778251000039 53.119101708000073)",Unfall 150643 (2021) Kat:3, Licht: 0,150643,3,7,0,07,11,2,0,0,1,0,0,0,0,1
"POINT (8.723236620000023 53.138173830000028)",Unfall 150644 (2021) Kat:3, Licht: 0,150644,3,3,5,01,13,6,1,0,0,1,0,0,0,0
"POINT (8.828645806000054 53.068802002000041)",Unfall 150645 (2021) Kat:3, Licht: 0,150645,3,7,1,03,16,5,0,0,1,1,0,0,0,0
"POINT (8.718589965000035 53.045887123000057)",Unfall 150646 (2021) Kat:3, Licht: 0,150646,3,3,0,06,15,1,0,0,1,1,0,0,0,0
"POINT (8.567484955000054 53.194362432000048)",Unfall 150649 (2021) Kat:3, Licht: 0,150649,3,3,5,03,08,3,0,0,0,1,0,0,0,0
"POINT (8.818757679000043 53.077787314000034)",Unfall 150650 (2021) Kat:3, Licht: 0,150650,3,1,8,03,12,5,1,0,0,1,0,0,0,0
"POINT (8.792757545000029 53.082677908000051)",Unfall 150651 (2021) Kat:3, Licht: 0,150651,3,3,5,06,17,3,1,0,0,1,0,0,1,0
"POINT (8.815246062000028 53.077139194000040)",Unfall 150652 (2021) Kat:3, Licht: 0,150652,3,7,1,07,07,2,0,0,1,1,0,0,0,0
"POINT (8.828680171000030 53.078083968000044)",Unfall 150653 (2021) Kat:3, Licht: 0,150653,3,6,2,05,18,1,0,0,0,1,0,0,0,0
"POINT (8.740103026000043 53.051404766000076)",Unfall 150654 (2021) Kat:3, Licht: 2,150654,3,3,5,03,18,5,1,2,0,1,0,0,0,0
"POINT (8.836945323000066 53.075334573000077)",Unfall 150655 (2021) Kat:3, Licht: 0,150655,3,4,6,04,13,2,0,0,0,1,1,0,0,0
"POINT (8.833072997000045 53.077428457000053)",Unfall 150656 (2021) Kat:3, Licht: 0,150656,3,6,1,07,14,2,0,0,0,1,0,0,0,0
"POINT (8.780099574000076 53.063365858000054)",Unfall 150658 (2021) Kat:3, Licht: 2,150658,3,5,1,06,16,5,0,2,0,1,0,1,0,0
"POINT (8.951325168000039 53.057879267000033)",Unfall 150659 (2021) Kat:3, Licht: 2,150659,3,3,5,01,05,5,1,2,1,1,0,0,0,0
"POINT (8.758117061000064 53.058218962000069)",Unfall 150663 (2021) Kat:3, Licht: 0,150663,3,6,1,07,17,6,0,0,0,1,0,0,0,0
"POINT (8.816896147000023 53.078584418000048)",Unfall 150664 (2021) Kat:3, Licht: 0,150664,3,3,5,04,18,2,0,0,1,1,0,0,0,0
"POINT (8.801530248000063 53.071537515000045)",Unfall 150665 (2021) Kat:3, Licht: 0,150665,3,3,5,04,15,7,0,0,1,0,0,0,0,0
"POINT (8.740738405000059 53.124569338000072)",Unfall 150666 (2021) Kat:2, Licht: 2,150666,2,1,9,04,04,4,0,2,0,1,0,0,0,0
"POINT (8.781431821000069 53.067670199000077)",Unfall 150667 (2021) Kat:3, Licht: 0,150667,3,2,5,02,06,3,0,0,1,0,0,0,0,1
"POINT (8.737099435000061 53.057050075000063)",Unfall 150669 (2021) Kat:3, Licht: 2,150669,3,7,0,07,00,5,0,2,0,1,0,0,0,0
"POINT (8.697550079000052 53.173803872000065)",Unfall 150670 (2021) Kat:3, Licht: 0,150670,3,3,5,06,11,5,0,0,0,1,0,1,0,0
"POINT (8.702155372000050 53.167706412000030)",Unfall 150671 (2021) Kat:3, Licht: 0,150671,3,2,5,05,06,2,0,0,1,1,0,0,0,0
"POINT (8.882850619000067 53.074720679000052)",Unfall 150673 (2021) Kat:3, Licht: 0,150673,3,3,5,06,05,2,1,0,1,1,0,0,0,0
"POINT (8.893221561000075 53.050090861000058)",Unfall 150674 (2021) Kat:3, Licht: 0,150674,3,6,2,05,12,3,1,0,0,1,0,0,0,0
"POINT (8.896447476000048 53.079255092000039)",Unfall 150675 (2021) Kat:2, Licht: 0,150675,2,3,5,07,11,4,0,0,1,1,0,0,0,0
"POINT (8.699759888000074 53.168108508000046)",Unfall 150677 (2021) Kat:3, Licht: 0,150677,3,6,2,06,16,5,0,0,0,1,0,0,0,0
"POINT (8.864971009000044 53.071567248000065)",Unfall 150678 (2021) Kat:3, Licht: 0,150678,3,3,5,02,12,4,0,0,1,1,0,0,0,0
"POINT (8.790431327000022 53.097472064000044)",Unfall 150680 (2021) Kat:3, Licht: 0,150680,3,7,1,03,17,2,1,0,1,1,0,0,0,0
"POINT (8.792227619000073 53.067178852000040)",Unfall 150681 (2021) Kat:3, Licht: 0,150681,3,6,1,07,17,3,0,0,0,0,0,1,0,1
"POINT (8.807210539000039 53.072828241000082)",Unfall 150682 (2021) Kat:2, Licht: 1,150682,2,6,4,07,21,5,0,1,1,0,0,0,0,1
"POINT (8.829596833000039 53.085463062000031)",Unfall 150684 (2021) Kat:3, Licht: 0,150684,3,6,3,04,18,4,0,0,1,0,0,0,0,0
"POINT (8.780522841000050 53.068126864000078)",Unfall 150685 (2021) Kat:2, Licht: 0,150685,2,3,5,02,09,3,0,0,1,1,0,0,0,0
"POINT (8.860210157000040 53.082406467000055)",Unfall 150687 (2021) Kat:3, Licht: 0,150687,3,3,5,07,08,4,0,0,1,1,0,0,0,0
"POINT (8.791446077000046 53.110862683000050)",Unfall 150688 (2021) Kat:3, Licht: 0,150688,3,3,5,06,18,2,0,0,1,1,0,0,0,0
"POINT (8.627158163000047 53.170314490000067)",Unfall 150689 (2021) Kat:3, Licht: 2,150689,3,3,5,05,23,7,0,2,0,1,0,0,0,0
"POINT (8.741873517000045 53.139338664000036)",Unfall 150690 (2021) Kat:3, Licht: 2,150690,3,1,9,01,06,1,1,2,0,1,0,0,0,0
"POINT (8.894533822000028 53.133389725000029)",Unfall 150691 (2021) Kat:3, Licht: 0,150691,3,1,9,06,19,3,0,0,0,0,0,1,0,0
"POINT (8.963639578000027 53.065351438000050)",Unfall 150692 (2021) Kat:3, Licht: 1,150692,3,6,2,05,20,5,0,1,0,1,0,0,0,0
"POINT (8.825079384000048 53.084200734000035)",Unfall 150693 (2021) Kat:3, Licht: 0,150693,3,3,5,07,16,4,0,0,1,1,0,0,0,0
"POINT (8.737998449000031 53.046810365000056)",Unfall 150694 (2021) Kat:3, Licht: 0,150694,3,6,2,03,17,2,0,0,0,1,0,0,0,0
"POINT (8.740264261000050 53.124756875000060)",Unfall 150695 (2021) Kat:1, Licht: 0,150695,1,3,5,06,17,3,0,0,1,0,0,0,1,0
"POINT (8.932194388000028 53.039815646000079)",Unfall 150698 (2021) Kat:2, Licht: 1,150698,2,3,5,03,18,3,0,1,0,1,0,0,0,1
"POINT (8.819735943000069 53.053704810000056)",Unfall 150699 (2021) Kat:3, Licht: 0,150699,3,6,3,07,17,6,0,0,1,1,0,0,0,0
"POINT (8.797483279000062 53.076739339000028)",Unfall 150700 (2021) Kat:3, Licht: 2,150700,3,1,8,07,22,5,0,2,0,0,0,0,0,1
"POINT (8.801817725000035 53.067812713000080)",Unfall 150701 (2021) Kat:3, Licht: 0,150701,3,3,5,05,07,5,0,0,0,1,0,0,0,1
"POINT (8.939433823000059 53.076658614000053)",Unfall 150702 (2021) Kat:3, Licht: 0,150702,3,3,5,01,14,6,0,0,0,1,0,0,0,1
"POINT (8.808826907000025 53.072216215000026)",Unfall 150703 (2021) Kat:3, Licht: 0,150703,3,7,2,05,13,5,0,0,1,0,0,0,0,1
"POINT (8.787322034000056 53.068155959000080)",Unfall 150704 (2021) Kat:3, Licht: 0,150704,3,1,6,07,10,7,0,0,0,0,1,0,0,1
"POINT (8.809877823000022 53.077058929000032)",Unfall 150705 (2021) Kat:3, Licht: 0,150705,3,7,0,01,10,6,1,0,0,0,1,0,0,1
"POINT (8.724075648000053 53.043320547000064)",Unfall 150706 (2021) Kat:3, Licht: 2,150706,3,3,5,03,19,7,1,2,1,1,0,0,0,0
"POINT (8.889331935000030 53.058003221000035)",Unfall 150707 (2021) Kat:3, Licht: 0,150707,3,3,5,06,07,6,0,0,1,0,0,0,0,0
"POINT (8.855955618000053 53.088682838000068)",Unfall 150709 (2021) Kat:3, Licht: 2,150709,3,5,2,02,19,4,1,2,0,1,0,0,0,0