WKT,Name,OBJECTID,UKATEGORIE,UTYP1,UART,UMONAT,USTUNDE,UWOCHENTAG,STRZUSTAND,ULICHTVERH,ISTRAD,ISTPKW,ISTFUSS,ISTKRAD,ISTGKFZ,ISTSONSTIG
"POINT (8.508886092000068 53.220959768000057)",Unfall 150945 (2021) Kat:3, Licht: 0,150945,3,6,2,03,17,3,0,0,0,1,0,0,0,0
"POINT (8.627129427000057 53.170321601000069)",Unfall 150946 (2021) Kat:3, Licht: 0,150946,3,2,5,07,10,5,0,0,1,1,0,0,0,0
"POINT (8.870932605000064 53.103778889000068)",Unfall 150947 (2021) Kat:3, Licht: 0,150947,3,7,0,07,14,6,0,0,1,0,0,0,0,0
"POINT (8.823422278000066 53.076628285000027)",Unfall 150948 (2021) Kat:3, Licht: 0,150948,3,2,5,05,12,5,0,0,0,1,0,1,0,0
"POINT (8.842576965000035 53.106063124000059)",Unfall 150950 (2021) Kat:3, Licht: 0,150950,3,6,2,04,17,5,0,0,0,1,0,0,0,0
"POINT (8.790199193000035 53.067374193000035)",Unfall 150951 (2021) Kat:3, Licht: 0,150951,3,3,6,07,10,3,0,0,1,0,1,0,0,0
"POINT (8.833092899000064 53.039786687000060)",Unfall 150953 (2021) Kat:3, Licht: 0,150953,3,3,5,04,07,3,0,0,1,1,0,0,0,0
"POINT (8.818359601000054 53.077444470000046)",Unfall 150954 (2021) Kat:2, Licht: 2,150954,2,7,1,03,23,6,0,2,1,1,0,0,0,0
"POINT (8.719161940000049 53.088828713000055)",Unfall 150955 (2021) Kat:3, Licht: 0,150955,3,3,5,06,13,6,0,0,0,1,0,0,0,0
"POINT (8.733879320000028 53.043159594000031)",Unfall 150956 (2021) Kat:3, Licht: 0,150956,3,6,2,01,09,4,1,0,0,1,0,0,0,0
"POINT (8.762992180000026 53.060017219000031)",Unfall 150958 (2021) Kat:3, Licht: 0,150958,3,6,2,05,05,4,0,0,0,1,0,0,0,0
"POINT (8.846299890000068 53.047492463000026)",Unfall 150959 (2021) Kat:3, Licht: 0,150959,3,3,5,03,16,6,0,0,1,1,0,0,0,0
"POINT (8.804839705000063 53.091651485000057)",Unfall 150960 (2021) Kat:3, Licht: 0,150960,3,7,0,06,19,4,0,0,1,0,0,0,0,0
"POINT (8.755940275000057 53.118672966000076)",Unfall 150961 (2021) Kat:3, Licht: 0,150961,3,2,0,02,12,1,0,0,0,0,0,1,0,0
"POINT (8.799432219000039 53.070065660000068)",Unfall 150963 (2021) Kat:3, Licht: 0,150963,3,3,5,07,13,6,0,0,1,0,0,0,0,1
"POINT (8.614279896000028 53.176227500000039)",Unfall 150964 (2021) Kat:3, Licht: 0,150964,3,3,5,07,10,4,1,0,1,1,0,0,0,0
"POINT (8.810539766000034 53.089017558000080)",Unfall 150965 (2021) Kat:3, Licht: 0,150965,3,1,1,05,06,7,0,0,0,1,0,0,0,1
"POINT (8.736151071000052 53.041480375000049)",Unfall 150967 (2021) Kat:3, Licht: 0,150967,3,3,6,06,14,4,0,0,0,1,1,0,0,0
"POINT (8.800400077000063 53.091465193000033)",Unfall 150969 (2021) Kat:3, Licht: 0,150969,3,3,0,07,16,6,0,0,1,0,0,0,0,0
"POINT (8.825534971000025 53.038118010000062)",Unfall 150970 (2021) Kat:3, Licht: 0,150970,3,4,6,01,12,5,0,0,0,1,1,0,0,0
"POINT (8.786957008000059 53.100169967000056)",Unfall 150971 (2021) Kat:1, Licht: 0,150971,1,7,6,06,16,6,0,0,0,0,1,0,0,1
"POINT (8.822578814000053 53.079582725000080)",Unfall 150973 (2021) Kat:2, Licht: 0,150973,2,5,1,04,10,5,0,0,1,1,0,0,0,0
"POINT (8.853530689000024 53.070755071000065)",Unfall 150974 (2021) Kat:3, Licht: 0,150974,3,3,5,04,18,7,0,0,1,1,0,0,0,0
"POINT (8.868600249000053 53.102787777000060)",Unfall 150977 (2021) Kat:3, Licht: 0,150977,3,6,2,07,15,5,0,0,0,1,0,1,0,0
"POINT (8.833797628000070 53.081732689000034)",Unfall 150978 (2021) Kat:1, Licht: 0,150978,1,7,0,06,15,2,0,0,0,0,1,0,0,1
"POINT (8.772588014000064 53.081400041000052)",Unfall 150979 (2021) Kat:3, Licht: 0,150979,3,2,5,06,17,3,0,0,0,1,0,0,0,1
"POINT (8.788039454000057 53.065976058000047)",Unfall 150980 (2021) Kat:3, Licht: 0,150980,3,5,1,01,08,4,1,0,1,0,0,1,1,0
"POINT (8.831044227000064 53.074760220000030)",Unfall 150981 (2021) Kat:3, Licht: 0,150981,3,2,5,06,12,3,0,0,1,1,0,0,0,0
"POINT (8.777863034000063 53.112123937000035)",Unfall 150982 (2021) Kat:3, Licht: 0,150982,3,4,6,05,08,5,0,0,0,1,1,0,0,0
"POINT (8.784221396000021 53.096406333000061)",Unfall 150983 (2021) Kat:3, Licht: 0,150983,3,3,5,07,12,4,0,0,0,1,0,0,0,1
"POINT (8.901264719000039 53.078377801000045)",Unfall 150984 (2021) Kat:3, Licht: 0,150984,3,6,2,03,15,5,0,0,0,1,0,0,0,1
"POINT (8.752591773000063 53.119765681000047)",Unfall 150985 (2021) Kat:3, Licht: 0,150985,3,7,8,06,15,2,0,0,0,1,0,0,0,0
"POINT (8.656666594000058 53.176508866000063)",Unfall 150988 (2021) Kat:3, Licht: 0,150988,3,6,2,03,13,2,1,0,0,1,0,0,0,1
"POINT (8.752283161000037 53.114122545000043)",Unfall 150989 (2021) Kat:3, Licht: 0,150989,3,4,6,07,17,2,0,0,0,0,1,0,0,1
"POINT (8.752447802000063 53.119766436000077)",Unfall 150992 (2021) Kat:3, Licht: 0,150992,3,6,2,04,07,6,0,0,0,1,0,0,1,0
"POINT (8.729427041000065 53.039489782000032)",Unfall 150993 (2021) Kat:3, Licht: 0,150993,3,6,2,07,09,6,0,0,0,1,0,0,0,0
"POINT (8.848572093000030 53.050512218000051)",Unfall 150994 (2021) Kat:3, Licht: 0,150994,3,3,5,01,11,4,1,0,0,1,0,0,0,0
"POINT (8.870664412000053 53.091436949000069)",Unfall 150995 (2021) Kat:3, Licht: 0,150995,3,2,4,06,16,4,0,0,0,1,0,0,0,1
"POINT (8.876533727000037 53.081041372000072)",Unfall 150996 (2021) Kat:3, Licht: 0,150996,3,3,5,06,11,5,0,0,1,1,0,0,0,0
"POINT (8.803161373000023 53.084644370000035)",Unfall 150997 (2021) Kat:3, Licht: 0,150997,3,7,2,01,15,6,2,0,0,1,0,0,0,0
"POINT (8.803244359000075 53.069634618000066)",Unfall 150998 (2021) Kat:3, Licht: 0,150998,3,1,5,02,09,6,0,0,1,0,0,0,0,0
"POINT (8.577148016000024 53.181495348000055)",Unfall 150999 (2021) Kat:3, Licht: 0,150999,3,6,4,06,08,3,1,0,0,1,0,0,0,0
"POINT (8.619020132000060 53.179909425000062)",Unfall 151000 (2021) Kat:3, Licht: 0,151000,3,2,5,07,12,6,0,0,0,1,0,0,0,1
"POINT (8.756206669000051 53.113886695000076)",Unfall 151002 (2021) Kat:3, Licht: 0,151002,3,7,6,04,14,6,0,0,0,1,1,0,0,0
"POINT (8.800712005000037 53.108229956000059)",Unfall 151003 (2021) Kat:3, Licht: 0,151003,3,4,6,04,10,7,0,0,0,0,1,0,0,1
"POINT (8.552256581000051 53.192089376000069)",Unfall 151004 (2021) Kat:3, Licht: 0,151004,3,7,0,07,13,2,0,0,0,0,1,0,0,1
"POINT (8.944426094000050 53.065564882000047)",Unfall 151006 (2021) Kat:3, Licht: 0,151006,3,2,2,06,17,7,0,0,0,1,0,1,0,0
"POINT (8.814856409000072 53.054801960000077)",Unfall 151007 (2021) Kat:3, Licht: 0,151007,3,7,0,06,08,4,0,0,0,0,0,0,0,1
"POINT (8.825932061000060 53.078736055000036)",Unfall 151008 (2021) Kat:3, Licht: 0,151008,3,3,5,01,14,7,0,0,1,1,0,0,0,0
"POINT (8.829911550000077 53.085541637000063)",Unfall 151009 (2021) Kat:3, Licht: 0,151009,3,5,1,04,19,3,0,0,1,1,0,0,0,0
"POINT (8.754753510000057 53.119746969000062)",Unfall 151010 (2021) Kat:3, Licht: 0,151010,3,3,5,06,15,4,0,0,1,1,0,0,0,0
"POINT (8.566287983000052 53.187722637000036)",Unfall 151011 (2021) Kat:3, Licht: 0,151011,3,3,5,05,07,2,0,0,1,1,0,0,0,0
"POINT (8.939332970000066 53.085725549000074)",Unfall 151012 (2021) Kat:3, Licht: 0,151012,3,6,4,03,10,4,0,0,1,1,0,0,0,0
"POINT (8.793136181000023 53.092479774000026)",Unfall 151013 (2021) Kat:3, Licht: 0,151013,3,6,2,06,11,3,0,0,0,1,0,0,0,0
"POINT (8.910984920000033 53.095965163000074)",Unfall 151014 (2021) Kat:3, Licht: 0,151014,3,4,6,02,12,6,0,0,0,1,1,0,0,0
"POINT (8.913896565000073 53.083358254000075)",Unfall 151017 (2021) Kat:2, Licht: 0,151017,2,3,5,07,08,7,0,0,1,1,0,0,0,0
"POINT (8.636488984000039 53.190727483000046)",Unfall 151018 (2021) Kat:3, Licht: 0,151018,3,1,0,05,16,1,0,0,0,0,0,1,0,0
"POINT (8.802584729000046 53.071691917000066)",Unfall 151019 (2021) Kat:3, Licht: 2,151019,3,7,0,01,23,3,2,2,1,0,0,0,0,0
"POINT (8.808399118000068 53.083006864000026)",Unfall 151020 (2021) Kat:3, Licht: 0,151020,3,7,0,06,15,1,0,0,0,1,0,0,0,1
"POINT (8.793915189000074 53.069758730000046)",Unfall 151021 (2021) Kat:3, Licht: 0,151021,3,1,8,05,16,7,0,0,0,1,0,0,0,0
"POINT (8.739113603000021 53.135197972000071)",Unfall 151022 (2021) Kat:2, Licht: 0,151022,2,3,5,07,10,2,0,0,1,1,0,0,0,0
"POINT (8.804449615000067 53.075508177000074)",Unfall 151023 (2021) Kat:3, Licht: 0,151023,3,2,4,03,15,4,0,0,1,1,0,0,0,0
"POINT (8.813936357000046 53.100300844000060)",Unfall 151024 (2021) Kat:3, Licht: 0,151024,3,3,5,06,17,6,0,0,1,1,0,0,0,0
"POINT (8.792994541000041 53.066746685000055)",Unfall 151028 (2021) Kat:3, Licht: 0,151028,3,3,5,07,07,5,1,0,1,1,0,0,0,0
"POINT (8.719999134000034 53.056716929000061)",Unfall 151029 (2021) Kat:3, Licht: 0,151029,3,6,2,07,11,3,0,0,0,1,0,0,0,0
"POINT (8.898517514000048 53.127458469000032)",Unfall 151030 (2021) Kat:3, Licht: 0,151030,3,3,5,05,14,6,1,0,0,1,0,0,0,0
"POINT (8.759889492000070 53.098300773000062)",Unfall 151031 (2021) Kat:3, Licht: 0,151031,3,2,5,04,18,4,0,0,0,1,0,0,0,1
"POINT (8.932533826000054 53.085408286000074)",Unfall 151032 (2021) Kat:3, Licht: 0,151032,3,2,5,07,13,3,0,0,1,1,0,0,0,0
"POINT (8.801994634000039 53.094575686000042)",Unfall 151034 (2021) Kat:3, Licht: 0,151034,3,7,5,04,16,3,0,0,0,1,0,1,0,0
"POINT (8.698909943000046 53.092757668000047)",Unfall 151035 (2021) Kat:3, Licht: 0,151035,3,3,5,06,16,3,0,0,1,1,0,0,0,0
"POINT (8.801653077000026 53.078735989000052)",Unfall 151036 (2021) Kat:3, Licht: 0,151036,3,6,2,02,10,4,1,0,0,0,0,0,0,1
"POINT (8.943655356000022 53.066403760000071)",Unfall 151038 (2021) Kat:3, Licht: 0,151038,3,7,0,03,15,3,1,0,0,0,0,1,0,0
"POINT (8.618631020000066 53.176279844000078)",Unfall 151039 (2021) Kat:3, Licht: 0,151039,3,5,1,06,12,6,0,0,0,1,0,0,0,0
"POINT (8.649892053000031 53.173895598000058)",Unfall 151040 (2021) Kat:3, Licht: 0,151040,3,2,5,06,13,5,0,0,1,1,0,0,0,0
"POINT (8.852068263000035 53.056221432000029)",Unfall 151041 (2021) Kat:3, Licht: 2,151041,3,4,4,02,06,4,1,2,0,0,1,0,0,1
"POINT (8.796415717000059 53.107687484000053)",Unfall 151043 (2021) Kat:2, Licht: 0,151043,2,2,5,03,13,3,1,0,0,1,0,0,0,1
"POINT (8.871866402000023 53.077149225000028)",Unfall 151044 (2021) Kat:3, Licht: 0,151044,3,3,5,06,11,2,0,0,1,1,0,0,0,0
"POINT (8.786999988000048 53.100121045000037)",Unfall 151047 (2021) Kat:3, Licht: 0,151047,3,4,6,04,08,5,0,0,0,1,1,0,0,0
"POINT (8.817199092000067 53.117441435000046)",Unfall 151049 (2021) Kat:3, Licht: 0,151049,3,5,1,01,14,3,0,0,1,1,0,0,0,0
"POINT (8.852576234000026 53.086218198000040)",Unfall 151050 (2021) Kat:3, Licht: 0,151050,3,7,0,06,11,5,0,0,1,0,0,0,0,0
"POINT (8.888193912000077 53.071446169000069)",Unfall 151051 (2021) Kat:2, Licht: 0,151051,2,1,8,01,00,6,2,0,0,1,0,0,0,0
"POINT (8.838978495000049 53.076521169000046)",Unfall 151052 (2021) Kat:3, Licht: 0,151052,3,6,2,03,15,2,0,0,0,1,0,0,0,0
"POINT (8.781397981000055 53.111707275000072)",Unfall 151053 (2021) Kat:3, Licht: 0,151053,3,6,3,03,17,4,0,0,1,1,0,0,0,0
"POINT (8.797260612000059 53.076424157000076)",Unfall 151055 (2021) Kat:3, Licht: 0,151055,3,3,5,05,08,2,0,0,1,0,0,0,0,1
"POINT (8.792382522000025 53.073208749000059)",Unfall 151056 (2021) Kat:3, Licht: 0,151056,3,7,5,04,07,3,1,0,1,0,0,0,0,1
"POINT (8.797061541000062 53.073603650000052)",Unfall 151057 (2021) Kat:3, Licht: 0,151057,3,3,0,04,13,6,0,0,1,1,0,0,0,0
"POINT (8.786169932000064 53.103063810000037)",Unfall 151058 (2021) Kat:3, Licht: 0,151058,3,2,5,07,12,3,0,0,1,1,0,0,0,0
"POINT (8.793949509000072 53.099667230000080)",Unfall 151060 (2021) Kat:3, Licht: 0,151060,3,2,1,06,13,7,0,0,1,1,0,0,0,0
"POINT (8.837473244000023 53.069932737000045)",Unfall 151061 (2021) Kat:3, Licht: 0,151061,3,7,7,06,17,4,0,0,1,0,0,0,0,1
"POINT (8.855028252000068 53.103653999000073)",Unfall 151062 (2021) Kat:3, Licht: 0,151062,3,6,2,01,12,5,0,0,0,1,0,0,0,0
"POINT (8.824425821000034 53.084491774000071)",Unfall 151063 (2021) Kat:3, Licht: 0,151063,3,3,5,04,11,3,0,0,1,1,0,0,0,0
"POINT (8.808536874000026 53.082908768000038)",Unfall 151064 (2021) Kat:2, Licht: 0,151064,2,6,3,06,16,3,0,0,0,1,0,0,0,1
"POINT (8.870138408000059 53.082165431000078)",Unfall 151065 (2021) Kat:3, Licht: 0,151065,3,6,8,05,15,1,0,0,0,1,0,0,0,0
"POINT (8.875400170000034 53.062118298000030)",Unfall 151068 (2021) Kat:3, Licht: 0,151068,3,2,5,06,17,3,0,0,1,1,0,0,0,0
"POINT (8.889301073000070 53.090245556000070)",Unfall 151069 (2021) Kat:3, Licht: 1,151069,3,6,3,02,19,6,0,1,1,0,0,0,0,1
"POINT (8.755312008000033 53.113252403000047)",Unfall 151071 (2021) Kat:3, Licht: 0,151071,3,4,6,07,15,7,0,0,0,1,1,0,0,0
"POINT (8.822323631000074 53.069081414000038)",Unfall 151072 (2021) Kat:2, Licht: 2,151072,2,1,0,07,23,5,0,2,1,0,0,0,0,0
"POINT (8.752295047000075 53.113295118000053)",Unfall 151073 (2021) Kat:2, Licht: 0,151073,2,6,2,06,11,3,0,0,0,0,0,0,1,0
"POINT (8.795913072000076 53.106297203000054)",Unfall 151074 (2021) Kat:3, Licht: 0,151074,3,3,5,01,08,4,1,0,1,1,0,0,0,0
"POINT (8.760338830000023 53.119553459000031)",Unfall 151075 (2021) Kat:3, Licht: 1,151075,3,7,1,06,22,5,0,1,0,1,0,0,0,0
"POINT (8.950530908000076 53.073487037000064)",Unfall 151077 (2021) Kat:3, Licht: 0,151077,3,1,8,07,17,1,0,0,0,1,0,0,0,0
"POINT (8.884560691000047 53.100135808000061)",Unfall 151080 (2021) Kat:3, Licht: 0,151080,3,7,6,06,10,7,1,0,0,1,1,0,0,0
"POINT (8.894282162000025 53.059972399000060)",Unfall 151081 (2021) Kat:3, Licht: 0,151081,3,6,2,02,14,6,0,0,0,1,0,0,0,0
"POINT (8.619443939000064 53.184049487000038)",Unfall 151082 (2021) Kat:3, Licht: 0,151082,3,2,5,03,08,6,0,0,0,0,0,0,0,1
"POINT (8.911010632000057 53.039562471000067)",Unfall 151084 (2021) Kat:3, Licht: 0,151084,3,3,5,07,16,5,1,0,0,1,0,1,0,0
"POINT (8.822094798000023 53.069117693000067)",Unfall 151085 (2021) Kat:3, Licht: 2,151085,3,6,6,07,00,1,0,2,1,0,1,0,0,0
"POINT (8.951116414000069 53.034950974000026)",Unfall 151086 (2021) Kat:3, Licht: 0,151086,3,7,0,05,16,6,0,0,1,0,0,0,0,0
"POINT (8.765868248000061 53.112481056000036)",Unfall 151087 (2021) Kat:3, Licht: 1,151087,3,7,0,04,18,4,0,1,0,1,0,0,0,1
"POINT (8.962357029000032 53.057405099000050)",Unfall 151088 (2021) Kat:3, Licht: 0,151088,3,7,6,07,19,1,0,0,0,1,1,0,0,0
"POINT (8.808554029000049 53.093530389000080)",Unfall 151090 (2021) Kat:3, Licht: 0,151090,3,3,5,04,11,3,0,0,1,1,0,0,0,0
"POINT (8.777107975000035 53.095905561000052)",Unfall 151091 (2021) Kat:3, Licht: 0,151091,3,3,5,06,20,3,0,0,0,1,0,0,0,0
"POINT (8.920243527000025 53.094141598000078)",Unfall 151092 (2021) Kat:3, Licht: 2,151092,3,6,4,01,17,3,1,2,1,1,0,0,0,0
"POINT (8.703022117000046 53.155619567000031)",Unfall 151093 (2021) Kat:3, Licht: 0,151093,3,5,1,06,10,2,0,0,1,1,0,0,0,0
"POINT (8.781337448000045 53.097457011000074)",Unfall 151094 (2021) Kat:3, Licht: 0,151094,3,6,2,04,16,3,0,0,0,1,0,0,0,0
"POINT (8.804900453000073 53.079349267000055)",Unfall 151096 (2021) Kat:3, Licht: 0,151096,3,3,5,04,12,5,0,0,1,0,0,0,0,1
"POINT (8.853462802000024 53.064908441000057)",Unfall 151097 (2021) Kat:3, Licht: 0,151097,3,6,3,04,14,3,0,0,1,0,0,0,0,0
"POINT (8.817208204000053 53.036770820000072)",Unfall 151098 (2021) Kat:3, Licht: 0,151098,3,7,0,02,08,4,0,0,1,1,0,0,0,0
"POINT (8.775488241000062 53.060462870000038)",Unfall 151100 (2021) Kat:3, Licht: 0,151100,3,3,5,03,15,5,1,0,0,1,0,0,0,0
"POINT (8.949462503000063 53.063918412000078)",Unfall 151101 (2021) Kat:3, Licht: 0,151101,3,4,6,07,06,5,0,0,0,0,1,0,1,0
"POINT (8.927924496000060 53.089826449000043)",Unfall 151102 (2021) Kat:2, Licht: 0,151102,2,7,0,06,18,6,0,0,1,0,0,0,0,0
"POINT (8.871068354000045 53.098450021000076)",Unfall 151103 (2021) Kat:3, Licht: 0,151103,3,2,3,05,10,2,0,0,1,1,0,0,0,0
"POINT (8.786068581000052 53.100340907000032)",Unfall 151104 (2021) Kat:3, Licht: 0,151104,3,7,0,01,11,2,0,0,1,1,0,0,0,0
"POINT (8.809339926000064 53.060707561000072)",Unfall 151105 (2021) Kat:3, Licht: 0,151105,3,6,2,06,17,2,1,0,1,1,0,0,0,0
"POINT (8.623958595000033 53.174351065000053)",Unfall 151107 (2021) Kat:2, Licht: 0,151107,2,7,0,07,13,4,0,0,0,0,0,0,0,1
"POINT (8.891833416000054 53.048363258000052)",Unfall 151108 (2021) Kat:3, Licht: 0,151108,3,6,2,04,08,6,0,0,0,1,0,0,0,0
"POINT (8.733487052000044 53.087379819000034)",Unfall 151109 (2021) Kat:3, Licht: 0,151109,3,2,3,03,14,4,0,0,0,0,0,0,1,1
"POINT (8.866813908000040 53.082132691000027)",Unfall 151110 (2021) Kat:3, Licht: 0,151110,3,2,5,06,13,2,0,0,1,0,0,0,0,1
"POINT (8.909298221000029 53.059540675000051)",Unfall 151111 (2021) Kat:3, Licht: 0,151111,3,2,5,05,14,2,0,0,1,1,0,0,0,0
"POINT (8.843038153000066 53.080994540000063)",Unfall 151113 (2021) Kat:3, Licht: 0,151113,3,3,5,04,07,5,0,0,1,1,0,0,0,0
"POINT (8.814889060000041 53.079665290000037)",Unfall 151114 (2021) Kat:3, Licht: 0,151114,3,6,2,04,17,6,0,0,0,1,0,0,0,0
"POINT (8.820303632000048 53.069403816000033)",Unfall 151117 (2021) Kat:3, Licht: 1,151117,3,6,2,06,21,7,0,1,0,1,0,0,0,0
"POINT (8.894633446000057 53.116211506000070)",Unfall 151118 (2021) Kat:3, Licht: 0,151118,3,7,0,06,05,4,0,0,0,1,0,0,0,0
"POINT (8.877375872000073 53.065697893000049)",Unfall 151119 (2021) Kat:3, Licht: 0,151119,3,6,2,01,13,4,0,0,0,1,0,0,0,0
"POINT (8.949502140000050 53.063950583000064)",Unfall 151120 (2021) Kat:3, Licht: 0,151120,3,7,2,06,14,3,0,0,0,1,0,0,0,0
"POINT (8.781896243000062 53.153444258000036)",Unfall 151121 (2021) Kat:3, Licht: 0,151121,3,6,3,05,10,1,0,0,1,0,0,0,0,0
"POINT (8.716143910000028 53.178211028000078)",Unfall 151122 (2021) Kat:3, Licht: 0,151122,3,3,5,07,09,4,0,0,1,1,0,0,0,0
"POINT (8.829869779000035 53.085531209000067)",Unfall 151123 (2021) Kat:3, Licht: 0,151123,3,6,3,03,14,2,0,0,1,1,0,0,0,0
"POINT (8.946559270000023 53.076628437000068)",Unfall 151124 (2021) Kat:3, Licht: 0,151124,3,3,5,06,10,4,0,0,1,1,0,0,0,0
"POINT (8.933657433000064 53.058835368000075)",Unfall 151125 (2021) Kat:3, Licht: 0,151125,3,4,6,02,16,6,0,0,0,1,1,0,0,0
"POINT (8.630656291000037 53.156911383000079)",Unfall 151127 (2021) Kat:3, Licht: 0,151127,3,6,3,07,17,7,0,0,1,0,0,0,0,0
"POINT (8.846321668000030 53.033892373000072)",Unfall 151131 (2021) Kat:2, Licht: 0,151131,2,3,5,05,15,2,1,0,1,1,0,0,0,0
"POINT (8.787984106000067 53.092472232000034)",Unfall 151133 (2021) Kat:3, Licht: 2,151133,3,1,0,01,01,6,1,2,0,0,0,0,0,1
"POINT (8.850000544000068 53.094735161000074)",Unfall 151134 (2021) Kat:3, Licht: 0,151134,3,3,5,04,15,5,0,0,1,1,0,0,0,0
"POINT (8.781252063000068 53.075755847000039)",Unfall 151136 (2021) Kat:3, Licht: 0,151136,3,3,5,06,11,5,0,0,1,1,0,0,0,0
"POINT (8.824317792000045 53.070343516000037)",Unfall 151137 (2021) Kat:3, Licht: 0,151137,3,6,4,02,11,6,1,0,1,1,0,0,0,0
"POINT (8.836636443000032 53.029126184000063)",Unfall 151138 (2021) Kat:3, Licht: 0,151138,3,3,5,03,13,2,0,0,1,1,0,0,0,0
"POINT (8.550765904000059 53.197518656000057)",Unfall 151139 (2021) Kat:3, Licht: 0,151139,3,3,5,03,14,5,1,0,0,1,0,0,0,0
"POINT (8.878811186000064 53.111386812000035)",Unfall 151140 (2021) Kat:2, Licht: 0,151140,2,1,0,07,11,5,0,0,0,1,0,0,0,0
"POINT (8.851751148000062 53.035370125000043)",Unfall 151141 (2021) Kat:3, Licht: 0,151141,3,3,5,07,12,2,0,0,1,1,0,0,0,0
"POINT (8.791081559000077 53.100504091000062)",Unfall 151142 (2021) Kat:3, Licht: 2,151142,3,7,0,05,01,2,1,2,0,0,0,0,0,1
"POINT (8.567871469000067 53.188643785000068)",Unfall 151144 (2021) Kat:3, Licht: 0,151144,3,3,5,04,15,3,0,0,1,1,0,0,0,0
"POINT (8.563655594000068 53.198791373000063)",Unfall 151147 (2021) Kat:3, Licht: 0,151147,3,4,6,06,13,5,0,0,0,1,1,0,0,0
"POINT (8.751374457000054 53.120316248000051)",Unfall 151148 (2021) Kat:3, Licht: 0,151148,3,6,3,01,07,2,2,0,0,1,0,0,1,0
"POINT (8.832925225000054 53.108450734000030)",Unfall 151149 (2021) Kat:3, Licht: 0,151149,3,3,5,06,15,1,0,0,1,0,0,0,0,0
"POINT (8.850736285000039 53.085163219000037)",Unfall 151150 (2021) Kat:2, Licht: 0,151150,2,7,9,04,16,3,0,0,0,1,0,0,0,0
"POINT (8.803585907000070 53.062816122000072)",Unfall 151152 (2021) Kat:3, Licht: 0,151152,3,6,2,07,11,7,0,0,1,1,0,0,0,0
"POINT (8.832898008000029 53.077893110000048)",Unfall 151153 (2021) Kat:3, Licht: 0,151153,3,6,2,04,18,6,1,0,0,1,0,0,0,0
"POINT (8.837421869000025 53.037916195000037)",Unfall 151154 (2021) Kat:3, Licht: 0,151154,3,4,6,04,13,6,0,0,0,1,1,0,0,0
"POINT (8.754591491000042 53.115945912000029)",Unfall 151155 (2021) Kat:3, Licht: 2,151155,3,7,0,02,20,4,0,2,1,0,0,0,0,0
"POINT (8.786804330000052 53.090530153000032)",Unfall 151157 (2021) Kat:3, Licht: 0,151157,3,6,4,07,19,5,1,0,1,0,0,0,0,0
"POINT (8.756751475000044 53.112820936000048)",Unfall 151158 (2021) Kat:3, Licht: 0,151158,3,7,0,06,17,5,0,0,0,0,0,0,0,1
"POINT (8.808567361000030 53.082926969000027)",Unfall 151159 (2021) Kat:3, Licht: 0,151159,3,6,0,05,17,2,0,0,0,1,0,0,0,1
"POINT (8.686049274000027 53.171109811000065)",Unfall 151160 (2021) Kat:3, Licht: 2,151160,3,7,0,01,06,4,1,2,1,0,0,0,0,0
"POINT (8.563593794000042 53.198851417000071)",Unfall 151161 (2021) Kat:3, Licht: 1,151161,3,2,4,06,21,3,0,1,0,1,0,0,0,0
"POINT (8.690687550000064 53.168945390000033)",Unfall 151162 (2021) Kat:3, Licht: 0,151162,3,2,3,05,09,4,0,0,1,1,0,0,0,0
"POINT (8.809391378000043 53.079181115000040)",Unfall 151164 (2021) Kat:3, Licht: 0,151164,3,2,4,03,13,6,0,0,1,1,0,0,0,0
"POINT (8.849127329000055 53.068420536000076)",Unfall 151165 (2021) Kat:3, Licht: 0,151165,3,3,0,06,17,2,0,0,1,1,0,0,0,0
"POINT (8.896123815000067 53.045184178000056)",Unfall 151166 (2021) Kat:3, Licht: 0,151166,3,6,2,02,13,7,1,0,0,1,0,0,0,0
"POINT (8.876467971000068 53.081020035000051)",Unfall 151168 (2021) Kat:3, Licht: 0,151168,3,3,5,03,14,2,1,0,1,1,0,0,0,0
"POINT (8.807954348000067 53.074424068000042)",Unfall 151169 (2021) Kat:3, Licht: 0,151169,3,6,4,07,16,6,0,0,1,0,0,0,0,0
"POINT (8.612410075000071 53.184278799000026)",Unfall 151171 (2021) Kat:3, Licht: 0,151171,3,3,5,05,18,5,0,0,0,1,0,0,0,0
"POINT (8.756784736000043 53.110633022000059)",Unfall 151172 (2021) Kat:2, Licht: 0,151172,2,4,6,04,08,6,0,0,0,1,1,0,0,0
"POINT (8.835479310000039 53.077127533000066)",Unfall 151174 (2021) Kat:3, Licht: 2,151174,3,4,6,01,20,5,1,2,0,1,1,0,0,0
"POINT (8.774282889000062 53.077644711000062)",Unfall 151175 (2021) Kat:3, Licht: 0,151175,3,3,5,06,05,5,0,0,1,1,0,0,0,0
"POINT (8.738924569000062 53.047711203000063)",Unfall 151177 (2021) Kat:3, Licht: 2,151177,3,6,3,02,18,5,1,2,0,1,0,0,0,1
"POINT (8.812841059000050 53.073361192000050)",Unfall 151178 (2021) Kat:3, Licht: 0,151178,3,7,0,03,11,5,0,0,0,1,0,0,0,1
"POINT (8.873023893000038 53.084760412000037)",Unfall 151179 (2021) Kat:3, Licht: 0,151179,3,3,5,07,17,5,1,0,1,1,0,0,0,0