WKT,Name,OBJECTID,UKATEGORIE,UTYP1,UART,UMONAT,USTUNDE,UWOCHENTAG,STRZUSTAND,ULICHTVERH,ISTRAD,ISTPKW,ISTFUSS,ISTKRAD,ISTGKFZ,ISTSONSTIG
"POINT (8.921072710000033 53.052089319000061)",Unfall 151180 (2021) Kat:2, Licht: 0,151180,2,3,5,07,11,2,0,0,0,1,0,0,0,0
"POINT (8.750106263000021 53.125876959000038)",Unfall 151181 (2021) Kat:3, Licht: 0,151181,3,3,5,05,18,2,1,0,1,1,0,0,0,0
"POINT (8.796643908000021 53.082514040000035)",Unfall 151182 (2021) Kat:3, Licht: 0,151182,3,2,5,06,05,2,1,0,0,1,0,0,0,0
"POINT (8.798482211000021 53.071029868000039)",Unfall 151183 (2021) Kat:3, Licht: 2,151183,3,3,5,02,22,5,1,2,1,1,0,0,0,0
"POINT (8.878393741000025 53.079085046000046)",Unfall 151185 (2021) Kat:3, Licht: 0,151185,3,4,6,03,14,6,1,0,0,1,1,0,0,0
"POINT (8.893836377000071 53.079448579000029)",Unfall 151187 (2021) Kat:3, Licht: 0,151187,3,7,0,07,09,5,0,0,0,0,0,0,0,1
"POINT (8.948904327000037 53.063584286000037)",Unfall 151188 (2021) Kat:3, Licht: 0,151188,3,2,5,05,12,5,0,0,1,1,0,0,0,0
"POINT (8.900838149000037 53.078676751000046)",Unfall 151189 (2021) Kat:3, Licht: 2,151189,3,3,5,01,23,7,0,2,1,1,0,0,0,0
"POINT (8.804666157000042 53.085826500000053)",Unfall 151190 (2021) Kat:3, Licht: 0,151190,3,2,5,05,15,5,0,0,0,1,0,0,0,0
"POINT (8.769760934000033 53.094993300000056)",Unfall 151193 (2021) Kat:3, Licht: 0,151193,3,3,5,03,12,4,0,0,1,1,0,0,0,0
"POINT (8.843035244000021 53.081086627000047)",Unfall 151195 (2021) Kat:3, Licht: 0,151195,3,6,2,06,13,5,0,0,0,1,0,0,0,0
"POINT (8.648799950000068 53.181494606000058)",Unfall 151196 (2021) Kat:3, Licht: 0,151196,3,7,9,01,13,6,2,0,0,1,0,0,0,0
"POINT (8.740961847000051 53.053076601000043)",Unfall 151197 (2021) Kat:2, Licht: 2,151197,2,3,5,02,21,1,0,2,0,1,0,0,0,0
"POINT (8.740760082000065 53.053064204000066)",Unfall 151198 (2021) Kat:3, Licht: 0,151198,3,3,5,07,08,5,1,0,1,1,0,0,0,0
"POINT (8.788938294000047 53.086869649000050)",Unfall 151199 (2021) Kat:3, Licht: 0,151199,3,6,3,07,12,2,0,0,0,1,0,0,1,0
"POINT (8.728180007000049 53.038384009000026)",Unfall 151200 (2021) Kat:3, Licht: 0,151200,3,7,0,05,16,5,0,0,1,0,0,0,0,0
"POINT (8.765155546000074 53.112859628000081)",Unfall 151201 (2021) Kat:3, Licht: 2,151201,3,7,0,04,22,5,0,2,0,0,0,0,0,1
"POINT (8.839387846000022 53.153441897000050)",Unfall 151202 (2021) Kat:2, Licht: 0,151202,2,7,0,04,15,2,0,0,1,0,0,0,0,0
"POINT (8.914073313000074 53.062679125000045)",Unfall 151206 (2021) Kat:3, Licht: 0,151206,3,2,3,01,13,5,1,0,1,0,0,0,1,0
"POINT (8.624011816000063 53.174442322000061)",Unfall 151207 (2021) Kat:2, Licht: 2,151207,2,1,4,04,22,2,0,2,0,1,0,0,0,0
"POINT (8.738729078000063 53.146262671000045)",Unfall 151208 (2021) Kat:3, Licht: 2,151208,3,6,3,06,22,7,0,2,1,0,0,0,0,0
"POINT (8.763200424000047 53.109186985000065)",Unfall 151210 (2021) Kat:2, Licht: 0,151210,2,7,0,03,12,3,0,0,0,0,0,1,0,0
"POINT (8.758877731000041 53.116009617000032)",Unfall 151211 (2021) Kat:3, Licht: 0,151211,3,2,5,04,07,5,0,0,1,1,0,0,0,0
"POINT (8.861521923000055 53.071780722000028)",Unfall 151214 (2021) Kat:3, Licht: 0,151214,3,3,5,07,14,4,0,0,0,1,0,0,0,0
"POINT (8.772692719000077 53.096354229000042)",Unfall 151215 (2021) Kat:3, Licht: 0,151215,3,6,2,06,07,5,0,0,1,1,0,0,0,0
"POINT (8.816647368000076 53.080779322000069)",Unfall 151216 (2021) Kat:3, Licht: 0,151216,3,3,5,05,07,2,0,0,0,1,0,0,0,1
"POINT (8.898238875000061 53.043800895000061)",Unfall 151217 (2021) Kat:3, Licht: 0,151217,3,6,4,01,15,4,0,0,1,0,0,0,0,0
"POINT (8.690724561000025 53.168919874000039)",Unfall 151218 (2021) Kat:3, Licht: 0,151218,3,6,3,06,13,4,0,0,1,0,0,0,0,1
"POINT (8.887674894000043 53.056163786000070)",Unfall 151219 (2021) Kat:3, Licht: 0,151219,3,7,0,05,11,2,1,0,1,0,0,0,0,0
"POINT (8.704594496000027 53.155101257000069)",Unfall 151220 (2021) Kat:2, Licht: 0,151220,2,3,5,07,12,3,0,0,1,1,0,0,0,0
"POINT (8.888038543000050 53.109172198000067)",Unfall 151221 (2021) Kat:3, Licht: 0,151221,3,7,2,03,14,4,0,0,1,0,0,0,0,0
"POINT (8.947897954000041 53.067151953000064)",Unfall 151222 (2021) Kat:3, Licht: 0,151222,3,3,5,06,18,6,0,0,0,1,0,1,0,0
"POINT (8.755918733000044 53.118692366000062)",Unfall 151223 (2021) Kat:3, Licht: 0,151223,3,7,1,02,17,7,0,0,0,1,0,0,0,0
"POINT (8.759467411000060 53.115777933000061)",Unfall 151225 (2021) Kat:3, Licht: 2,151225,3,6,4,03,23,6,1,2,0,1,0,0,0,1
"POINT (8.842307677000065 53.071448896000049)",Unfall 151226 (2021) Kat:2, Licht: 0,151226,2,7,1,06,07,3,1,0,1,1,0,0,0,0
"POINT (8.811062520000064 53.071679945000028)",Unfall 151227 (2021) Kat:3, Licht: 2,151227,3,6,4,07,00,7,0,2,1,0,0,0,0,0
"POINT (8.942927636000036 53.086874197000043)",Unfall 151230 (2021) Kat:3, Licht: 0,151230,3,3,5,07,16,6,0,0,1,1,0,0,0,0
"POINT (8.838229958000056 53.071988579000049)",Unfall 151231 (2021) Kat:3, Licht: 2,151231,3,5,1,01,21,4,1,2,0,1,0,0,0,1
"POINT (8.784994751000056 53.088704335000045)",Unfall 151232 (2021) Kat:3, Licht: 0,151232,3,2,3,06,11,5,0,0,1,0,0,0,0,1
"POINT (8.786712947000069 53.070332765000046)",Unfall 151233 (2021) Kat:2, Licht: 1,151233,2,7,0,01,15,7,2,1,0,1,0,0,0,0
"POINT (8.838713260000077 53.080113681000057)",Unfall 151234 (2021) Kat:3, Licht: 0,151234,3,6,3,03,16,3,0,0,1,1,0,0,0,0
"POINT (8.763135795000039 53.059997325000040)",Unfall 151235 (2021) Kat:3, Licht: 0,151235,3,2,4,06,15,5,0,0,1,1,0,0,0,0
"POINT (8.629763881000031 53.155551209000066)",Unfall 151238 (2021) Kat:2, Licht: 0,151238,2,1,0,04,17,7,0,0,0,1,1,0,0,0
"POINT (8.849261755000043 53.085103216000050)",Unfall 151239 (2021) Kat:3, Licht: 0,151239,3,4,6,07,16,2,0,0,1,0,1,0,0,0
"POINT (8.801100853000037 53.069849848000047)",Unfall 151241 (2021) Kat:3, Licht: 0,151241,3,7,6,06,15,5,0,0,0,1,1,0,0,0
"POINT (8.827827830000047 53.071039556000073)",Unfall 151243 (2021) Kat:2, Licht: 2,151243,2,7,0,01,20,7,0,2,0,1,0,0,0,0
"POINT (8.852974474000064 53.086491807000073)",Unfall 151244 (2021) Kat:3, Licht: 0,151244,3,7,0,06,19,4,0,0,0,0,0,1,0,0
"POINT (8.962300410000068 53.065334686000028)",Unfall 151245 (2021) Kat:3, Licht: 2,151245,3,7,0,05,23,7,1,2,0,1,1,0,0,0
"POINT (8.906818755000074 53.082133900000031)",Unfall 151247 (2021) Kat:3, Licht: 0,151247,3,7,7,03,13,4,0,0,0,1,0,0,0,0
"POINT (8.811799442000051 53.030953287000045)",Unfall 151248 (2021) Kat:3, Licht: 0,151248,3,5,1,06,09,4,0,0,0,1,0,0,1,0
"POINT (8.823316088000070 53.031243887000073)",Unfall 151251 (2021) Kat:3, Licht: 0,151251,3,3,5,04,17,7,0,0,0,1,0,1,0,0
"POINT (8.759135058000027 53.121978605000038)",Unfall 151252 (2021) Kat:3, Licht: 0,151252,3,3,5,04,07,6,0,0,0,1,0,0,0,0
"POINT (8.915491075000034 53.071195506000038)",Unfall 151253 (2021) Kat:3, Licht: 0,151253,3,6,2,07,19,3,0,0,0,1,0,0,0,0
"POINT (8.625502445000052 53.181093566000072)",Unfall 151255 (2021) Kat:3, Licht: 0,151255,3,3,5,06,09,2,0,0,0,1,0,1,0,0
"POINT (8.627782898000021 53.182739403000028)",Unfall 151257 (2021) Kat:2, Licht: 0,151257,2,4,6,06,15,5,0,0,0,1,1,0,0,0
"POINT (8.791032346000065 53.091622162000078)",Unfall 151258 (2021) Kat:3, Licht: 0,151258,3,2,5,05,14,4,0,0,1,1,0,0,0,0
"POINT (8.866221510000059 53.098908808000033)",Unfall 151259 (2021) Kat:3, Licht: 0,151259,3,7,0,04,17,5,0,0,0,0,0,0,0,1
"POINT (8.844133747000058 53.055462529000067)",Unfall 151260 (2021) Kat:3, Licht: 0,151260,3,6,3,06,13,2,0,0,1,1,0,0,0,0
"POINT (8.839689593000060 53.098654029000045)",Unfall 151261 (2021) Kat:3, Licht: 0,151261,3,3,5,02,08,5,0,0,1,1,0,0,0,0
"POINT (8.800934971000061 53.078810048000037)",Unfall 151263 (2021) Kat:3, Licht: 0,151263,3,6,2,07,12,2,1,0,0,1,0,0,0,0
"POINT (8.812891713000056 53.058682723000061)",Unfall 151265 (2021) Kat:2, Licht: 2,151265,2,1,0,05,23,7,0,2,1,0,0,0,0,0
"POINT (8.845954568000025 53.093107232000079)",Unfall 151266 (2021) Kat:3, Licht: 0,151266,3,7,0,01,14,6,0,0,0,0,0,0,0,1
"POINT (8.752434531000063 53.114890706000040)",Unfall 151267 (2021) Kat:3, Licht: 0,151267,3,6,3,06,13,3,0,0,0,1,0,0,0,1
"POINT (8.791159512000036 53.091665702000057)",Unfall 151268 (2021) Kat:3, Licht: 0,151268,3,6,2,05,11,5,0,0,0,1,0,0,0,0
"POINT (8.844868278000035 53.045791359000077)",Unfall 151270 (2021) Kat:3, Licht: 2,151270,3,2,5,03,19,6,0,2,1,1,0,0,0,0
"POINT (8.847492639000052 53.048110755000039)",Unfall 151271 (2021) Kat:3, Licht: 0,151271,3,3,5,06,15,7,0,0,0,1,0,0,0,0
"POINT (8.950419520000025 53.058402168000043)",Unfall 151272 (2021) Kat:3, Licht: 0,151272,3,2,5,06,11,6,0,0,1,1,0,0,0,0
"POINT (8.631073835000052 53.183659764000026)",Unfall 151273 (2021) Kat:2, Licht: 0,151273,2,4,6,02,12,2,1,0,0,0,1,0,0,1
"POINT (8.748807716000044 53.124853561000066)",Unfall 151275 (2021) Kat:3, Licht: 0,151275,3,3,5,03,14,3,1,0,1,1,0,0,0,0
"POINT (8.801137466000057 53.079091761000029)",Unfall 151276 (2021) Kat:3, Licht: 0,151276,3,7,2,07,15,5,0,0,0,1,0,0,0,0
"POINT (8.572650725000074 53.185781093000060)",Unfall 151277 (2021) Kat:2, Licht: 0,151277,2,7,6,07,07,6,0,0,0,1,1,0,0,0
"POINT (8.882133510000074 53.058022913000059)",Unfall 151279 (2021) Kat:3, Licht: 0,151279,3,6,4,04,14,3,0,0,0,1,0,0,0,0
"POINT (8.868023402000063 53.072937263000028)",Unfall 151280 (2021) Kat:2, Licht: 0,151280,2,6,2,07,12,6,0,0,0,1,0,0,0,0
"POINT (8.705795803000058 53.153395244000080)",Unfall 151282 (2021) Kat:3, Licht: 1,151282,3,6,3,04,06,3,0,1,1,0,0,0,0,0
"POINT (8.853687650000040 53.087203440000053)",Unfall 151283 (2021) Kat:2, Licht: 0,151283,2,7,0,06,17,3,0,0,1,0,0,0,0,0
"POINT (8.824262391000048 53.073100261000036)",Unfall 151284 (2021) Kat:3, Licht: 2,151284,3,7,6,02,18,7,0,2,0,0,1,1,0,0
"POINT (8.781412598000031 53.075728996000066)",Unfall 151285 (2021) Kat:3, Licht: 0,151285,3,6,2,03,16,3,0,0,0,1,0,0,0,0
"POINT (8.634786291000069 53.167044825000062)",Unfall 151286 (2021) Kat:3, Licht: 0,151286,3,3,5,04,09,2,0,0,0,1,0,1,0,0
"POINT (8.783501834000049 53.100740146000078)",Unfall 151287 (2021) Kat:2, Licht: 0,151287,2,6,4,06,18,5,0,0,1,1,0,0,0,0
"POINT (8.895824540000035 53.096990626000036)",Unfall 151288 (2021) Kat:3, Licht: 0,151288,3,6,2,05,13,6,0,0,0,1,0,0,0,0
"POINT (8.962552958000060 53.064362339000070)",Unfall 151289 (2021) Kat:3, Licht: 2,151289,3,1,1,04,00,6,0,2,0,1,0,0,0,0
"POINT (8.930531759000075 53.087682942000072)",Unfall 151290 (2021) Kat:3, Licht: 0,151290,3,2,5,04,08,4,0,0,0,1,0,0,0,0
"POINT (8.776259007000021 53.098402965000048)",Unfall 151291 (2021) Kat:3, Licht: 0,151291,3,1,8,07,13,2,0,0,0,0,0,0,0,1
"POINT (8.827083259000062 53.034270234000076)",Unfall 151292 (2021) Kat:3, Licht: 0,151292,3,6,4,02,14,6,0,0,1,0,0,0,0,0
"POINT (8.831361806000075 53.081253966000077)",Unfall 151294 (2021) Kat:3, Licht: 0,151294,3,2,5,06,18,2,0,0,1,1,0,0,0,0
"POINT (8.892254455000057 53.102343017000067)",Unfall 151295 (2021) Kat:3, Licht: 0,151295,3,7,8,06,17,4,0,0,0,1,0,1,0,0
"POINT (8.916591789000051 53.097618003000036)",Unfall 151296 (2021) Kat:3, Licht: 0,151296,3,6,3,01,14,4,1,0,1,0,0,1,0,0
"POINT (8.898942933000058 53.128472303000081)",Unfall 151298 (2021) Kat:3, Licht: 0,151298,3,2,5,05,17,3,1,0,0,1,0,0,0,1
"POINT (8.772154523000040 53.093818692000070)",Unfall 151299 (2021) Kat:3, Licht: 0,151299,3,6,3,07,10,4,0,0,0,1,0,0,0,0
"POINT (8.928078186000050 53.072381629000063)",Unfall 151300 (2021) Kat:2, Licht: 0,151300,2,7,9,04,15,1,0,0,0,0,0,0,0,1
"POINT (8.849131222000040 53.068428235000056)",Unfall 151301 (2021) Kat:3, Licht: 0,151301,3,5,1,03,12,6,0,0,1,1,0,0,0,0
"POINT (8.878990740000063 53.101355355000067)",Unfall 151302 (2021) Kat:3, Licht: 0,151302,3,6,2,06,15,2,0,0,0,1,0,0,0,0
"POINT (8.812136281000051 53.075280493000037)",Unfall 151303 (2021) Kat:2, Licht: 0,151303,2,3,5,02,11,3,1,0,1,1,0,0,0,0
"POINT (8.760579436000057 53.082058578000044)",Unfall 151305 (2021) Kat:3, Licht: 0,151305,3,2,5,07,09,1,1,0,0,1,0,0,0,0
"POINT (8.824143573000072 53.063149346000046)",Unfall 151306 (2021) Kat:3, Licht: 2,151306,3,6,3,07,23,7,0,2,1,1,0,0,0,0
"POINT (8.578207048000024 53.185035550000066)",Unfall 151307 (2021) Kat:3, Licht: 0,151307,3,5,1,06,16,3,0,0,1,1,0,0,0,0
"POINT (8.856935354000029 53.072686045000069)",Unfall 151308 (2021) Kat:3, Licht: 0,151308,3,2,4,01,12,3,1,0,1,1,0,0,0,0
"POINT (8.832102020000036 53.068688230000078)",Unfall 151309 (2021) Kat:3, Licht: 0,151309,3,2,5,05,19,2,1,0,1,1,0,0,0,0
"POINT (8.589364324000030 53.209174829000062)",Unfall 151311 (2021) Kat:3, Licht: 0,151311,3,4,6,01,14,2,0,0,0,1,1,0,0,0
"POINT (8.740792497000029 53.053069980000032)",Unfall 151312 (2021) Kat:3, Licht: 0,151312,3,3,5,06,11,6,0,0,1,1,0,0,0,0
"POINT (8.932930913000064 53.085034537000070)",Unfall 151313 (2021) Kat:3, Licht: 0,151313,3,3,5,06,08,5,0,0,0,1,0,0,0,0
"POINT (8.832933075000028 53.081506479000041)",Unfall 151314 (2021) Kat:3, Licht: 1,151314,3,6,2,02,07,6,0,1,0,1,0,0,0,0
"POINT (8.880213602000026 53.077184186000068)",Unfall 151315 (2021) Kat:3, Licht: 0,151315,3,3,5,03,10,4,1,0,1,1,0,0,0,0
"POINT (8.826550597000050 53.083483220000062)",Unfall 151316 (2021) Kat:3, Licht: 0,151316,3,6,2,03,08,4,0,0,0,1,0,0,0,0
"POINT (8.822780282000053 53.072916082000063)",Unfall 151318 (2021) Kat:3, Licht: 1,151318,3,7,0,07,20,7,0,1,1,0,0,0,0,0
"POINT (8.832366863000061 53.083947746000035)",Unfall 151319 (2021) Kat:3, Licht: 0,151319,3,2,5,05,15,6,0,0,1,1,0,0,0,0
"POINT (8.844530743000064 53.045324843000060)",Unfall 151320 (2021) Kat:3, Licht: 2,151320,3,6,3,03,18,1,0,2,0,1,0,0,0,0
"POINT (8.823830096000052 53.071225068000047)",Unfall 151321 (2021) Kat:3, Licht: 2,151321,3,4,6,07,01,7,0,2,0,1,1,0,0,0
"POINT (8.789093460000061 53.073087769000040)",Unfall 151322 (2021) Kat:3, Licht: 0,151322,3,2,5,07,16,6,0,0,0,1,0,0,0,0
"POINT (8.799684412000033 53.054926744000056)",Unfall 151323 (2021) Kat:3, Licht: 2,151323,3,2,0,05,00,1,0,2,0,1,0,0,0,0
"POINT (8.826207150000073 53.034332347000031)",Unfall 151324 (2021) Kat:3, Licht: 2,151324,3,3,5,01,19,3,1,2,1,1,0,0,0,0
"POINT (8.782236813000054 53.104512715000055)",Unfall 151325 (2021) Kat:2, Licht: 0,151325,2,3,5,06,19,7,0,0,1,1,0,0,0,0
"POINT (8.878434088000063 53.079088701000046)",Unfall 151326 (2021) Kat:3, Licht: 0,151326,3,3,5,05,13,4,1,0,1,1,0,0,0,0
"POINT (8.882202424000070 53.063767488000053)",Unfall 151327 (2021) Kat:3, Licht: 0,151327,3,1,0,07,08,2,0,0,1,0,0,0,0,0
"POINT (8.712880402000053 53.143731182000067)",Unfall 151328 (2021) Kat:3, Licht: 0,151328,3,6,2,04,16,5,0,0,0,1,0,0,0,0
"POINT (8.881945347000055 53.063926574000050)",Unfall 151329 (2021) Kat:3, Licht: 0,151329,3,1,0,03,07,6,0,0,1,0,0,0,0,0
"POINT (8.920237864000057 53.072032675000059)",Unfall 151330 (2021) Kat:3, Licht: 0,151330,3,5,1,06,15,6,0,0,0,1,0,0,0,0
"POINT (8.894195101000037 53.106913861000066)",Unfall 151331 (2021) Kat:3, Licht: 0,151331,3,5,1,06,11,7,1,0,1,1,0,0,0,0
"POINT (8.802768794000031 53.058424174000038)",Unfall 151334 (2021) Kat:3, Licht: 0,151334,3,6,2,06,18,3,1,0,0,1,0,0,0,0
"POINT (8.789733187000024 53.072273867000035)",Unfall 151335 (2021) Kat:3, Licht: 0,151335,3,5,1,07,12,3,0,0,0,1,0,0,0,1
"POINT (8.804117504000033 53.072616198000048)",Unfall 151336 (2021) Kat:3, Licht: 0,151336,3,6,2,05,14,2,0,0,1,0,0,0,0,1
"POINT (8.931502709000029 53.061707838000075)",Unfall 151337 (2021) Kat:3, Licht: 2,151337,3,5,1,03,21,1,1,2,0,1,0,0,0,0
"POINT (8.777107517000047 53.106610302000036)",Unfall 151338 (2021) Kat:3, Licht: 0,151338,3,7,1,04,12,4,0,0,0,1,0,0,0,0
"POINT (8.706766567000045 53.112179697000045)",Unfall 151339 (2021) Kat:3, Licht: 0,151339,3,7,0,07,13,3,0,0,1,0,0,0,0,0
"POINT (8.835112429000048 53.068356062000078)",Unfall 151343 (2021) Kat:3, Licht: 0,151343,3,6,4,02,14,3,2,0,1,1,0,0,0,0
"POINT (8.713873103000026 53.141614642000036)",Unfall 151345 (2021) Kat:3, Licht: 1,151345,3,6,2,03,18,4,1,1,0,1,0,0,0,0
"POINT (8.715762419000043 53.054187795000075)",Unfall 151346 (2021) Kat:3, Licht: 0,151346,3,3,5,06,19,2,0,0,0,1,0,0,0,0
"POINT (8.878329923000024 53.079201027000067)",Unfall 151348 (2021) Kat:3, Licht: 0,151348,3,2,5,04,07,3,0,0,0,1,0,0,0,1
"POINT (8.877484545000073 53.039572747000079)",Unfall 151350 (2021) Kat:3, Licht: 0,151350,3,2,5,02,15,4,0,0,1,1,0,0,0,0
"POINT (8.898930281000048 53.128360773000054)",Unfall 151352 (2021) Kat:3, Licht: 0,151352,3,7,0,07,17,4,0,0,1,0,0,0,0,0
"POINT (8.891833569000028 53.048359896000079)",Unfall 151353 (2021) Kat:3, Licht: 0,151353,3,2,5,06,15,5,0,0,1,1,0,0,0,0
"POINT (8.772069854000051 53.094679267000060)",Unfall 151354 (2021) Kat:3, Licht: 0,151354,3,3,5,06,07,4,0,0,1,1,0,0,0,0
"POINT (8.876878758000032 53.061789805000046)",Unfall 151355 (2021) Kat:3, Licht: 2,151355,3,5,1,01,18,3,1,2,1,1,0,0,0,0
"POINT (8.811775014000034 53.094481710000082)",Unfall 151356 (2021) Kat:3, Licht: 0,151356,3,6,7,06,16,3,0,0,0,1,0,0,0,0
"POINT (8.824887078000074 53.078748803000053)",Unfall 151357 (2021) Kat:2, Licht: 0,151357,2,6,2,05,12,3,1,0,0,1,0,0,0,0
"POINT (8.772505504000037 53.109094644000038)",Unfall 151358 (2021) Kat:3, Licht: 2,151358,3,3,5,07,23,2,0,2,0,1,0,0,0,0
"POINT (8.824575943000070 53.112904669000045)",Unfall 151360 (2021) Kat:2, Licht: 0,151360,2,7,9,06,11,4,0,0,0,1,0,0,0,0
"POINT (8.889437101000055 53.058112003000076)",Unfall 151361 (2021) Kat:3, Licht: 1,151361,3,7,0,02,07,3,2,1,1,0,0,0,0,0
"POINT (8.794874918000062 53.093952067000032)",Unfall 151365 (2021) Kat:3, Licht: 0,151365,3,3,5,07,16,5,0,0,0,1,0,0,0,1
"POINT (8.799026418000039 53.102613632000043)",Unfall 151366 (2021) Kat:2, Licht: 0,151366,2,7,0,05,12,6,0,0,1,0,0,0,0,0
"POINT (8.835158440000043 53.091412445000060)",Unfall 151369 (2021) Kat:3, Licht: 0,151369,3,3,5,07,09,5,0,0,0,1,0,0,1,0
"POINT (8.787380891000055 53.075987249000036)",Unfall 151370 (2021) Kat:3, Licht: 2,151370,3,7,1,01,16,4,1,2,0,1,0,0,0,0
"POINT (8.855811247000076 53.069801007000081)",Unfall 151371 (2021) Kat:3, Licht: 0,151371,3,4,6,03,17,5,0,0,0,1,1,0,0,0
"POINT (8.800666879000062 53.071081916000082)",Unfall 151373 (2021) Kat:3, Licht: 0,151373,3,6,2,06,15,6,0,0,0,1,0,1,0,0
"POINT (8.788941476000048 53.073150748000046)",Unfall 151374 (2021) Kat:3, Licht: 2,151374,3,3,5,02,06,5,1,2,1,1,0,0,0,0
"POINT (8.800844603000030 53.068505791000064)",Unfall 151375 (2021) Kat:3, Licht: 0,151375,3,3,5,03,16,6,0,0,1,1,0,0,0,0
"POINT (8.825101908000022 53.084188220000044)",Unfall 151376 (2021) Kat:3, Licht: 2,151376,3,3,5,03,06,5,1,2,1,0,0,0,0,1
"POINT (8.627916616000050 53.171885150000037)",Unfall 151377 (2021) Kat:3, Licht: 0,151377,3,2,5,03,10,4,0,0,1,0,0,0,1,0
"POINT (8.793902181000021 53.074428473000069)",Unfall 151378 (2021) Kat:3, Licht: 0,151378,3,7,3,06,13,3,0,0,1,0,0,0,0,0
"POINT (8.686075267000035 53.173348094000062)",Unfall 151380 (2021) Kat:3, Licht: 0,151380,3,3,6,05,20,6,0,0,0,1,1,0,0,0
"POINT (8.846161804000076 53.066408589000048)",Unfall 151381 (2021) Kat:3, Licht: 0,151381,3,6,1,03,15,2,0,0,0,1,0,0,0,0
"POINT (8.819727777000026 53.038328632000059)",Unfall 151382 (2021) Kat:3, Licht: 0,151382,3,6,2,04,16,4,0,0,0,1,0,0,0,0
"POINT (8.882481986000073 53.057597694000037)",Unfall 151383 (2021) Kat:3, Licht: 0,151383,3,3,5,07,16,4,0,0,0,1,0,0,0,0
"POINT (8.838982872000031 53.102208884000049)",Unfall 151386 (2021) Kat:3, Licht: 0,151386,3,3,5,06,08,3,0,0,1,1,0,0,0,0
"POINT (8.889898348000031 53.061467945000061)",Unfall 151387 (2021) Kat:3, Licht: 0,151387,3,6,2,01,12,5,0,0,0,1,0,0,0,0
"POINT (8.853668700000071 53.087179643000070)",Unfall 151388 (2021) Kat:3, Licht: 0,151388,3,6,3,06,17,6,0,0,1,1,0,0,0,0
"POINT (8.890183224000054 53.062433663000036)",Unfall 151389 (2021) Kat:3, Licht: 0,151389,3,5,1,05,14,5,0,0,1,1,0,0,0,0
"POINT (8.738388291000035 53.047175407000054)",Unfall 151390 (2021) Kat:3, Licht: 0,151390,3,3,5,04,09,2,0,0,1,1,0,0,0,0
"POINT (8.573048613000026 53.198626652000030)",Unfall 151391 (2021) Kat:3, Licht: 0,151391,3,3,5,04,07,5,0,0,1,1,0,0,0,0
"POINT (8.548536982000030 53.191625332000058)",Unfall 151392 (2021) Kat:3, Licht: 0,151392,3,3,5,04,20,2,0,0,1,1,0,0,0,0
"POINT (8.577042962000064 53.188419534000047)",Unfall 151393 (2021) Kat:3, Licht: 0,151393,3,3,5,02,11,6,0,0,0,1,0,0,0,0
"POINT (8.851996976000066 53.056002795000040)",Unfall 151395 (2021) Kat:3, Licht: 2,151395,3,7,9,07,23,4,0,2,1,0,0,0,0,0
"POINT (8.909342394000021 53.124775504000070)",Unfall 151396 (2021) Kat:3, Licht: 0,151396,3,7,1,06,17,2,0,0,1,1,0,0,0,0
"POINT (8.887829451000073 53.109200896000061)",Unfall 151397 (2021) Kat:3, Licht: 0,151397,3,7,0,05,15,1,0,0,1,0,0,0,0,0
"POINT (8.556767689000026 53.200167558000032)",Unfall 151398 (2021) Kat:3, Licht: 0,151398,3,4,6,04,17,3,0,0,0,1,1,0,0,0
"POINT (8.805789175000029 53.071622451000053)",Unfall 151399 (2021) Kat:3, Licht: 0,151399,3,3,5,07,17,4,0,0,1,1,0,0,0,0
"POINT (8.928736871000069 53.038482746000057)",Unfall 151401 (2021) Kat:3, Licht: 0,151401,3,1,0,03,10,5,1,0,0,0,0,0,0,1
"POINT (8.619359940000038 53.183125257000029)",Unfall 151404 (2021) Kat:3, Licht: 0,151404,3,7,6,06,12,2,0,0,0,1,1,0,0,0
"POINT (8.766911428000071 53.071217106000063)",Unfall 151405 (2021) Kat:3, Licht: 0,151405,3,3,8,05,13,7,0,0,1,1,0,0,0,0
"POINT (8.733480716000031 53.087390512000070)",Unfall 151406 (2021) Kat:3, Licht: 0,151406,3,3,5,04,07,3,0,0,1,1,0,0,0,0
"POINT (8.830899512000030 53.074386483000069)",Unfall 151407 (2021) Kat:3, Licht: 0,151407,3,4,6,04,14,3,1,0,1,1,1,0,0,0
"POINT (8.599042593000036 53.179931518000046)",Unfall 151408 (2021) Kat:3, Licht: 0,151408,3,3,5,04,15,5,0,0,1,1,0,0,0,0
"POINT (8.792342672000075 53.089853123000069)",Unfall 151411 (2021) Kat:3, Licht: 2,151411,3,7,0,07,22,3,0,2,1,0,0,0,0,0
"POINT (8.784947813000031 53.088734459000079)",Unfall 151412 (2021) Kat:3, Licht: 0,151412,3,6,2,06,11,2,0,0,0,1,0,0,1,0
"POINT (8.904809667000052 53.122753422000073)",Unfall 151413 (2021) Kat:3, Licht: 0,151413,3,3,5,05,18,2,0,0,1,1,0,0,0,0
"POINT (8.836647019000054 53.029124877000072)",Unfall 151414 (2021) Kat:3, Licht: 2,151414,3,2,6,01,20,6,0,2,0,1,1,0,0,0
"POINT (8.565980534000062 53.203325563000078)",Unfall 151416 (2021) Kat:3, Licht: 2,151416,3,5,1,05,00,1,1,2,1,1,0,0,0,0
"POINT (8.762187763000043 53.122088791000067)",Unfall 151417 (2021) Kat:3, Licht: 0,151417,3,4,6,07,18,4,0,0,0,1,1,1,0,0