WKT,Name,OBJECTID,UKATEGORIE,UTYP1,UART,UMONAT,USTUNDE,UWOCHENTAG,STRZUSTAND,ULICHTVERH,ISTRAD,ISTPKW,ISTFUSS,ISTKRAD,ISTGKFZ,ISTSONSTIG
"POINT (8.742412574000070 53.131775274000063)",Unfall 151419 (2021) Kat:3, Licht: 0,151419,3,3,5,06,17,3,0,0,1,1,0,0,0,0
"POINT (8.788124268000047 53.104956045000051)",Unfall 151420 (2021) Kat:3, Licht: 0,151420,3,4,6,02,13,5,0,0,0,1,1,0,0,0
"POINT (8.800998550000031 53.078853157000026)",Unfall 151422 (2021) Kat:3, Licht: 0,151422,3,2,5,03,13,3,0,0,1,0,0,0,0,1
"POINT (8.846903801000053 53.068306237000058)",Unfall 151423 (2021) Kat:3, Licht: 0,151423,3,7,0,03,07,4,0,0,1,1,0,0,0,0
"POINT (8.798228921000032 53.055968240000027)",Unfall 151425 (2021) Kat:3, Licht: 0,151425,3,6,2,07,11,5,0,0,0,1,0,0,1,0
"POINT (8.843658528000049 53.083727008000039)",Unfall 151426 (2021) Kat:3, Licht: 0,151426,3,3,5,05,11,5,0,0,1,1,0,0,0,0
"POINT (8.887130240000033 53.037932197000032)",Unfall 151427 (2021) Kat:3, Licht: 0,151427,3,1,9,01,11,3,1,0,0,1,0,0,0,0
"POINT (8.672476790000076 53.164978467000026)",Unfall 151428 (2021) Kat:3, Licht: 0,151428,3,4,6,05,17,2,1,0,1,0,1,0,0,0
"POINT (8.882983478000028 53.057793062000030)",Unfall 151430 (2021) Kat:3, Licht: 0,151430,3,6,2,01,11,6,1,0,0,1,0,0,0,0
"POINT (8.697587279000061 53.173797182000044)",Unfall 151431 (2021) Kat:3, Licht: 0,151431,3,3,5,03,17,6,0,0,0,1,0,0,0,0
"POINT (8.793234570000038 53.066097223000043)",Unfall 151432 (2021) Kat:3, Licht: 0,151432,3,6,3,06,08,6,0,0,0,1,0,1,0,0
"POINT (8.789492300000063 53.078680440000028)",Unfall 151433 (2021) Kat:3, Licht: 0,151433,3,6,2,06,13,5,0,0,0,1,0,0,0,0
"POINT (8.619188548000068 53.185853078000036)",Unfall 151434 (2021) Kat:3, Licht: 0,151434,3,1,1,02,10,3,2,0,0,1,0,0,0,0
"POINT (8.748248863000072 53.125341867000031)",Unfall 151435 (2021) Kat:3, Licht: 0,151435,3,6,2,03,15,4,0,0,0,1,0,0,0,1
"POINT (8.857936085000063 53.048666309000055)",Unfall 151436 (2021) Kat:3, Licht: 0,151436,3,1,8,06,12,3,0,0,0,1,0,0,0,0
"POINT (8.853548832000058 53.064841428000079)",Unfall 151437 (2021) Kat:3, Licht: 0,151437,3,3,5,07,15,1,1,0,0,1,0,0,0,0
"POINT (8.879844168000034 53.112580939000054)",Unfall 151438 (2021) Kat:3, Licht: 0,151438,3,6,3,05,19,5,0,0,0,1,0,1,0,0
"POINT (8.709232619000034 53.151388956000062)",Unfall 151439 (2021) Kat:3, Licht: 0,151439,3,3,5,04,16,7,0,0,1,1,0,0,0,0
"POINT (8.789896650000060 53.106905881000046)",Unfall 151441 (2021) Kat:3, Licht: 0,151441,3,6,1,07,15,3,0,0,1,1,0,0,0,0
"POINT (8.823788542000045 53.077656028000035)",Unfall 151444 (2021) Kat:3, Licht: 0,151444,3,1,0,01,14,4,0,0,1,0,1,0,0,0
"POINT (8.816822746000071 53.054246919000036)",Unfall 151445 (2021) Kat:3, Licht: 0,151445,3,3,5,06,10,7,0,0,1,0,0,0,0,1
"POINT (8.779260617000034 53.093724463000058)",Unfall 151446 (2021) Kat:3, Licht: 0,151446,3,6,3,05,07,2,0,0,0,1,0,0,1,0
"POINT (8.930244344000073 53.072003210000048)",Unfall 151447 (2021) Kat:3, Licht: 0,151447,3,6,2,03,08,2,0,0,0,0,0,1,1,0
"POINT (8.841965855000069 53.041800232000071)",Unfall 151448 (2021) Kat:3, Licht: 0,151448,3,6,4,06,07,4,0,0,1,0,0,0,0,0
"POINT (8.713964076000025 53.141416141000036)",Unfall 151449 (2021) Kat:3, Licht: 0,151449,3,3,5,02,15,2,0,0,1,0,0,1,0,0
"POINT (8.524382026000069 53.201344531000075)",Unfall 151452 (2021) Kat:2, Licht: 0,151452,2,1,8,07,18,4,1,0,0,1,0,0,0,0
"POINT (8.778251745000034 53.094791821000058)",Unfall 151453 (2021) Kat:3, Licht: 2,151453,3,7,0,05,23,7,0,2,0,0,0,0,0,1
"POINT (8.808661572000062 53.083137713000042)",Unfall 151455 (2021) Kat:3, Licht: 0,151455,3,3,5,06,17,3,0,0,0,1,0,0,0,0
"POINT (8.878905903000032 53.078938042000061)",Unfall 151456 (2021) Kat:3, Licht: 0,151456,3,6,2,05,08,5,0,0,0,1,0,0,0,0
"POINT (8.825158942000030 53.084511193000026)",Unfall 151457 (2021) Kat:3, Licht: 0,151457,3,3,5,07,16,2,0,0,1,1,0,0,0,0
"POINT (8.620218533000070 53.182113103000063)",Unfall 151458 (2021) Kat:3, Licht: 0,151458,3,7,7,06,18,7,0,0,0,1,0,0,0,0
"POINT (8.799323752000021 53.083879963000072)",Unfall 151462 (2021) Kat:3, Licht: 1,151462,3,2,5,03,06,4,1,1,1,1,0,0,0,0
"POINT (8.793747368000027 53.092066056000078)",Unfall 151463 (2021) Kat:3, Licht: 0,151463,3,6,2,06,16,3,1,0,0,1,0,0,0,0
"POINT (8.915828641000076 53.070150977000026)",Unfall 151464 (2021) Kat:2, Licht: 0,151464,2,3,5,07,14,3,0,0,1,1,0,0,0,0
"POINT (8.754413802000045 53.119986684000082)",Unfall 151465 (2021) Kat:3, Licht: 1,151465,3,7,0,05,20,2,1,1,0,0,0,1,0,0
"POINT (8.765554226000063 53.070997810000051)",Unfall 151466 (2021) Kat:3, Licht: 0,151466,3,6,3,04,12,4,0,0,1,0,0,0,0,0
"POINT (8.704166153000074 53.161009072000070)",Unfall 151467 (2021) Kat:3, Licht: 0,151467,3,7,1,07,18,7,0,0,0,1,1,0,0,0
"POINT (8.812834177000070 53.080918535000080)",Unfall 151469 (2021) Kat:3, Licht: 2,151469,3,2,5,12,21,6,0,2,1,1,0,0,0,0
"POINT (8.870042453000053 53.097304500000064)",Unfall 151472 (2021) Kat:3, Licht: 0,151472,3,6,5,09,12,7,0,0,1,1,0,0,0,0
"POINT (8.799812619000022 53.070456507000074)",Unfall 151473 (2021) Kat:3, Licht: 0,151473,3,3,5,08,17,4,0,0,1,1,0,0,0,0
"POINT (8.620321873000023 53.173946418000071)",Unfall 151475 (2021) Kat:3, Licht: 0,151475,3,6,2,11,08,3,1,0,0,1,0,0,0,0
"POINT (8.813104471000031 53.080080246000080)",Unfall 151476 (2021) Kat:2, Licht: 2,151476,2,7,0,11,18,3,0,2,1,0,0,0,0,0
"POINT (8.781335914000067 53.097580014000073)",Unfall 151478 (2021) Kat:3, Licht: 0,151478,3,2,5,11,12,3,0,0,1,1,0,0,0,0
"POINT (8.874493201000064 53.097029258000077)",Unfall 151480 (2021) Kat:3, Licht: 1,151480,3,3,6,11,17,4,0,1,0,0,1,0,0,1
"POINT (8.804444409000041 53.075517483000056)",Unfall 151481 (2021) Kat:3, Licht: 0,151481,3,3,4,09,10,4,0,0,0,1,0,1,0,0
"POINT (8.875739517000056 53.062215456000047)",Unfall 151482 (2021) Kat:3, Licht: 0,151482,3,3,5,08,18,2,0,0,1,1,0,0,0,0
"POINT (8.793978814000070 53.099664117000032)",Unfall 151486 (2021) Kat:3, Licht: 0,151486,3,3,5,10,10,6,0,0,1,0,0,0,0,0
"POINT (8.891412616000025 53.098519984000063)",Unfall 151488 (2021) Kat:3, Licht: 0,151488,3,2,5,12,09,3,0,0,1,1,0,0,0,0
"POINT (8.795472075000021 53.090608669000062)",Unfall 151490 (2021) Kat:3, Licht: 2,151490,3,2,5,10,00,6,0,2,0,1,0,0,0,0
"POINT (8.747474121000039 53.126020449000066)",Unfall 151494 (2021) Kat:3, Licht: 0,151494,3,5,1,09,15,1,0,0,0,1,0,0,0,0
"POINT (8.863619341000060 53.071361231000026)",Unfall 151495 (2021) Kat:3, Licht: 0,151495,3,7,1,08,13,2,1,0,0,1,0,1,0,0
"POINT (8.809579561000021 53.082423520000077)",Unfall 151498 (2021) Kat:3, Licht: 2,151498,3,4,6,11,04,7,1,2,0,0,1,0,0,1
"POINT (8.779344820000063 53.100242215000037)",Unfall 151499 (2021) Kat:2, Licht: 0,151499,2,3,5,08,09,3,0,0,0,0,1,0,1,0
"POINT (8.882253107000054 53.103486427000064)",Unfall 151500 (2021) Kat:3, Licht: 0,151500,3,6,4,10,16,7,0,0,1,0,0,0,0,0
"POINT (8.716366706000031 53.056500946000028)",Unfall 151501 (2021) Kat:2, Licht: 0,151501,2,2,5,12,14,4,0,0,0,1,0,0,0,0
"POINT (8.583313762000046 53.181926242000031)",Unfall 151502 (2021) Kat:2, Licht: 2,151502,2,1,0,09,20,3,0,2,0,0,0,0,0,1
"POINT (8.725449311000034 53.177434065000057)",Unfall 151503 (2021) Kat:2, Licht: 2,151503,2,4,6,12,17,5,1,2,0,0,1,0,0,1
"POINT (8.809315041000048 53.074645556000064)",Unfall 151505 (2021) Kat:2, Licht: 2,151505,2,1,0,10,22,5,0,2,1,0,0,0,0,0
"POINT (8.785302610000031 53.088618644000064)",Unfall 151506 (2021) Kat:3, Licht: 0,151506,3,3,5,09,13,4,1,0,0,1,0,0,0,0
"POINT (8.775904347000051 53.098580223000056)",Unfall 151507 (2021) Kat:2, Licht: 0,151507,2,6,4,08,14,5,0,0,1,0,0,0,0,0
"POINT (8.914030842000045 53.068238563000079)",Unfall 151510 (2021) Kat:3, Licht: 2,151510,3,2,5,11,06,2,0,2,1,1,0,0,0,0
"POINT (8.850411809000036 53.030198831000064)",Unfall 151511 (2021) Kat:2, Licht: 0,151511,2,1,8,08,17,5,0,0,1,0,0,0,0,0
"POINT (8.859234185000048 53.063738526000066)",Unfall 151512 (2021) Kat:3, Licht: 0,151512,3,2,5,10,13,6,1,0,0,1,0,0,0,1
"POINT (8.805403377000061 53.091102619000026)",Unfall 151515 (2021) Kat:3, Licht: 0,151515,3,7,6,09,09,4,0,0,0,1,1,0,0,0
"POINT (8.870621523000068 53.096020968000062)",Unfall 151516 (2021) Kat:3, Licht: 0,151516,3,6,2,08,18,7,0,0,0,1,0,0,0,0
"POINT (8.824958819000074 53.073036092000052)",Unfall 151518 (2021) Kat:3, Licht: 0,151518,3,7,0,12,11,6,1,0,1,1,0,0,0,0
"POINT (8.782756839000058 53.101456894000080)",Unfall 151520 (2021) Kat:3, Licht: 0,151520,3,2,6,10,08,3,1,0,0,1,1,0,0,0
"POINT (8.826027219000025 53.079288995000070)",Unfall 151521 (2021) Kat:3, Licht: 0,151521,3,7,5,09,10,6,0,0,1,0,0,0,0,0
"POINT (8.813949550000075 53.100296872000058)",Unfall 151522 (2021) Kat:3, Licht: 1,151522,3,3,5,08,05,3,0,1,0,1,0,1,0,0
"POINT (8.781569358000070 53.104777900000045)",Unfall 151525 (2021) Kat:3, Licht: 2,151525,3,3,5,11,20,2,1,2,1,1,0,0,0,0
"POINT (8.824437249000027 53.084429314000033)",Unfall 151527 (2021) Kat:3, Licht: 1,151527,3,2,3,10,17,1,0,1,1,0,0,1,0,0
"POINT (8.791053229000056 53.058200554000052)",Unfall 151528 (2021) Kat:3, Licht: 0,151528,3,3,5,09,13,1,0,0,0,1,0,0,0,0
"POINT (8.823028373000056 53.073548551000044)",Unfall 151529 (2021) Kat:3, Licht: 0,151529,3,7,0,08,13,6,0,0,1,1,0,0,0,0
"POINT (8.785736009000061 53.072050757000056)",Unfall 151532 (2021) Kat:3, Licht: 1,151532,3,3,5,09,19,3,0,1,1,1,0,0,0,0
"POINT (8.684551267000074 53.173883730000057)",Unfall 151533 (2021) Kat:3, Licht: 0,151533,3,7,0,10,14,1,0,0,0,1,0,1,0,0
"POINT (8.885600584000031 53.058708680000052)",Unfall 151534 (2021) Kat:3, Licht: 2,151534,3,4,6,12,01,1,1,2,0,1,1,0,0,0
"POINT (8.896723460000032 53.080520033000028)",Unfall 151535 (2021) Kat:3, Licht: 0,151535,3,2,5,10,10,2,0,0,1,1,0,0,0,0
"POINT (8.896502612000063 53.098544952000054)",Unfall 151539 (2021) Kat:2, Licht: 2,151539,2,1,0,10,18,5,0,2,1,0,0,0,0,0
"POINT (8.576027131000046 53.203294030000052)",Unfall 151540 (2021) Kat:3, Licht: 2,151540,3,7,9,09,03,3,0,2,0,1,0,0,0,0
"POINT (8.850540217000059 53.071074053000075)",Unfall 151541 (2021) Kat:3, Licht: 0,151541,3,6,2,08,11,5,0,0,0,1,0,0,0,0
"POINT (8.800187568000069 53.077763254000047)",Unfall 151544 (2021) Kat:3, Licht: 2,151544,3,7,0,11,17,1,0,2,1,0,0,0,0,1
"POINT (8.799890079000022 53.079124550000074)",Unfall 151545 (2021) Kat:3, Licht: 0,151545,3,3,5,11,14,5,0,0,1,1,0,0,0,0
"POINT (8.736640475000058 53.045321851000040)",Unfall 151546 (2021) Kat:3, Licht: 0,151546,3,6,2,08,15,3,0,0,0,1,0,0,0,0
"POINT (8.703428378000069 53.098566934000075)",Unfall 151547 (2021) Kat:2, Licht: 0,151547,2,3,5,10,17,4,0,0,0,1,0,0,1,0
"POINT (8.847517617000051 53.050199070000076)",Unfall 151549 (2021) Kat:3, Licht: 1,151549,3,3,5,12,16,5,0,1,1,1,0,0,0,0
"POINT (8.794401008000023 53.087934713000038)",Unfall 151551 (2021) Kat:3, Licht: 0,151551,3,3,5,12,13,4,0,0,0,1,0,0,0,1
"POINT (8.890981300000021 53.086214336000069)",Unfall 151553 (2021) Kat:3, Licht: 0,151553,3,2,5,10,13,1,0,0,1,1,0,0,0,0
"POINT (8.740889411000069 53.053098771000066)",Unfall 151554 (2021) Kat:3, Licht: 0,151554,3,3,5,12,13,5,1,0,1,1,0,0,0,0
"POINT (8.550596462000044 53.197412672000041)",Unfall 151557 (2021) Kat:3, Licht: 0,151557,3,3,6,09,15,5,0,0,0,1,1,0,0,0
"POINT (8.710124929000074 53.080050828000026)",Unfall 151558 (2021) Kat:2, Licht: 0,151558,2,7,1,08,14,5,0,0,0,0,0,1,0,1
"POINT (8.959519578000027 53.040357713000049)",Unfall 151562 (2021) Kat:3, Licht: 0,151562,3,5,1,08,11,3,0,0,0,1,0,0,0,0
"POINT (8.778164383000046 53.093450977000032)",Unfall 151563 (2021) Kat:2, Licht: 0,151563,2,1,1,10,14,6,1,0,0,1,0,0,1,0
"POINT (8.835433844000022 53.097188453000058)",Unfall 151564 (2021) Kat:3, Licht: 0,151564,3,2,5,12,10,2,1,0,0,1,0,1,0,0
"POINT (8.808225429000061 53.063982632000034)",Unfall 151565 (2021) Kat:3, Licht: 0,151565,3,7,0,09,15,5,0,0,1,1,0,0,0,0
"POINT (8.617645312000036 53.192062790000080)",Unfall 151566 (2021) Kat:2, Licht: 0,151566,2,7,9,12,10,3,1,0,0,1,0,0,0,0
"POINT (8.724377036000021 53.090200490000029)",Unfall 151569 (2021) Kat:3, Licht: 0,151569,3,3,5,09,15,2,0,0,0,1,0,0,0,0
"POINT (8.941072011000074 53.058547451000038)",Unfall 151570 (2021) Kat:3, Licht: 1,151570,3,3,5,08,21,1,1,1,0,1,0,0,0,0
"POINT (8.827221648000034 53.084867803000066)",Unfall 151573 (2021) Kat:3, Licht: 0,151573,3,6,4,11,15,2,0,0,1,1,0,0,0,0
"POINT (8.831557917000055 53.081280039000035)",Unfall 151574 (2021) Kat:3, Licht: 0,151574,3,6,2,08,13,7,1,0,0,1,0,0,0,0
"POINT (8.761031689000049 53.059363280000071)",Unfall 151575 (2021) Kat:3, Licht: 0,151575,3,3,5,10,17,5,1,0,1,1,0,0,0,0
"POINT (8.962369312000021 53.058894759000054)",Unfall 151579 (2021) Kat:3, Licht: 0,151579,3,2,3,08,12,2,0,0,0,1,0,0,0,1
"POINT (8.726700346000030 53.129482053000061)",Unfall 151581 (2021) Kat:2, Licht: 2,151581,2,2,5,12,08,4,1,2,0,1,0,0,1,0
"POINT (8.686054898000066 53.173424188000070)",Unfall 151584 (2021) Kat:3, Licht: 0,151584,3,3,5,09,17,3,0,0,0,1,0,0,0,0
"POINT (8.566298655000026 53.198699463000082)",Unfall 151585 (2021) Kat:3, Licht: 0,151585,3,5,1,10,17,5,0,0,0,1,0,1,0,0
"POINT (8.704478973000050 53.155642125000043)",Unfall 151587 (2021) Kat:3, Licht: 0,151587,3,2,5,10,09,6,0,0,1,1,0,0,0,0
"POINT (8.884674222000058 53.054687487000081)",Unfall 151589 (2021) Kat:3, Licht: 2,151589,3,7,5,11,23,7,1,2,0,1,0,0,0,0
"POINT (8.601592573000062 53.177430523000055)",Unfall 151596 (2021) Kat:2, Licht: 2,151596,2,1,9,10,17,1,0,2,1,0,0,0,0,0
"POINT (8.880665601000032 53.081118072000038)",Unfall 151597 (2021) Kat:3, Licht: 0,151597,3,3,5,08,10,2,0,0,1,1,0,0,0,0
"POINT (8.934444556000074 53.069401168000070)",Unfall 151599 (2021) Kat:3, Licht: 0,151599,3,3,5,12,12,4,0,0,0,1,0,0,0,0
"POINT (8.803560899000047 53.080101288000037)",Unfall 151601 (2021) Kat:3, Licht: 2,151601,3,6,2,12,18,4,1,2,0,1,0,0,0,0
"POINT (8.738091447000045 53.056126152000047)",Unfall 151604 (2021) Kat:3, Licht: 0,151604,3,6,2,09,09,3,0,0,0,1,0,0,0,0
"POINT (8.740035017000025 53.051397393000059)",Unfall 151605 (2021) Kat:3, Licht: 0,151605,3,2,0,08,10,5,0,0,1,1,0,0,0,0
"POINT (8.823265602000049 53.075189569000031)",Unfall 151608 (2021) Kat:3, Licht: 1,151608,3,5,1,11,16,7,1,1,1,1,0,0,0,0
"POINT (8.819179843000029 53.072540032000063)",Unfall 151609 (2021) Kat:2, Licht: 0,151609,2,7,0,11,11,3,0,0,0,1,0,0,0,0
"POINT (8.903913490000036 53.059562644000039)",Unfall 151610 (2021) Kat:3, Licht: 0,151610,3,6,2,08,14,3,0,0,0,1,0,0,0,0
"POINT (8.850609186000042 53.085139650000031)",Unfall 151611 (2021) Kat:3, Licht: 0,151611,3,2,5,10,13,2,0,0,1,0,0,0,0,1
"POINT (8.795155872000066 53.057684823000045)",Unfall 151614 (2021) Kat:3, Licht: 0,151614,3,2,5,09,16,3,0,0,1,1,0,0,0,0
"POINT (8.797135953000065 53.068615639000029)",Unfall 151618 (2021) Kat:3, Licht: 0,151618,3,7,0,10,12,2,0,0,0,0,0,0,0,1
"POINT (8.835147898000059 53.049431486000060)",Unfall 151619 (2021) Kat:3, Licht: 0,151619,3,7,5,09,15,6,0,0,1,1,0,0,0,0
"POINT (8.815210934000049 53.070482964000064)",Unfall 151620 (2021) Kat:3, Licht: 0,151620,3,6,2,08,08,5,0,0,0,1,0,0,0,0
"POINT (8.801786697000068 53.067859906000081)",Unfall 151625 (2021) Kat:3, Licht: 0,151625,3,2,5,11,10,7,1,0,1,1,0,0,0,0
"POINT (8.822867409000025 53.082829863000029)",Unfall 151626 (2021) Kat:2, Licht: 0,151626,2,3,5,11,12,4,0,0,1,0,0,0,0,0
"POINT (8.807315915000061 53.095324263000066)",Unfall 151627 (2021) Kat:3, Licht: 0,151627,3,1,0,09,12,3,0,0,1,1,0,0,0,0
"POINT (8.794595600000036 53.074837726000055)",Unfall 151628 (2021) Kat:3, Licht: 2,151628,3,7,0,08,20,7,0,2,1,0,0,0,0,0
"POINT (8.802906548000067 53.096458206000079)",Unfall 151630 (2021) Kat:3, Licht: 0,151630,3,5,1,12,08,2,1,0,1,1,0,0,0,0
"POINT (8.574879236000072 53.192633272000080)",Unfall 151632 (2021) Kat:3, Licht: 2,151632,3,3,5,09,16,2,0,2,0,1,0,0,0,0
"POINT (8.875071995000042 53.062237041000060)",Unfall 151633 (2021) Kat:3, Licht: 0,151633,3,1,2,10,16,6,0,0,0,1,0,0,0,0
"POINT (8.621538414000042 53.172161812000070)",Unfall 151635 (2021) Kat:3, Licht: 2,151635,3,7,0,12,19,6,0,2,0,0,0,0,0,1
"POINT (8.755026931000032 53.113061718000040)",Unfall 151636 (2021) Kat:3, Licht: 0,151636,3,7,6,11,14,1,0,0,0,1,1,0,0,0
"POINT (8.785323068000025 53.102049089000047)",Unfall 151637 (2021) Kat:3, Licht: 0,151637,3,7,0,10,16,4,0,0,1,0,0,0,0,0
"POINT (8.859548655000026 53.082695199000057)",Unfall 151638 (2021) Kat:3, Licht: 0,151638,3,3,5,10,12,4,1,0,1,1,0,0,0,0
"POINT (8.782678748000023 53.087128436000057)",Unfall 151639 (2021) Kat:3, Licht: 0,151639,3,6,3,09,12,2,0,0,1,1,0,0,0,0
"POINT (8.793697515000076 53.073791574000040)",Unfall 151640 (2021) Kat:3, Licht: 0,151640,3,6,4,08,17,5,0,0,1,0,0,0,0,1
"POINT (8.788853750000044 53.073201772000061)",Unfall 151643 (2021) Kat:3, Licht: 1,151643,3,7,0,11,18,3,1,1,0,0,0,0,0,1
"POINT (8.848061259000076 53.047228510000082)",Unfall 151646 (2021) Kat:3, Licht: 1,151646,3,3,5,11,15,7,1,1,0,1,0,0,0,0
"POINT (8.850171425000042 53.065503642000067)",Unfall 151647 (2021) Kat:2, Licht: 0,151647,2,3,5,09,13,5,0,0,1,1,0,0,0,0
"POINT (8.556239568000024 53.186139811000032)",Unfall 151648 (2021) Kat:2, Licht: 2,151648,2,1,8,08,00,2,1,2,0,1,0,0,0,0
"POINT (8.819033237000042 53.082440037000026)",Unfall 151650 (2021) Kat:3, Licht: 2,151650,3,3,1,12,20,4,0,2,1,1,0,0,0,0
"POINT (8.838052810000022 53.067886126000076)",Unfall 151652 (2021) Kat:3, Licht: 0,151652,3,3,5,10,16,5,0,0,1,1,0,0,0,0
"POINT (8.839783594000039 53.076469241000041)",Unfall 151653 (2021) Kat:3, Licht: 0,151653,3,3,5,09,15,3,0,0,0,1,0,0,0,0
"POINT (8.799079637000034 53.105882114000053)",Unfall 151655 (2021) Kat:3, Licht: 2,151655,3,3,5,12,18,3,1,2,0,1,0,1,0,0
"POINT (8.800560289000032 53.078792658000054)",Unfall 151657 (2021) Kat:3, Licht: 0,151657,3,3,0,10,13,6,0,0,0,0,0,0,1,1
"POINT (8.876893148000022 53.078950230000032)",Unfall 151658 (2021) Kat:3, Licht: 1,151658,3,6,3,12,13,5,1,1,0,1,0,0,0,0
"POINT (8.775306028000045 53.116098582000063)",Unfall 151661 (2021) Kat:3, Licht: 0,151661,3,2,5,11,09,2,1,0,1,1,0,0,0,0
"POINT (8.801218392000067 53.064367687000072)",Unfall 151663 (2021) Kat:3, Licht: 0,151663,3,7,0,08,11,4,1,0,0,0,0,1,0,0
"POINT (8.960900070000037 53.049540001000082)",Unfall 151666 (2021) Kat:3, Licht: 0,151666,3,7,0,11,10,4,0,0,0,0,1,0,0,1
"POINT (8.871909895000044 53.077132261000031)",Unfall 151667 (2021) Kat:3, Licht: 0,151667,3,3,0,08,18,2,0,0,1,1,0,0,0,0
"POINT (8.876975143000038 53.091148082000075)",Unfall 151669 (2021) Kat:3, Licht: 0,151669,3,7,0,12,14,3,1,0,1,0,0,0,0,0
"POINT (8.797789812000076 53.076948676000029)",Unfall 151670 (2021) Kat:3, Licht: 1,151670,3,6,2,10,18,7,0,1,0,1,0,0,0,0
"POINT (8.890594762000035 53.108894708000037)",Unfall 151673 (2021) Kat:3, Licht: 0,151673,3,3,5,10,13,6,0,0,1,1,0,0,0,0
"POINT (8.799173901000074 53.083873081000036)",Unfall 151674 (2021) Kat:3, Licht: 0,151674,3,1,0,09,17,4,1,0,0,0,0,1,0,0
"POINT (8.934083513000076 53.134789192000028)",Unfall 151675 (2021) Kat:3, Licht: 0,151675,3,3,5,08,19,3,0,0,0,1,0,0,0,0
"POINT (8.872077032000050 53.077225680000026)",Unfall 151678 (2021) Kat:3, Licht: 0,151678,3,6,2,11,11,5,0,0,0,1,0,0,0,0
"POINT (8.818221418000064 53.046713473000068)",Unfall 151679 (2021) Kat:3, Licht: 0,151679,3,7,0,08,18,2,0,0,0,0,0,0,0,1
"POINT (8.850272429000029 53.085288449000075)",Unfall 151680 (2021) Kat:3, Licht: 1,151680,3,7,0,10,19,3,0,1,1,1,0,0,0,0
"POINT (8.786797210000032 53.074532750000060)",Unfall 151682 (2021) Kat:3, Licht: 2,151682,3,6,2,12,07,6,1,2,0,1,0,0,0,0
"POINT (8.823545339000077 53.071931761000030)",Unfall 151683 (2021) Kat:3, Licht: 0,151683,3,1,0,09,12,2,0,0,0,0,0,1,0,0
"POINT (8.962700150000046 53.055214115000069)",Unfall 151685 (2021) Kat:3, Licht: 0,151685,3,6,2,12,10,7,0,0,0,1,0,0,0,0
"POINT (8.524042344000065 53.202387293000072)",Unfall 151687 (2021) Kat:3, Licht: 0,151687,3,3,5,10,14,1,0,0,0,1,0,0,0,0
"POINT (8.822020619000057 53.085638455000037)",Unfall 151688 (2021) Kat:3, Licht: 0,151688,3,7,0,09,11,1,0,0,1,0,0,0,0,0
"POINT (8.788811277000036 53.098025529000040)",Unfall 151689 (2021) Kat:3, Licht: 2,151689,3,7,0,08,21,4,0,2,0,1,0,0,0,1
"POINT (8.890079450000030 53.082239484000070)",Unfall 151691 (2021) Kat:3, Licht: 1,151691,3,7,0,11,07,3,1,1,1,0,0,0,0,0
"POINT (8.704272486000036 53.156057272000055)",Unfall 151692 (2021) Kat:3, Licht: 1,151692,3,6,4,11,18,4,1,1,1,0,0,0,0,0
"POINT (8.892370512000070 53.079371039000080)",Unfall 151694 (2021) Kat:3, Licht: 0,151694,3,6,4,11,10,3,0,0,1,0,0,0,0,0
"POINT (8.893481020000024 53.046973165000054)",Unfall 151696 (2021) Kat:3, Licht: 0,151696,3,6,3,09,07,4,0,0,1,1,0,0,0,0
"POINT (8.835148355000058 53.091456041000072)",Unfall 151697 (2021) Kat:3, Licht: 0,151697,3,6,1,08,10,6,0,0,0,1,0,0,0,0
"POINT (8.735802956000043 53.043927372000041)",Unfall 151699 (2021) Kat:3, Licht: 0,151699,3,7,1,12,13,1,1,0,0,1,0,0,0,0
"POINT (8.913917651000077 53.059597734000079)",Unfall 151701 (2021) Kat:3, Licht: 2,151701,3,6,2,09,00,2,0,2,0,0,0,0,1,0
"POINT (8.828259640000056 53.072375538000074)",Unfall 151702 (2021) Kat:3, Licht: 1,151702,3,7,0,10,18,6,0,1,1,0,0,0,0,0
"POINT (8.852767766000056 53.104504775000066)",Unfall 151704 (2021) Kat:3, Licht: 0,151704,3,3,5,12,13,2,0,0,1,0,0,0,0,1
"POINT (8.704450424000072 53.155764442000077)",Unfall 151706 (2021) Kat:3, Licht: 0,151706,3,3,5,10,07,5,0,0,1,1,0,0,0,0
"POINT (8.884191162000036 53.105506131000027)",Unfall 151710 (2021) Kat:3, Licht: 0,151710,3,7,0,09,18,2,0,0,1,0,0,0,0,0
"POINT (8.815728629000034 53.079482373000076)",Unfall 151711 (2021) Kat:3, Licht: 0,151711,3,2,5,08,15,6,0,0,1,0,0,0,0,1
"POINT (8.787165458000061 53.099932697000042)",Unfall 151715 (2021) Kat:3, Licht: 0,151715,3,2,5,09,07,5,0,0,1,1,0,0,0,0
"POINT (8.933240468000065 53.038970745000029)",Unfall 151716 (2021) Kat:3, Licht: 2,151716,3,6,2,10,04,7,1,2,0,1,0,0,0,0
"POINT (8.801729001000069 53.109733545000040)",Unfall 151717 (2021) Kat:2, Licht: 2,151717,2,7,1,12,18,5,0,2,0,0,0,0,1,0
"POINT (8.876208778000034 53.073332337000068)",Unfall 151719 (2021) Kat:3, Licht: 1,151719,3,5,1,12,08,3,0,1,0,1,0,0,0,0
"POINT (8.818095656000025 53.077723901000070)",Unfall 151722 (2021) Kat:2, Licht: 0,151722,2,3,5,09,09,4,1,0,1,0,0,0,0,1