WKT,Name,OBJECTID,UKATEGORIE,UTYP1,UART,UMONAT,USTUNDE,UWOCHENTAG,STRZUSTAND,ULICHTVERH,ISTRAD,ISTPKW,ISTFUSS,ISTKRAD,ISTGKFZ,ISTSONSTIG
"POINT (8.878353158000039 53.079081369000050)",Unfall 151727 (2021) Kat:3, Licht: 0,151727,3,2,5,09,10,6,0,0,1,1,0,0,0,0
"POINT (8.780697637000060 53.063738361000048)",Unfall 151728 (2021) Kat:2, Licht: 0,151728,2,3,5,08,07,2,0,0,0,1,0,0,0,1
"POINT (8.760393996000062 53.059598838000056)",Unfall 151731 (2021) Kat:2, Licht: 2,151731,2,7,2,11,17,5,1,2,0,1,0,1,0,0
"POINT (8.704677386000071 53.154732287000058)",Unfall 151732 (2021) Kat:3, Licht: 0,151732,3,6,2,09,17,4,0,0,0,1,0,0,0,0
"POINT (8.805237527000031 53.097194705000049)",Unfall 151734 (2021) Kat:3, Licht: 2,151734,3,2,6,12,18,3,0,2,0,1,1,0,0,0
"POINT (8.801572440000029 53.071343515000081)",Unfall 151735 (2021) Kat:2, Licht: 2,151735,2,7,6,11,18,2,1,2,0,1,1,0,0,0
"POINT (8.797196435000046 53.064387008000040)",Unfall 151736 (2021) Kat:3, Licht: 2,151736,3,7,0,10,22,7,0,2,1,0,0,0,0,0
"POINT (8.789034960000038 53.094188066000072)",Unfall 151739 (2021) Kat:3, Licht: 0,151739,3,7,0,10,12,6,1,0,1,1,0,0,0,0
"POINT (8.751671314000021 53.163962754000067)",Unfall 151740 (2021) Kat:2, Licht: 0,151740,2,6,4,09,11,3,0,0,1,0,0,0,0,0
"POINT (8.807925851000050 53.074469235000038)",Unfall 151741 (2021) Kat:3, Licht: 0,151741,3,3,5,08,09,2,0,0,1,1,0,0,0,0
"POINT (8.911143229000061 53.093338440000082)",Unfall 151744 (2021) Kat:3, Licht: 0,151744,3,3,5,11,15,4,0,0,1,0,0,0,0,0
"POINT (8.704241222000064 53.156753161000040)",Unfall 151745 (2021) Kat:3, Licht: 0,151745,3,5,2,08,16,2,0,0,0,1,0,0,0,0
"POINT (8.906884435000052 53.071458860000064)",Unfall 151746 (2021) Kat:3, Licht: 1,151746,3,3,5,10,17,4,0,1,1,1,0,0,0,0
"POINT (8.736807030000023 53.128747055000076)",Unfall 151748 (2021) Kat:3, Licht: 2,151748,3,1,8,12,03,7,1,2,0,1,0,0,0,0
"POINT (8.752050143000076 53.113192099000059)",Unfall 151749 (2021) Kat:3, Licht: 0,151749,3,5,1,09,08,3,0,0,0,1,0,0,0,1
"POINT (8.866861347000054 53.090922334000027)",Unfall 151755 (2021) Kat:3, Licht: 0,151755,3,6,2,08,13,2,0,0,0,1,0,0,0,0
"POINT (8.887607849000062 53.099166035000053)",Unfall 151757 (2021) Kat:3, Licht: 2,151757,3,2,5,11,16,3,1,2,1,1,0,0,0,0
"POINT (8.812836141000048 53.080719395000074)",Unfall 151758 (2021) Kat:3, Licht: 2,151758,3,7,6,11,19,2,0,2,1,0,1,0,0,0
"POINT (8.788459845000034 53.098423844000081)",Unfall 151760 (2021) Kat:3, Licht: 1,151760,3,3,6,11,18,2,0,1,0,1,1,0,0,1
"POINT (8.832790918000057 53.040060104000077)",Unfall 151762 (2021) Kat:3, Licht: 1,151762,3,2,5,11,17,4,1,1,1,0,0,0,0,1
"POINT (8.772532627000032 53.109109181000065)",Unfall 151764 (2021) Kat:3, Licht: 0,151764,3,6,2,08,05,3,0,0,0,0,0,1,0,1
"POINT (8.689219325000067 53.169481339000072)",Unfall 151767 (2021) Kat:3, Licht: 1,151767,3,1,9,09,06,1,0,1,0,1,0,0,0,0
"POINT (8.777361683000038 53.109903602000031)",Unfall 151768 (2021) Kat:3, Licht: 2,151768,3,3,5,10,20,5,0,2,1,1,0,0,0,0
"POINT (8.886973372000057 53.070415229000048)",Unfall 151770 (2021) Kat:2, Licht: 2,151770,2,4,6,12,16,4,1,2,0,1,1,0,0,0
"POINT (8.776432855000053 53.097963098000037)",Unfall 151771 (2021) Kat:3, Licht: 0,151771,3,3,5,11,11,2,0,0,1,1,0,0,0,0
"POINT (8.888182078000057 53.046252179000078)",Unfall 151776 (2021) Kat:3, Licht: 0,151776,3,3,5,09,12,1,0,0,0,1,0,0,0,0
"POINT (8.836633431000052 53.068077114000062)",Unfall 151777 (2021) Kat:3, Licht: 0,151777,3,7,6,08,19,1,0,0,1,0,1,0,0,0
"POINT (8.843744732000062 53.083754327000065)",Unfall 151781 (2021) Kat:3, Licht: 0,151781,3,3,5,08,11,2,0,0,1,1,0,0,0,0
"POINT (8.618740338000066 53.177195667000035)",Unfall 151782 (2021) Kat:3, Licht: 2,151782,3,5,1,10,20,1,0,2,0,1,0,0,0,0
"POINT (8.850344023000048 53.105172654000057)",Unfall 151783 (2021) Kat:3, Licht: 1,151783,3,7,0,12,17,3,0,1,0,1,0,1,0,0
"POINT (8.800207451000063 53.107493393000027)",Unfall 151784 (2021) Kat:2, Licht: 2,151784,2,3,6,09,05,5,0,2,0,1,1,0,0,0
"POINT (8.943580469000040 53.038012136000077)",Unfall 151786 (2021) Kat:3, Licht: 0,151786,3,5,2,12,11,2,0,0,0,1,0,0,0,0
"POINT (8.898600801000043 53.092890805000081)",Unfall 151788 (2021) Kat:3, Licht: 0,151788,3,7,4,10,14,5,0,0,1,0,0,0,0,0
"POINT (8.811627130000034 53.097187894000058)",Unfall 151789 (2021) Kat:3, Licht: 2,151789,3,2,5,09,05,3,0,2,0,1,0,1,0,0
"POINT (8.962493085000062 53.054612044000066)",Unfall 151790 (2021) Kat:3, Licht: 0,151790,3,6,2,08,12,7,0,0,0,1,0,0,0,0
"POINT (8.811154296000041 53.071841555000049)",Unfall 151794 (2021) Kat:3, Licht: 0,151794,3,6,2,11,07,2,0,0,0,1,0,0,0,0
"POINT (8.724272528000029 53.178654326000071)",Unfall 151796 (2021) Kat:3, Licht: 0,151796,3,7,6,10,13,5,1,0,0,0,1,0,0,1
"POINT (8.802975142000037 53.079796178000038)",Unfall 151798 (2021) Kat:3, Licht: 0,151798,3,3,5,12,15,6,1,0,1,1,0,0,0,0
"POINT (8.757084053000028 53.115943828000070)",Unfall 151799 (2021) Kat:3, Licht: 0,151799,3,3,5,09,09,7,1,0,0,1,0,0,0,0
"POINT (8.571786159000055 53.190510066000058)",Unfall 151800 (2021) Kat:3, Licht: 0,151800,3,7,0,08,19,5,0,0,1,0,0,0,0,0
"POINT (8.885786132000021 53.062846299000057)",Unfall 151804 (2021) Kat:3, Licht: 0,151804,3,6,2,10,13,5,0,0,0,1,0,0,0,1
"POINT (8.851264539000056 53.083976876000065)",Unfall 151805 (2021) Kat:3, Licht: 0,151805,3,3,5,09,13,1,0,0,1,1,0,0,0,0
"POINT (8.785638570000060 53.088579178000032)",Unfall 151806 (2021) Kat:3, Licht: 0,151806,3,6,2,10,11,6,0,0,0,1,0,0,1,0
"POINT (8.927866919000053 53.072607173000051)",Unfall 151807 (2021) Kat:3, Licht: 0,151807,3,2,4,11,15,3,1,0,1,1,0,0,0,0
"POINT (8.814063830000066 53.055359621000036)",Unfall 151808 (2021) Kat:3, Licht: 2,151808,3,6,2,11,17,2,1,2,0,1,0,0,0,0
"POINT (8.747820276000027 53.081929837000075)",Unfall 151809 (2021) Kat:3, Licht: 0,151809,3,5,2,10,09,4,0,0,0,1,0,0,1,0
"POINT (8.756263316000059 53.118382053000062)",Unfall 151811 (2021) Kat:3, Licht: 2,151811,3,2,5,11,17,2,0,2,0,1,0,0,0,1
"POINT (8.777704551000056 53.063971597000034)",Unfall 151815 (2021) Kat:3, Licht: 0,151815,3,3,5,11,15,2,0,0,1,1,0,0,0,0
"POINT (8.556496658000071 53.186956175000034)",Unfall 151817 (2021) Kat:3, Licht: 1,151817,3,6,4,10,17,3,1,1,1,1,0,0,0,0
"POINT (8.815174197000033 53.077107550000051)",Unfall 151819 (2021) Kat:3, Licht: 2,151819,3,3,5,12,18,5,1,2,1,1,0,0,0,0
"POINT (8.835157716000026 53.091411297000036)",Unfall 151821 (2021) Kat:2, Licht: 0,151821,2,2,4,08,17,3,0,0,1,1,0,0,0,0
"POINT (8.843536694000022 53.075320773000044)",Unfall 151823 (2021) Kat:3, Licht: 0,151823,3,4,6,12,15,5,0,0,0,1,1,0,0,0
"POINT (8.878402621000021 53.079122633000054)",Unfall 151827 (2021) Kat:3, Licht: 0,151827,3,2,5,08,09,4,1,0,1,1,0,0,0,0
"POINT (8.826028043000065 53.034933267000042)",Unfall 151831 (2021) Kat:3, Licht: 2,151831,3,7,0,11,17,2,1,2,0,0,0,0,0,1
"POINT (8.620997649000060 53.182050532000062)",Unfall 151834 (2021) Kat:3, Licht: 0,151834,3,4,6,09,10,6,1,0,0,1,1,0,0,0
"POINT (8.741006090000042 53.049400685000080)",Unfall 151835 (2021) Kat:3, Licht: 0,151835,3,7,0,08,15,3,1,0,0,0,1,0,0,1
"POINT (8.786033106000048 53.101977725000040)",Unfall 151839 (2021) Kat:3, Licht: 2,151839,3,7,0,10,20,6,0,2,0,1,1,0,0,0
"POINT (8.597509719000072 53.184836788000041)",Unfall 151841 (2021) Kat:3, Licht: 1,151841,3,3,5,12,06,6,1,1,0,1,0,0,0,0
"POINT (8.732119309000041 53.135851135000053)",Unfall 151842 (2021) Kat:3, Licht: 0,151842,3,3,5,10,15,6,1,0,0,1,0,1,0,0
"POINT (8.814802295000050 53.054840029000047)",Unfall 151846 (2021) Kat:3, Licht: 1,151846,3,1,0,10,00,5,1,1,0,0,0,1,1,0
"POINT (8.863330893000068 53.090408525000043)",Unfall 151848 (2021) Kat:3, Licht: 0,151848,3,7,0,08,09,4,0,0,0,0,1,0,0,1
"POINT (8.790324238000039 53.070454010000049)",Unfall 151851 (2021) Kat:3, Licht: 2,151851,3,2,4,11,19,6,0,2,0,1,0,0,0,1
"POINT (8.801577110000039 53.071551682000063)",Unfall 151853 (2021) Kat:3, Licht: 0,151853,3,6,3,10,10,6,1,0,1,1,0,0,0,0
"POINT (8.776703845000043 53.097178051000071)",Unfall 151856 (2021) Kat:3, Licht: 0,151856,3,6,2,09,14,5,0,0,0,1,0,0,0,0
"POINT (8.716338256000029 53.056499113000029)",Unfall 151857 (2021) Kat:3, Licht: 2,151857,3,2,4,12,17,5,1,2,0,1,0,0,0,0
"POINT (8.801991934000057 53.071478199000069)",Unfall 151859 (2021) Kat:3, Licht: 0,151859,3,2,5,10,15,2,0,0,1,0,0,0,0,0
"POINT (8.825732547000030 53.073078594000037)",Unfall 151860 (2021) Kat:3, Licht: 0,151860,3,7,0,09,11,6,0,0,1,0,0,0,0,0
"POINT (8.884108709000031 53.050272496000048)",Unfall 151861 (2021) Kat:3, Licht: 0,151861,3,1,0,08,11,1,1,0,0,0,0,1,0,0
"POINT (8.806907507000062 53.096317657000043)",Unfall 151864 (2021) Kat:3, Licht: 0,151864,3,3,5,11,15,4,0,0,1,1,0,0,0,0
"POINT (8.803764466000075 53.076604837000048)",Unfall 151865 (2021) Kat:3, Licht: 1,151865,3,2,0,11,16,5,0,1,1,1,0,0,0,0
"POINT (8.790214927000022 53.071652944000050)",Unfall 151868 (2021) Kat:2, Licht: 2,151868,2,5,1,11,17,1,0,2,1,1,0,0,0,0
"POINT (8.729885233000061 53.039907723000056)",Unfall 151874 (2021) Kat:3, Licht: 0,151874,3,3,1,10,14,4,0,0,0,1,0,0,0,0
"POINT (8.811138093000068 53.071658428000035)",Unfall 151875 (2021) Kat:3, Licht: 0,151875,3,3,5,09,13,1,0,0,1,0,0,0,0,0
"POINT (8.808490003000031 53.088077699000053)",Unfall 151876 (2021) Kat:3, Licht: 2,151876,3,2,5,10,23,1,1,2,1,1,0,0,0,0
"POINT (8.867699836000043 53.062167935000048)",Unfall 151877 (2021) Kat:3, Licht: 0,151877,3,6,4,11,09,2,1,0,0,1,0,0,0,0
"POINT (8.841355768000028 53.035522208000032)",Unfall 151878 (2021) Kat:3, Licht: 0,151878,3,2,5,10,11,5,0,0,1,1,0,0,0,0
"POINT (8.789729797000064 53.096945867000045)",Unfall 151882 (2021) Kat:3, Licht: 0,151882,3,5,1,11,11,3,0,0,1,1,0,0,0,0
"POINT (8.837613336000061 53.069368722000036)",Unfall 151883 (2021) Kat:3, Licht: 2,151883,3,7,0,09,00,7,0,2,1,0,0,0,0,0
"POINT (8.789205387000038 53.093297000000064)",Unfall 151884 (2021) Kat:3, Licht: 1,151884,3,1,1,08,21,6,0,1,1,1,0,0,0,0
"POINT (8.717474234000065 53.046472618000053)",Unfall 151887 (2021) Kat:3, Licht: 0,151887,3,3,5,11,08,4,0,0,1,1,0,0,0,0
"POINT (8.804822187000070 53.074794915000041)",Unfall 151888 (2021) Kat:3, Licht: 0,151888,3,4,6,08,16,3,0,0,1,0,1,0,0,0
"POINT (8.781573110000068 53.104781980000041)",Unfall 151890 (2021) Kat:3, Licht: 0,151890,3,3,5,12,09,4,0,0,1,1,0,0,0,0
"POINT (8.873220946000060 53.077946678000046)",Unfall 151891 (2021) Kat:3, Licht: 0,151891,3,6,0,10,13,2,0,0,1,1,0,0,0,0
"POINT (8.707070879000071 53.171591087000081)",Unfall 151892 (2021) Kat:3, Licht: 0,151892,3,3,4,12,09,2,0,0,1,1,0,0,0,0
"POINT (8.801166786000067 53.078943778000053)",Unfall 151895 (2021) Kat:3, Licht: 0,151895,3,1,8,09,13,3,0,0,1,0,0,0,0,0
"POINT (8.874547964000044 53.085718445000055)",Unfall 151896 (2021) Kat:3, Licht: 0,151896,3,7,0,08,18,6,1,0,0,0,0,1,0,0
"POINT (8.619432299000039 53.183921393000048)",Unfall 151899 (2021) Kat:3, Licht: 0,151899,3,6,2,11,11,4,0,0,0,1,0,0,0,0
"POINT (8.825625917000025 53.078990091000037)",Unfall 151900 (2021) Kat:3, Licht: 1,151900,3,7,2,11,17,3,0,1,0,1,0,0,0,0
"POINT (8.786233912000057 53.057516008000050)",Unfall 151901 (2021) Kat:3, Licht: 0,151901,3,1,5,09,17,3,1,0,0,1,0,0,0,1
"POINT (8.934272730000032 53.062271579000026)",Unfall 151905 (2021) Kat:3, Licht: 2,151905,3,6,1,11,23,2,0,2,1,1,0,0,0,0
"POINT (8.562357270000064 53.192178803000047)",Unfall 151906 (2021) Kat:3, Licht: 0,151906,3,3,5,08,12,3,0,0,0,1,0,0,0,0
"POINT (8.867773294000074 53.062078961000054)",Unfall 151907 (2021) Kat:3, Licht: 2,151907,3,3,5,10,00,4,1,2,0,1,0,0,0,0
"POINT (8.761277101000076 53.114971518000061)",Unfall 151908 (2021) Kat:2, Licht: 2,151908,2,4,6,12,16,3,0,2,0,1,1,0,0,0
"POINT (8.875395745000048 53.066345712000043)",Unfall 151909 (2021) Kat:3, Licht: 2,151909,3,7,6,11,18,2,0,2,0,1,1,0,0,0
"POINT (8.901105733000065 53.078838215000076)",Unfall 151910 (2021) Kat:2, Licht: 0,151910,2,3,5,11,12,1,1,0,0,1,0,0,0,0
"POINT (8.727456076000067 53.038351995000028)",Unfall 151915 (2021) Kat:3, Licht: 0,151915,3,2,5,10,13,5,0,0,1,1,0,0,0,0
"POINT (8.782708264000064 53.064998064000065)",Unfall 151920 (2021) Kat:3, Licht: 0,151920,3,3,5,11,12,6,0,0,0,1,0,1,0,0
"POINT (8.785168165000073 53.088566296000067)",Unfall 151921 (2021) Kat:3, Licht: 0,151921,3,2,5,08,07,4,0,0,1,1,0,0,0,0
"POINT (8.778542034000054 53.058790695000027)",Unfall 151922 (2021) Kat:3, Licht: 0,151922,3,3,0,10,13,4,0,0,0,0,0,0,0,1
"POINT (8.823650512000029 53.077997497000069)",Unfall 151926 (2021) Kat:3, Licht: 1,151926,3,2,5,12,08,4,1,1,1,0,0,0,0,1
"POINT (8.862939785000037 53.062967926000056)",Unfall 151929 (2021) Kat:2, Licht: 0,151929,2,3,5,09,07,2,0,0,1,1,0,0,0,0
"POINT (8.797149570000045 53.076336776000062)",Unfall 151930 (2021) Kat:2, Licht: 1,151930,2,3,5,07,05,7,0,1,1,1,0,0,0,0
"POINT (8.647816424000041 53.171488059000069)",Unfall 151934 (2021) Kat:3, Licht: 2,151934,3,6,3,11,18,5,1,2,0,1,1,0,0,0
"POINT (8.883785519000071 53.073649190000026)",Unfall 151936 (2021) Kat:3, Licht: 0,151936,3,2,5,12,13,4,1,0,1,1,0,0,0,0
"POINT (8.720526251000024 53.045076399000038)",Unfall 151937 (2021) Kat:3, Licht: 1,151937,3,6,2,09,19,4,0,1,0,1,0,0,0,0
"POINT (8.630203816000062 53.167072538000070)",Unfall 151940 (2021) Kat:3, Licht: 2,151940,3,7,1,12,16,6,0,2,0,1,0,0,0,1
"POINT (8.734078412000031 53.056355959000030)",Unfall 151942 (2021) Kat:2, Licht: 0,151942,2,4,6,10,15,6,0,0,0,1,1,0,0,0
"POINT (8.754823742000042 53.119788397000036)",Unfall 151943 (2021) Kat:3, Licht: 0,151943,3,3,5,09,16,2,0,0,1,1,0,0,0,0
"POINT (8.838315567000052 53.069249491000051)",Unfall 151944 (2021) Kat:2, Licht: 0,151944,2,5,1,10,16,7,1,0,0,1,0,0,0,1
"POINT (8.793730531000051 53.066360821000046)",Unfall 151946 (2021) Kat:3, Licht: 0,151946,3,2,5,11,07,2,0,0,1,1,0,0,0,0
"POINT (8.825024128000052 53.084581865000075)",Unfall 151947 (2021) Kat:3, Licht: 0,151947,3,3,5,10,15,6,0,0,1,1,0,0,0,0
"POINT (8.733786039000051 53.058449927000026)",Unfall 151948 (2021) Kat:3, Licht: 2,151948,3,3,5,12,16,3,1,2,1,1,0,0,0,0
"POINT (8.959225598000046 53.047059337000064)",Unfall 151951 (2021) Kat:3, Licht: 0,151951,3,7,0,11,15,2,0,0,0,0,1,0,0,1
"POINT (8.782664823000061 53.090783461000058)",Unfall 151953 (2021) Kat:3, Licht: 2,151953,3,6,4,08,01,3,1,2,1,0,0,0,0,1
"POINT (8.874725985000055 53.083304306000059)",Unfall 151956 (2021) Kat:3, Licht: 2,151956,3,4,6,11,17,4,0,2,0,1,1,0,0,0
"POINT (8.562875999000028 53.199548813000035)",Unfall 151957 (2021) Kat:3, Licht: 0,151957,3,3,5,09,15,6,0,0,0,0,0,1,0,0
"POINT (8.899365808000027 53.079151718000048)",Unfall 151958 (2021) Kat:3, Licht: 0,151958,3,1,0,10,17,3,1,0,0,0,0,1,0,0
"POINT (8.889547185000026 53.061670164000077)",Unfall 151959 (2021) Kat:3, Licht: 0,151959,3,3,5,12,15,2,0,0,1,1,0,0,0,0
"POINT (8.808092907000059 53.099712340000053)",Unfall 151962 (2021) Kat:3, Licht: 0,151962,3,3,5,11,11,5,1,0,1,1,0,0,0,0
"POINT (8.779322566000076 53.098708589000069)",Unfall 151964 (2021) Kat:3, Licht: 0,151964,3,6,4,10,18,5,0,0,1,0,0,0,0,1
"POINT (8.769446443000049 53.077538776000040)",Unfall 151965 (2021) Kat:3, Licht: 0,151965,3,6,2,09,06,4,1,0,0,1,0,1,0,0
"POINT (8.794613008000056 53.091627068000037)",Unfall 151966 (2021) Kat:3, Licht: 0,151966,3,7,1,08,15,3,1,0,0,1,0,0,0,0
"POINT (8.782622985000046 53.104314129000045)",Unfall 151969 (2021) Kat:3, Licht: 2,151969,3,3,5,11,19,7,1,2,0,1,0,0,0,1
"POINT (8.898488328000042 53.055746274000057)",Unfall 151970 (2021) Kat:3, Licht: 2,151970,3,2,6,11,05,5,1,2,0,1,1,0,0,0
"POINT (8.796591430000035 53.067072511000049)",Unfall 151972 (2021) Kat:3, Licht: 1,151972,3,5,1,10,20,3,0,1,0,1,0,0,0,0
"POINT (8.713924899000062 53.140354877000050)",Unfall 151975 (2021) Kat:3, Licht: 2,151975,3,6,4,09,19,2,1,2,0,1,0,0,1,0
"POINT (8.585949120000066 53.182210705000045)",Unfall 151977 (2021) Kat:3, Licht: 1,151977,3,6,3,12,15,4,0,1,0,1,0,0,0,0
"POINT (8.811513244000025 53.072544218000075)",Unfall 151979 (2021) Kat:3, Licht: 2,151979,3,3,5,10,20,4,0,2,0,1,0,0,0,0
"POINT (8.816287603000035 53.077919300000076)",Unfall 151980 (2021) Kat:3, Licht: 0,151980,3,5,1,09,12,5,0,0,0,1,0,0,0,1
"POINT (8.898005356000056 53.083349333000058)",Unfall 151981 (2021) Kat:3, Licht: 0,151981,3,5,1,08,08,3,0,0,1,1,0,0,0,0
"POINT (8.601557965000040 53.184708015000069)",Unfall 151983 (2021) Kat:3, Licht: 0,151983,3,7,1,11,14,3,0,0,0,1,0,0,0,0
"POINT (8.796581071000048 53.056665749000047)",Unfall 151985 (2021) Kat:3, Licht: 0,151985,3,3,5,11,12,1,0,0,1,1,0,0,0,0
"POINT (8.798963287000049 53.079559529000051)",Unfall 151987 (2021) Kat:3, Licht: 0,151987,3,3,5,11,16,6,1,0,0,1,0,0,0,1
"POINT (8.634350084000062 53.173070459000030)",Unfall 151988 (2021) Kat:3, Licht: 0,151988,3,6,2,09,14,4,0,0,0,1,0,1,0,0
"POINT (8.617772689000049 53.175052688000051)",Unfall 151990 (2021) Kat:3, Licht: 0,151990,3,7,6,08,09,4,0,0,0,1,1,0,0,0
"POINT (8.822092777000023 53.037174034000031)",Unfall 151994 (2021) Kat:3, Licht: 0,151994,3,6,3,09,11,3,1,0,1,1,0,0,0,0
"POINT (8.884082306000039 53.050411889000031)",Unfall 151996 (2021) Kat:3, Licht: 0,151996,3,5,2,12,12,6,0,0,0,1,0,0,0,0
"POINT (8.893325960000027 53.086163589000080)",Unfall 151998 (2021) Kat:3, Licht: 2,151998,3,1,8,10,00,3,1,2,0,1,0,0,0,0
"POINT (8.871878525000056 53.077144496000074)",Unfall 151999 (2021) Kat:3, Licht: 0,151999,3,2,3,09,17,5,0,0,1,1,0,0,0,0
"POINT (8.763496360000033 53.086401045000059)",Unfall 152000 (2021) Kat:3, Licht: 0,152000,3,6,0,08,11,4,0,0,0,1,0,1,0,0
"POINT (8.796957462000023 53.076385767000033)",Unfall 152003 (2021) Kat:2, Licht: 2,152003,2,6,5,11,17,6,0,2,0,1,0,0,0,1
"POINT (8.564965317000031 53.193306324000048)",Unfall 152005 (2021) Kat:3, Licht: 0,152005,3,3,5,11,08,2,0,0,1,1,0,0,0,0
"POINT (8.881864850000056 53.097347789000082)",Unfall 152010 (2021) Kat:3, Licht: 0,152010,3,3,5,12,09,2,1,0,1,1,0,0,0,0
"POINT (8.723605322000026 53.043650725000077)",Unfall 152012 (2021) Kat:3, Licht: 0,152012,3,4,6,09,17,3,1,0,0,1,1,0,0,0
"POINT (8.819133167000075 53.087050846000068)",Unfall 152013 (2021) Kat:3, Licht: 0,152013,3,7,5,10,14,5,0,0,1,0,0,1,0,0
"POINT (8.825506077000057 53.078944779000039)",Unfall 152015 (2021) Kat:2, Licht: 2,152015,2,7,0,12,07,3,0,2,1,0,0,0,0,1
"POINT (8.923321705000035 53.059140392000074)",Unfall 152017 (2021) Kat:2, Licht: 0,152017,2,3,5,10,10,6,0,0,0,1,0,0,0,1
"POINT (8.774280173000022 53.101437478000037)",Unfall 152018 (2021) Kat:3, Licht: 0,152018,3,2,5,12,13,5,1,0,0,1,0,0,0,0
"POINT (8.803243043000066 53.080242919000057)",Unfall 152021 (2021) Kat:3, Licht: 2,152021,3,2,3,11,16,6,0,2,1,1,0,0,0,0
"POINT (8.929650014000060 53.089480739000066)",Unfall 152022 (2021) Kat:3, Licht: 0,152022,3,3,5,09,07,2,0,0,1,1,0,0,0,0
"POINT (8.732612178000068 53.039369607000026)",Unfall 152023 (2021) Kat:3, Licht: 0,152023,3,5,1,08,15,1,0,0,0,1,0,0,0,0
"POINT (8.810697032000064 53.080117235000046)",Unfall 152030 (2021) Kat:3, Licht: 1,152030,3,2,5,10,18,6,0,1,0,1,0,0,0,1
"POINT (8.941904088000058 53.077554465000048)",Unfall 152034 (2021) Kat:3, Licht: 0,152034,3,2,5,09,13,3,0,0,1,1,0,0,0,0
"POINT (8.863681686000064 53.071369027000060)",Unfall 152035 (2021) Kat:3, Licht: 2,152035,3,6,2,08,21,6,0,2,0,1,0,0,0,0
"POINT (8.516273585000022 53.205867160000082)",Unfall 152038 (2021) Kat:3, Licht: 1,152038,3,6,2,11,16,3,1,1,0,1,0,0,0,0
"POINT (8.804499766000049 53.091783481000050)",Unfall 152039 (2021) Kat:3, Licht: 0,152039,3,3,0,08,13,7,1,0,1,1,0,0,0,0
"POINT (8.778324908000059 53.067196287000058)",Unfall 152040 (2021) Kat:3, Licht: 2,152040,3,6,8,10,22,5,1,2,0,1,0,0,0,1
"POINT (8.800131600000043 53.079014649000044)",Unfall 152042 (2021) Kat:3, Licht: 2,152042,3,6,2,12,21,7,1,2,0,1,0,0,0,0
"POINT (8.740834353000025 53.051956677000078)",Unfall 152043 (2021) Kat:3, Licht: 0,152043,3,3,5,09,14,4,1,0,1,1,0,0,0,0
"POINT (8.733602183000073 53.038595752000049)",Unfall 152046 (2021) Kat:3, Licht: 0,152046,3,5,1,12,09,6,1,0,0,1,0,0,0,1
"POINT (8.807548005000058 53.073731535000036)",Unfall 152048 (2021) Kat:3, Licht: 1,152048,3,3,5,10,17,4,0,1,0,1,0,0,0,0
"POINT (8.749823220000053 53.123937970000043)",Unfall 152049 (2021) Kat:3, Licht: 2,152049,3,3,5,09,21,6,1,2,0,1,0,0,0,0
"POINT (8.871172875000070 53.098439568000060)",Unfall 152050 (2021) Kat:3, Licht: 0,152050,3,2,5,08,06,4,0,0,1,1,0,0,0,0
"POINT (8.922201302000076 53.040967899000066)",Unfall 152052 (2021) Kat:3, Licht: 0,152052,3,3,5,11,08,2,1,0,1,1,0,0,0,0
"POINT (8.805161921000035 53.095537405000073)",Unfall 152054 (2021) Kat:3, Licht: 0,152054,3,3,5,11,15,3,1,0,1,1,0,0,0,0
"POINT (8.759184546000029 53.119374277000077)",Unfall 152056 (2021) Kat:3, Licht: 0,152056,3,3,5,11,14,4,0,0,1,1,0,0,0,0
"POINT (8.804214844000057 53.060866244000067)",Unfall 152058 (2021) Kat:3, Licht: 2,152058,3,3,6,08,20,5,0,2,0,1,1,0,0,0
"POINT (8.882957790000034 53.055093050000039)",Unfall 152060 (2021) Kat:3, Licht: 2,152060,3,6,3,09,21,6,0,2,0,1,0,0,0,0
"POINT (8.833489102000044 53.070727131000069)",Unfall 152061 (2021) Kat:3, Licht: 0,152061,3,2,5,10,14,5,0,0,1,1,0,0,0,0
"POINT (8.802096996000046 53.104996184000072)",Unfall 152063 (2021) Kat:3, Licht: 0,152063,3,6,1,12,14,3,1,0,0,1,0,0,0,0
"POINT (8.850569652000047 53.071126575000051)",Unfall 152064 (2021) Kat:3, Licht: 0,152064,3,6,2,10,08,2,0,0,1,1,0,0,0,0
"POINT (8.919934570000066 53.073414428000035)",Unfall 152065 (2021) Kat:3, Licht: 0,152065,3,3,5,12,11,5,1,0,1,1,0,0,0,0
"POINT (8.925321063000069 53.059289559000035)",Unfall 152068 (2021) Kat:3, Licht: 0,152068,3,6,2,09,13,5,0,0,0,1,0,0,0,0
"POINT (8.825110451000057 53.084183473000053)",Unfall 152073 (2021) Kat:3, Licht: 0,152073,3,3,5,09,12,5,0,0,1,1,0,0,0,0
"POINT (8.770099216000062 53.095262380000065)",Unfall 152074 (2021) Kat:3, Licht: 2,152074,3,3,5,10,10,7,1,2,1,1,0,0,0,0
"POINT (8.751840069000025 53.122184729000082)",Unfall 152075 (2021) Kat:3, Licht: 1,152075,3,5,2,12,07,2,0,1,0,1,0,0,0,0
"POINT (8.619349782000029 53.183013575000075)",Unfall 152078 (2021) Kat:3, Licht: 0,152078,3,6,4,09,16,2,0,0,0,1,0,0,0,1
"POINT (8.794405132000065 53.066860594000048)",Unfall 152079 (2021) Kat:3, Licht: 0,152079,3,7,0,10,13,6,0,0,0,0,0,0,0,1