WKT,Name,OBJECTID,UKATEGORIE,UTYP1,UART,UMONAT,USTUNDE,UWOCHENTAG,STRZUSTAND,ULICHTVERH,ISTRAD,ISTPKW,ISTFUSS,ISTKRAD,ISTGKFZ,ISTSONSTIG
"POINT (8.775894584000071 53.090493506000030)",Unfall 152082 (2021) Kat:3, Licht: 0,152082,3,3,5,10,16,2,0,0,1,1,0,0,0,0
"POINT (8.774777212000060 53.080275336000057)",Unfall 152086 (2021) Kat:3, Licht: 0,152086,3,6,3,09,08,2,0,0,1,0,0,0,0,0
"POINT (8.578533833000051 53.184894681000060)",Unfall 152087 (2021) Kat:3, Licht: 0,152087,3,7,0,08,12,2,1,0,0,1,0,0,0,0
"POINT (8.761418282000022 53.075895741000068)",Unfall 152090 (2021) Kat:3, Licht: 0,152090,3,7,0,11,08,6,1,0,1,0,0,0,0,1
"POINT (8.740945400000044 53.127140451000059)",Unfall 152091 (2021) Kat:3, Licht: 0,152091,3,7,6,09,18,4,0,0,0,1,1,0,0,0
"POINT (8.880156051000029 53.060603552000032)",Unfall 152092 (2021) Kat:3, Licht: 0,152092,3,6,3,10,14,6,1,0,0,1,0,1,0,0
"POINT (8.536044647000040 53.192197252000028)",Unfall 152093 (2021) Kat:3, Licht: 0,152093,3,2,5,12,15,4,1,0,1,1,0,0,0,0
"POINT (8.889883612000062 53.079331345000071)",Unfall 152094 (2021) Kat:3, Licht: 0,152094,3,7,0,09,08,4,0,0,0,0,0,0,0,1
"POINT (8.628257730000030 53.186665967000067)",Unfall 152095 (2021) Kat:3, Licht: 2,152095,3,5,1,12,16,5,1,2,0,1,0,0,0,0
"POINT (8.910547854000072 53.082642159000045)",Unfall 152098 (2021) Kat:3, Licht: 0,152098,3,6,4,09,18,3,0,0,1,0,0,0,0,0
"POINT (8.880349443000057 53.082416163000062)",Unfall 152099 (2021) Kat:3, Licht: 0,152099,3,3,5,08,14,6,1,0,1,1,0,0,0,0
"POINT (8.611332972000071 53.175257831000067)",Unfall 152103 (2021) Kat:3, Licht: 0,152103,3,3,5,08,10,7,1,0,0,1,0,0,0,0
"POINT (8.836377249000066 53.087140483000042)",Unfall 152112 (2021) Kat:2, Licht: 0,152112,2,2,5,10,11,3,1,0,0,1,0,0,0,1
"POINT (8.800987242000076 53.079019480000056)",Unfall 152118 (2021) Kat:3, Licht: 0,152118,3,6,3,11,14,3,0,0,0,1,0,0,0,0
"POINT (8.801204518000077 53.071412349000070)",Unfall 152120 (2021) Kat:3, Licht: 1,152120,3,6,4,11,16,2,0,1,1,0,0,0,0,0
"POINT (8.627724181000076 53.171377003000032)",Unfall 152121 (2021) Kat:3, Licht: 0,152121,3,7,0,09,14,2,0,0,0,0,0,0,0,1
"POINT (8.843547081000054 53.145116357000063)",Unfall 152122 (2021) Kat:3, Licht: 0,152122,3,6,3,08,17,7,0,0,1,0,0,0,0,1
"POINT (8.824345594000022 53.069910565000043)",Unfall 152125 (2021) Kat:2, Licht: 1,152125,2,7,0,09,21,4,0,1,1,0,0,0,0,0
"POINT (8.814020215000028 53.073055936000060)",Unfall 152126 (2021) Kat:2, Licht: 0,152126,2,6,3,10,13,1,0,0,1,0,0,0,0,0
"POINT (8.958566934000032 53.046791042000052)",Unfall 152127 (2021) Kat:3, Licht: 2,152127,3,6,2,12,16,4,1,2,0,1,0,0,0,0
"POINT (8.761238108000043 53.114942426000027)",Unfall 152128 (2021) Kat:3, Licht: 0,152128,3,2,5,11,16,2,0,0,0,1,0,0,0,1
"POINT (8.623337714000058 53.181538318000037)",Unfall 152129 (2021) Kat:3, Licht: 0,152129,3,2,5,10,16,2,0,0,0,1,0,0,0,0
"POINT (8.825065579000068 53.079037410000069)",Unfall 152133 (2021) Kat:3, Licht: 0,152133,3,3,5,10,07,5,1,0,0,1,0,0,0,1
"POINT (8.836608518000048 53.082528362000062)",Unfall 152135 (2021) Kat:3, Licht: 0,152135,3,6,2,08,13,5,0,0,0,1,0,0,0,0
"POINT (8.562276673000042 53.192237788000057)",Unfall 152138 (2021) Kat:3, Licht: 0,152138,3,3,5,11,14,6,0,0,0,1,0,0,0,0
"POINT (8.774184214000059 53.095387204000076)",Unfall 152139 (2021) Kat:3, Licht: 0,152139,3,3,5,09,19,5,0,0,0,1,0,0,0,0
"POINT (8.824558562000050 53.084043376000068)",Unfall 152142 (2021) Kat:3, Licht: 2,152142,3,7,0,12,21,5,2,2,1,0,0,0,0,0
"POINT (8.877236788000062 53.061656032000030)",Unfall 152144 (2021) Kat:3, Licht: 0,152144,3,7,1,12,12,5,1,0,1,1,0,0,0,0
"POINT (8.868182257000058 53.128492583000082)",Unfall 152146 (2021) Kat:3, Licht: 0,152146,3,6,4,10,15,3,1,0,0,0,0,0,1,0
"POINT (8.767227120000030 53.061034263000067)",Unfall 152148 (2021) Kat:3, Licht: 1,152148,3,6,3,08,21,5,0,1,0,1,0,0,0,0
"POINT (8.818584809000072 53.069736626000065)",Unfall 152154 (2021) Kat:3, Licht: 0,152154,3,1,1,11,12,1,1,0,0,1,0,1,0,0
"POINT (8.893634205000069 53.115218968000079)",Unfall 152155 (2021) Kat:3, Licht: 1,152155,3,3,5,09,07,5,0,1,1,1,0,0,0,0
"POINT (8.836711860000037 53.093561387000079)",Unfall 152156 (2021) Kat:3, Licht: 0,152156,3,3,5,08,08,2,0,0,0,1,0,0,0,0
"POINT (8.795549728000026 53.090549705000058)",Unfall 152158 (2021) Kat:3, Licht: 0,152158,3,7,2,12,14,4,0,0,0,1,0,0,0,0
"POINT (8.842350983000074 53.046306332000029)",Unfall 152160 (2021) Kat:3, Licht: 0,152160,3,6,2,09,12,3,0,0,0,1,0,1,0,0
"POINT (8.880022358000076 53.110579093000069)",Unfall 152163 (2021) Kat:3, Licht: 1,152163,3,6,2,10,17,2,1,1,0,1,0,0,0,0
"POINT (8.735000401000036 53.058238582000058)",Unfall 152165 (2021) Kat:2, Licht: 0,152165,2,4,6,08,15,2,0,0,0,1,1,0,0,0
"POINT (8.880428886000061 53.101591299000063)",Unfall 152168 (2021) Kat:3, Licht: 0,152168,3,7,6,11,15,3,0,0,0,1,1,0,0,0
"POINT (8.809341676000031 53.099262499000076)",Unfall 152169 (2021) Kat:3, Licht: 2,152169,3,3,5,11,20,4,0,2,1,1,0,0,0,0
"POINT (8.824897934000035 53.078763626000068)",Unfall 152170 (2021) Kat:3, Licht: 0,152170,3,7,0,08,12,3,0,0,0,0,0,0,0,1
"POINT (8.787326273000076 53.087586908000048)",Unfall 152171 (2021) Kat:2, Licht: 2,152171,2,3,0,10,07,5,1,2,0,0,0,0,1,1
"POINT (8.804236249000041 53.072616589000063)",Unfall 152173 (2021) Kat:3, Licht: 2,152173,3,4,6,12,16,6,1,2,0,1,1,0,0,0
"POINT (8.870143765000023 53.061847677000060)",Unfall 152174 (2021) Kat:3, Licht: 0,152174,3,6,4,09,17,4,0,0,1,1,0,0,0,0
"POINT (8.786907424000049 53.089725116000068)",Unfall 152177 (2021) Kat:3, Licht: 0,152177,3,6,1,12,13,7,1,0,0,1,0,0,0,0
"POINT (8.852772709000021 53.073585296000033)",Unfall 152179 (2021) Kat:2, Licht: 0,152179,2,7,0,10,08,4,0,0,0,0,0,1,0,0
"POINT (8.880870132000041 53.076781362000077)",Unfall 152180 (2021) Kat:3, Licht: 0,152180,3,2,0,09,07,4,0,0,0,0,1,0,0,1
"POINT (8.775694269000041 53.099474610000073)",Unfall 152181 (2021) Kat:3, Licht: 0,152181,3,1,0,10,14,5,1,0,0,0,0,1,0,0
"POINT (8.886619004000067 53.090468970000074)",Unfall 152182 (2021) Kat:3, Licht: 0,152182,3,3,5,11,09,3,1,0,1,1,0,0,0,0
"POINT (8.626577225000062 53.169641959000046)",Unfall 152183 (2021) Kat:3, Licht: 0,152183,3,3,5,10,11,5,0,0,1,1,0,0,0,0
"POINT (8.778818044000047 53.064633180000044)",Unfall 152185 (2021) Kat:3, Licht: 1,152185,3,2,5,11,16,3,1,1,1,1,0,0,0,0
"POINT (8.741300927000054 53.138466814000026)",Unfall 152188 (2021) Kat:3, Licht: 2,152188,3,3,5,09,02,1,0,2,0,1,0,0,0,0
"POINT (8.780610882000076 53.076734173000034)",Unfall 152189 (2021) Kat:3, Licht: 0,152189,3,4,6,08,20,3,0,0,0,1,1,0,0,0
"POINT (8.795630182000025 53.085697891000052)",Unfall 152192 (2021) Kat:3, Licht: 2,152192,3,6,2,11,17,2,0,2,0,1,0,0,0,0
"POINT (8.809175075000041 53.078866067000035)",Unfall 152193 (2021) Kat:3, Licht: 0,152193,3,2,4,08,09,3,0,0,1,1,0,0,0,0
"POINT (8.856939069000020 53.072703815000068)",Unfall 152195 (2021) Kat:3, Licht: 0,152195,3,3,5,12,14,2,0,0,1,1,0,0,0,0
"POINT (8.774620509000044 53.080317016000038)",Unfall 152196 (2021) Kat:3, Licht: 1,152196,3,7,1,10,17,6,0,1,0,1,0,1,0,0
"POINT (8.892640786000072 53.079430991000038)",Unfall 152201 (2021) Kat:2, Licht: 0,152201,2,4,6,09,07,4,1,0,0,1,1,0,0,0
"POINT (8.792631915000072 53.074782705000075)",Unfall 152202 (2021) Kat:3, Licht: 0,152202,3,6,2,08,16,5,0,0,0,1,0,0,0,0
"POINT (8.887240774000077 53.060816451000051)",Unfall 152205 (2021) Kat:3, Licht: 0,152205,3,4,6,11,07,2,1,0,0,1,1,0,0,0
"POINT (8.784685463000073 53.061174377000043)",Unfall 152206 (2021) Kat:3, Licht: 0,152206,3,6,2,11,12,4,0,0,0,1,0,0,0,0
"POINT (8.922786276000068 53.098833966000029)",Unfall 152208 (2021) Kat:3, Licht: 0,152208,3,6,4,10,10,3,0,0,0,1,0,0,0,0
"POINT (8.729379838000057 53.055442823000078)",Unfall 152215 (2021) Kat:3, Licht: 0,152215,3,1,4,10,15,3,0,0,1,0,0,0,0,1
"POINT (8.756259731000057 53.102511464000031)",Unfall 152216 (2021) Kat:3, Licht: 0,152216,3,7,6,09,13,5,0,0,0,1,0,0,0,1
"POINT (8.774177829000052 53.095384369000044)",Unfall 152220 (2021) Kat:3, Licht: 0,152220,3,3,0,11,14,3,0,0,1,0,0,0,0,1
"POINT (8.816519226000025 53.080884240000046)",Unfall 152221 (2021) Kat:3, Licht: 2,152221,3,3,0,11,22,7,1,2,0,0,0,0,0,1
"POINT (8.831734146000031 53.081081256000061)",Unfall 152223 (2021) Kat:3, Licht: 0,152223,3,6,1,12,14,4,0,0,1,1,0,0,0,0
"POINT (8.792298666000022 53.085622847000081)",Unfall 152224 (2021) Kat:3, Licht: 0,152224,3,7,2,11,16,4,0,0,0,1,0,0,0,0
"POINT (8.829622496000070 53.071874647000072)",Unfall 152226 (2021) Kat:2, Licht: 2,152226,2,7,0,08,22,6,1,2,1,0,0,0,0,0
"POINT (8.951857219000033 53.072649509000030)",Unfall 152228 (2021) Kat:3, Licht: 1,152228,3,3,5,12,08,2,1,1,1,1,0,0,0,0
"POINT (8.829408456000067 53.034214101000032)",Unfall 152230 (2021) Kat:3, Licht: 0,152230,3,3,5,10,12,4,0,0,0,1,0,0,0,0
"POINT (8.887640581000028 53.069710547000057)",Unfall 152231 (2021) Kat:3, Licht: 0,152231,3,2,5,09,11,2,0,0,1,1,0,0,0,0
"POINT (8.796712272000036 53.089119244000074)",Unfall 152232 (2021) Kat:3, Licht: 0,152232,3,6,3,10,12,6,0,0,0,1,0,0,0,0
"POINT (8.873093238000024 53.084753452000029)",Unfall 152234 (2021) Kat:3, Licht: 2,152234,3,3,5,12,07,2,1,2,0,1,0,0,0,1
"POINT (8.895646555000042 53.097112685000070)",Unfall 152236 (2021) Kat:3, Licht: 0,152236,3,6,4,11,14,3,1,0,1,0,0,0,0,0
"POINT (8.814863634000062 53.101735363000046)",Unfall 152241 (2021) Kat:3, Licht: 0,152241,3,4,6,09,13,7,0,0,0,0,1,0,0,1
"POINT (8.854008479000072 53.074779128000046)",Unfall 152242 (2021) Kat:3, Licht: 0,152242,3,6,4,08,12,6,0,0,1,0,0,0,0,0
"POINT (8.851536265000050 53.111596759000065)",Unfall 152245 (2021) Kat:2, Licht: 0,152245,2,6,4,11,15,5,1,0,0,1,0,0,0,0
"POINT (8.852559981000070 53.050521063000076)",Unfall 152246 (2021) Kat:3, Licht: 0,152246,3,7,2,08,17,3,0,0,0,1,0,0,0,0
"POINT (8.787126204000060 53.075636272000054)",Unfall 152248 (2021) Kat:3, Licht: 1,152248,3,6,2,12,15,5,0,1,0,1,0,0,0,1
"POINT (8.792927626000051 53.065899542000068)",Unfall 152249 (2021) Kat:3, Licht: 0,152249,3,6,2,10,16,6,0,0,0,1,0,0,0,0
"POINT (8.572565770000040 53.182442525000056)",Unfall 152250 (2021) Kat:3, Licht: 0,152250,3,7,5,10,12,7,0,0,1,1,0,0,0,0
"POINT (8.850444037000045 53.038535810000042)",Unfall 152252 (2021) Kat:3, Licht: 0,152252,3,3,5,10,08,6,0,0,1,1,0,0,0,0
"POINT (8.817851486000052 53.052536833000033)",Unfall 152253 (2021) Kat:3, Licht: 0,152253,3,5,1,12,11,6,1,0,0,0,0,1,0,1
"POINT (8.830711603000054 53.036203623000063)",Unfall 152254 (2021) Kat:3, Licht: 2,152254,3,1,0,11,21,2,1,2,0,0,0,1,0,0
"POINT (8.831471368000052 53.040635458000054)",Unfall 152255 (2021) Kat:3, Licht: 0,152255,3,7,5,10,14,4,0,0,1,1,0,0,0,0
"POINT (8.567551982000055 53.194393873000081)",Unfall 152256 (2021) Kat:3, Licht: 2,152256,3,6,2,12,18,5,1,2,0,1,0,0,0,0
"POINT (8.810979282000062 53.095483886000068)",Unfall 152260 (2021) Kat:3, Licht: 0,152260,3,3,5,09,11,6,0,0,1,1,0,0,0,0
"POINT (8.959244643000034 53.041856720000055)",Unfall 152261 (2021) Kat:3, Licht: 2,152261,3,3,5,08,23,6,0,2,0,1,0,0,0,0
"POINT (8.717263057000025 53.176655101000051)",Unfall 152264 (2021) Kat:3, Licht: 2,152264,3,3,5,11,17,4,0,2,0,1,0,0,0,0
"POINT (8.854789991000075 53.067660984000042)",Unfall 152265 (2021) Kat:3, Licht: 0,152265,3,6,2,09,11,4,0,0,0,1,0,0,0,0
"POINT (8.795493051000051 53.090583802000026)",Unfall 152266 (2021) Kat:3, Licht: 0,152266,3,2,5,10,16,4,0,0,0,1,0,0,1,0
"POINT (8.825113987000066 53.084455489000050)",Unfall 152267 (2021) Kat:3, Licht: 0,152267,3,2,5,12,13,4,0,0,1,1,0,0,0,0
"POINT (8.805229941000050 53.100274114000058)",Unfall 152268 (2021) Kat:3, Licht: 2,152268,3,7,0,10,01,1,1,2,0,0,0,0,0,1
"POINT (8.703197868000075 53.171815444000060)",Unfall 152269 (2021) Kat:3, Licht: 2,152269,3,2,6,12,17,3,0,2,0,1,1,0,0,0
"POINT (8.817825495000022 53.083551702000079)",Unfall 152271 (2021) Kat:3, Licht: 2,152271,3,1,0,10,20,6,1,2,0,0,0,1,0,0
"POINT (8.790158282000050 53.062491865000027)",Unfall 152272 (2021) Kat:2, Licht: 2,152272,2,4,6,09,22,4,0,2,0,0,1,0,0,1
"POINT (8.756444970000075 53.111471338000058)",Unfall 152273 (2021) Kat:3, Licht: 0,152273,3,7,6,08,19,3,1,0,0,0,1,0,0,1
"POINT (8.860746679000044 53.071944454000061)",Unfall 152277 (2021) Kat:3, Licht: 0,152277,3,6,3,08,15,3,0,0,0,1,0,0,0,0
"POINT (8.788465321000047 53.098417535000067)",Unfall 152278 (2021) Kat:3, Licht: 0,152278,3,3,5,10,16,3,1,0,1,1,0,0,0,0
"POINT (8.805329904000075 53.100380267000048)",Unfall 152280 (2021) Kat:2, Licht: 2,152280,2,3,5,12,16,6,1,2,1,1,0,0,0,0
"POINT (8.798966480000047 53.083809884000061)",Unfall 152281 (2021) Kat:3, Licht: 0,152281,3,7,6,09,15,2,0,0,0,1,1,0,0,0
"POINT (8.959306390000052 53.047308550000082)",Unfall 152286 (2021) Kat:3, Licht: 2,152286,3,2,3,09,23,6,0,2,0,1,0,0,0,1
"POINT (8.905884841000045 53.040312397000037)",Unfall 152287 (2021) Kat:3, Licht: 0,152287,3,3,5,08,14,4,0,0,1,1,0,0,0,0
"POINT (8.824985675000050 53.084570687000053)",Unfall 152290 (2021) Kat:3, Licht: 0,152290,3,3,5,11,07,5,1,0,1,1,0,0,0,0
"POINT (8.894514928000035 53.050900888000058)",Unfall 152292 (2021) Kat:3, Licht: 2,152292,3,3,5,11,17,3,1,2,0,1,0,0,0,0
"POINT (8.804456546000040 53.059276420000060)",Unfall 152297 (2021) Kat:3, Licht: 2,152297,3,6,2,12,20,6,0,2,0,1,0,0,0,0
"POINT (8.841531033000024 53.083216692000065)",Unfall 152299 (2021) Kat:3, Licht: 0,152299,3,7,0,09,08,3,0,0,1,0,0,0,0,0
"POINT (8.800464597000030 53.091436701000077)",Unfall 152300 (2021) Kat:3, Licht: 0,152300,3,2,5,10,15,5,0,0,1,1,0,0,0,0
"POINT (8.570789844000046 53.181243192000068)",Unfall 152302 (2021) Kat:3, Licht: 0,152302,3,4,6,12,12,6,0,0,0,1,1,0,0,0
"POINT (8.810147991000065 53.095893395000076)",Unfall 152303 (2021) Kat:2, Licht: 0,152303,2,2,5,10,11,5,0,0,0,1,0,1,0,0
"POINT (8.808537490000049 53.082940761000032)",Unfall 152304 (2021) Kat:3, Licht: 1,152304,3,2,3,12,17,2,0,1,0,1,0,0,0,1
"POINT (8.810968167000055 53.071706810000080)",Unfall 152307 (2021) Kat:3, Licht: 2,152307,3,1,0,09,05,1,0,2,1,0,0,0,0,0
"POINT (8.849714765000044 53.085103838000066)",Unfall 152308 (2021) Kat:2, Licht: 0,152308,2,7,0,08,08,6,0,0,0,0,0,0,0,1
"POINT (8.846719508000035 53.092675764000035)",Unfall 152311 (2021) Kat:3, Licht: 0,152311,3,3,5,11,14,4,0,0,1,1,0,0,0,0
"POINT (8.753341721000027 53.120919739000044)",Unfall 152313 (2021) Kat:3, Licht: 0,152313,3,6,4,10,14,1,0,0,0,1,0,0,0,0
"POINT (8.808471545000032 53.083284726000045)",Unfall 152314 (2021) Kat:3, Licht: 0,152314,3,3,5,12,12,5,0,0,1,1,0,0,0,0
"POINT (8.765651969000032 53.082296487000065)",Unfall 152315 (2021) Kat:3, Licht: 0,152315,3,3,5,11,07,2,0,0,1,1,0,0,0,0
"POINT (8.927275743000052 53.076022575000081)",Unfall 152316 (2021) Kat:3, Licht: 0,152316,3,4,6,11,13,7,1,0,1,0,1,0,0,0
"POINT (8.808412204000035 53.063868256000035)",Unfall 152317 (2021) Kat:3, Licht: 0,152317,3,1,0,10,14,1,1,0,0,0,0,1,0,0
"POINT (8.794663309000043 53.085020467000049)",Unfall 152320 (2021) Kat:3, Licht: 0,152320,3,6,3,10,14,5,0,0,0,1,0,0,1,0
"POINT (8.774959213000045 53.111614123000038)",Unfall 152321 (2021) Kat:3, Licht: 0,152321,3,5,1,09,10,3,0,0,1,1,0,0,0,0
"POINT (8.748857312000041 53.121745388000079)",Unfall 152325 (2021) Kat:3, Licht: 0,152325,3,6,3,11,09,2,0,0,0,1,0,0,1,0
"POINT (8.814449737000075 53.081401960000051)",Unfall 152326 (2021) Kat:3, Licht: 0,152326,3,3,5,08,09,1,0,0,0,1,0,0,0,0
"POINT (8.855165169000031 53.078392143000031)",Unfall 152327 (2021) Kat:3, Licht: 2,152327,3,1,9,10,04,6,1,2,0,1,0,0,0,0
"POINT (8.712668281000049 53.169753816000082)",Unfall 152329 (2021) Kat:3, Licht: 0,152329,3,3,0,12,13,4,1,0,0,1,0,1,0,0
"POINT (8.822303528000020 53.069084601000043)",Unfall 152330 (2021) Kat:3, Licht: 2,152330,3,6,3,09,23,6,0,2,1,1,0,0,0,0
"POINT (8.839115119000041 53.106805790000067)",Unfall 152331 (2021) Kat:3, Licht: 2,152331,3,6,3,08,22,7,0,2,1,0,0,0,0,0
"POINT (8.776117742000054 53.098663082000030)",Unfall 152333 (2021) Kat:3, Licht: 2,152333,3,4,6,12,17,1,0,2,0,1,1,0,0,0
"POINT (8.899745389000032 53.052584312000079)",Unfall 152337 (2021) Kat:3, Licht: 2,152337,3,3,5,08,22,3,0,2,1,1,0,0,0,0
"POINT (8.628942431000041 53.184290191000059)",Unfall 152338 (2021) Kat:3, Licht: 1,152338,3,4,6,12,14,6,1,1,0,0,1,0,0,1
"POINT (8.934649935000039 53.040115682000078)",Unfall 152340 (2021) Kat:3, Licht: 0,152340,3,3,5,10,14,5,0,0,1,1,0,0,0,0
"POINT (8.884094029000039 53.050350044000027)",Unfall 152341 (2021) Kat:3, Licht: 0,152341,3,7,1,09,07,4,1,0,0,1,0,0,0,0
"POINT (8.859756104000041 53.070616448000067)",Unfall 152342 (2021) Kat:3, Licht: 2,152342,3,7,8,08,01,7,0,2,0,1,0,0,0,0
"POINT (8.782944666000049 53.094079703000034)",Unfall 152346 (2021) Kat:3, Licht: 0,152346,3,3,0,08,13,5,0,0,1,1,0,0,0,0
"POINT (8.787799961000076 53.076610987000038)",Unfall 152347 (2021) Kat:3, Licht: 0,152347,3,7,2,10,09,1,0,0,0,1,0,0,0,0
"POINT (8.791751928000053 53.082708796000077)",Unfall 152349 (2021) Kat:3, Licht: 2,152349,3,3,0,12,18,7,1,2,1,1,0,0,0,0
"POINT (8.575141908000035 53.199069391000080)",Unfall 152350 (2021) Kat:3, Licht: 0,152350,3,7,0,09,16,2,0,0,1,0,0,0,0,0
"POINT (8.781858619000047 53.066674436000028)",Unfall 152352 (2021) Kat:3, Licht: 0,152352,3,3,5,12,14,2,0,0,1,1,0,0,0,0
"POINT (8.891694727000072 53.049430005000033)",Unfall 152354 (2021) Kat:3, Licht: 0,152354,3,6,2,10,18,1,0,0,0,1,0,1,0,0
"POINT (8.672836824000058 53.174090034000074)",Unfall 152355 (2021) Kat:3, Licht: 2,152355,3,6,5,09,06,1,1,2,0,1,0,0,0,0
"POINT (8.682416801000045 53.173898694000059)",Unfall 152358 (2021) Kat:3, Licht: 0,152358,3,4,6,11,14,3,0,0,0,0,1,0,0,1
"POINT (8.882703261000074 53.063703628000042)",Unfall 152360 (2021) Kat:3, Licht: 0,152360,3,6,2,11,07,3,1,0,0,1,0,1,0,0
"POINT (8.910567976000038 53.082600822000074)",Unfall 152362 (2021) Kat:3, Licht: 2,152362,3,2,4,11,21,6,1,2,0,1,0,0,0,0
"POINT (8.796249137000075 53.094737300000077)",Unfall 152364 (2021) Kat:3, Licht: 0,152364,3,1,0,08,11,5,1,0,1,0,0,0,0,0
"POINT (8.743627247000063 53.129367995000052)",Unfall 152367 (2021) Kat:3, Licht: 0,152367,3,3,5,09,18,2,0,0,0,1,0,0,0,0
"POINT (8.765905985000074 53.074064457000077)",Unfall 152370 (2021) Kat:3, Licht: 0,152370,3,6,2,12,14,6,0,0,1,1,0,0,0,0
"POINT (8.885036130000060 53.047367120000047)",Unfall 152371 (2021) Kat:3, Licht: 2,152371,3,6,2,10,21,6,1,2,0,1,0,0,0,0
"POINT (8.882456911000077 53.057618551000076)",Unfall 152372 (2021) Kat:3, Licht: 0,152372,3,3,5,12,12,6,0,0,0,1,0,0,0,0
"POINT (8.703263068000069 53.098588817000064)",Unfall 152375 (2021) Kat:3, Licht: 0,152375,3,3,5,09,10,7,0,0,1,0,0,0,0,1
"POINT (8.787866250000036 53.099115509000058)",Unfall 152376 (2021) Kat:3, Licht: 0,152376,3,3,5,08,07,6,0,0,1,1,0,0,0,0
"POINT (8.567200438000043 53.553666343000032)",Unfall 152379 (2021) Kat:3, Licht: 0,152379,3,3,5,11,15,6,0,0,0,1,0,0,1,0
"POINT (8.902612815000055 53.126759742000047)",Unfall 152380 (2021) Kat:3, Licht: 0,152380,3,3,5,08,17,2,0,0,1,1,0,0,0,0
"POINT (8.914292684000031 53.067335986000046)",Unfall 152381 (2021) Kat:3, Licht: 0,152381,3,7,0,10,14,1,1,0,1,0,0,0,0,0
"POINT (8.781681578000075 53.087606086000051)",Unfall 152382 (2021) Kat:3, Licht: 1,152382,3,3,5,12,07,3,0,1,1,1,0,0,0,0
"POINT (8.784549430000027 53.088208142000042)",Unfall 152383 (2021) Kat:3, Licht: 0,152383,3,3,5,09,14,2,0,0,0,1,0,0,0,1
"POINT (8.845439328000055 53.084291766000035)",Unfall 152384 (2021) Kat:3, Licht: 0,152384,3,1,1,12,12,4,0,0,0,1,0,0,0,0
"POINT (8.930934942000022 53.071993369000040)",Unfall 152385 (2021) Kat:3, Licht: 0,152385,3,6,3,11,15,6,0,0,1,1,0,0,0,0
"POINT (8.853626918000032 53.082754573000045)",Unfall 152387 (2021) Kat:3, Licht: 0,152387,3,7,0,10,14,5,1,0,1,0,0,0,0,0
"POINT (8.821432158000050 53.072775439000054)",Unfall 152388 (2021) Kat:3, Licht: 0,152388,3,5,1,09,17,5,0,0,1,1,0,0,0,0
"POINT (8.958430334000070 53.046713031000081)",Unfall 152392 (2021) Kat:3, Licht: 1,152392,3,6,2,11,17,2,0,1,0,1,0,0,0,0
"POINT (8.801648138000076 53.057785870000032)",Unfall 152393 (2021) Kat:3, Licht: 0,152393,3,2,5,08,17,3,0,0,1,1,0,0,0,0
"POINT (8.828351947000044 53.080011842000033)",Unfall 152396 (2021) Kat:2, Licht: 2,152396,2,4,6,12,07,4,1,2,0,1,1,0,0,0
"POINT (8.831979377000039 53.071058944000072)",Unfall 152397 (2021) Kat:3, Licht: 2,152397,3,6,0,09,21,4,0,2,1,1,0,0,0,0
"POINT (8.584329730000036 53.215130947000034)",Unfall 152398 (2021) Kat:3, Licht: 0,152398,3,6,2,08,16,6,1,0,0,1,0,0,0,0
"POINT (8.783366610000030 53.057405384000049)",Unfall 152402 (2021) Kat:3, Licht: 0,152402,3,3,5,10,15,3,1,0,1,1,0,0,0,0
"POINT (8.937128128000040 53.075019936000047)",Unfall 152403 (2021) Kat:3, Licht: 1,152403,3,4,6,09,07,6,1,1,0,1,1,0,0,0
"POINT (8.779805922000037 53.092165639000029)",Unfall 152404 (2021) Kat:3, Licht: 0,152404,3,5,1,08,14,1,1,0,0,1,0,0,0,1
"POINT (8.613938465000047 53.176067127000067)",Unfall 152406 (2021) Kat:2, Licht: 0,152406,2,4,6,11,11,3,0,0,1,0,1,0,0,0
"POINT (8.876571943000044 53.081414789000064)",Unfall 152408 (2021) Kat:3, Licht: 2,152408,3,6,2,12,20,4,1,2,0,1,0,1,0,0
"POINT (8.807695298000056 53.079282240000055)",Unfall 152410 (2021) Kat:3, Licht: 2,152410,3,1,0,09,02,1,0,2,0,0,0,0,0,1
"POINT (8.835146959000042 53.091456531000063)",Unfall 152411 (2021) Kat:2, Licht: 0,152411,2,3,5,08,16,4,0,0,0,1,0,0,0,0
"POINT (8.786163556000076 53.103041680000047)",Unfall 152414 (2021) Kat:3, Licht: 0,152414,3,3,5,08,18,3,0,0,1,1,0,0,0,0
"POINT (8.820963139000071 53.081584492000047)",Unfall 152416 (2021) Kat:3, Licht: 0,152416,3,3,5,12,08,3,0,0,1,1,0,0,0,0
"POINT (8.910594253000056 53.082605960000080)",Unfall 152417 (2021) Kat:3, Licht: 1,152417,3,6,3,11,16,6,0,1,0,1,0,0,0,0
"POINT (8.916505863000054 53.093301521000058)",Unfall 152418 (2021) Kat:3, Licht: 0,152418,3,6,3,10,16,2,0,0,1,0,0,0,0,0
"POINT (8.902121727000065 53.049633769000081)",Unfall 152423 (2021) Kat:3, Licht: 0,152423,3,6,3,11,07,2,0,0,1,0,0,0,0,1
"POINT (8.806976251000037 53.082106046000035)",Unfall 152427 (2021) Kat:3, Licht: 0,152427,3,6,2,11,13,2,0,0,0,1,0,0,1,0
"POINT (8.772135609000031 53.081763584000043)",Unfall 152428 (2021) Kat:3, Licht: 0,152428,3,6,4,09,09,1,0,0,1,0,0,0,0,1