WKT,Name,OBJECTID,UKATEGORIE,UTYP1,UART,UMONAT,USTUNDE,UWOCHENTAG,STRZUSTAND,ULICHTVERH,ISTRAD,ISTPKW,ISTFUSS,ISTKRAD,ISTGKFZ,ISTSONSTIG
"POINT (8.824468053000032 53.084474966000073)",Unfall 152429 (2021) Kat:3, Licht: 0,152429,3,3,5,08,14,2,1,0,0,1,0,0,0,1
"POINT (8.782718110000076 53.104308601000071)",Unfall 152431 (2021) Kat:3, Licht: 0,152431,3,7,2,09,08,6,0,0,0,1,0,0,0,0
"POINT (8.777104521000069 53.106606720000059)",Unfall 152432 (2021) Kat:3, Licht: 0,152432,3,6,2,10,13,6,0,0,0,1,0,0,0,0
"POINT (8.815362964000030 53.077385589000073)",Unfall 152434 (2021) Kat:2, Licht: 2,152434,2,7,0,12,23,2,1,2,1,0,0,0,0,0
"POINT (8.797006567000039 53.076434717000041)",Unfall 152435 (2021) Kat:3, Licht: 0,152435,3,2,5,10,17,2,0,0,0,1,0,0,0,1
"POINT (8.817844632000060 53.052913884000077)",Unfall 152436 (2021) Kat:3, Licht: 2,152436,3,6,2,12,19,1,0,2,0,1,0,0,0,0
"POINT (8.881599111000071 53.111289801000055)",Unfall 152439 (2021) Kat:3, Licht: 0,152439,3,3,5,11,16,7,0,0,0,1,0,0,0,0
"POINT (8.629227198000024 53.172121405000041)",Unfall 152440 (2021) Kat:3, Licht: 0,152440,3,4,6,10,12,5,0,0,0,1,1,0,0,0
"POINT (8.901926603000049 53.073860889000059)",Unfall 152441 (2021) Kat:3, Licht: 2,152441,3,6,1,09,21,4,0,2,0,1,0,0,0,0
"POINT (8.856602756000029 53.082480797000073)",Unfall 152442 (2021) Kat:3, Licht: 0,152442,3,2,5,08,10,5,0,0,1,1,0,0,0,0
"POINT (8.778558886000042 53.106179011000052)",Unfall 152445 (2021) Kat:3, Licht: 2,152445,3,3,5,11,16,6,0,2,0,1,0,0,0,1
"POINT (8.548726071000033 53.196269170000051)",Unfall 152446 (2021) Kat:3, Licht: 0,152446,3,1,3,09,08,6,0,0,1,0,0,0,0,1
"POINT (8.814712758000042 53.051099203000035)",Unfall 152447 (2021) Kat:3, Licht: 0,152447,3,3,5,10,15,3,0,0,1,1,0,0,0,0
"POINT (8.872487108000030 53.063172275000056)",Unfall 152448 (2021) Kat:3, Licht: 2,152448,3,3,5,12,20,5,0,2,0,1,0,0,0,1
"POINT (8.871719847000065 53.101832116000082)",Unfall 152449 (2021) Kat:2, Licht: 0,152449,2,3,5,09,10,5,0,0,1,1,0,0,0,0
"POINT (8.772365853000053 53.109022702000061)",Unfall 152450 (2021) Kat:2, Licht: 0,152450,2,2,5,12,14,2,0,0,0,1,0,0,0,1
"POINT (8.738034735000042 53.145017756000072)",Unfall 152451 (2021) Kat:3, Licht: 2,152451,3,7,0,11,17,5,1,2,1,0,0,1,0,0
"POINT (8.822818916000074 53.042977652000047)",Unfall 152453 (2021) Kat:3, Licht: 0,152453,3,2,5,10,07,3,1,0,1,1,0,0,0,0
"POINT (8.561024377000024 53.193185690000064)",Unfall 152454 (2021) Kat:3, Licht: 0,152454,3,3,5,09,09,2,0,0,1,1,0,0,0,0
"POINT (8.625189638000052 53.188414258000080)",Unfall 152455 (2021) Kat:3, Licht: 2,152455,3,4,6,08,22,1,1,2,0,1,1,0,0,0
"POINT (8.783679200000051 53.075530290000074)",Unfall 152458 (2021) Kat:3, Licht: 0,152458,3,3,5,11,19,7,1,0,0,1,0,0,0,0
"POINT (8.714551158000063 53.090186613000071)",Unfall 152459 (2021) Kat:2, Licht: 0,152459,2,3,5,10,15,5,1,0,0,1,0,0,1,0
"POINT (8.836565023000048 53.087145288000045)",Unfall 152461 (2021) Kat:3, Licht: 1,152461,3,3,0,12,08,5,1,1,0,0,0,0,0,1
"POINT (8.878912292000052 53.055859742000052)",Unfall 152462 (2021) Kat:3, Licht: 2,152462,3,7,0,09,21,6,1,2,1,0,0,0,0,0
"POINT (8.786904780000043 53.074312365000026)",Unfall 152463 (2021) Kat:3, Licht: 0,152463,3,3,5,08,18,2,0,0,1,1,0,0,0,0
"POINT (8.720055746000071 53.045244415000070)",Unfall 152469 (2021) Kat:3, Licht: 0,152469,3,6,3,10,09,5,0,0,0,1,0,0,1,0
"POINT (8.783091196000044 53.096677952000050)",Unfall 152470 (2021) Kat:3, Licht: 0,152470,3,5,1,11,15,3,0,0,0,1,0,0,0,0
"POINT (8.820073634000039 53.049840875000029)",Unfall 152472 (2021) Kat:3, Licht: 0,152472,3,6,3,12,11,4,1,0,0,1,0,0,0,0
"POINT (8.835567459000060 53.071444744000075)",Unfall 152476 (2021) Kat:3, Licht: 0,152476,3,7,0,09,06,1,0,0,1,0,0,0,0,0
"POINT (8.817052462000049 53.078798014000029)",Unfall 152477 (2021) Kat:3, Licht: 0,152477,3,2,0,08,15,6,0,0,0,0,0,0,0,1
"POINT (8.816298509000035 53.084245438000039)",Unfall 152481 (2021) Kat:3, Licht: 0,152481,3,7,0,10,16,7,0,0,0,1,1,0,0,0
"POINT (8.808622930000070 53.082899737000048)",Unfall 152482 (2021) Kat:3, Licht: 0,152482,3,2,4,12,10,5,0,0,1,0,0,0,0,1
"POINT (8.793090103000054 53.073870263000060)",Unfall 152483 (2021) Kat:2, Licht: 0,152483,2,7,0,11,14,6,1,0,0,1,1,0,0,0
"POINT (8.870186825000076 53.091284309000059)",Unfall 152485 (2021) Kat:3, Licht: 0,152485,3,7,0,12,09,3,0,0,1,1,0,0,0,0
"POINT (8.805803095000044 53.074145222000027)",Unfall 152488 (2021) Kat:3, Licht: 2,152488,3,3,5,11,23,6,1,2,0,1,0,0,0,1
"POINT (8.808420337000030 53.088047198000027)",Unfall 152489 (2021) Kat:3, Licht: 0,152489,3,7,2,09,16,3,0,0,0,1,0,0,0,0
"POINT (8.820707840000068 53.072700357000031)",Unfall 152493 (2021) Kat:3, Licht: 2,152493,3,7,6,11,17,6,0,2,0,1,0,0,0,1
"POINT (8.845857335000062 53.106238370000028)",Unfall 152495 (2021) Kat:2, Licht: 0,152495,2,6,2,10,08,3,0,0,0,1,0,0,0,0
"POINT (8.878997032000029 53.078869160000067)",Unfall 152497 (2021) Kat:3, Licht: 2,152497,3,6,2,12,19,4,1,2,0,1,0,0,0,0
"POINT (8.811085546000072 53.076261707000072)",Unfall 152498 (2021) Kat:3, Licht: 2,152498,3,7,1,11,21,7,0,2,0,1,0,0,0,0
"POINT (8.820000848000063 53.079764347000037)",Unfall 152499 (2021) Kat:3, Licht: 0,152499,3,6,4,09,18,3,0,0,1,0,0,0,0,0
"POINT (8.824483480000026 53.084302369000056)",Unfall 152501 (2021) Kat:3, Licht: 2,152501,3,7,0,12,06,4,1,2,1,1,0,0,0,0
"POINT (8.857957810000073 53.069605555000066)",Unfall 152503 (2021) Kat:3, Licht: 0,152503,3,2,3,10,15,2,1,0,0,1,0,0,0,1
"POINT (8.790990127000043 53.080901153000070)",Unfall 152504 (2021) Kat:3, Licht: 0,152504,3,6,3,09,11,2,0,0,0,1,0,0,1,0
"POINT (8.956809697000040 53.047518877000073)",Unfall 152505 (2021) Kat:3, Licht: 0,152505,3,3,6,08,16,5,0,0,0,1,1,0,0,0
"POINT (8.834327881000036 53.034143323000080)",Unfall 152508 (2021) Kat:3, Licht: 0,152508,3,6,2,11,11,4,1,0,0,1,0,1,0,0
"POINT (8.891594575000056 53.034303687000033)",Unfall 152509 (2021) Kat:3, Licht: 2,152509,3,6,3,11,06,6,0,2,0,1,0,0,0,0
"POINT (8.852266385000064 53.056950644000040)",Unfall 152510 (2021) Kat:1, Licht: 0,152510,1,2,5,10,17,7,0,0,1,0,0,0,0,0
"POINT (8.636219101000052 53.190498125000033)",Unfall 152512 (2021) Kat:3, Licht: 0,152512,3,3,5,08,16,5,0,0,0,1,0,0,0,0
"POINT (8.845242262000056 53.077963918000080)",Unfall 152519 (2021) Kat:3, Licht: 0,152519,3,6,2,12,08,5,1,0,1,1,0,0,0,0
"POINT (8.736331058000076 53.059108938000065)",Unfall 152521 (2021) Kat:3, Licht: 0,152521,3,3,5,12,12,4,0,0,0,1,0,0,0,0
"POINT (8.570718926000040 53.195681914000033)",Unfall 152524 (2021) Kat:3, Licht: 0,152524,3,7,6,09,17,2,0,0,1,0,1,0,0,0
"POINT (8.824457742000050 53.084363407000069)",Unfall 152528 (2021) Kat:3, Licht: 0,152528,3,7,0,11,10,7,1,0,1,0,0,0,0,0
"POINT (8.625855099000034 53.170511247000036)",Unfall 152530 (2021) Kat:3, Licht: 2,152530,3,7,0,12,06,4,1,2,0,1,0,0,0,1
"POINT (8.795657534000043 53.056168960000036)",Unfall 152531 (2021) Kat:3, Licht: 0,152531,3,3,5,09,10,3,0,0,0,1,0,0,0,0
"POINT (8.777168552000035 53.106683274000034)",Unfall 152532 (2021) Kat:3, Licht: 0,152532,3,2,3,08,12,2,0,0,0,0,0,0,1,1
"POINT (8.772612513000070 53.110467207000056)",Unfall 152536 (2021) Kat:3, Licht: 0,152536,3,7,0,10,11,7,0,0,1,1,0,0,0,0
"POINT (8.764476891000072 53.113292172000058)",Unfall 152537 (2021) Kat:3, Licht: 0,152537,3,3,5,09,11,7,0,0,1,1,0,0,0,0
"POINT (8.913879525000027 53.071203483000033)",Unfall 152538 (2021) Kat:3, Licht: 2,152538,3,7,8,10,23,5,0,2,0,1,0,0,0,0
"POINT (8.814519252000025 53.081776642000079)",Unfall 152539 (2021) Kat:3, Licht: 0,152539,3,4,6,12,10,2,1,0,0,0,1,0,0,1
"POINT (8.788337709000075 53.098564542000076)",Unfall 152541 (2021) Kat:2, Licht: 1,152541,2,1,0,10,19,4,1,1,0,1,0,1,0,0
"POINT (8.802951401000030 53.060348421000072)",Unfall 152545 (2021) Kat:3, Licht: 0,152545,3,7,0,11,12,2,0,0,0,0,0,0,0,1
"POINT (8.878358147000029 53.101427200000046)",Unfall 152550 (2021) Kat:3, Licht: 2,152550,3,2,3,11,17,4,0,2,0,1,0,0,0,1
"POINT (8.856957659000045 53.072700543000053)",Unfall 152551 (2021) Kat:2, Licht: 0,152551,2,3,5,09,14,6,0,0,0,1,0,0,0,0
"POINT (8.806871482000076 53.081753503000073)",Unfall 152552 (2021) Kat:3, Licht: 0,152552,3,3,5,10,17,3,0,0,1,1,0,0,0,0
"POINT (8.853107542000032 53.049062352000078)",Unfall 152553 (2021) Kat:3, Licht: 2,152553,3,3,5,12,17,3,1,2,1,1,0,0,0,0
"POINT (8.803194837000035 53.095398475000081)",Unfall 152554 (2021) Kat:3, Licht: 0,152554,3,7,1,10,13,7,0,0,0,0,0,1,0,1
"POINT (8.790259296000045 53.086094528000046)",Unfall 152555 (2021) Kat:2, Licht: 2,152555,2,3,6,12,17,2,0,2,0,1,1,0,0,0
"POINT (8.637424669000040 53.181795713000042)",Unfall 152557 (2021) Kat:3, Licht: 0,152557,3,7,6,10,14,5,0,0,1,0,1,0,0,0
"POINT (8.914163042000041 53.061752998000031)",Unfall 152558 (2021) Kat:3, Licht: 2,152558,3,6,2,11,21,6,1,2,0,1,0,1,0,0
"POINT (8.800287979000075 53.078936960000078)",Unfall 152559 (2021) Kat:3, Licht: 0,152559,3,6,3,09,17,3,0,0,1,0,0,0,0,1
"POINT (8.591636233000031 53.179623813000035)",Unfall 152563 (2021) Kat:3, Licht: 0,152563,3,7,1,11,11,4,1,0,0,1,0,0,0,1
"POINT (8.899205298000027 53.092046772000060)",Unfall 152564 (2021) Kat:3, Licht: 0,152564,3,3,5,08,16,6,0,0,0,1,0,1,0,0
"POINT (8.892902930000048 53.082419201000050)",Unfall 152565 (2021) Kat:3, Licht: 0,152565,3,6,2,10,15,3,1,0,0,1,0,0,0,0
"POINT (8.778703666000069 53.094669071000055)",Unfall 152567 (2021) Kat:3, Licht: 0,152567,3,6,2,12,11,5,1,0,0,1,0,0,0,0
"POINT (8.894449940000072 53.059915174000082)",Unfall 152568 (2021) Kat:3, Licht: 0,152568,3,6,3,09,12,4,1,0,0,0,0,0,1,1
"POINT (8.827237599000057 53.072013599000059)",Unfall 152570 (2021) Kat:3, Licht: 0,152570,3,4,6,12,13,6,0,0,0,1,1,0,0,0
"POINT (8.854099486000052 53.070706936000079)",Unfall 152574 (2021) Kat:3, Licht: 0,152574,3,2,5,08,13,2,0,0,1,1,0,0,0,0
"POINT (8.782161304000056 53.066788404000079)",Unfall 152576 (2021) Kat:3, Licht: 0,152576,3,2,3,11,08,5,0,0,1,1,0,0,0,0
"POINT (8.883022213000061 53.074742786000058)",Unfall 152578 (2021) Kat:3, Licht: 0,152578,3,3,5,12,13,4,1,0,1,0,0,0,0,1
"POINT (8.796986475000040 53.088780307000036)",Unfall 152579 (2021) Kat:3, Licht: 0,152579,3,7,8,11,12,5,0,0,0,1,0,0,0,0
"POINT (8.618225521000056 53.174495794000052)",Unfall 152580 (2021) Kat:3, Licht: 0,152580,3,7,0,09,10,6,1,0,0,0,0,0,0,1
"POINT (8.832024267000065 53.071044456000038)",Unfall 152581 (2021) Kat:3, Licht: 0,152581,3,1,0,08,14,5,1,0,1,0,0,0,0,0
"POINT (8.775828830000023 53.071101932000033)",Unfall 152585 (2021) Kat:3, Licht: 0,152585,3,7,0,10,16,6,0,0,1,1,0,0,0,0
"POINT (8.887900121000030 53.066772051000044)",Unfall 152588 (2021) Kat:2, Licht: 0,152588,2,6,4,10,18,7,0,0,0,1,0,0,0,0
"POINT (8.740808957000070 53.053072912000061)",Unfall 152592 (2021) Kat:3, Licht: 0,152592,3,3,5,09,10,2,0,0,0,1,0,0,0,0
"POINT (8.815145951000034 53.081231848000073)",Unfall 152593 (2021) Kat:3, Licht: 0,152593,3,7,6,08,18,2,0,0,0,0,1,0,0,1
"POINT (8.848491734000049 53.074469525000040)",Unfall 152595 (2021) Kat:3, Licht: 2,152595,3,1,0,11,06,3,1,2,0,0,0,1,0,0
"POINT (8.852786702000060 53.050519541000028)",Unfall 152596 (2021) Kat:3, Licht: 2,152596,3,2,5,11,06,5,1,2,0,1,0,1,0,0
"POINT (8.828403271000070 53.036204865000059)",Unfall 152597 (2021) Kat:3, Licht: 0,152597,3,3,5,09,13,4,0,0,1,0,0,0,0,1
"POINT (8.673198647000049 53.175602123000033)",Unfall 152600 (2021) Kat:3, Licht: 0,152600,3,7,0,12,07,2,0,0,1,0,0,0,0,0
"POINT (8.824415430000045 53.084426670000028)",Unfall 152602 (2021) Kat:3, Licht: 0,152602,3,3,5,09,10,7,0,0,0,1,0,0,0,1
"POINT (8.729963524000027 53.056045030000064)",Unfall 152603 (2021) Kat:3, Licht: 0,152603,3,4,6,10,16,6,0,0,0,1,1,0,0,0
"POINT (8.847423843000058 53.041499173000034)",Unfall 152605 (2021) Kat:3, Licht: 0,152605,3,7,0,12,11,6,0,0,1,1,0,0,0,0
"POINT (8.826930025000024 53.083302731000060)",Unfall 152606 (2021) Kat:3, Licht: 0,152606,3,2,5,11,13,2,1,0,0,1,0,0,0,0
"POINT (8.785246987000050 53.075065255000027)",Unfall 152607 (2021) Kat:3, Licht: 1,152607,3,6,4,10,19,6,0,1,1,0,0,0,0,1
"POINT (8.792064162000031 53.103369032000046)",Unfall 152612 (2021) Kat:3, Licht: 0,152612,3,3,5,08,20,3,0,0,0,1,0,0,0,0
"POINT (8.806560460000071 53.064975865000065)",Unfall 152615 (2021) Kat:3, Licht: 2,152615,3,1,1,11,19,5,1,2,0,1,0,0,0,0
"POINT (8.947532002000059 53.036620819000063)",Unfall 152616 (2021) Kat:3, Licht: 0,152616,3,7,0,08,12,3,0,0,1,0,0,0,0,0
"POINT (8.783606199000076 53.061723248000078)",Unfall 152617 (2021) Kat:3, Licht: 0,152617,3,2,5,10,09,2,0,0,1,1,0,0,0,0
"POINT (8.953160715000024 53.066521625000064)",Unfall 152619 (2021) Kat:3, Licht: 2,152619,3,2,5,10,19,6,0,2,1,1,0,0,0,0
"POINT (8.624649393000027 53.170729535000078)",Unfall 152620 (2021) Kat:3, Licht: 0,152620,3,3,5,12,14,5,1,0,0,1,0,0,0,1
"POINT (8.790406260000054 53.096186213000067)",Unfall 152621 (2021) Kat:2, Licht: 0,152621,2,4,6,11,15,5,1,0,1,0,1,0,0,0
"POINT (8.833242842000061 53.080353239000033)",Unfall 152623 (2021) Kat:3, Licht: 0,152623,3,7,0,10,11,7,0,0,1,1,0,0,0,0
"POINT (8.880875229000026 53.056657716000075)",Unfall 152624 (2021) Kat:3, Licht: 0,152624,3,3,5,09,13,3,0,0,0,1,0,0,1,0
"POINT (8.784308836000037 53.103065154000035)",Unfall 152628 (2021) Kat:3, Licht: 2,152628,3,3,5,11,20,3,0,2,1,1,0,0,0,0
"POINT (8.795997875000069 53.090000684000074)",Unfall 152629 (2021) Kat:2, Licht: 0,152629,2,1,0,08,12,1,1,0,1,0,0,0,0,0
"POINT (8.959126512000068 53.047160465000047)",Unfall 152630 (2021) Kat:3, Licht: 0,152630,3,6,2,10,12,2,0,0,0,1,0,0,0,0
"POINT (8.806511641000043 53.090017573000068)",Unfall 152632 (2021) Kat:3, Licht: 2,152632,3,5,1,12,18,7,1,2,0,1,0,0,0,0
"POINT (8.659886162000021 53.171672134000062)",Unfall 152633 (2021) Kat:2, Licht: 0,152633,2,6,3,09,10,3,0,0,1,1,0,0,0,0
"POINT (8.801271883000027 53.071517732000075)",Unfall 152634 (2021) Kat:3, Licht: 0,152634,3,2,5,08,13,4,0,0,1,0,0,0,1,0
"POINT (8.737581677000037 53.088204683000072)",Unfall 152638 (2021) Kat:2, Licht: 0,152638,2,3,5,10,14,2,0,0,0,1,0,1,0,0
"POINT (8.803633910000030 53.080202035000070)",Unfall 152639 (2021) Kat:3, Licht: 0,152639,3,6,2,09,17,7,0,0,0,1,0,0,0,0
"POINT (8.873576066000055 53.062873704000026)",Unfall 152640 (2021) Kat:3, Licht: 0,152640,3,6,2,07,12,7,0,0,0,1,0,0,0,0
"POINT (8.885429920000036 53.049915120000037)",Unfall 152642 (2021) Kat:3, Licht: 0,152642,3,7,0,11,12,2,1,0,0,0,0,1,0,0
"POINT (8.871050864000040 53.098706461000063)",Unfall 152646 (2021) Kat:3, Licht: 0,152646,3,3,5,11,08,6,1,0,1,1,0,0,0,0
"POINT (8.824417058000051 53.084426867000047)",Unfall 152648 (2021) Kat:3, Licht: 1,152648,3,3,5,08,20,3,0,1,0,1,0,0,0,1
"POINT (8.755915934000029 53.100222497000061)",Unfall 152651 (2021) Kat:2, Licht: 0,152651,2,4,6,09,18,7,0,0,0,0,1,0,0,1
"POINT (8.835008131000052 53.086770530000081)",Unfall 152652 (2021) Kat:3, Licht: 0,152652,3,6,3,10,12,5,0,0,1,1,0,0,0,0
"POINT (8.902044858000068 53.071506455000076)",Unfall 152654 (2021) Kat:3, Licht: 2,152654,3,2,5,12,20,4,1,2,1,1,0,0,0,0
"POINT (8.739615394000054 53.132619249000072)",Unfall 152656 (2021) Kat:3, Licht: 2,152656,3,6,3,12,19,5,1,2,0,1,0,0,0,0
"POINT (8.556972258000030 53.189803620000077)",Unfall 152664 (2021) Kat:3, Licht: 0,152664,3,7,1,08,12,2,0,0,0,1,0,0,0,0
"POINT (8.777217130000054 53.065547443000071)",Unfall 152665 (2021) Kat:3, Licht: 0,152665,3,3,5,10,14,6,1,0,0,1,0,0,0,0
"POINT (8.815800375000038 53.073675105000063)",Unfall 152667 (2021) Kat:2, Licht: 0,152667,2,1,9,09,10,5,0,0,0,1,0,0,0,0
"POINT (8.873342002000072 53.084777010000039)",Unfall 152671 (2021) Kat:3, Licht: 0,152671,3,3,5,10,09,3,1,0,1,1,0,0,0,0
"POINT (8.798866824000072 53.084977248000030)",Unfall 152672 (2021) Kat:3, Licht: 0,152672,3,2,3,09,08,5,0,0,0,1,0,1,0,0
"POINT (8.848868041000060 53.067973234000078)",Unfall 152673 (2021) Kat:2, Licht: 0,152673,2,3,5,08,20,3,0,0,0,1,0,0,0,1
"POINT (8.816922059000035 53.072372155000039)",Unfall 152676 (2021) Kat:3, Licht: 0,152676,3,4,6,11,14,2,0,0,0,1,1,0,0,0
"POINT (8.910557848000053 53.082621629000073)",Unfall 152678 (2021) Kat:2, Licht: 0,152678,2,2,5,10,16,3,1,0,0,1,0,0,0,0
"POINT (8.782050982000044 53.087390203000041)",Unfall 152683 (2021) Kat:3, Licht: 2,152683,3,4,6,11,18,4,0,2,0,1,1,0,0,0
"POINT (8.801140846000067 53.071195576000036)",Unfall 152684 (2021) Kat:3, Licht: 0,152684,3,6,3,09,16,6,0,0,0,1,0,1,0,0
"POINT (8.887794790000044 53.108900803000040)",Unfall 152687 (2021) Kat:3, Licht: 0,152687,3,1,2,09,17,4,1,0,0,1,0,0,0,0
"POINT (8.895500126000059 53.056061636000038)",Unfall 152689 (2021) Kat:2, Licht: 2,152689,2,2,5,12,05,2,0,2,0,1,0,0,0,1
"POINT (8.819679590000021 53.079903581000053)",Unfall 152691 (2021) Kat:3, Licht: 0,152691,3,7,0,10,15,5,0,0,1,0,0,0,0,0
"POINT (8.885529320000046 53.086020031000032)",Unfall 152692 (2021) Kat:3, Licht: 0,152692,3,7,6,09,07,4,1,0,1,0,1,0,0,0
"POINT (8.963474653000048 53.057569491000038)",Unfall 152693 (2021) Kat:3, Licht: 0,152693,3,6,2,08,17,6,1,0,0,1,0,0,0,0
"POINT (8.633277547000034 53.183014377000063)",Unfall 152696 (2021) Kat:3, Licht: 0,152696,3,1,5,11,12,7,0,0,1,1,0,0,0,0
"POINT (8.804854590000048 53.072918491000053)",Unfall 152697 (2021) Kat:2, Licht: 0,152697,2,7,0,08,16,7,0,0,0,0,0,0,0,1
"POINT (8.826566029000048 53.084704315000067)",Unfall 152698 (2021) Kat:2, Licht: 0,152698,2,6,0,10,13,6,1,0,1,0,0,0,0,0
"POINT (8.884670859000039 53.054667005000056)",Unfall 152701 (2021) Kat:3, Licht: 0,152701,3,2,5,09,12,4,0,0,1,0,0,0,0,1
"POINT (8.808258671000033 53.094640775000073)",Unfall 152702 (2021) Kat:3, Licht: 0,152702,3,2,5,08,16,3,0,0,1,1,0,0,0,0
"POINT (8.807740180000053 53.091545943000028)",Unfall 152706 (2021) Kat:3, Licht: 2,152706,3,3,5,10,18,4,1,2,1,1,0,0,0,0
"POINT (8.940211021000039 53.067901896000080)",Unfall 152707 (2021) Kat:3, Licht: 0,152707,3,3,5,09,11,7,0,0,1,1,0,0,0,0
"POINT (8.764857027000062 53.107866025000078)",Unfall 152708 (2021) Kat:2, Licht: 0,152708,2,6,2,08,14,3,0,0,0,1,0,0,1,0
"POINT (8.883131728000023 53.082789730000059)",Unfall 152710 (2021) Kat:3, Licht: 0,152710,3,1,2,11,11,2,0,0,0,1,0,0,0,0
"POINT (8.892145338000034 53.082442044000061)",Unfall 152714 (2021) Kat:3, Licht: 2,152714,3,6,2,11,17,2,0,2,0,1,0,1,0,0
"POINT (8.845639177000066 53.082439276000059)",Unfall 152715 (2021) Kat:3, Licht: 0,152715,3,3,5,09,13,2,0,0,1,1,0,0,0,0
"POINT (8.516314836000049 53.205859703000044)",Unfall 152716 (2021) Kat:3, Licht: 0,152716,3,6,2,08,19,2,1,0,0,1,0,0,0,0
"POINT (8.713448498000048 53.180723908000061)",Unfall 152720 (2021) Kat:3, Licht: 0,152720,3,1,4,10,12,5,0,0,1,0,0,0,0,0
"POINT (8.821144658000037 53.037655688000029)",Unfall 152723 (2021) Kat:3, Licht: 0,152723,3,1,0,11,12,6,1,0,1,0,0,0,0,0
"POINT (8.702192972000034 53.167329478000056)",Unfall 152724 (2021) Kat:3, Licht: 1,152724,3,6,3,10,18,6,0,1,0,1,0,0,0,0
"POINT (8.796844712000052 53.068472144000054)",Unfall 152727 (2021) Kat:2, Licht: 0,152727,2,6,0,11,10,5,0,0,0,1,0,0,0,1
"POINT (8.660949186000039 53.175104637000061)",Unfall 152730 (2021) Kat:3, Licht: 0,152730,3,4,6,09,15,4,1,0,0,1,1,0,0,0
"POINT (8.761277719000077 53.123323181000046)",Unfall 152731 (2021) Kat:2, Licht: 0,152731,2,3,5,08,13,5,0,0,1,1,0,0,0,0
"POINT (8.800802114000021 53.068484985000055)",Unfall 152734 (2021) Kat:3, Licht: 0,152734,3,2,5,11,09,6,0,0,0,1,0,0,0,1
"POINT (8.947123245000057 53.064562980000062)",Unfall 152736 (2021) Kat:3, Licht: 0,152736,3,3,5,10,13,5,0,0,0,1,0,0,0,0
"POINT (8.931336958000031 53.042238187000066)",Unfall 152739 (2021) Kat:2, Licht: 0,152739,2,4,6,09,14,4,1,0,0,1,1,0,0,0
"POINT (8.618636162000030 53.174174797000035)",Unfall 152740 (2021) Kat:3, Licht: 1,152740,3,2,5,12,16,5,1,1,1,1,0,0,0,0
"POINT (8.808273712000073 53.094629588000032)",Unfall 152742 (2021) Kat:3, Licht: 0,152742,3,2,4,10,11,3,0,0,1,1,0,0,0,0
"POINT (8.793608701000039 53.088509674000079)",Unfall 152743 (2021) Kat:2, Licht: 0,152743,2,7,5,09,14,2,0,0,1,1,0,0,0,0
"POINT (8.783723926000050 53.065619613000081)",Unfall 152744 (2021) Kat:3, Licht: 0,152744,3,7,1,07,19,7,1,0,0,1,0,0,0,0
"POINT (8.884340980000047 53.049290302000031)",Unfall 152747 (2021) Kat:3, Licht: 0,152747,3,6,2,11,13,5,0,0,0,1,0,0,0,0
"POINT (8.884212062000074 53.038583154000037)",Unfall 152748 (2021) Kat:2, Licht: 0,152748,2,7,0,11,13,1,0,0,1,0,0,0,0,0
"POINT (8.583029222000050 53.185502560000032)",Unfall 152749 (2021) Kat:3, Licht: 0,152749,3,7,0,10,09,4,1,0,1,0,0,0,0,1
"POINT (8.893163113000071 53.060352756000043)",Unfall 152751 (2021) Kat:2, Licht: 2,152751,2,7,1,11,20,3,1,2,1,1,0,0,0,0
"POINT (8.753341721000027 53.120919739000044)",Unfall 152752 (2021) Kat:3, Licht: 0,152752,3,7,1,09,09,5,0,0,0,1,0,0,0,0
"POINT (8.817532913000036 53.072382219000076)",Unfall 152753 (2021) Kat:3, Licht: 2,152753,3,5,1,08,20,7,0,2,1,1,0,0,0,0
"POINT (8.869070489000023 53.074584341000048)",Unfall 152755 (2021) Kat:2, Licht: 0,152755,2,2,5,12,13,4,0,0,1,1,0,0,0,0
"POINT (8.812754538000036 53.073296076000076)",Unfall 152757 (2021) Kat:3, Licht: 0,152757,3,2,5,10,08,4,0,0,1,1,0,0,0,0
"POINT (8.588504684000043 53.210577879000027)",Unfall 152758 (2021) Kat:3, Licht: 0,152758,3,6,3,09,15,6,0,0,0,1,0,1,0,0
"POINT (8.774251705000040 53.095417169000029)",Unfall 152759 (2021) Kat:3, Licht: 0,152759,3,3,5,10,12,5,0,0,1,1,0,0,0,0
"POINT (8.814257589000022 53.039697481000076)",Unfall 152761 (2021) Kat:3, Licht: 0,152761,3,3,5,10,10,6,0,0,1,1,0,0,0,0
"POINT (8.801942826000072 53.086562127000036)",Unfall 152762 (2021) Kat:3, Licht: 2,152762,3,6,2,12,03,6,1,2,0,1,0,0,0,0
"POINT (8.796978377000073 53.076449917000048)",Unfall 152766 (2021) Kat:3, Licht: 2,152766,3,7,3,09,22,6,0,2,0,1,0,0,0,1
"POINT (8.776956970000072 53.063637214000039)",Unfall 152767 (2021) Kat:2, Licht: 0,152767,2,7,6,08,12,6,0,0,0,1,1,0,0,0
"POINT (8.837309579000021 53.076882133000026)",Unfall 152774 (2021) Kat:3, Licht: 2,152774,3,3,5,12,02,7,1,2,0,1,0,0,0,0
"POINT (8.901657793000027 53.114435277000041)",Unfall 152777 (2021) Kat:3, Licht: 0,152777,3,6,2,09,17,4,0,0,0,1,0,0,0,0