WKT,Name,OBJECTID,UKATEGORIE,UTYP1,UART,UMONAT,USTUNDE,UWOCHENTAG,STRZUSTAND,ULICHTVERH,ISTRAD,ISTPKW,ISTFUSS,ISTKRAD,ISTGKFZ,ISTSONSTIG
"POINT (8.757258524000065 53.114704980000056)",Unfall 152778 (2021) Kat:3, Licht: 0,152778,3,7,6,10,13,1,0,0,0,0,1,0,0,1
"POINT (8.728805074000036 53.178072505000046)",Unfall 152779 (2021) Kat:3, Licht: 0,152779,3,4,6,11,14,2,0,0,1,0,1,0,0,0
"POINT (8.818776006000064 53.084503977000054)",Unfall 152780 (2021) Kat:3, Licht: 0,152780,3,7,0,11,12,3,1,0,0,0,0,0,0,1
"POINT (8.837376312000060 53.076927135000062)",Unfall 152781 (2021) Kat:2, Licht: 2,152781,2,3,5,10,21,5,1,2,1,1,0,0,0,0
"POINT (8.874828149000052 53.062428482000030)",Unfall 152785 (2021) Kat:3, Licht: 0,152785,3,6,2,09,11,2,0,0,0,1,0,0,0,0
"POINT (8.801334242000053 53.064284244000078)",Unfall 152786 (2021) Kat:3, Licht: 0,152786,3,1,8,08,11,4,1,0,0,0,0,1,0,0
"POINT (8.738208352000072 53.047006915000054)",Unfall 152789 (2021) Kat:3, Licht: 2,152789,3,6,2,11,19,2,0,2,0,1,0,0,0,1
"POINT (8.751560326000060 53.109573419000071)",Unfall 152790 (2021) Kat:3, Licht: 0,152790,3,2,3,09,16,4,0,0,1,1,0,0,0,0
"POINT (8.813328607000074 53.090282923000075)",Unfall 152791 (2021) Kat:2, Licht: 2,152791,2,3,5,10,19,7,0,2,1,1,0,0,0,0
"POINT (8.961887035000075 53.061296378000065)",Unfall 152792 (2021) Kat:3, Licht: 2,152792,3,7,0,12,20,2,0,2,0,1,0,0,0,0
"POINT (8.801102052000033 53.094593888000077)",Unfall 152793 (2021) Kat:3, Licht: 0,152793,3,7,1,11,16,1,1,0,1,1,0,0,0,0
"POINT (8.772079182000027 53.109277382000073)",Unfall 152794 (2021) Kat:3, Licht: 0,152794,3,3,6,10,10,6,0,0,0,1,1,0,0,0
"POINT (8.785216027000047 53.102320924000082)",Unfall 152798 (2021) Kat:3, Licht: 0,152798,3,3,5,11,11,7,0,0,1,1,0,0,0,0
"POINT (8.753049287000067 53.118763090000073)",Unfall 152800 (2021) Kat:3, Licht: 0,152800,3,6,2,09,13,4,1,0,0,1,0,0,1,0
"POINT (8.825038270000050 53.084585976000028)",Unfall 152801 (2021) Kat:3, Licht: 0,152801,3,3,5,08,08,2,0,0,1,1,0,0,0,0
"POINT (8.757889103000025 53.115209216000039)",Unfall 152804 (2021) Kat:3, Licht: 0,152804,3,6,6,11,14,6,0,0,1,0,1,0,0,0
"POINT (8.869514470000070 53.064379499000040)",Unfall 152805 (2021) Kat:3, Licht: 0,152805,3,2,3,08,13,5,0,0,0,1,0,0,0,0
"POINT (8.705746009000052 53.158254325000030)",Unfall 152810 (2021) Kat:3, Licht: 2,152810,3,6,3,12,22,4,1,2,0,1,0,0,0,0
"POINT (8.794898298000021 53.093971497000041)",Unfall 152812 (2021) Kat:3, Licht: 2,152812,3,3,5,10,19,3,1,2,1,1,0,0,0,0
"POINT (8.786413176000053 53.103138240000078)",Unfall 152813 (2021) Kat:3, Licht: 0,152813,3,7,0,09,09,2,0,0,0,0,0,0,1,0
"POINT (8.825165344000027 53.084516699000062)",Unfall 152814 (2021) Kat:3, Licht: 0,152814,3,2,5,08,12,4,0,0,1,1,0,0,0,0
"POINT (8.808247383000037 53.094649170000082)",Unfall 152817 (2021) Kat:3, Licht: 2,152817,3,2,5,11,19,5,0,2,1,1,0,0,0,0
"POINT (8.837762382000051 53.082690039000056)",Unfall 152819 (2021) Kat:3, Licht: 1,152819,3,4,6,11,07,3,1,1,0,0,1,0,0,1
"POINT (8.965305917000023 53.039835752000045)",Unfall 152820 (2021) Kat:3, Licht: 1,152820,3,6,3,11,07,4,0,1,1,1,0,0,0,0
"POINT (8.821688765000033 53.072799126000064)",Unfall 152821 (2021) Kat:2, Licht: 0,152821,2,5,1,09,18,4,0,0,1,1,0,0,0,0
"POINT (8.575698564000049 53.202781824000056)",Unfall 152824 (2021) Kat:3, Licht: 2,152824,3,5,1,12,19,2,0,2,0,1,0,0,0,0
"POINT (8.947314690000042 53.064455750000036)",Unfall 152826 (2021) Kat:3, Licht: 0,152826,3,3,5,10,10,4,0,0,0,1,0,0,0,0
"POINT (8.803935052000043 53.072285198000031)",Unfall 152829 (2021) Kat:2, Licht: 2,152829,2,7,6,12,07,6,1,2,0,1,1,0,0,0
"POINT (8.811709991000043 53.080329373000041)",Unfall 152830 (2021) Kat:2, Licht: 2,152830,2,4,6,11,06,1,1,2,0,1,1,0,0,0
"POINT (8.791469789000075 53.085668514000076)",Unfall 152831 (2021) Kat:3, Licht: 0,152831,3,2,5,10,06,4,0,0,0,1,0,0,0,0
"POINT (8.757088300000021 53.114572262000081)",Unfall 152836 (2021) Kat:3, Licht: 0,152836,3,7,6,11,15,7,0,0,0,1,1,0,0,0
"POINT (8.730643662000034 53.040546043000063)",Unfall 152838 (2021) Kat:2, Licht: 0,152838,2,2,5,08,17,3,0,0,1,1,0,0,0,0
"POINT (8.585643433000030 53.180929565000042)",Unfall 152842 (2021) Kat:2, Licht: 0,152842,2,1,0,09,13,5,0,0,1,0,0,0,0,0
"POINT (8.828855172000033 53.034296829000027)",Unfall 152844 (2021) Kat:2, Licht: 0,152844,2,2,5,12,11,2,0,0,1,1,0,0,0,0
"POINT (8.878284088000044 53.079250454000032)",Unfall 152845 (2021) Kat:3, Licht: 0,152845,3,6,2,11,10,2,0,0,0,1,0,1,0,0
"POINT (8.878434088000063 53.079088701000046)",Unfall 152846 (2021) Kat:3, Licht: 0,152846,3,2,5,10,18,6,0,0,1,1,0,0,0,0
"POINT (8.763674673000025 53.060455716000035)",Unfall 152847 (2021) Kat:3, Licht: 0,152847,3,1,1,12,12,6,1,0,0,1,0,0,0,0
"POINT (8.862922769000022 53.099241208000080)",Unfall 152850 (2021) Kat:3, Licht: 0,152850,3,7,0,09,18,4,1,0,1,0,0,0,0,0
"POINT (8.833419854000056 53.086385232000055)",Unfall 152851 (2021) Kat:3, Licht: 0,152851,3,3,5,08,10,2,0,0,1,1,0,0,0,0
"POINT (8.809849005000046 53.082551483000032)",Unfall 152854 (2021) Kat:3, Licht: 2,152854,3,2,5,11,17,1,0,2,1,1,0,0,0,0
"POINT (8.767025915000033 53.084102424000037)",Unfall 152855 (2021) Kat:3, Licht: 0,152855,3,1,0,11,13,4,0,0,1,0,0,0,0,0
"POINT (8.800193085000046 53.105371154000068)",Unfall 152856 (2021) Kat:3, Licht: 0,152856,3,3,5,08,16,3,0,0,0,1,0,0,0,0
"POINT (8.771889871000042 53.102755383000044)",Unfall 152862 (2021) Kat:3, Licht: 0,152862,3,6,3,10,15,4,0,0,0,1,0,0,1,0
"POINT (8.729105854000068 53.128636088000064)",Unfall 152863 (2021) Kat:3, Licht: 0,152863,3,3,5,12,07,4,1,0,0,1,0,0,1,0
"POINT (8.716924303000042 53.046889406000048)",Unfall 152864 (2021) Kat:3, Licht: 0,152864,3,7,0,11,13,7,0,0,1,1,0,0,0,0
"POINT (8.851255194000032 53.104841730000032)",Unfall 152865 (2021) Kat:3, Licht: 0,152865,3,4,6,10,08,2,0,0,0,1,1,0,0,0
"POINT (8.864554968000050 53.086688037000044)",Unfall 152866 (2021) Kat:3, Licht: 1,152866,3,3,5,12,07,3,2,1,1,0,0,0,0,0
"POINT (8.805134812000063 53.061615442000061)",Unfall 152870 (2021) Kat:2, Licht: 2,152870,2,7,0,08,04,5,0,2,1,0,0,0,0,0
"POINT (8.908996082000044 53.086440193000044)",Unfall 152874 (2021) Kat:3, Licht: 0,152874,3,3,0,11,16,6,0,0,1,1,0,0,0,0
"POINT (8.935515688000066 53.071880261000047)",Unfall 152875 (2021) Kat:3, Licht: 0,152875,3,3,5,08,13,3,0,0,1,1,0,0,0,0
"POINT (8.805627057000038 53.082415429000037)",Unfall 152876 (2021) Kat:3, Licht: 0,152876,3,3,0,10,10,3,0,0,1,0,0,0,0,0
"POINT (8.740661817000046 53.127821485000027)",Unfall 152878 (2021) Kat:3, Licht: 0,152878,3,4,6,12,07,6,2,0,0,1,1,0,0,0
"POINT (8.817804814000056 53.038935304000063)",Unfall 152879 (2021) Kat:3, Licht: 1,152879,3,5,0,09,18,2,1,1,0,0,0,1,0,0
"POINT (8.802207734000035 53.086456213000076)",Unfall 152881 (2021) Kat:3, Licht: 2,152881,3,6,2,12,17,2,0,2,0,1,0,0,1,0
"POINT (8.831460984000046 53.040640385000074)",Unfall 152883 (2021) Kat:3, Licht: 0,152883,3,7,6,10,15,3,0,0,0,1,1,0,0,0
"POINT (8.694784220000031 53.168823630000077)",Unfall 152885 (2021) Kat:3, Licht: 0,152885,3,6,2,08,16,4,0,0,1,0,0,0,0,0
"POINT (8.810687169000062 53.080113565000033)",Unfall 152888 (2021) Kat:3, Licht: 0,152888,3,3,5,11,20,5,0,0,1,0,0,0,0,1
"POINT (8.823588760000064 53.044158654000057)",Unfall 152890 (2021) Kat:3, Licht: 0,152890,3,3,5,11,15,7,1,0,1,1,0,0,0,0
"POINT (8.893223702000057 53.082409528000028)",Unfall 152891 (2021) Kat:3, Licht: 1,152891,3,3,6,11,16,6,1,1,1,0,1,0,0,0
"POINT (8.898932012000046 53.128376035000031)",Unfall 152892 (2021) Kat:3, Licht: 2,152892,3,6,2,11,18,7,1,2,0,1,0,0,0,0
"POINT (8.517397460000041 53.205696204000049)",Unfall 152893 (2021) Kat:3, Licht: 0,152893,3,1,2,09,12,7,0,0,0,1,0,0,0,0
"POINT (8.804425324000022 53.072561321000080)",Unfall 152896 (2021) Kat:3, Licht: 2,152896,3,1,0,12,01,7,0,2,0,0,0,0,0,1
"POINT (8.809454588000051 53.102183911000054)",Unfall 152898 (2021) Kat:1, Licht: 0,152898,1,7,0,09,14,6,0,0,1,0,0,0,0,0
"POINT (8.899023484000054 53.104342069000040)",Unfall 152899 (2021) Kat:3, Licht: 0,152899,3,1,7,10,08,5,0,0,1,0,0,0,0,0
"POINT (8.727991302000021 53.058490360000064)",Unfall 152901 (2021) Kat:3, Licht: 2,152901,3,7,8,12,16,3,1,2,0,1,0,0,0,0
"POINT (8.877941789000033 53.079965423000033)",Unfall 152902 (2021) Kat:3, Licht: 0,152902,3,6,2,11,14,3,0,0,0,1,0,0,0,0
"POINT (8.817269384000042 53.079018647000055)",Unfall 152903 (2021) Kat:3, Licht: 0,152903,3,6,3,10,13,6,0,0,1,1,0,0,0,0
"POINT (8.909612998000057 53.039630860000045)",Unfall 152904 (2021) Kat:3, Licht: 0,152904,3,7,4,12,10,3,1,0,0,1,0,0,0,0
"POINT (8.868030683000029 53.072947046000081)",Unfall 152907 (2021) Kat:3, Licht: 0,152907,3,3,5,09,15,3,0,0,0,1,0,1,0,0
"POINT (8.879020463000074 53.085077369000032)",Unfall 152908 (2021) Kat:3, Licht: 0,152908,3,3,5,08,16,7,0,0,1,1,0,0,0,0
"POINT (8.579259660000048 53.210625929000059)",Unfall 152911 (2021) Kat:3, Licht: 2,152911,3,1,4,11,18,3,1,2,0,0,0,1,0,1
"POINT (8.855665236000050 53.081699526000079)",Unfall 152912 (2021) Kat:3, Licht: 0,152912,3,3,5,09,14,6,0,0,0,1,0,0,0,0
"POINT (8.743665324000062 53.129375928000059)",Unfall 152913 (2021) Kat:2, Licht: 2,152913,2,2,5,10,19,3,1,2,0,1,0,1,0,0
"POINT (8.824478779000060 53.084308534000058)",Unfall 152914 (2021) Kat:3, Licht: 0,152914,3,3,5,12,13,5,0,0,0,1,0,0,0,1
"POINT (8.822658166000053 53.074600834000080)",Unfall 152915 (2021) Kat:2, Licht: 2,152915,2,6,0,10,01,7,1,2,1,1,0,0,0,0
"POINT (8.799605589000066 53.094641029000059)",Unfall 152917 (2021) Kat:3, Licht: 2,152917,3,6,2,12,18,3,1,2,1,1,0,0,0,0
"POINT (8.809145748000049 53.078907247000075)",Unfall 152919 (2021) Kat:3, Licht: 0,152919,3,2,3,10,17,7,0,0,1,0,0,0,0,1
"POINT (8.571291394000070 53.184041877000027)",Unfall 152920 (2021) Kat:3, Licht: 0,152920,3,7,7,09,16,3,0,0,1,0,1,0,0,0
"POINT (8.633107504000066 53.191463191000082)",Unfall 152921 (2021) Kat:3, Licht: 0,152921,3,4,6,08,10,6,0,0,0,1,1,0,0,0
"POINT (8.851136297000039 53.085437752000075)",Unfall 152924 (2021) Kat:3, Licht: 0,152924,3,6,4,11,13,6,0,0,1,0,0,0,0,0
"POINT (8.826843209000060 53.072814546000075)",Unfall 152925 (2021) Kat:3, Licht: 0,152925,3,1,0,08,09,1,0,0,1,0,0,0,0,0
"POINT (8.833132544000023 53.088756088000082)",Unfall 152926 (2021) Kat:2, Licht: 0,152926,2,7,0,10,15,2,0,0,1,0,0,0,0,0
"POINT (8.572837049000043 53.198304677000067)",Unfall 152928 (2021) Kat:3, Licht: 2,152928,3,4,6,12,16,7,1,2,0,1,1,0,0,0
"POINT (8.799806561000025 53.054965864000053)",Unfall 152929 (2021) Kat:3, Licht: 0,152929,3,6,3,09,13,3,0,0,0,1,0,0,0,0
"POINT (8.816636816000027 53.078994402000035)",Unfall 152930 (2021) Kat:3, Licht: 0,152930,3,7,3,08,11,5,0,0,0,1,0,0,0,0
"POINT (8.884744880000028 53.055117838000058)",Unfall 152932 (2021) Kat:3, Licht: 2,152932,3,6,3,12,19,1,0,2,0,1,0,0,0,0
"POINT (8.789612823000027 53.106300241000042)",Unfall 152934 (2021) Kat:3, Licht: 0,152934,3,3,5,10,14,7,0,0,1,1,0,0,0,0
"POINT (8.811376078000023 53.081583325000054)",Unfall 152939 (2021) Kat:3, Licht: 2,152939,3,4,6,11,22,2,0,2,0,1,1,0,0,0
"POINT (8.734576405000041 53.081701284000076)",Unfall 152942 (2021) Kat:3, Licht: 0,152942,3,3,5,09,08,6,0,0,0,0,0,1,1,0
"POINT (8.884495206000054 53.053678933000072)",Unfall 152943 (2021) Kat:3, Licht: 0,152943,3,6,2,08,14,2,1,0,0,1,0,1,0,0
"POINT (8.807188944000075 53.074102157000027)",Unfall 152945 (2021) Kat:3, Licht: 2,152945,3,7,6,09,21,6,0,2,1,0,1,0,0,0
"POINT (8.793529395000064 53.074172228000066)",Unfall 152947 (2021) Kat:2, Licht: 2,152947,2,7,0,12,07,3,1,2,0,0,1,0,0,1
"POINT (8.882469092000065 53.067508846000067)",Unfall 233929 (2021) Kat:3, Licht: 2,233929,3,7,0,01,22,5,0,2,1,0,0,0,0,1
"POINT (8.730780006000032 53.048921851000046)",Unfall 233930 (2021) Kat:3, Licht: 0,233930,3,2,3,03,17,3,0,0,1,0,0,0,0,0
"POINT (8.789925463000031 53.079143372000033)",Unfall 233931 (2021) Kat:2, Licht: 0,233931,2,6,4,03,13,3,0,0,1,0,0,0,0,0
"POINT (8.925281404000032 53.083563103000074)",Unfall 233932 (2021) Kat:3, Licht: 0,233932,3,1,0,04,10,5,0,0,1,0,0,0,0,1
"POINT (8.845154955000055 53.056319938000058)",Unfall 233933 (2021) Kat:3, Licht: 0,233933,3,6,4,04,18,5,0,0,1,0,0,0,0,0
"POINT (8.939096101000075 53.036603985000056)",Unfall 233934 (2021) Kat:2, Licht: 0,233934,2,7,0,05,16,5,0,0,1,0,0,0,0,0
"POINT (8.888747147000061 53.125504709000040)",Unfall 233935 (2021) Kat:3, Licht: 0,233935,3,6,2,05,18,6,0,0,1,0,0,0,0,0
"POINT (8.809398593000026 53.071933251000075)",Unfall 233936 (2021) Kat:2, Licht: 0,233936,2,6,6,05,19,1,0,0,1,0,1,0,0,0
"POINT (8.789794172000029 53.079184838000060)",Unfall 233937 (2021) Kat:3, Licht: 0,233937,3,6,4,05,20,1,0,0,1,0,0,0,0,1
"POINT (8.748338822000051 53.134275848000073)",Unfall 233938 (2021) Kat:3, Licht: 0,233938,3,6,4,06,15,7,1,0,1,1,0,0,0,0
"POINT (8.818504171000029 53.046770087000027)",Unfall 233939 (2021) Kat:2, Licht: 0,233939,2,3,5,06,05,3,0,0,1,1,0,0,0,0
"POINT (8.886967496000068 53.124079252000058)",Unfall 233940 (2021) Kat:3, Licht: 0,233940,3,3,5,06,07,3,0,0,1,0,0,0,0,0
"POINT (8.799405466000053 53.102593119000062)",Unfall 233941 (2021) Kat:3, Licht: 0,233941,3,6,4,06,12,6,0,0,1,0,0,0,0,0
"POINT (8.866423359000066 53.061199999000053)",Unfall 233943 (2021) Kat:3, Licht: 0,233943,3,6,4,06,18,5,0,0,1,0,0,0,0,0
"POINT (8.816161050000062 53.049393676000079)",Unfall 233944 (2021) Kat:3, Licht: 0,233944,3,3,5,06,11,6,0,0,1,1,0,0,0,0
"POINT (8.817928518000031 53.048902012000042)",Unfall 233945 (2021) Kat:3, Licht: 0,233945,3,3,5,06,07,6,0,0,1,1,0,0,0,0
"POINT (8.813180947000035 53.050257238000029)",Unfall 233946 (2021) Kat:3, Licht: 0,233946,3,3,5,06,21,1,0,0,1,1,0,0,0,0
"POINT (8.632405669000036 53.171405662000041)",Unfall 233947 (2021) Kat:3, Licht: 0,233947,3,7,4,07,17,6,0,0,1,0,0,0,0,1
"POINT (8.883476675000054 53.053080100000045)",Unfall 233948 (2021) Kat:3, Licht: 0,233948,3,3,5,07,16,3,0,0,1,1,0,0,0,0
"POINT (8.935789047000071 53.077913901000045)",Unfall 233949 (2021) Kat:3, Licht: 0,233949,3,3,5,07,10,5,0,0,1,0,0,0,0,0
"POINT (8.819435640000052 53.095856182000034)",Unfall 233950 (2021) Kat:2, Licht: 0,233950,2,4,6,07,16,3,0,0,1,0,1,0,0,0
"POINT (8.668255602000045 53.121596371000066)",Unfall 233952 (2021) Kat:2, Licht: 0,233952,2,1,0,08,20,7,0,0,1,0,0,0,0,0
"POINT (8.852773738000053 53.058889135000072)",Unfall 233953 (2021) Kat:2, Licht: 0,233953,2,7,0,08,15,2,0,0,1,0,0,0,0,0
"POINT (8.810232885000062 53.065061211000057)",Unfall 233954 (2021) Kat:3, Licht: 0,233954,3,3,0,08,14,3,0,0,1,0,0,0,0,1
"POINT (8.890178255000023 53.126876328000037)",Unfall 233956 (2021) Kat:2, Licht: 0,233956,2,2,0,08,19,6,0,0,1,0,0,0,0,0
"POINT (8.817545166000059 53.060616269000036)",Unfall 233957 (2021) Kat:3, Licht: 2,233957,3,1,9,08,01,7,1,2,1,0,0,0,0,0
"POINT (8.755098084000053 53.122014242000034)",Unfall 233961 (2021) Kat:3, Licht: 0,233961,3,4,6,10,15,5,0,0,1,0,1,0,0,0
"POINT (8.770690484000056 53.112309006000032)",Unfall 233962 (2021) Kat:3, Licht: 0,233962,3,1,4,10,11,2,0,0,1,0,0,0,0,1
"POINT (8.732872117000060 53.148348796000100)",Unfall 21955 (2022) Kat:3, Licht: 0,21955,3,1,9,09,12,7,1,0,0,1,0,0,0,0
"POINT (8.793717675000041 53.092588971000097)",Unfall 21970 (2022) Kat:3, Licht: 0,21970,3,6,2,12,13,3,0,0,0,1,0,0,0,0
"POINT (8.876009515000019 53.036023040000003)",Unfall 21978 (2022) Kat:3, Licht: 0,21978,3,6,2,06,09,5,0,0,0,1,0,0,0,1
"POINT (8.785019485000021 53.072974466000097)",Unfall 21996 (2022) Kat:3, Licht: 0,21996,3,6,2,10,14,2,1,0,0,0,0,0,1,1
"POINT (8.799806607000050 53.087283377000098)",Unfall 22021 (2022) Kat:3, Licht: 0,22021,3,6,2,08,14,4,0,0,0,1,0,0,0,0
"POINT (8.792517365000039 53.082938651000099)",Unfall 22026 (2022) Kat:3, Licht: 0,22026,3,6,2,04,14,6,1,0,0,1,0,0,0,0
"POINT (8.759366078000030 53.058904831000099)",Unfall 22046 (2022) Kat:3, Licht: 0,22046,3,6,2,06,18,5,0,0,0,1,0,0,0,0
"POINT (8.548275945000061 53.197916642000102)",Unfall 22051 (2022) Kat:3, Licht: 0,22051,3,6,2,03,16,3,0,0,0,1,0,0,0,0
"POINT (8.709843045000071 53.047434349000099)",Unfall 22087 (2022) Kat:3, Licht: 2,22087,3,6,4,11,06,5,1,2,0,1,0,0,0,1
"POINT (8.716875108000069 53.171976099000098)",Unfall 22110 (2022) Kat:3, Licht: 0,22110,3,6,2,09,16,5,0,0,0,1,0,0,0,0
"POINT (8.813967965000071 53.049719083000099)",Unfall 22119 (2022) Kat:3, Licht: 1,22119,3,6,2,11,05,1,1,1,0,1,0,0,0,0
"POINT (8.793851440000029 53.093011751000098)",Unfall 22144 (2022) Kat:3, Licht: 0,22144,3,6,2,09,18,4,0,0,0,1,0,0,0,0
"POINT (8.720773647000041 53.162871840000001)",Unfall 22149 (2022) Kat:3, Licht: 0,22149,3,6,2,04,16,5,1,0,0,1,0,0,0,0
"POINT (8.929560669000070 53.029282557000002)",Unfall 22169 (2022) Kat:3, Licht: 0,22169,3,6,2,06,12,5,0,0,0,1,0,0,0,1
"POINT (8.883496318000031 53.038176331999999)",Unfall 22174 (2022) Kat:3, Licht: 2,22174,3,1,9,02,06,2,1,2,0,1,0,0,0,0
"POINT (8.873330776000049 53.035100317999998)",Unfall 22210 (2022) Kat:3, Licht: 0,22210,3,6,2,11,08,2,0,0,0,1,0,0,0,0
"POINT (8.714245112000070 53.180125048999997)",Unfall 22235 (2022) Kat:3, Licht: 0,22235,3,2,2,09,14,7,1,0,0,1,0,0,0,0
"POINT (8.686094981000050 53.172993155000000)",Unfall 22239 (2022) Kat:3, Licht: 2,22239,3,3,5,01,21,1,1,2,0,1,0,0,0,0
"POINT (8.841931050000030 53.040668988999997)",Unfall 22275 (2022) Kat:3, Licht: 0,22275,3,5,2,04,10,4,0,0,0,1,0,0,0,0
"POINT (8.785005389000050 53.072448393000101)",Unfall 22297 (2022) Kat:3, Licht: 0,22297,3,6,3,06,17,5,0,0,0,1,0,1,0,0
"POINT (8.802252074000020 53.104915210000101)",Unfall 22301 (2022) Kat:3, Licht: 0,22301,3,6,2,02,08,4,1,0,0,1,0,0,0,0
"POINT (8.715192453000039 53.175620808000097)",Unfall 22312 (2022) Kat:2, Licht: 2,22312,2,6,3,12,16,3,1,2,0,1,0,0,0,0
"POINT (8.828458005000069 53.023838705000102)",Unfall 22336 (2022) Kat:3, Licht: 0,22336,3,6,2,11,16,4,0,0,0,1,0,0,1,0
"POINT (8.716898561000050 53.048756824000101)",Unfall 22339 (2022) Kat:3, Licht: 0,22339,3,6,2,05,18,6,1,0,0,1,0,0,0,0
"POINT (8.796631736000050 53.086263831000103)",Unfall 22360 (2022) Kat:3, Licht: 0,22360,3,6,2,08,14,2,0,0,0,1,0,0,0,1
"POINT (8.914468429000070 53.035964731000000)",Unfall 22364 (2022) Kat:2, Licht: 0,22364,2,6,2,03,09,4,0,0,0,0,0,0,1,1
"POINT (8.784877897000060 53.072490947000098)",Unfall 22375 (2022) Kat:3, Licht: 0,22375,3,1,8,12,08,5,0,0,0,0,0,0,0,1
"POINT (8.795348312000041 53.119679955999999)",Unfall 22383 (2022) Kat:3, Licht: 0,22383,3,6,3,06,09,4,0,0,0,1,0,0,0,0
"POINT (8.584482860000040 53.183999121000099)",Unfall 22388 (2022) Kat:2, Licht: 2,22388,2,1,9,01,03,6,1,2,0,1,0,0,0,0
"POINT (8.792636938000040 53.059533227000003)",Unfall 22401 (2022) Kat:3, Licht: 2,22401,3,6,2,10,19,3,0,2,0,1,0,0,0,0
"POINT (8.857238067000029 53.028325531000100)",Unfall 22426 (2022) Kat:2, Licht: 0,22426,2,6,2,08,15,4,0,0,0,1,0,0,0,1
"POINT (8.805436114000029 53.109463855000101)",Unfall 22429 (2022) Kat:3, Licht: 2,22429,3,7,9,05,05,5,0,2,0,1,0,0,0,0
"POINT (8.758440759000051 53.058503666000000)",Unfall 22459 (2022) Kat:3, Licht: 0,22459,3,6,2,09,07,4,1,0,0,1,0,0,0,0
"POINT (8.790470831000050 53.079971976000103)",Unfall 22463 (2022) Kat:3, Licht: 0,22463,3,6,3,04,13,4,0,0,0,1,0,0,0,0
"POINT (8.817725940000059 53.048894111999999)",Unfall 22484 (2022) Kat:3, Licht: 0,22484,3,3,5,09,14,2,1,0,1,1,0,0,0,0
"POINT (8.730666740000061 53.148609733000100)",Unfall 22500 (2022) Kat:3, Licht: 0,22500,3,6,2,12,07,3,1,0,0,1,0,0,0,0
"POINT (8.775700833000030 53.068380441999999)",Unfall 22507 (2022) Kat:3, Licht: 0,22507,3,6,2,06,08,2,0,0,0,1,0,0,0,0
"POINT (8.767179093000040 53.128570025999998)",Unfall 22525 (2022) Kat:3, Licht: 0,22525,3,6,2,10,07,3,0,0,0,1,0,0,0,1
"POINT (8.819195196000070 53.048390230999999)",Unfall 22550 (2022) Kat:3, Licht: 0,22550,3,2,5,08,15,4,0,0,0,1,0,0,0,0
"POINT (8.783620602000040 53.065968284000100)",Unfall 22555 (2022) Kat:3, Licht: 0,22555,3,3,5,05,06,2,0,0,1,1,0,0,0,0
"POINT (8.819348862000030 53.048030948000097)",Unfall 22576 (2022) Kat:2, Licht: 1,22576,2,1,0,07,21,4,0,1,1,0,0,0,0,0
"POINT (8.790793629000060 53.060834565999997)",Unfall 22580 (2022) Kat:3, Licht: 0,22580,3,6,1,03,12,2,0,0,0,1,0,0,0,0
"POINT (8.757046209000070 53.075935247000103)",Unfall 22611 (2022) Kat:3, Licht: 0,22611,3,1,4,08,16,5,0,0,0,1,0,0,0,1
"POINT (8.794571970000050 53.084959029000103)",Unfall 22615 (2022) Kat:3, Licht: 0,22615,3,6,2,03,06,1,0,0,0,1,0,0,0,0
"POINT (8.898474214000030 53.087979562000001)",Unfall 22654 (2022) Kat:3, Licht: 1,22654,3,6,2,11,16,2,0,1,0,1,0,0,0,0
"POINT (8.861678563000050 53.030204798000099)",Unfall 22679 (2022) Kat:3, Licht: 0,22679,3,6,2,08,11,2,0,0,0,1,0,0,0,1
"POINT (8.800439674000071 53.118636250000101)",Unfall 22684 (2022) Kat:3, Licht: 0,22684,3,6,2,05,08,4,1,0,0,1,0,0,0,0
"POINT (8.796797450000041 53.099907788000102)",Unfall 22706 (2022) Kat:3, Licht: 0,22706,3,6,2,07,16,4,0,0,0,1,0,0,0,0
"POINT (8.548790257000061 53.197798870000000)",Unfall 22744 (2022) Kat:3, Licht: 0,22744,3,6,2,10,07,6,1,0,0,1,0,0,0,0
"POINT (8.903874331000051 53.084505374999999)",Unfall 22747 (2022) Kat:3, Licht: 2,22747,3,7,8,04,00,5,1,2,0,1,0,0,0,0
"POINT (8.901031433000069 53.086152508000097)",Unfall 22778 (2022) Kat:3, Licht: 0,22778,3,6,2,10,15,3,0,0,0,1,0,0,0,1
"POINT (8.852841916000051 53.026716778999997)",Unfall 22801 (2022) Kat:3, Licht: 0,22801,3,5,3,09,13,6,0,0,0,1,0,0,1,0
"POINT (8.783919429000040 53.065770052000097)",Unfall 22806 (2022) Kat:2, Licht: 0,22806,2,2,5,05,20,4,0,0,1,1,0,0,0,0
"POINT (8.868065352000031 53.032915180000003)",Unfall 22827 (2022) Kat:3, Licht: 0,22827,3,6,2,08,18,5,0,0,0,1,0,0,0,0
"POINT (8.958525986000041 53.074505000000002)",Unfall 22832 (2022) Kat:3, Licht: 0,22832,3,6,2,02,16,5,1,0,0,1,0,0,0,0
"POINT (8.962551155000030 53.070928307000003)",Unfall 22844 (2022) Kat:2, Licht: 2,22844,2,6,2,12,07,5,1,2,0,1,0,0,0,0
"POINT (8.714212374000059 53.180248920000103)",Unfall 22867 (2022) Kat:3, Licht: 1,22867,3,2,5,11,16,6,0,1,0,1,0,0,0,0
"POINT (8.774807169000040 53.063674434000099)",Unfall 22870 (2022) Kat:3, Licht: 0,22870,3,6,3,06,17,5,0,0,0,1,0,1,0,0
"POINT (8.764457610000020 53.129568768000098)",Unfall 22891 (2022) Kat:3, Licht: 0,22891,3,6,2,08,15,7,0,0,0,1,0,0,0,0