WKT,Name,OBJECTID,UKATEGORIE,UTYP1,UART,UMONAT,USTUNDE,UWOCHENTAG,STRZUSTAND,ULICHTVERH,ISTRAD,ISTPKW,ISTFUSS,ISTKRAD,ISTGKFZ,ISTSONSTIG
"POINT (8.790558587000019 53.080090535000103)",Unfall 22895 (2022) Kat:3, Licht: 0,22895,3,6,3,02,14,3,1,0,0,1,0,0,1,1
"POINT (8.712033007000059 53.178749164000102)",Unfall 22923 (2022) Kat:3, Licht: 0,22923,3,5,1,09,08,3,1,0,0,1,0,0,1,0
"POINT (8.725749134000070 53.153208872999997)",Unfall 22927 (2022) Kat:2, Licht: 2,22927,2,7,8,01,22,2,1,2,0,1,0,0,0,0
"POINT (8.859339200000020 53.113343747999998)",Unfall 22946 (2022) Kat:3, Licht: 0,22946,3,6,2,07,11,5,0,0,0,1,0,0,0,0
"POINT (8.885565838000050 53.039668732999999)",Unfall 22988 (2022) Kat:3, Licht: 0,22988,3,1,9,10,15,2,0,0,0,0,0,1,0,0
"POINT (8.795036150000040 53.085379699999997)",Unfall 22991 (2022) Kat:3, Licht: 0,22991,3,6,2,05,16,4,0,0,0,1,0,0,0,0
"POINT (8.900566812000021 53.038621232000096)",Unfall 23012 (2022) Kat:3, Licht: 0,23012,3,6,2,06,16,4,0,0,0,1,0,0,0,0
"POINT (8.789615524000061 53.078850359999997)",Unfall 23029 (2022) Kat:3, Licht: 2,23029,3,6,2,12,06,5,1,2,0,1,0,0,0,0
"POINT (8.854036864000021 53.027328330000003)",Unfall 23055 (2022) Kat:3, Licht: 2,23055,3,6,2,11,17,2,1,2,0,1,0,0,0,1
"POINT (8.773878490000071 53.069212454000102)",Unfall 23076 (2022) Kat:1, Licht: 0,23076,1,1,9,07,10,3,0,0,0,0,0,1,0,0
"POINT (8.731474062000069 53.147438690999998)",Unfall 23120 (2022) Kat:3, Licht: 0,23120,3,1,9,09,09,1,1,0,0,1,0,0,0,0
"POINT (8.733024657000040 53.146440214000101)",Unfall 23144 (2022) Kat:3, Licht: 2,23144,3,1,9,07,23,6,0,2,0,1,0,0,0,0
"POINT (8.789460941000071 53.078638635000097)",Unfall 23148 (2022) Kat:3, Licht: 0,23148,3,6,3,03,11,6,0,0,0,1,0,0,1,0
"POINT (8.779551644000041 53.068565726000003)",Unfall 23186 (2022) Kat:1, Licht: 2,23186,1,6,2,09,21,3,0,2,0,1,0,0,0,0
"POINT (8.885711895000041 53.039750771999998)",Unfall 23209 (2022) Kat:3, Licht: 2,23209,3,1,9,09,02,7,1,2,0,0,0,1,0,0
"POINT (8.854242918000070 53.027052238000103)",Unfall 23214 (2022) Kat:3, Licht: 0,23214,3,6,3,05,18,7,0,0,0,1,0,0,1,0
"POINT (8.889501255000029 53.039234370000003)",Unfall 23236 (2022) Kat:3, Licht: 0,23236,3,1,9,06,21,3,0,0,0,1,0,0,0,0
"POINT (8.910630123000031 53.036929248000000)",Unfall 23246 (2022) Kat:2, Licht: 0,23246,2,7,8,09,12,4,0,0,0,1,0,0,0,0
"POINT (8.715940519000069 53.173398863999999)",Unfall 23252 (2022) Kat:3, Licht: 0,23252,3,6,2,05,13,4,0,0,0,1,0,0,0,0
"POINT (8.857190602000060 53.027264957000099)",Unfall 23273 (2022) Kat:2, Licht: 0,23273,2,1,8,06,19,4,0,0,0,0,0,1,0,0
"POINT (8.711098917000070 53.179287414999997)",Unfall 23278 (2022) Kat:2, Licht: 2,23278,2,2,5,01,20,6,0,2,0,1,0,0,0,0
"POINT (8.659886826000051 53.172327014000103)",Unfall 23301 (2022) Kat:2, Licht: 2,23301,2,1,3,01,19,7,0,2,0,1,0,0,0,0
"POINT (8.897660185000060 53.038787263000103)",Unfall 23314 (2022) Kat:3, Licht: 1,23314,3,6,2,11,07,5,1,1,0,1,0,0,0,0
"POINT (8.816431569000031 53.116443177000100)",Unfall 23338 (2022) Kat:3, Licht: 0,23338,3,6,3,09,07,5,0,0,0,1,0,0,0,0
"POINT (8.711424088000060 53.179365949999998)",Unfall 23342 (2022) Kat:3, Licht: 1,23342,3,3,5,02,19,3,1,1,0,1,0,0,0,0
"POINT (8.794624686000081 53.094444768000102)",Unfall 23362 (2022) Kat:3, Licht: 0,23362,3,7,1,08,13,6,0,0,0,1,0,0,0,0
"POINT (8.792933854000070 53.059332570000002)",Unfall 23367 (2022) Kat:3, Licht: 2,23367,3,3,5,01,18,5,0,2,0,1,0,0,0,0
"POINT (8.799565137000060 53.055102757000000)",Unfall 23401 (2022) Kat:3, Licht: 0,23401,3,2,5,02,08,4,1,0,0,1,0,0,0,0
"POINT (8.697869174000060 53.174034745000000)",Unfall 23414 (2022) Kat:3, Licht: 2,23414,3,6,2,12,18,6,1,2,0,1,0,0,0,0
"POINT (8.718515885000039 53.168171266000101)",Unfall 23437 (2022) Kat:3, Licht: 2,23437,3,6,2,11,17,3,0,2,0,1,0,0,0,0
"POINT (8.795889841000079 53.098691624000097)",Unfall 23461 (2022) Kat:3, Licht: 0,23461,3,6,2,09,15,4,0,0,0,1,0,0,0,0
"POINT (8.808184395000071 53.110870407999997)",Unfall 23466 (2022) Kat:3, Licht: 0,23466,3,6,2,01,15,7,0,0,0,1,0,0,0,0
"POINT (8.853769595000070 53.027202983000102)",Unfall 23486 (2022) Kat:3, Licht: 0,23486,3,6,2,06,16,5,0,0,0,0,0,0,1,0
"POINT (8.790710778000060 53.080529335000101)",Unfall 23504 (2022) Kat:3, Licht: 0,23504,3,6,3,10,16,5,0,0,0,1,0,0,0,0
"POINT (8.730732547000059 53.149314353000101)",Unfall 23528 (2022) Kat:3, Licht: 0,23528,3,6,2,09,17,2,1,0,0,1,0,0,0,1
"POINT (8.794793993000040 53.095097631999998)",Unfall 23532 (2022) Kat:3, Licht: 0,23532,3,6,2,05,15,7,0,0,0,1,0,0,0,0
"POINT (8.793751028000029 53.092448798000099)",Unfall 23550 (2022) Kat:2, Licht: 0,23550,2,6,2,08,12,7,0,0,0,1,0,0,0,0
"POINT (8.716557647000061 53.172172272000097)",Unfall 23554 (2022) Kat:3, Licht: 0,23554,3,6,3,02,14,4,0,0,0,1,0,0,1,0
"POINT (8.813173839000060 53.116861821999997)",Unfall 23561 (2022) Kat:2, Licht: 2,23561,2,1,9,10,23,4,0,2,0,1,0,0,0,0
"POINT (8.820851594000031 53.023849646000002)",Unfall 23564 (2022) Kat:3, Licht: 0,23564,3,6,2,06,16,5,0,0,0,1,0,0,0,0
"POINT (8.794285384000030 53.091639247000003)",Unfall 23589 (2022) Kat:3, Licht: 0,23589,3,6,2,03,13,6,0,0,0,1,0,0,1,0
"POINT (8.779524592000030 53.068739166999997)",Unfall 23609 (2022) Kat:2, Licht: 0,23609,2,3,5,07,21,2,0,0,0,1,0,0,0,0
"POINT (8.713982397000050 53.137222688000101)",Unfall 23614 (2022) Kat:3, Licht: 0,23614,3,6,3,01,15,3,1,0,0,1,0,0,0,0
"POINT (8.868856449000020 53.109715700000002)",Unfall 23627 (2022) Kat:3, Licht: 0,23627,3,6,2,11,08,4,0,0,0,1,0,0,0,0
"POINT (8.867741016000020 53.032976390000002)",Unfall 23652 (2022) Kat:3, Licht: 0,23652,3,6,2,09,14,6,0,0,0,1,0,0,0,1
"POINT (8.732378256000059 53.147248873000102)",Unfall 23657 (2022) Kat:3, Licht: 0,23657,3,6,2,04,15,5,0,0,0,1,0,0,0,0
"POINT (8.689450282000051 53.096955010000002)",Unfall 23678 (2022) Kat:3, Licht: 0,23678,3,7,0,06,08,2,0,0,0,0,0,0,1,0
"POINT (8.723440130000030 53.156120274000003)",Unfall 23682 (2022) Kat:3, Licht: 0,23682,3,7,8,03,13,2,0,0,0,0,0,0,1,0
"POINT (8.837460030000051 53.023838230000102)",Unfall 23693 (2022) Kat:3, Licht: 0,23693,3,6,3,11,15,4,0,0,0,1,0,0,1,0
"POINT (8.734654943000070 53.145425246999999)",Unfall 23718 (2022) Kat:3, Licht: 1,23718,3,6,2,11,16,5,0,1,0,1,0,0,0,0
"POINT (8.787673912000059 53.063074029000099)",Unfall 23756 (2022) Kat:2, Licht: 0,23756,2,6,2,11,09,3,0,0,0,1,0,0,0,0
"POINT (8.858596483000040 53.027532325999999)",Unfall 23781 (2022) Kat:3, Licht: 0,23781,3,6,2,09,16,2,0,0,0,1,0,0,0,0
"POINT (8.792868152000040 53.059376972000102)",Unfall 23805 (2022) Kat:3, Licht: 2,23805,3,1,8,06,23,1,1,2,0,1,0,0,0,0
"POINT (8.747520639000070 53.053591488999999)",Unfall 23810 (2022) Kat:3, Licht: 2,23810,3,6,3,03,16,4,0,2,0,1,0,0,0,0
"POINT (8.794887871000070 53.096003347000099)",Unfall 23845 (2022) Kat:3, Licht: 0,23845,3,6,2,10,17,4,0,0,0,1,0,0,0,0
"POINT (8.742169949000070 53.139857984000102)",Unfall 23848 (2022) Kat:3, Licht: 0,23848,3,1,9,04,11,7,1,0,0,1,0,0,1,0
"POINT (8.790788825000050 53.080400715000103)",Unfall 23869 (2022) Kat:3, Licht: 0,23869,3,6,3,08,11,4,0,0,0,1,0,0,1,0
"POINT (8.808138786000031 53.117147266000103)",Unfall 23873 (2022) Kat:3, Licht: 0,23873,3,6,3,02,14,1,0,0,0,1,0,0,0,0
"POINT (8.714297773000061 53.180140155000103)",Unfall 23901 (2022) Kat:3, Licht: 1,23901,3,3,0,09,07,2,1,1,1,1,0,0,0,0
"POINT (8.788047589000030 53.062786977000002)",Unfall 23906 (2022) Kat:3, Licht: 0,23906,3,7,0,05,15,7,1,0,0,0,0,1,0,0
"POINT (8.818148928000030 53.046767768000102)",Unfall 23927 (2022) Kat:3, Licht: 2,23927,3,2,5,06,22,7,0,2,0,1,0,0,0,0
"POINT (8.826812820000040 53.046160332000099)",Unfall 23932 (2022) Kat:3, Licht: 2,23932,3,7,1,02,20,4,1,2,0,1,0,0,0,1
"POINT (8.851273121000080 53.115231897999998)",Unfall 23943 (2022) Kat:3, Licht: 1,23943,3,6,2,11,17,4,0,1,0,1,0,0,0,0
"POINT (8.718550813000039 53.168088818000101)",Unfall 23968 (2022) Kat:3, Licht: 2,23968,3,6,2,11,16,3,0,2,0,1,0,0,0,0
"POINT (8.798970186000080 53.055443246000003)",Unfall 23971 (2022) Kat:3, Licht: 0,23971,3,2,5,05,11,1,0,0,1,1,0,0,0,0
"POINT (8.865705010000060 53.031920595000003)",Unfall 23992 (2022) Kat:3, Licht: 0,23992,3,6,3,08,12,3,0,0,0,1,0,0,0,1
"POINT (8.783931398000050 53.065762113000098)",Unfall 24016 (2022) Kat:3, Licht: 0,24016,3,3,5,07,08,2,0,0,1,1,0,0,0,0
"POINT (8.811354577000030 53.116794450000000)",Unfall 24034 (2022) Kat:3, Licht: 2,24034,3,1,3,11,19,1,1,2,0,1,0,0,0,0
"POINT (8.878193523000050 53.036667594000100)",Unfall 24051 (2022) Kat:1, Licht: 0,24051,1,6,2,07,14,1,0,0,0,1,0,0,0,0
"POINT (8.894168083000070 53.038851959000098)",Unfall 24094 (2022) Kat:3, Licht: 0,24094,3,6,2,11,12,6,0,0,0,1,0,0,0,0
"POINT (8.914252545000069 53.079807725000101)",Unfall 24098 (2022) Kat:3, Licht: 0,24098,3,6,2,05,14,4,0,0,0,1,0,0,0,0
"POINT (8.817219891000040 53.116388641000100)",Unfall 24119 (2022) Kat:2, Licht: 0,24119,2,6,2,09,07,2,0,0,0,1,0,0,0,0
"POINT (8.778562653000050 53.068967413000102)",Unfall 24124 (2022) Kat:3, Licht: 0,24124,3,6,3,03,15,7,0,0,0,1,0,0,0,1
"POINT (8.811379830000019 53.116885105000101)",Unfall 24163 (2022) Kat:3, Licht: 0,24163,3,7,1,11,14,5,1,0,0,1,0,0,0,0
"POINT (8.864976362000050 53.110944734999997)",Unfall 24188 (2022) Kat:3, Licht: 1,24188,3,1,9,09,17,5,1,1,0,1,0,0,0,0
"POINT (8.874687866000039 53.106999944000101)",Unfall 24193 (2022) Kat:3, Licht: 1,24193,3,1,8,05,20,6,1,1,0,1,0,0,0,0
"POINT (8.796742232000041 53.055075823000003)",Unfall 24227 (2022) Kat:3, Licht: 2,24227,3,6,3,08,02,7,0,2,0,1,0,0,0,0
"POINT (8.716914123000040 53.171886213000100)",Unfall 24230 (2022) Kat:3, Licht: 0,24230,3,6,2,04,16,4,0,0,0,1,0,0,0,0
"POINT (8.794252608000020 53.091678009000098)",Unfall 24249 (2022) Kat:3, Licht: 0,24249,3,6,2,07,12,7,0,0,0,1,0,0,0,0
"POINT (8.713141389000040 53.179808443000098)",Unfall 24253 (2022) Kat:3, Licht: 0,24253,3,6,2,03,07,3,0,0,0,1,0,0,0,0
"POINT (8.811236265000050 53.114069222000097)",Unfall 24291 (2022) Kat:3, Licht: 0,24291,3,1,8,10,07,2,1,0,0,1,0,0,0,0
"POINT (8.794442302000050 53.091602625000100)",Unfall 24314 (2022) Kat:3, Licht: 0,24314,3,6,2,09,08,2,0,0,0,1,0,0,0,0
"POINT (8.818859412000050 53.116558784000098)",Unfall 24319 (2022) Kat:3, Licht: 0,24319,3,6,2,05,08,2,0,0,0,0,0,0,1,0
"POINT (8.779958700000069 53.069180342000003)",Unfall 24341 (2022) Kat:3, Licht: 0,24341,3,1,5,07,19,5,0,0,0,1,0,0,0,0
"POINT (8.715808317000040 53.173954180000102)",Unfall 24345 (2022) Kat:2, Licht: 0,24345,2,7,8,02,15,5,0,0,0,1,0,0,0,0
"POINT (8.868378317000071 53.033244855000099)",Unfall 24372 (2022) Kat:3, Licht: 0,24372,3,6,2,07,12,2,1,0,0,1,0,0,0,0
"POINT (8.780507638000071 53.123708540000102)",Unfall 24376 (2022) Kat:3, Licht: 0,24376,3,6,3,01,15,6,1,0,0,1,0,0,0,0
"POINT (8.792917133000060 53.059343870000099)",Unfall 24400 (2022) Kat:3, Licht: 2,24400,3,3,5,01,23,6,1,2,0,1,0,0,1,0
"POINT (8.776760153000049 53.067049000000097)",Unfall 24413 (2022) Kat:3, Licht: 0,24413,3,6,2,10,15,5,0,0,0,1,0,0,0,0
"POINT (8.878908595000039 53.037021283000101)",Unfall 24437 (2022) Kat:2, Licht: 0,24437,2,6,3,08,14,4,0,0,0,1,0,0,1,0
"POINT (8.927460044000039 53.078964687999999)",Unfall 24442 (2022) Kat:2, Licht: 0,24442,2,6,2,05,14,3,0,0,0,1,0,0,0,0
"POINT (8.713335074000041 53.048663048999998)",Unfall 24462 (2022) Kat:2, Licht: 0,24462,2,6,2,06,14,4,0,0,0,1,0,0,0,1
"POINT (8.795852852000049 53.085955501999997)",Unfall 24479 (2022) Kat:3, Licht: 0,24479,3,6,3,12,15,6,0,0,0,1,0,0,1,0
"POINT (8.712727208000050 53.177581478000000)",Unfall 24503 (2022) Kat:3, Licht: 0,24503,3,7,0,10,12,7,1,0,0,1,0,0,0,0
"POINT (8.781118205000039 53.067644212000097)",Unfall 24506 (2022) Kat:3, Licht: 0,24506,3,5,1,04,11,4,0,0,0,1,0,0,0,0
"POINT (8.900964444000071 53.038711204999998)",Unfall 24538 (2022) Kat:3, Licht: 0,24538,3,6,2,10,10,3,0,0,0,1,0,0,0,0
"POINT (8.798964261000039 53.055446637000003)",Unfall 24541 (2022) Kat:3, Licht: 2,24541,3,6,2,04,05,6,1,2,0,1,0,0,0,0
"POINT (8.766139817000070 53.128794895000098)",Unfall 24562 (2022) Kat:3, Licht: 0,24562,3,6,2,09,12,6,0,0,0,1,0,0,0,0
"POINT (8.906817290000051 53.082812769999997)",Unfall 24566 (2022) Kat:2, Licht: 2,24566,2,1,8,01,01,7,1,2,0,1,0,0,0,0
"POINT (8.648412898000061 53.174250282000102)",Unfall 24586 (2022) Kat:3, Licht: 0,24586,3,1,8,06,06,2,0,0,0,1,0,0,0,0
"POINT (8.773593557000030 53.069726359000100)",Unfall 24628 (2022) Kat:2, Licht: 2,24628,2,1,9,09,05,2,1,2,0,1,0,0,0,0
"POINT (8.812936778000051 53.117871461000000)",Unfall 24631 (2022) Kat:3, Licht: 0,24631,3,6,3,05,20,1,0,0,0,1,0,0,0,0
"POINT (8.630365764000031 53.156551354999998)",Unfall 164856 (2022) Kat:3, Licht: 0,164856,3,7,0,04,14,4,0,0,1,0,0,0,0,0
"POINT (8.756631224000049 53.112296454999999)",Unfall 164857 (2022) Kat:3, Licht: 0,164857,3,3,5,07,15,6,0,0,1,1,0,0,0,0
"POINT (8.944599168000019 53.065836275000002)",Unfall 164858 (2022) Kat:3, Licht: 0,164858,3,3,5,05,16,6,0,0,1,1,0,0,0,0
"POINT (8.727032292000050 53.136530063000102)",Unfall 164859 (2022) Kat:3, Licht: 2,164859,3,1,8,01,21,1,1,2,0,1,0,0,0,0
"POINT (8.807024198000020 53.058942871000099)",Unfall 164862 (2022) Kat:3, Licht: 0,164862,3,3,5,05,14,3,0,0,1,1,0,0,0,0
"POINT (8.899718765000051 53.116459175999999)",Unfall 164865 (2022) Kat:3, Licht: 0,164865,3,3,5,03,07,4,1,0,1,1,0,0,0,0
"POINT (8.740929533000040 53.052628187000003)",Unfall 164866 (2022) Kat:3, Licht: 0,164866,3,7,0,06,13,3,0,0,1,0,0,0,0,0
"POINT (8.794013870000070 53.074494392000098)",Unfall 164867 (2022) Kat:3, Licht: 2,164867,3,3,5,04,22,4,0,2,1,1,0,0,0,0
"POINT (8.792500744000050 53.074819282000099)",Unfall 164869 (2022) Kat:3, Licht: 0,164869,3,7,1,05,15,1,0,0,1,0,0,0,0,1
"POINT (8.716053673000030 53.054128571000000)",Unfall 164870 (2022) Kat:3, Licht: 0,164870,3,3,5,01,09,6,0,0,1,1,0,0,0,0
"POINT (8.727094037000031 53.057436149000097)",Unfall 164871 (2022) Kat:3, Licht: 2,164871,3,6,2,02,17,5,1,2,0,1,0,0,0,0
"POINT (8.788376103000081 53.070498735000101)",Unfall 164872 (2022) Kat:3, Licht: 0,164872,3,1,0,03,08,4,1,0,0,0,0,1,0,0
"POINT (8.824170053000049 53.073037902000102)",Unfall 164873 (2022) Kat:3, Licht: 0,164873,3,7,1,05,18,7,0,0,1,1,0,0,0,0
"POINT (8.869322160000021 53.067013936000102)",Unfall 164874 (2022) Kat:3, Licht: 2,164874,3,5,1,06,23,6,0,2,1,1,0,0,0,0
"POINT (8.821792544000060 53.079759711000101)",Unfall 164875 (2022) Kat:3, Licht: 2,164875,3,7,0,03,20,6,0,2,1,0,0,0,0,0
"POINT (8.832670704000069 53.075383187000099)",Unfall 164876 (2022) Kat:2, Licht: 0,164876,2,6,0,07,14,7,0,0,1,1,0,0,0,0
"POINT (8.761206718000039 53.114918097999997)",Unfall 164878 (2022) Kat:3, Licht: 0,164878,3,2,3,02,14,3,1,0,0,1,0,0,0,1
"POINT (8.807925829000061 53.074466074000000)",Unfall 164879 (2022) Kat:3, Licht: 0,164879,3,3,5,06,10,6,0,0,1,0,1,0,0,0
"POINT (8.954645855000020 53.057592332000098)",Unfall 164881 (2022) Kat:3, Licht: 2,164881,3,4,6,01,21,6,1,2,0,1,1,0,0,0
"POINT (8.659149031000030 53.165431712999997)",Unfall 164882 (2022) Kat:3, Licht: 0,164882,3,3,5,03,15,6,0,0,1,1,0,0,0,0
"POINT (8.961628058000031 53.067350675999997)",Unfall 164883 (2022) Kat:3, Licht: 0,164883,3,5,1,05,14,3,0,0,0,1,0,0,0,1
"POINT (8.802701688000070 53.077923414000097)",Unfall 164885 (2022) Kat:3, Licht: 0,164885,3,7,0,03,09,3,0,0,0,1,1,0,0,0
"POINT (8.788181377000059 53.076497609999997)",Unfall 164887 (2022) Kat:2, Licht: 0,164887,2,2,5,07,15,5,0,0,1,0,0,0,1,0
"POINT (8.940568293000069 53.077599264000099)",Unfall 164888 (2022) Kat:3, Licht: 0,164888,3,3,5,05,10,5,0,0,1,1,0,0,0,0
"POINT (8.959704014000071 53.039152961000099)",Unfall 164889 (2022) Kat:3, Licht: 1,164889,3,1,2,01,18,4,1,1,0,1,0,1,0,0
"POINT (8.598789089000039 53.178056049000098)",Unfall 164890 (2022) Kat:2, Licht: 0,164890,2,3,5,02,10,3,0,0,0,1,0,1,0,0
"POINT (8.804357942000021 53.080578095000099)",Unfall 164891 (2022) Kat:3, Licht: 0,164891,3,2,5,04,07,5,0,0,1,1,0,0,0,0
"POINT (8.788167525000061 53.076476544000101)",Unfall 164892 (2022) Kat:3, Licht: 0,164892,3,3,5,06,10,3,0,0,0,1,0,0,0,0
"POINT (8.901624139000029 53.050370541000099)",Unfall 164893 (2022) Kat:3, Licht: 1,164893,3,3,5,06,21,6,0,1,1,1,0,0,0,0
"POINT (8.777625832000069 53.069491478000003)",Unfall 164894 (2022) Kat:3, Licht: 2,164894,3,3,5,02,18,5,0,2,0,1,0,0,0,0
"POINT (8.634315340000059 53.182878719000001)",Unfall 164895 (2022) Kat:3, Licht: 0,164895,3,3,5,05,16,5,0,0,1,1,0,0,0,0
"POINT (8.827469962000070 53.034265593999997)",Unfall 164897 (2022) Kat:3, Licht: 0,164897,3,6,2,03,16,3,0,0,0,1,0,0,0,0
"POINT (8.878020597000051 53.065478519000102)",Unfall 164899 (2022) Kat:3, Licht: 0,164899,3,7,2,03,11,2,0,0,0,1,0,0,0,0
"POINT (8.798534904000061 53.070467991000001)",Unfall 164900 (2022) Kat:2, Licht: 2,164900,2,7,0,04,03,1,0,2,0,0,0,0,0,1
"POINT (8.944833003000040 53.059747518000101)",Unfall 164902 (2022) Kat:3, Licht: 0,164902,3,3,5,05,12,1,0,0,1,1,0,0,0,0
"POINT (8.830688173000061 53.041007024000102)",Unfall 164903 (2022) Kat:3, Licht: 0,164903,3,3,5,01,15,3,0,0,1,1,0,0,0,0
"POINT (8.621678582000071 53.170025109000100)",Unfall 164904 (2022) Kat:3, Licht: 0,164904,3,6,0,03,13,6,0,0,1,1,0,0,0,0
"POINT (8.884148343000049 53.056255624000102)",Unfall 164905 (2022) Kat:3, Licht: 0,164905,3,3,5,02,14,5,1,0,0,1,0,0,0,1
"POINT (8.841602908000031 53.036488798999997)",Unfall 164906 (2022) Kat:3, Licht: 0,164906,3,4,0,04,10,3,1,0,0,1,1,0,0,0
"POINT (8.697296462000050 53.168486831999999)",Unfall 164907 (2022) Kat:3, Licht: 0,164907,3,4,6,05,17,6,1,0,0,1,1,0,0,0
"POINT (8.762086927000039 53.112457313999997)",Unfall 164911 (2022) Kat:3, Licht: 0,164911,3,4,6,07,08,3,0,0,0,1,1,0,0,0
"POINT (8.894417700000080 53.060561249000003)",Unfall 164912 (2022) Kat:3, Licht: 0,164912,3,4,6,06,15,4,0,0,0,1,1,0,0,0
"POINT (8.718006592000050 53.178511033000099)",Unfall 164914 (2022) Kat:3, Licht: 0,164914,3,7,4,06,11,3,0,0,0,1,0,0,0,0
"POINT (8.877600941000029 53.115195265000096)",Unfall 164915 (2022) Kat:3, Licht: 1,164915,3,3,5,05,21,4,0,1,1,1,0,0,0,0
"POINT (8.578688096000061 53.184442726999997)",Unfall 164917 (2022) Kat:3, Licht: 0,164917,3,3,5,03,17,3,0,0,1,1,0,0,0,0
"POINT (8.770204589000061 53.080369482000002)",Unfall 164918 (2022) Kat:3, Licht: 0,164918,3,3,5,05,16,2,0,0,1,0,1,0,0,0
"POINT (8.878490041000020 53.078912628000097)",Unfall 164919 (2022) Kat:3, Licht: 0,164919,3,3,5,06,14,4,0,0,1,0,0,0,0,0
"POINT (8.786192330000061 53.083959170000099)",Unfall 164920 (2022) Kat:3, Licht: 0,164920,3,3,5,03,15,6,0,0,1,1,0,0,0,0
"POINT (8.853547787000020 53.082170350000098)",Unfall 164923 (2022) Kat:3, Licht: 2,164923,3,7,6,02,21,4,1,2,0,1,1,0,0,0
"POINT (8.811347047000030 53.075252588000097)",Unfall 164927 (2022) Kat:3, Licht: 0,164927,3,5,1,03,13,3,0,0,1,1,0,0,0,0
"POINT (8.859300837000029 53.068866813000099)",Unfall 164928 (2022) Kat:3, Licht: 2,164928,3,7,0,03,21,4,0,2,1,0,0,0,0,0
"POINT (8.842740638000070 53.081502491999998)",Unfall 164929 (2022) Kat:3, Licht: 0,164929,3,7,1,07,15,3,0,0,1,1,0,0,0,0
"POINT (8.622755569000050 53.184018835000103)",Unfall 164930 (2022) Kat:3, Licht: 0,164930,3,3,5,07,07,4,0,0,1,1,0,0,0,0
"POINT (8.823140665000039 53.073180841000102)",Unfall 164931 (2022) Kat:3, Licht: 0,164931,3,5,1,05,09,4,0,0,1,1,0,0,0,0
"POINT (8.789035291000060 53.073096182000000)",Unfall 164932 (2022) Kat:3, Licht: 0,164932,3,6,2,05,08,4,0,0,0,1,0,0,0,1
"POINT (8.901985618000030 53.059394566000002)",Unfall 164933 (2022) Kat:3, Licht: 0,164933,3,3,5,06,05,7,1,0,1,1,0,0,0,0
"POINT (8.838316880000040 53.038241441000103)",Unfall 164935 (2022) Kat:3, Licht: 0,164935,3,6,3,07,19,6,0,0,0,1,0,1,0,0
"POINT (8.619158660000039 53.186095143000003)",Unfall 164938 (2022) Kat:3, Licht: 0,164938,3,2,4,06,15,4,0,0,0,1,0,0,0,1
"POINT (8.776498735000080 53.076612480000101)",Unfall 164939 (2022) Kat:3, Licht: 0,164939,3,3,5,05,16,5,0,0,0,1,0,0,0,0
"POINT (8.927700176000030 53.089881505000101)",Unfall 164940 (2022) Kat:3, Licht: 2,164940,3,7,0,01,07,5,2,2,1,0,0,0,0,0
"POINT (8.753792252000039 53.123458810000002)",Unfall 164941 (2022) Kat:3, Licht: 0,164941,3,3,5,03,13,3,0,0,0,1,0,0,0,1
"POINT (8.858243549000060 53.089820426000102)",Unfall 164942 (2022) Kat:3, Licht: 0,164942,3,7,1,06,12,4,0,0,0,1,0,0,0,0
"POINT (8.773286841000070 53.091738380000002)",Unfall 164943 (2022) Kat:3, Licht: 0,164943,3,3,5,03,16,5,0,0,1,1,0,0,0,0
"POINT (8.781244365000020 53.112118941000098)",Unfall 164944 (2022) Kat:3, Licht: 0,164944,3,3,5,07,12,2,0,0,0,1,0,0,0,0
"POINT (8.946080658000030 53.076985846000099)",Unfall 164946 (2022) Kat:3, Licht: 0,164946,3,6,3,05,14,5,0,0,1,1,0,0,0,0
"POINT (8.823703798000050 53.076978664000102)",Unfall 164947 (2022) Kat:3, Licht: 2,164947,3,4,6,01,19,7,0,2,0,1,1,0,0,0
"POINT (8.794745944000059 53.091469480000100)",Unfall 164948 (2022) Kat:2, Licht: 2,164948,2,3,5,02,17,2,1,2,1,1,0,0,0,0
"POINT (8.855778843000049 53.103440343999999)",Unfall 164950 (2022) Kat:1, Licht: 0,164950,1,3,5,06,19,2,0,0,0,1,0,0,0,0
"POINT (8.782314887000039 53.077125899000102)",Unfall 164951 (2022) Kat:3, Licht: 1,164951,3,6,2,06,19,4,0,1,0,1,0,0,0,0
"POINT (8.799117361000070 53.056480480000097)",Unfall 164952 (2022) Kat:2, Licht: 2,164952,2,2,5,02,21,1,0,2,0,1,0,1,0,0
"POINT (8.803249474000040 53.080163594000098)",Unfall 164953 (2022) Kat:3, Licht: 0,164953,3,2,5,05,17,2,0,0,1,1,0,0,0,0
"POINT (8.735521225000070 53.049130595000101)",Unfall 164954 (2022) Kat:3, Licht: 0,164954,3,5,1,01,15,7,0,0,0,1,0,0,0,0
"POINT (8.940548257000049 53.077518599000001)",Unfall 164956 (2022) Kat:3, Licht: 0,164956,3,3,5,06,09,6,0,0,1,1,0,0,0,0
"POINT (8.843686949000070 53.089494303999999)",Unfall 164957 (2022) Kat:3, Licht: 0,164957,3,5,1,04,12,1,0,0,1,1,0,0,0,0
"POINT (8.791088615000040 53.091634188999997)",Unfall 164958 (2022) Kat:3, Licht: 0,164958,3,2,5,07,10,6,0,0,0,1,0,0,0,0
"POINT (8.825201835000030 53.084341852000101)",Unfall 164959 (2022) Kat:3, Licht: 0,164959,3,3,5,05,09,2,0,0,1,1,0,0,0,0
"POINT (8.807308878000070 53.082169926000098)",Unfall 164960 (2022) Kat:3, Licht: 2,164960,3,2,5,01,18,3,0,2,1,1,0,0,0,0
"POINT (8.734330081000049 53.043453719000098)",Unfall 164961 (2022) Kat:3, Licht: 0,164961,3,6,2,03,13,5,0,0,0,1,0,0,0,0