WKT,Name,OBJECTID,UKATEGORIE,UTYP1,UART,UMONAT,USTUNDE,UWOCHENTAG,STRZUSTAND,ULICHTVERH,ISTRAD,ISTPKW,ISTFUSS,ISTKRAD,ISTGKFZ,ISTSONSTIG
"POINT (8.888572103000060 53.086064060000098)",Unfall 164962 (2022) Kat:3, Licht: 0,164962,3,3,0,02,14,3,1,0,0,1,0,0,0,1
"POINT (8.744979180000030 53.128179896000098)",Unfall 164963 (2022) Kat:3, Licht: 2,164963,3,7,1,03,04,5,1,2,0,1,0,0,0,1
"POINT (8.931278374000041 53.058971050000103)",Unfall 164964 (2022) Kat:3, Licht: 0,164964,3,2,3,05,16,7,1,0,1,1,0,0,0,0
"POINT (8.758862967000031 53.115999016000004)",Unfall 164965 (2022) Kat:3, Licht: 0,164965,3,6,2,06,19,5,0,0,0,1,0,0,0,0
"POINT (8.773925049000070 53.108357902000101)",Unfall 164969 (2022) Kat:3, Licht: 0,164969,3,3,5,06,11,3,0,0,1,1,0,0,0,0
"POINT (8.784307490000060 53.065644470999999)",Unfall 164970 (2022) Kat:3, Licht: 0,164970,3,6,2,04,15,6,0,0,0,1,0,0,0,0
"POINT (8.856859776000020 53.064219504000100)",Unfall 164972 (2022) Kat:3, Licht: 0,164972,3,6,1,05,14,2,0,0,0,1,0,0,0,0
"POINT (8.778335962000030 53.095074697000001)",Unfall 164976 (2022) Kat:3, Licht: 0,164976,3,6,2,06,14,4,0,0,0,1,0,0,0,0
"POINT (8.807906863000030 53.074222140000103)",Unfall 164977 (2022) Kat:3, Licht: 0,164977,3,7,0,03,12,4,0,0,0,0,1,0,0,1
"POINT (8.788041229000040 53.062868761000097)",Unfall 164979 (2022) Kat:3, Licht: 2,164979,3,3,5,01,05,4,1,2,0,1,0,0,0,0
"POINT (8.899249035000031 53.120648828000100)",Unfall 164981 (2022) Kat:3, Licht: 2,164981,3,6,3,02,18,3,1,2,0,1,0,0,0,1
"POINT (8.819528332000059 53.080557638000101)",Unfall 164982 (2022) Kat:3, Licht: 0,164982,3,3,5,06,08,5,0,0,1,1,0,0,0,0
"POINT (8.760152510000070 53.120567820000097)",Unfall 164983 (2022) Kat:3, Licht: 0,164983,3,4,6,02,14,6,1,0,0,1,1,0,0,0
"POINT (8.807260612000050 53.070315254000000)",Unfall 164984 (2022) Kat:3, Licht: 0,164984,3,5,1,05,14,5,0,0,1,1,0,0,0,0
"POINT (8.788317180000041 53.082022127000101)",Unfall 164986 (2022) Kat:3, Licht: 0,164986,3,3,5,03,17,1,0,0,1,0,0,0,0,0
"POINT (8.772582730000069 53.081397264000003)",Unfall 164987 (2022) Kat:3, Licht: 0,164987,3,3,5,04,19,4,0,0,1,1,0,0,0,0
"POINT (8.887025225000061 53.070362787000100)",Unfall 164988 (2022) Kat:3, Licht: 0,164988,3,6,2,07,13,7,0,0,0,1,0,0,0,0
"POINT (8.822271150000059 53.079645216000102)",Unfall 164989 (2022) Kat:3, Licht: 0,164989,3,7,0,07,13,4,0,0,1,0,0,0,0,0
"POINT (8.675942843000030 53.173475924000101)",Unfall 164990 (2022) Kat:2, Licht: 0,164990,2,7,0,05,14,5,0,0,1,0,0,0,0,0
"POINT (8.939532925000041 53.080598356000102)",Unfall 164992 (2022) Kat:3, Licht: 1,164992,3,4,6,02,07,4,1,1,0,1,1,0,0,0
"POINT (8.891917300000051 53.049040196000099)",Unfall 164993 (2022) Kat:3, Licht: 0,164993,3,2,5,04,14,5,0,0,1,1,0,0,0,0
"POINT (8.835619183000061 53.073770494000001)",Unfall 164994 (2022) Kat:3, Licht: 0,164994,3,2,4,05,09,2,0,0,1,1,0,0,0,0
"POINT (8.853310690000059 53.064154835000103)",Unfall 164995 (2022) Kat:3, Licht: 0,164995,3,4,6,04,18,6,0,0,1,0,1,0,0,0
"POINT (8.787133188000039 53.087477556000103)",Unfall 164997 (2022) Kat:3, Licht: 0,164997,3,6,2,03,11,7,0,0,0,1,0,1,0,0
"POINT (8.817676207000030 53.078165871000103)",Unfall 164998 (2022) Kat:3, Licht: 0,164998,3,7,0,06,15,3,0,0,0,0,1,0,0,1
"POINT (8.863840163000081 53.080994246000003)",Unfall 164999 (2022) Kat:3, Licht: 0,164999,3,6,2,04,08,4,0,0,0,1,0,0,0,0
"POINT (8.850480622000021 53.095095827000101)",Unfall 165000 (2022) Kat:3, Licht: 0,165000,3,6,4,06,13,4,0,0,1,0,0,0,0,0
"POINT (8.844921440000061 53.077160194999998)",Unfall 165001 (2022) Kat:3, Licht: 0,165001,3,6,4,05,14,6,0,0,1,0,0,0,0,0
"POINT (8.560098624000030 53.190918957000100)",Unfall 165004 (2022) Kat:3, Licht: 0,165004,3,7,0,04,11,6,0,0,0,1,0,0,0,0
"POINT (8.794950390000050 53.084597356000103)",Unfall 165006 (2022) Kat:2, Licht: 0,165006,2,6,3,06,12,2,0,0,1,0,0,0,0,0
"POINT (8.763070122000039 53.107813941000103)",Unfall 165009 (2022) Kat:3, Licht: 0,165009,3,3,5,04,13,4,1,0,0,1,0,0,0,1
"POINT (8.824253299000080 53.084407022999997)",Unfall 165010 (2022) Kat:3, Licht: 0,165010,3,6,2,05,16,3,0,0,0,1,0,0,0,0
"POINT (8.875703296000040 53.066189539000000)",Unfall 165011 (2022) Kat:3, Licht: 0,165011,3,7,0,02,13,2,0,0,1,0,0,0,0,1
"POINT (8.823205060000021 53.072994129000101)",Unfall 165012 (2022) Kat:2, Licht: 0,165012,2,7,0,05,15,4,0,0,1,0,0,0,0,0
"POINT (8.801386125000020 53.083321763000100)",Unfall 165014 (2022) Kat:3, Licht: 0,165014,3,7,2,03,09,4,0,0,0,1,0,0,0,0
"POINT (8.867154725000031 53.066926928000001)",Unfall 165015 (2022) Kat:3, Licht: 0,165015,3,4,6,06,16,3,0,0,0,0,1,0,0,1
"POINT (8.838810752000031 53.077364789000100)",Unfall 165016 (2022) Kat:3, Licht: 2,165016,3,7,1,04,23,5,0,2,1,1,0,0,0,0
"POINT (8.889911712000069 53.058090796999998)",Unfall 165017 (2022) Kat:3, Licht: 0,165017,3,1,0,06,14,5,0,0,1,0,0,0,0,0
"POINT (8.843585793000051 53.083703957000097)",Unfall 165018 (2022) Kat:3, Licht: 0,165018,3,6,4,05,12,1,0,0,0,1,0,0,0,1
"POINT (8.804656743000070 53.085819954999998)",Unfall 165019 (2022) Kat:3, Licht: 2,165019,3,7,0,01,17,5,0,2,1,1,0,0,0,0
"POINT (8.630410446000040 53.172480200999999)",Unfall 165020 (2022) Kat:3, Licht: 0,165020,3,3,5,02,12,5,0,0,1,0,0,0,0,1
"POINT (8.878327543000070 53.079558998000003)",Unfall 165021 (2022) Kat:3, Licht: 0,165021,3,3,5,04,17,3,1,0,1,1,0,0,0,0
"POINT (8.757845555000070 53.062912584000102)",Unfall 165022 (2022) Kat:3, Licht: 0,165022,3,4,6,05,11,7,0,0,0,1,1,0,0,0
"POINT (8.665377355000031 53.164264094000004)",Unfall 165023 (2022) Kat:3, Licht: 0,165023,3,5,2,06,13,7,0,0,1,1,0,0,0,0
"POINT (8.861661011000020 53.099282944000002)",Unfall 165024 (2022) Kat:3, Licht: 0,165024,3,3,5,02,07,3,0,0,1,1,0,0,0,0
"POINT (8.861642130000060 53.099296977000101)",Unfall 165025 (2022) Kat:3, Licht: 0,165025,3,3,5,03,16,1,0,0,1,1,0,0,0,0
"POINT (8.734106519000020 53.082501020000102)",Unfall 165026 (2022) Kat:3, Licht: 0,165026,3,6,3,07,15,3,0,0,0,1,0,0,1,0
"POINT (8.732575004000070 53.134860957000100)",Unfall 165027 (2022) Kat:3, Licht: 0,165027,3,7,7,06,15,6,0,0,0,1,0,0,0,0
"POINT (8.846082888000071 53.047779446000000)",Unfall 165030 (2022) Kat:3, Licht: 0,165030,3,1,0,06,19,7,0,0,1,0,0,0,0,0
"POINT (8.691090746000040 53.169358951000000)",Unfall 165031 (2022) Kat:3, Licht: 0,165031,3,4,6,05,11,3,0,0,0,1,1,0,0,0
"POINT (8.951363244000049 53.057877447000102)",Unfall 165032 (2022) Kat:3, Licht: 0,165032,3,7,1,01,09,2,1,0,1,1,0,0,0,0
"POINT (8.844992277000070 53.030916617000102)",Unfall 165033 (2022) Kat:3, Licht: 1,165033,3,3,5,03,06,2,0,1,1,1,0,0,0,0
"POINT (8.724042620000031 53.056979902000101)",Unfall 165034 (2022) Kat:3, Licht: 0,165034,3,6,4,05,17,1,0,0,0,0,0,1,0,1
"POINT (8.785621286000040 53.118174447999998)",Unfall 165035 (2022) Kat:3, Licht: 0,165035,3,7,7,06,11,4,0,0,1,0,0,0,0,1
"POINT (8.854899186000070 53.079531918000001)",Unfall 165037 (2022) Kat:3, Licht: 0,165037,3,1,0,07,07,2,1,0,0,0,0,1,0,0
"POINT (8.711198528000070 53.168357668000098)",Unfall 165038 (2022) Kat:3, Licht: 2,165038,3,3,5,01,06,5,1,2,0,1,0,1,0,0
"POINT (8.820493323000051 53.072677781000003)",Unfall 165039 (2022) Kat:3, Licht: 2,165039,3,7,0,02,00,3,0,2,1,0,0,0,0,0
"POINT (8.914792997000060 53.044753081000103)",Unfall 165040 (2022) Kat:3, Licht: 0,165040,3,3,5,04,16,4,0,0,1,1,0,0,0,0
"POINT (8.817608844000061 53.052622053000100)",Unfall 165042 (2022) Kat:3, Licht: 0,165042,3,3,5,02,14,7,0,0,1,1,0,0,0,0
"POINT (8.901403755000050 53.050744016000102)",Unfall 165045 (2022) Kat:3, Licht: 0,165045,3,2,3,03,16,2,0,0,1,1,0,0,0,0
"POINT (8.790667655000050 53.080237883999999)",Unfall 165046 (2022) Kat:3, Licht: 0,165046,3,6,3,04,12,1,0,0,0,1,0,0,0,0
"POINT (8.796289287000040 53.067229972000099)",Unfall 165047 (2022) Kat:3, Licht: 0,165047,3,7,0,07,07,3,0,0,1,1,1,0,0,0
"POINT (8.785027235000030 53.102234872000103)",Unfall 165048 (2022) Kat:3, Licht: 0,165048,3,2,4,07,11,4,0,0,0,1,0,0,0,0
"POINT (8.809218628000050 53.078782773999997)",Unfall 165049 (2022) Kat:3, Licht: 0,165049,3,6,2,05,15,3,0,0,1,0,0,1,0,0
"POINT (8.805586244000040 53.090859332000001)",Unfall 165050 (2022) Kat:3, Licht: 0,165050,3,2,5,01,10,2,1,0,1,0,0,0,0,1
"POINT (8.934451637000050 53.069462410000000)",Unfall 165051 (2022) Kat:3, Licht: 0,165051,3,2,5,02,16,6,1,0,1,1,0,0,0,0
"POINT (8.824789931000049 53.068906376000001)",Unfall 165052 (2022) Kat:3, Licht: 0,165052,3,6,2,04,17,7,0,0,0,1,0,0,0,0
"POINT (8.837458609000070 53.069935256000100)",Unfall 165053 (2022) Kat:3, Licht: 0,165053,3,6,3,06,10,6,0,0,1,0,0,1,0,0
"POINT (8.805310305000029 53.100359447000102)",Unfall 165054 (2022) Kat:3, Licht: 0,165054,3,7,0,05,18,4,0,0,1,0,0,0,0,0
"POINT (8.825104389000050 53.084186840000001)",Unfall 165056 (2022) Kat:3, Licht: 2,165056,3,2,5,03,21,6,0,2,1,1,0,0,0,0
"POINT (8.869829447000029 53.097254552000003)",Unfall 165059 (2022) Kat:3, Licht: 0,165059,3,7,3,06,17,2,1,0,0,1,0,1,0,0
"POINT (8.792114234000049 53.094398378000101)",Unfall 165060 (2022) Kat:3, Licht: 0,165060,3,2,5,05,06,5,0,0,1,1,0,0,0,0
"POINT (8.566254640000070 53.200181614000002)",Unfall 165061 (2022) Kat:3, Licht: 0,165061,3,4,6,01,15,6,1,0,0,1,1,0,0,0
"POINT (8.840085967000050 53.098582024000102)",Unfall 165062 (2022) Kat:3, Licht: 0,165062,3,6,2,02,10,6,0,0,0,1,0,0,0,1
"POINT (8.740760082000071 53.053064204000101)",Unfall 165064 (2022) Kat:3, Licht: 0,165064,3,3,5,05,17,5,0,0,1,1,0,0,0,0
"POINT (8.715547004000030 53.178871284000103)",Unfall 165065 (2022) Kat:3, Licht: 0,165065,3,7,0,06,07,2,0,0,0,0,0,0,0,1
"POINT (8.797118274000070 53.076331443000100)",Unfall 165067 (2022) Kat:2, Licht: 0,165067,2,3,5,07,18,6,0,0,1,0,0,0,0,0
"POINT (8.797822006000050 53.070671421999997)",Unfall 165068 (2022) Kat:3, Licht: 0,165068,3,2,4,07,19,3,0,0,1,0,0,0,0,1
"POINT (8.583529392000059 53.214347836999998)",Unfall 165069 (2022) Kat:3, Licht: 0,165069,3,2,6,02,16,4,0,0,0,1,1,0,0,0
"POINT (8.807796497000030 53.077812564000098)",Unfall 165070 (2022) Kat:3, Licht: 0,165070,3,1,0,06,12,4,0,0,1,0,0,0,0,0
"POINT (8.707548952000019 53.164572840000098)",Unfall 165071 (2022) Kat:3, Licht: 0,165071,3,3,5,05,07,3,0,0,1,1,0,0,0,0
"POINT (8.617922981000049 53.174634103000102)",Unfall 165072 (2022) Kat:3, Licht: 0,165072,3,7,0,01,10,7,0,0,1,0,0,0,0,0
"POINT (8.796707273000040 53.088203759000102)",Unfall 165073 (2022) Kat:3, Licht: 0,165073,3,6,3,03,16,4,0,0,0,1,0,0,1,0
"POINT (8.934704906000039 53.058778849000099)",Unfall 165074 (2022) Kat:3, Licht: 1,165074,3,7,7,05,04,6,0,1,1,0,0,0,0,0
"POINT (8.825025533000030 53.100936047000097)",Unfall 165075 (2022) Kat:3, Licht: 0,165075,3,3,5,06,12,3,0,0,0,1,0,0,0,1
"POINT (8.804378182000050 53.072685814000103)",Unfall 165076 (2022) Kat:3, Licht: 0,165076,3,6,4,03,12,5,0,0,1,0,0,0,0,0
"POINT (8.831210905000029 53.081003690000003)",Unfall 165078 (2022) Kat:3, Licht: 0,165078,3,7,1,07,11,4,0,0,1,1,0,0,0,0
"POINT (8.831865771000031 53.071095610999997)",Unfall 165079 (2022) Kat:3, Licht: 0,165079,3,7,0,05,19,5,1,0,1,0,0,0,0,0
"POINT (8.813526875000040 53.090360143000098)",Unfall 165080 (2022) Kat:3, Licht: 0,165080,3,2,5,01,14,3,0,0,1,1,0,0,0,0
"POINT (8.771899550000059 53.081823511000003)",Unfall 165081 (2022) Kat:3, Licht: 0,165081,3,6,2,02,17,3,0,0,0,1,0,0,0,0
"POINT (8.719678793000069 53.045379022000098)",Unfall 165083 (2022) Kat:3, Licht: 0,165083,3,2,4,02,07,6,1,0,0,1,0,0,0,0
"POINT (8.806887987000040 53.094494554000100)",Unfall 165085 (2022) Kat:3, Licht: 0,165085,3,6,3,07,10,7,0,0,1,1,0,0,0,0
"POINT (8.850634587000060 53.071240466000098)",Unfall 165089 (2022) Kat:3, Licht: 0,165089,3,2,5,06,08,3,0,0,1,1,0,0,0,0
"POINT (8.780247583000060 53.069452777999999)",Unfall 165090 (2022) Kat:3, Licht: 0,165090,3,6,2,05,15,4,0,0,0,1,0,0,0,0
"POINT (8.812283150000040 53.097851941999998)",Unfall 165091 (2022) Kat:3, Licht: 0,165091,3,4,6,01,13,3,0,0,0,1,1,0,0,0
"POINT (8.785020224000050 53.088691834000002)",Unfall 165092 (2022) Kat:3, Licht: 2,165092,3,2,5,03,20,7,0,2,1,1,0,0,0,0
"POINT (8.950658111000051 53.076401578999999)",Unfall 165093 (2022) Kat:2, Licht: 2,165093,2,6,3,05,03,1,0,2,1,1,0,0,0,0
"POINT (8.794205977000050 53.074607774000100)",Unfall 165094 (2022) Kat:3, Licht: 0,165094,3,6,2,06,17,5,0,0,0,1,0,0,0,0
"POINT (8.821981645000051 53.072825336000101)",Unfall 165095 (2022) Kat:3, Licht: 0,165095,3,6,4,03,10,2,0,0,1,1,0,0,0,0
"POINT (8.757794052000071 53.116986616000098)",Unfall 165096 (2022) Kat:3, Licht: 0,165096,3,7,5,07,15,7,0,0,0,1,0,0,0,1
"POINT (8.796800356000061 53.089216216000104)",Unfall 165097 (2022) Kat:3, Licht: 0,165097,3,2,5,07,17,5,0,0,1,1,0,0,0,0
"POINT (8.794018921000029 53.074497373000000)",Unfall 165098 (2022) Kat:3, Licht: 0,165098,3,2,5,05,15,3,0,0,1,1,0,0,0,0
"POINT (8.819989986000049 53.076854637000103)",Unfall 165101 (2022) Kat:3, Licht: 0,165101,3,6,3,02,16,2,0,0,0,1,0,0,0,0
"POINT (8.825034441000071 53.084584865000103)",Unfall 165102 (2022) Kat:3, Licht: 0,165102,3,3,5,04,16,4,0,0,1,1,0,0,0,0
"POINT (8.810598538000020 53.071957582000003)",Unfall 165105 (2022) Kat:3, Licht: 0,165105,3,6,2,05,09,6,0,0,0,1,0,1,0,0
"POINT (8.777345014000050 53.106716200000101)",Unfall 165107 (2022) Kat:3, Licht: 0,165107,3,2,3,03,13,3,0,0,0,1,0,0,0,1
"POINT (8.784096152000069 53.075624006000098)",Unfall 165108 (2022) Kat:3, Licht: 0,165108,3,2,5,04,13,2,0,0,0,0,0,1,0,1
"POINT (8.820668924000071 53.072696262000100)",Unfall 165111 (2022) Kat:3, Licht: 2,165111,3,7,6,01,01,7,0,2,0,1,1,0,0,0
"POINT (8.886963734000060 53.082619024000103)",Unfall 165112 (2022) Kat:3, Licht: 2,165112,3,1,9,02,03,7,1,2,0,1,1,0,0,0
"POINT (8.792022714000041 53.094501325000103)",Unfall 165113 (2022) Kat:3, Licht: 0,165113,3,3,5,04,13,3,0,0,0,1,0,0,0,0
"POINT (8.822034971000051 53.072830021000101)",Unfall 165114 (2022) Kat:3, Licht: 0,165114,3,6,2,05,15,2,0,0,0,1,0,0,0,0
"POINT (8.643274467000030 53.173143265000100)",Unfall 165117 (2022) Kat:3, Licht: 0,165117,3,6,2,03,14,1,0,0,0,1,0,0,0,0
"POINT (8.843827678000030 53.074497243000103)",Unfall 165118 (2022) Kat:3, Licht: 0,165118,3,5,1,06,13,3,0,0,1,1,0,0,0,0
"POINT (8.885170782000049 53.072174072000102)",Unfall 165119 (2022) Kat:3, Licht: 0,165119,3,2,5,04,17,7,0,0,1,1,0,0,0,0
"POINT (8.795945493000030 53.075557477000103)",Unfall 165120 (2022) Kat:3, Licht: 2,165120,3,7,0,06,03,7,0,2,1,0,0,0,0,0
"POINT (8.620985409000070 53.171799589999999)",Unfall 165121 (2022) Kat:3, Licht: 0,165121,3,5,1,05,11,5,0,0,0,1,0,0,0,1
"POINT (8.786569065000039 53.089389945000100)",Unfall 165123 (2022) Kat:2, Licht: 2,165123,2,3,5,02,18,4,0,2,1,0,0,0,0,1
"POINT (8.669757654000019 53.174401725000102)",Unfall 165124 (2022) Kat:3, Licht: 2,165124,3,7,6,04,05,1,0,2,0,1,1,0,0,0
"POINT (8.740432781000040 53.137514913000103)",Unfall 165125 (2022) Kat:3, Licht: 0,165125,3,3,5,05,12,4,0,0,0,1,0,0,0,0
"POINT (8.731779902000030 53.179504260999998)",Unfall 165126 (2022) Kat:3, Licht: 0,165126,3,3,5,06,05,5,0,0,1,1,0,0,0,0
"POINT (8.710278584000040 53.094498221999999)",Unfall 165127 (2022) Kat:2, Licht: 0,165127,2,3,5,03,12,2,1,0,0,1,0,0,0,0
"POINT (8.825508409000070 53.078797766999998)",Unfall 165128 (2022) Kat:3, Licht: 0,165128,3,7,8,07,17,1,0,0,1,1,0,0,0,0
"POINT (8.870513077000060 53.067050635000001)",Unfall 165131 (2022) Kat:3, Licht: 2,165131,3,1,1,02,06,7,0,2,0,1,0,0,0,0
"POINT (8.789672537000060 53.078928449000003)",Unfall 165132 (2022) Kat:3, Licht: 0,165132,3,6,3,06,10,4,0,0,0,1,0,0,1,0
"POINT (8.844612889000080 53.076415161000099)",Unfall 165135 (2022) Kat:3, Licht: 0,165135,3,3,5,03,12,3,0,0,1,1,0,0,0,0
"POINT (8.819285871000030 53.046398433000000)",Unfall 165136 (2022) Kat:3, Licht: 0,165136,3,3,5,05,08,3,0,0,1,0,0,0,0,0
"POINT (8.808219683000059 53.094669771000000)",Unfall 165138 (2022) Kat:3, Licht: 0,165138,3,2,5,03,14,5,0,0,0,1,0,0,0,0
"POINT (8.789029413000041 53.069012982000103)",Unfall 165139 (2022) Kat:3, Licht: 0,165139,3,7,0,07,12,3,0,0,0,0,1,0,0,1
"POINT (8.803181294000071 53.084638349000002)",Unfall 165140 (2022) Kat:3, Licht: 0,165140,3,2,5,07,19,7,0,0,0,1,0,0,0,1
"POINT (8.582389175000060 53.182444148999998)",Unfall 165141 (2022) Kat:3, Licht: 1,165141,3,1,0,05,05,5,0,1,1,0,0,0,0,0
"POINT (8.822673546000029 53.078621794000099)",Unfall 165142 (2022) Kat:3, Licht: 2,165142,3,3,5,01,23,7,1,2,0,1,0,0,0,0
"POINT (8.799156307000031 53.069839582000000)",Unfall 165143 (2022) Kat:3, Licht: 2,165143,3,4,6,02,07,6,1,2,0,1,1,0,0,0
"POINT (8.832245254000039 53.081461312999998)",Unfall 165144 (2022) Kat:3, Licht: 0,165144,3,3,5,04,11,5,1,0,1,1,0,0,0,0
"POINT (8.624486699000039 53.177171102999999)",Unfall 165145 (2022) Kat:2, Licht: 0,165145,2,3,5,06,15,3,0,0,1,1,0,0,0,0
"POINT (8.792651737000030 53.080999301000098)",Unfall 165146 (2022) Kat:3, Licht: 0,165146,3,1,0,05,14,3,0,0,1,0,0,0,0,0
"POINT (8.827326729000051 53.083114024000103)",Unfall 165147 (2022) Kat:3, Licht: 0,165147,3,6,2,02,08,2,0,0,0,1,0,1,0,0
"POINT (8.823069210000030 53.082695111000099)",Unfall 165148 (2022) Kat:3, Licht: 0,165148,3,6,2,05,07,2,0,0,1,1,0,0,0,0
"POINT (8.784922958000040 53.088678643999998)",Unfall 165149 (2022) Kat:2, Licht: 0,165149,2,2,5,01,12,2,1,0,1,1,0,0,0,0
"POINT (8.845746549000070 53.033108442000099)",Unfall 165150 (2022) Kat:3, Licht: 0,165150,3,2,5,03,07,2,0,0,1,1,0,0,0,0
"POINT (8.726711569000029 53.152044424000103)",Unfall 165151 (2022) Kat:3, Licht: 0,165151,3,6,3,06,07,6,0,0,0,1,0,0,0,0
"POINT (8.877940328000021 53.082546351000097)",Unfall 165152 (2022) Kat:3, Licht: 0,165152,3,4,6,04,13,4,0,0,0,1,1,0,0,0
"POINT (8.940232695000081 53.082255732000100)",Unfall 165153 (2022) Kat:3, Licht: 0,165153,3,6,4,06,11,4,0,0,0,1,0,0,0,1
"POINT (8.875855598000040 53.081809988000003)",Unfall 165154 (2022) Kat:3, Licht: 1,165154,3,2,5,05,19,2,0,1,1,1,0,0,0,0
"POINT (8.701361650000020 53.139602654000001)",Unfall 165157 (2022) Kat:2, Licht: 0,165157,2,3,5,04,14,6,0,0,0,1,0,0,0,0
"POINT (8.806939311000059 53.082861604000101)",Unfall 165158 (2022) Kat:3, Licht: 0,165158,3,2,5,05,14,4,0,0,1,1,0,0,0,0
"POINT (8.828872156000051 53.068796112000001)",Unfall 165159 (2022) Kat:3, Licht: 0,165159,3,7,0,06,15,7,0,0,1,0,0,0,0,0
"POINT (8.837339925000039 53.076834040000101)",Unfall 165161 (2022) Kat:2, Licht: 0,165161,2,2,5,03,15,5,0,0,1,0,0,0,1,0
"POINT (8.840710514000021 53.071695331000100)",Unfall 165162 (2022) Kat:3, Licht: 0,165162,3,7,5,07,18,3,0,0,1,1,0,0,0,0
"POINT (8.803828679000050 53.076316384999998)",Unfall 165163 (2022) Kat:3, Licht: 0,165163,3,2,3,06,07,4,0,0,1,1,0,0,0,0
"POINT (8.802624023000019 53.072892190000097)",Unfall 165164 (2022) Kat:3, Licht: 0,165164,3,1,8,06,19,7,0,0,0,1,0,0,0,0
"POINT (8.786275823000040 53.093006138000099)",Unfall 165166 (2022) Kat:3, Licht: 0,165166,3,7,1,05,07,6,0,0,0,1,1,0,0,0
"POINT (8.799787049000029 53.084087152999999)",Unfall 165168 (2022) Kat:3, Licht: 0,165168,3,6,2,03,16,5,0,0,0,1,0,0,0,0
"POINT (8.794948908000039 53.091228875000098)",Unfall 165170 (2022) Kat:3, Licht: 0,165170,3,6,2,04,11,2,0,0,0,1,0,0,0,0
"POINT (8.534367857000060 53.199244196000102)",Unfall 165171 (2022) Kat:2, Licht: 0,165171,2,3,5,06,08,5,0,0,1,1,0,0,0,0
"POINT (8.876994878000060 53.075011650000100)",Unfall 165173 (2022) Kat:3, Licht: 0,165173,3,7,4,01,14,1,0,0,1,0,0,0,0,0
"POINT (8.801876898000049 53.071642355000101)",Unfall 165174 (2022) Kat:3, Licht: 0,165174,3,3,5,02,16,7,0,0,1,0,0,0,0,0
"POINT (8.825146917000041 53.084402367999999)",Unfall 165175 (2022) Kat:2, Licht: 0,165175,2,3,5,04,15,2,0,0,0,0,0,0,0,1
"POINT (8.841151679000060 53.069252741000099)",Unfall 165176 (2022) Kat:3, Licht: 0,165176,3,2,5,06,16,6,0,0,1,0,0,1,0,0
"POINT (8.816944928000050 53.070067569999999)",Unfall 165177 (2022) Kat:3, Licht: 0,165177,3,4,6,05,15,2,0,0,1,0,1,0,0,0
"POINT (8.812725900000030 53.073277756000003)",Unfall 165179 (2022) Kat:3, Licht: 0,165179,3,6,2,03,17,6,0,0,1,1,0,0,0,0
"POINT (8.835137875000040 53.070330411999997)",Unfall 165180 (2022) Kat:3, Licht: 2,165180,3,5,1,06,23,5,0,2,1,1,0,0,0,0
"POINT (8.864848121000019 53.064463551000102)",Unfall 165181 (2022) Kat:3, Licht: 0,165181,3,7,1,04,11,6,0,0,1,1,0,0,0,0
"POINT (8.857177202000059 53.072661898000000)",Unfall 165183 (2022) Kat:3, Licht: 0,165183,3,3,5,05,13,3,0,0,1,1,0,0,0,0
"POINT (8.702223068000020 53.168932650999999)",Unfall 165184 (2022) Kat:3, Licht: 0,165184,3,3,5,01,12,4,0,0,0,1,0,0,0,0
"POINT (8.772630345000040 53.096309058000003)",Unfall 165186 (2022) Kat:3, Licht: 0,165186,3,3,5,04,14,6,0,0,1,1,0,0,0,0
"POINT (8.811193822000060 53.080113727000104)",Unfall 165187 (2022) Kat:3, Licht: 0,165187,3,6,2,05,17,7,0,0,0,1,0,0,0,0
"POINT (8.955966631000020 53.076583339000102)",Unfall 165188 (2022) Kat:3, Licht: 0,165188,3,6,3,03,10,4,0,0,1,1,0,0,0,0
"POINT (8.784082822000070 53.089521203000103)",Unfall 165189 (2022) Kat:3, Licht: 0,165189,3,6,3,06,12,2,0,0,0,1,0,0,1,0
"POINT (8.790015545000070 53.064078981000101)",Unfall 165190 (2022) Kat:3, Licht: 0,165190,3,4,6,03,15,6,0,0,0,0,1,0,0,1
"POINT (8.896909063000070 53.059062842000102)",Unfall 165191 (2022) Kat:3, Licht: 0,165191,3,2,5,07,12,2,1,0,1,0,0,0,0,1
"POINT (8.753438805000030 53.123212222000099)",Unfall 165193 (2022) Kat:3, Licht: 0,165193,3,3,5,02,16,4,1,0,1,0,0,0,0,1
"POINT (8.941642434000070 53.060418036000002)",Unfall 165194 (2022) Kat:3, Licht: 0,165194,3,2,4,06,07,6,0,0,1,1,0,0,0,0
"POINT (8.731049290000040 53.040910097999998)",Unfall 165195 (2022) Kat:2, Licht: 0,165195,2,4,6,05,07,6,0,0,0,1,1,0,0,0
"POINT (8.625057522000080 53.172933008000001)",Unfall 165196 (2022) Kat:3, Licht: 0,165196,3,6,2,01,10,5,1,0,0,1,0,0,0,0
"POINT (8.607260725000060 53.185532680000101)",Unfall 165197 (2022) Kat:3, Licht: 0,165197,3,7,1,03,08,6,0,0,0,1,0,0,0,0
"POINT (8.811373895000029 53.091756138000100)",Unfall 165199 (2022) Kat:3, Licht: 0,165199,3,4,6,03,17,5,0,0,0,1,1,0,0,0
"POINT (8.809055624000051 53.031747119999999)",Unfall 165201 (2022) Kat:3, Licht: 0,165201,3,6,2,07,12,7,0,0,0,1,0,0,0,0
"POINT (8.788159190000041 53.076463870000097)",Unfall 165202 (2022) Kat:3, Licht: 0,165202,3,2,3,05,14,2,0,0,1,1,0,0,0,0