WKT,Name,OBJECTID,UKATEGORIE,UTYP1,UART,UMONAT,USTUNDE,UWOCHENTAG,STRZUSTAND,ULICHTVERH,ISTRAD,ISTPKW,ISTFUSS,ISTKRAD,ISTGKFZ,ISTSONSTIG
"POINT (8.741005446000029 53.052636163000003)",Unfall 165203 (2022) Kat:3, Licht: 2,165203,3,3,5,01,20,6,1,2,0,1,0,0,0,0
"POINT (8.830231689000071 53.077809957000099)",Unfall 165204 (2022) Kat:3, Licht: 0,165204,3,2,5,02,08,5,1,0,1,1,0,0,0,0
"POINT (8.753067976000070 53.117771126999997)",Unfall 165205 (2022) Kat:3, Licht: 0,165205,3,6,3,04,15,3,0,0,0,1,0,0,0,0
"POINT (8.778692250000059 53.094681364000103)",Unfall 165206 (2022) Kat:3, Licht: 1,165206,3,5,1,06,21,7,0,1,0,1,0,1,0,0
"POINT (8.693458295000029 53.085618767000000)",Unfall 165207 (2022) Kat:3, Licht: 0,165207,3,7,1,05,11,2,0,0,0,1,0,1,0,0
"POINT (8.740539669000039 53.054252500000104)",Unfall 165208 (2022) Kat:3, Licht: 0,165208,3,3,6,02,15,2,0,0,0,1,1,0,0,0
"POINT (8.861186699000029 53.064947420000102)",Unfall 165209 (2022) Kat:2, Licht: 2,165209,2,6,3,04,23,6,0,2,0,1,0,0,0,1
"POINT (8.807305510000051 53.082167222000102)",Unfall 165214 (2022) Kat:3, Licht: 0,165214,3,3,5,06,08,4,0,0,0,1,0,0,0,1
"POINT (8.825204625000030 53.084342667000001)",Unfall 165215 (2022) Kat:3, Licht: 0,165215,3,3,5,05,14,2,0,0,1,1,0,0,0,0
"POINT (8.782730781000049 53.104315486000097)",Unfall 165216 (2022) Kat:2, Licht: 2,165216,2,7,6,01,05,1,1,2,0,1,1,0,0,0
"POINT (8.789474949000070 53.082983900000002)",Unfall 165217 (2022) Kat:3, Licht: 2,165217,3,3,5,02,17,4,0,2,1,1,0,0,0,0
"POINT (8.628495926000030 53.175003785000101)",Unfall 165218 (2022) Kat:3, Licht: 0,165218,3,1,0,04,11,3,1,0,1,0,0,0,0,0
"POINT (8.863722237000051 53.106337119999999)",Unfall 165220 (2022) Kat:3, Licht: 0,165220,3,3,5,06,10,1,0,0,0,1,0,0,0,0
"POINT (8.817148323000030 53.078752522000102)",Unfall 165221 (2022) Kat:3, Licht: 0,165221,3,5,1,02,14,4,0,0,0,1,0,0,0,0
"POINT (8.885136697000060 53.072260566000097)",Unfall 165222 (2022) Kat:2, Licht: 0,165222,2,6,3,03,13,2,1,0,0,1,0,0,0,0
"POINT (8.891051498000021 53.081242909000103)",Unfall 165223 (2022) Kat:3, Licht: 0,165223,3,6,6,07,13,3,0,0,1,0,1,0,0,0
"POINT (8.781028247000050 53.101675622000101)",Unfall 165224 (2022) Kat:3, Licht: 0,165224,3,3,5,06,15,3,0,0,1,1,0,0,0,0
"POINT (8.841139758000050 53.081256740000100)",Unfall 165225 (2022) Kat:3, Licht: 0,165225,3,6,2,02,14,7,1,0,0,1,0,0,0,0
"POINT (8.805798774000040 53.073407435000000)",Unfall 165227 (2022) Kat:2, Licht: 0,165227,2,7,0,06,05,1,0,0,1,0,0,0,0,0
"POINT (8.944838949000030 53.078239890000098)",Unfall 165228 (2022) Kat:3, Licht: 0,165228,3,7,0,05,12,3,0,0,1,0,0,0,0,0
"POINT (8.838173688000040 53.031910146000001)",Unfall 165229 (2022) Kat:3, Licht: 2,165229,3,4,6,01,17,4,1,2,0,1,1,0,0,0
"POINT (8.784151663000049 53.103416009999997)",Unfall 165230 (2022) Kat:3, Licht: 2,165230,3,2,3,03,22,3,0,2,0,1,0,0,0,1
"POINT (8.787828161000050 53.062731704000001)",Unfall 165231 (2022) Kat:3, Licht: 0,165231,3,6,2,05,12,6,0,0,0,1,0,1,0,0
"POINT (8.791050272000060 53.091494611000002)",Unfall 165232 (2022) Kat:3, Licht: 0,165232,3,7,0,06,16,3,0,0,1,0,0,0,0,1
"POINT (8.584363328000050 53.181373069000102)",Unfall 165234 (2022) Kat:3, Licht: 0,165234,3,7,0,07,06,6,0,0,1,0,0,0,0,0
"POINT (8.793160572000030 53.092729490000103)",Unfall 165236 (2022) Kat:3, Licht: 1,165236,3,3,5,01,07,2,1,1,0,1,0,0,0,0
"POINT (8.699960367000070 53.171859456999996)",Unfall 165238 (2022) Kat:3, Licht: 0,165238,3,7,0,06,14,5,0,0,1,0,0,0,0,0
"POINT (8.606418359000029 53.184549122000099)",Unfall 165239 (2022) Kat:2, Licht: 0,165239,2,7,0,05,17,5,0,0,1,0,0,0,0,0
"POINT (8.780023296000021 53.105581895000100)",Unfall 165240 (2022) Kat:3, Licht: 0,165240,3,2,3,04,08,3,0,0,0,0,0,1,0,1
"POINT (8.685875467000070 53.173838920999998)",Unfall 165242 (2022) Kat:3, Licht: 0,165242,3,3,5,05,19,1,0,0,0,1,0,0,0,0
"POINT (8.811267038000040 53.081383598999999)",Unfall 165243 (2022) Kat:3, Licht: 0,165243,3,7,1,01,12,3,1,0,0,1,0,0,0,0
"POINT (8.894668901000051 53.059747523000098)",Unfall 165244 (2022) Kat:3, Licht: 0,165244,3,2,5,03,07,2,0,0,0,1,0,0,0,0
"POINT (8.848798811000050 53.093840788000101)",Unfall 165245 (2022) Kat:3, Licht: 0,165245,3,6,2,05,12,7,0,0,1,1,0,0,0,0
"POINT (8.782490214000060 53.104366511000102)",Unfall 165246 (2022) Kat:3, Licht: 0,165246,3,6,3,06,13,4,0,0,0,0,0,1,0,1
"POINT (8.933668637000039 53.088397003000097)",Unfall 165247 (2022) Kat:3, Licht: 0,165247,3,3,5,03,16,6,0,0,1,1,0,0,0,0
"POINT (8.907924780000030 53.054317323000099)",Unfall 165248 (2022) Kat:3, Licht: 0,165248,3,5,1,07,20,2,1,0,1,1,0,0,0,0
"POINT (8.755795209000039 53.079360945000097)",Unfall 165249 (2022) Kat:3, Licht: 2,165249,3,3,5,01,18,7,0,2,0,1,0,0,0,0
"POINT (8.798908046000070 53.085178161999998)",Unfall 165250 (2022) Kat:3, Licht: 0,165250,3,6,3,02,15,3,0,0,0,1,0,0,0,1
"POINT (8.870677927000029 53.091272093999997)",Unfall 165251 (2022) Kat:3, Licht: 0,165251,3,3,5,06,12,6,0,0,1,1,0,0,0,0
"POINT (8.950809526000061 53.087629651999997)",Unfall 165252 (2022) Kat:3, Licht: 0,165252,3,7,0,05,08,1,0,0,1,0,0,0,0,1
"POINT (8.738488879000039 53.134753207000102)",Unfall 165254 (2022) Kat:2, Licht: 0,165254,2,3,5,03,12,2,0,0,1,1,0,0,0,0
"POINT (8.800896810000040 53.068425864000098)",Unfall 165256 (2022) Kat:3, Licht: 0,165256,3,2,4,07,18,2,0,0,1,1,0,0,0,0
"POINT (8.747226443000050 53.093952090000101)",Unfall 165257 (2022) Kat:3, Licht: 1,165257,3,3,5,07,21,4,0,1,0,1,0,0,0,0
"POINT (8.740510275000080 53.047673301000003)",Unfall 165259 (2022) Kat:3, Licht: 2,165259,3,4,6,01,19,5,1,2,0,1,1,0,0,0
"POINT (8.800053839000039 53.070575411000000)",Unfall 165260 (2022) Kat:3, Licht: 0,165260,3,7,0,02,08,4,0,0,0,0,0,0,0,1
"POINT (8.951446823000030 53.063859454000102)",Unfall 165261 (2022) Kat:3, Licht: 0,165261,3,4,6,04,07,6,0,0,1,0,1,0,0,0
"POINT (8.824539751000030 53.084184175000097)",Unfall 165262 (2022) Kat:3, Licht: 0,165262,3,3,5,05,14,2,0,0,1,1,0,0,0,0
"POINT (8.784476153000069 53.104951363000097)",Unfall 165263 (2022) Kat:3, Licht: 0,165263,3,6,4,03,07,4,0,0,1,1,0,0,0,0
"POINT (8.835106383000040 53.073014703000098)",Unfall 165264 (2022) Kat:3, Licht: 0,165264,3,7,0,05,13,2,0,0,1,0,0,0,0,0
"POINT (8.875514707000040 53.082079725000000)",Unfall 165266 (2022) Kat:3, Licht: 0,165266,3,2,6,03,08,6,0,0,0,1,1,0,0,0
"POINT (8.897119089000061 53.114808443000101)",Unfall 165268 (2022) Kat:3, Licht: 0,165268,3,3,5,04,15,4,0,0,1,1,0,0,0,0
"POINT (8.808801329000060 53.074815194999999)",Unfall 165269 (2022) Kat:3, Licht: 0,165269,3,7,0,06,18,5,0,0,0,0,0,0,0,1
"POINT (8.850214642000029 53.085055945000100)",Unfall 165271 (2022) Kat:2, Licht: 0,165271,2,7,0,01,14,3,0,0,0,1,0,0,0,0
"POINT (8.623592544000079 53.169892151000099)",Unfall 165272 (2022) Kat:3, Licht: 2,165272,3,6,2,02,18,6,1,2,0,1,0,0,0,0
"POINT (8.716707961000051 53.134529594000099)",Unfall 165273 (2022) Kat:3, Licht: 0,165273,3,6,2,04,12,3,1,0,0,0,0,0,1,0
"POINT (8.877456006000051 53.101344398000002)",Unfall 165274 (2022) Kat:2, Licht: 0,165274,2,6,2,05,16,4,1,0,0,1,0,0,0,0
"POINT (8.786751596000039 53.083687114000000)",Unfall 165275 (2022) Kat:3, Licht: 0,165275,3,5,1,06,08,5,0,0,1,1,0,0,0,0
"POINT (8.694538798000050 53.168822843999997)",Unfall 165276 (2022) Kat:3, Licht: 0,165276,3,3,5,02,16,3,1,0,1,1,0,0,0,0
"POINT (8.781569377000039 53.101000448000001)",Unfall 165277 (2022) Kat:3, Licht: 2,165277,3,3,5,03,22,2,0,2,0,1,0,0,0,0
"POINT (8.601119671000051 53.184725919000101)",Unfall 165278 (2022) Kat:3, Licht: 0,165278,3,3,5,07,18,3,0,0,1,1,0,0,0,0
"POINT (8.613764177000061 53.174490929000100)",Unfall 165279 (2022) Kat:3, Licht: 0,165279,3,3,5,06,14,3,0,0,1,1,0,0,0,0
"POINT (8.837336405000030 53.076825445000097)",Unfall 165280 (2022) Kat:3, Licht: 0,165280,3,1,0,02,09,2,1,0,1,0,0,0,0,0
"POINT (8.808275605000061 53.072411623999997)",Unfall 165281 (2022) Kat:3, Licht: 0,165281,3,6,4,06,15,7,0,0,1,0,0,0,0,0
"POINT (8.557796678000051 53.189718227000100)",Unfall 165282 (2022) Kat:3, Licht: 0,165282,3,7,0,05,06,2,0,0,0,0,1,0,0,1
"POINT (8.953500753000069 53.074426799000001)",Unfall 165284 (2022) Kat:3, Licht: 0,165284,3,2,5,03,13,6,0,0,1,1,0,0,0,0
"POINT (8.824882288000030 53.034157119000000)",Unfall 165285 (2022) Kat:3, Licht: 0,165285,3,6,4,05,06,6,0,0,0,1,0,0,0,1
"POINT (8.842775878000049 53.072322995000000)",Unfall 165287 (2022) Kat:3, Licht: 0,165287,3,7,5,03,07,4,0,0,1,0,0,0,0,1
"POINT (8.848448846000050 53.050310674000102)",Unfall 165288 (2022) Kat:3, Licht: 2,165288,3,3,5,07,23,4,1,2,0,1,0,0,1,0
"POINT (8.854170201000040 53.082559300000099)",Unfall 165289 (2022) Kat:2, Licht: 0,165289,2,3,5,07,17,4,0,0,1,1,0,0,0,0
"POINT (8.803424865000069 53.096244603000102)",Unfall 165291 (2022) Kat:3, Licht: 0,165291,3,3,5,02,15,2,1,0,1,1,0,0,0,0
"POINT (8.857106762000059 53.072674298000003)",Unfall 165292 (2022) Kat:3, Licht: 0,165292,3,3,5,04,14,5,0,0,1,1,0,0,0,0
"POINT (8.842883211000069 53.081000999000103)",Unfall 165293 (2022) Kat:3, Licht: 0,165293,3,6,2,06,17,4,0,0,0,1,0,0,0,0
"POINT (8.562286948000059 53.192229992000101)",Unfall 165294 (2022) Kat:3, Licht: 0,165294,3,3,0,03,07,4,0,0,0,1,0,1,0,0
"POINT (8.818721055000029 53.083765304000103)",Unfall 165295 (2022) Kat:3, Licht: 0,165295,3,6,3,05,14,5,0,0,1,0,0,0,0,0
"POINT (8.812185236000060 53.078959129000097)",Unfall 165298 (2022) Kat:3, Licht: 0,165298,3,3,5,04,13,4,0,0,1,1,0,0,0,0
"POINT (8.729185617000040 53.128731903000102)",Unfall 165299 (2022) Kat:3, Licht: 0,165299,3,2,4,06,14,5,0,0,0,1,0,0,0,0
"POINT (8.808551633000040 53.082917579000103)",Unfall 165300 (2022) Kat:3, Licht: 0,165300,3,6,3,05,18,2,0,0,0,1,0,0,0,1
"POINT (8.817491278000031 53.083464917000100)",Unfall 165302 (2022) Kat:3, Licht: 1,165302,3,4,6,02,07,6,1,1,0,1,1,0,0,0
"POINT (8.838418082000031 53.067816356999998)",Unfall 165303 (2022) Kat:3, Licht: 0,165303,3,7,1,04,18,2,0,0,0,1,1,0,0,0
"POINT (8.876584637000059 53.081401318000097)",Unfall 165304 (2022) Kat:3, Licht: 0,165304,3,2,3,06,19,5,0,0,1,1,0,0,0,0
"POINT (8.884818965000020 53.049428693999999)",Unfall 165305 (2022) Kat:3, Licht: 0,165305,3,6,3,05,09,4,0,0,0,1,0,0,0,0
"POINT (8.578478444000041 53.185455852000104)",Unfall 165307 (2022) Kat:3, Licht: 0,165307,3,3,5,03,14,5,0,0,1,1,0,0,0,0
"POINT (8.698751611000031 53.155538589999999)",Unfall 165308 (2022) Kat:3, Licht: 1,165308,3,1,0,06,20,4,0,1,1,0,0,0,0,0
"POINT (8.919555896000080 53.098506624000002)",Unfall 165310 (2022) Kat:3, Licht: 0,165310,3,5,1,03,08,5,0,0,1,1,0,0,0,0
"POINT (8.842443988000070 53.046507304999999)",Unfall 165311 (2022) Kat:2, Licht: 0,165311,2,2,5,04,14,3,0,0,1,1,0,0,0,0
"POINT (8.835286671000061 53.068331422000000)",Unfall 165312 (2022) Kat:3, Licht: 0,165312,3,6,4,07,16,1,0,0,1,0,0,0,0,0
"POINT (8.882208097000049 53.100988297000100)",Unfall 165313 (2022) Kat:2, Licht: 0,165313,2,7,0,07,08,5,0,0,1,1,0,0,0,0
"POINT (8.869955984000059 53.064737426000100)",Unfall 165314 (2022) Kat:3, Licht: 0,165314,3,6,2,05,12,2,0,0,0,1,0,0,0,0
"POINT (8.751696966000051 53.084796971000102)",Unfall 165315 (2022) Kat:3, Licht: 2,165315,3,3,5,01,20,1,1,2,0,1,0,1,0,0
"POINT (8.786065741000071 53.071331127000100)",Unfall 165317 (2022) Kat:2, Licht: 0,165317,2,4,6,04,16,4,0,0,1,0,1,0,0,0
"POINT (8.799303416000040 53.069960122000097)",Unfall 165318 (2022) Kat:3, Licht: 0,165318,3,6,2,06,19,5,0,0,0,1,0,0,0,0
"POINT (8.789654354000049 53.068672237999998)",Unfall 165321 (2022) Kat:3, Licht: 0,165321,3,5,1,03,17,5,0,0,1,1,0,0,0,0
"POINT (8.841130493000041 53.072559973000097)",Unfall 165322 (2022) Kat:3, Licht: 0,165322,3,3,5,06,19,3,0,0,0,1,0,0,0,0
"POINT (8.876583354000051 53.078969511000103)",Unfall 165323 (2022) Kat:3, Licht: 0,165323,3,2,3,04,07,3,0,0,1,1,0,0,0,0
"POINT (8.872484519000070 53.085793465999998)",Unfall 165325 (2022) Kat:3, Licht: 0,165325,3,4,6,05,16,6,0,0,1,0,1,0,0,0
"POINT (8.796650615000029 53.056703284999998)",Unfall 165326 (2022) Kat:2, Licht: 1,165326,2,1,0,01,07,3,2,1,1,0,0,0,0,0
"POINT (8.716904324000041 53.095793394000097)",Unfall 165328 (2022) Kat:3, Licht: 0,165328,3,3,5,04,07,6,0,0,0,0,0,0,1,1
"POINT (8.945182549000039 53.058213874000003)",Unfall 165329 (2022) Kat:3, Licht: 0,165329,3,1,2,05,10,1,1,0,0,1,0,0,0,0
"POINT (8.821799295000060 53.082107631000000)",Unfall 165330 (2022) Kat:3, Licht: 2,165330,3,5,1,06,00,1,0,2,0,1,0,0,0,0
"POINT (8.886814616000040 53.034632348999999)",Unfall 165331 (2022) Kat:3, Licht: 2,165331,3,3,5,02,18,3,1,2,1,1,0,0,0,0
"POINT (8.794875822000050 53.065733375999997)",Unfall 165332 (2022) Kat:3, Licht: 0,165332,3,2,6,03,10,7,0,0,0,1,1,0,0,0
"POINT (8.833822136000039 53.081853191999997)",Unfall 165334 (2022) Kat:3, Licht: 0,165334,3,2,5,02,15,6,1,0,1,1,0,0,0,0
"POINT (8.788166694000040 53.076475281000100)",Unfall 165335 (2022) Kat:3, Licht: 0,165335,3,2,2,06,07,3,0,0,0,1,0,0,0,0
"POINT (8.884017691000050 53.040527138000101)",Unfall 165336 (2022) Kat:3, Licht: 0,165336,3,3,5,05,14,3,0,0,1,1,0,0,0,0
"POINT (8.934033423000070 53.038506116000100)",Unfall 165337 (2022) Kat:3, Licht: 0,165337,3,6,2,01,10,3,1,0,0,1,0,0,0,1
"POINT (8.941317024000060 53.067405596000100)",Unfall 165338 (2022) Kat:3, Licht: 0,165338,3,7,0,03,14,6,0,0,0,0,1,1,0,0
"POINT (8.707992006000040 53.176414459000100)",Unfall 165340 (2022) Kat:2, Licht: 0,165340,2,7,3,06,17,2,0,0,0,0,0,1,0,0
"POINT (8.752528047000061 53.112215990999999)",Unfall 165342 (2022) Kat:3, Licht: 0,165342,3,6,3,07,09,3,0,0,0,1,0,0,1,0
"POINT (8.632273064000060 53.186656413999998)",Unfall 165344 (2022) Kat:3, Licht: 0,165344,3,7,3,05,11,2,0,0,1,1,0,0,0,0
"POINT (8.959189787000071 53.041872504000096)",Unfall 165345 (2022) Kat:3, Licht: 0,165345,3,3,5,01,12,3,0,0,1,1,0,0,0,0
"POINT (8.814517693000029 53.081391331000098)",Unfall 165346 (2022) Kat:3, Licht: 0,165346,3,4,6,02,09,5,1,0,0,0,1,0,0,1
"POINT (8.791915862000049 53.082731361000100)",Unfall 165347 (2022) Kat:2, Licht: 0,165347,2,3,5,04,16,7,0,0,1,0,0,0,0,1
"POINT (8.818886226000069 53.111718085000099)",Unfall 165348 (2022) Kat:2, Licht: 0,165348,2,3,5,06,07,4,0,0,0,1,0,1,0,0
"POINT (8.625409553000051 53.181339299999998)",Unfall 165349 (2022) Kat:3, Licht: 1,165349,3,3,5,02,06,6,0,1,1,1,0,0,0,0
"POINT (8.774000428000020 53.101352325000100)",Unfall 165350 (2022) Kat:3, Licht: 0,165350,3,6,2,05,14,5,0,0,0,1,0,0,0,0
"POINT (8.621775189000060 53.181907864999999)",Unfall 165352 (2022) Kat:3, Licht: 0,165352,3,3,5,03,12,5,0,0,0,1,0,0,0,0
"POINT (8.561890333000060 53.183280519000000)",Unfall 165353 (2022) Kat:3, Licht: 2,165353,3,3,5,04,23,6,0,2,0,1,0,0,0,0
"POINT (8.781088127000030 53.060265216000097)",Unfall 165354 (2022) Kat:3, Licht: 0,165354,3,3,5,07,13,6,0,0,0,1,0,0,0,0
"POINT (8.804165742000070 53.072420505000103)",Unfall 165355 (2022) Kat:3, Licht: 0,165355,3,6,3,05,19,1,0,0,1,0,0,0,0,0
"POINT (8.850005437000050 53.070063281000003)",Unfall 165356 (2022) Kat:3, Licht: 0,165356,3,6,2,01,15,7,1,0,0,1,0,0,0,0
"POINT (8.785508146000041 53.073320226000099)",Unfall 165359 (2022) Kat:3, Licht: 0,165359,3,6,2,05,16,3,0,0,0,1,0,0,0,0
"POINT (8.948008103000060 53.064068628000001)",Unfall 165362 (2022) Kat:3, Licht: 0,165362,3,4,6,03,09,7,0,0,0,1,1,0,0,0
"POINT (8.788828059000020 53.104228965000097)",Unfall 165364 (2022) Kat:3, Licht: 0,165364,3,3,5,04,08,6,0,0,1,1,0,0,0,0
"POINT (8.902004850000029 53.059480497000003)",Unfall 165365 (2022) Kat:3, Licht: 2,165365,3,2,5,06,23,4,0,2,0,1,0,0,0,0
"POINT (8.870681007000030 53.067017591000102)",Unfall 165366 (2022) Kat:2, Licht: 0,165366,2,3,5,05,12,2,0,0,1,0,0,0,0,1
"POINT (8.832409930000040 53.086163747999997)",Unfall 165368 (2022) Kat:3, Licht: 2,165368,3,7,0,02,07,5,1,2,1,0,0,0,0,0
"POINT (8.865275281000040 53.082146729999998)",Unfall 165369 (2022) Kat:3, Licht: 0,165369,3,2,5,04,18,3,1,0,1,1,0,0,0,0
"POINT (8.771072249000040 53.093755315000102)",Unfall 165371 (2022) Kat:3, Licht: 0,165371,3,4,6,06,19,6,0,0,0,1,1,0,0,0
"POINT (8.820207156000039 53.084116107000099)",Unfall 165373 (2022) Kat:3, Licht: 0,165373,3,3,5,07,18,2,0,0,1,0,0,0,0,0
"POINT (8.794510052000019 53.091749114999999)",Unfall 165374 (2022) Kat:3, Licht: 0,165374,3,7,9,07,12,2,0,0,0,1,0,0,0,0
"POINT (8.578549423000030 53.185468126000004)",Unfall 165375 (2022) Kat:3, Licht: 1,165375,3,3,5,01,16,2,1,1,0,1,0,0,0,1
"POINT (8.828868752000060 53.041872791000102)",Unfall 165376 (2022) Kat:3, Licht: 1,165376,3,1,2,02,17,5,1,1,0,1,0,0,0,0
"POINT (8.618782519000041 53.177610275000099)",Unfall 165379 (2022) Kat:3, Licht: 2,165379,3,2,5,01,16,4,1,2,1,1,0,0,0,0
"POINT (8.736853587000040 53.045605999000003)",Unfall 165382 (2022) Kat:3, Licht: 0,165382,3,6,2,06,19,7,0,0,0,1,0,0,0,0
"POINT (8.821313268000040 53.081768488000101)",Unfall 165383 (2022) Kat:3, Licht: 0,165383,3,6,3,05,08,5,0,0,1,0,0,0,0,0
"POINT (8.814080581000040 53.081210156000097)",Unfall 165384 (2022) Kat:3, Licht: 2,165384,3,4,6,01,23,6,1,2,0,0,1,1,0,0
"POINT (8.808122198000040 53.094673512000000)",Unfall 165385 (2022) Kat:3, Licht: 0,165385,3,3,0,02,12,6,0,0,0,1,0,0,0,1
"POINT (8.857849614000029 53.049321017000103)",Unfall 165386 (2022) Kat:3, Licht: 0,165386,3,5,2,03,09,5,1,0,1,1,0,0,0,0
"POINT (8.884133882000070 53.100271466999999)",Unfall 165389 (2022) Kat:2, Licht: 1,165389,2,3,5,03,17,6,0,1,1,1,0,0,0,0
"POINT (8.944397114000029 53.078136176000001)",Unfall 165390 (2022) Kat:3, Licht: 0,165390,3,6,4,07,17,7,0,0,1,0,0,0,0,0
"POINT (8.824421073000050 53.097224081000000)",Unfall 165392 (2022) Kat:2, Licht: 0,165392,2,7,7,02,17,4,0,0,1,0,0,0,0,1
"POINT (8.786773424000049 53.074499602000103)",Unfall 165393 (2022) Kat:3, Licht: 0,165393,3,3,5,06,18,4,0,0,1,1,0,0,0,0
"POINT (8.632521364000070 53.181336592999997)",Unfall 165394 (2022) Kat:3, Licht: 0,165394,3,3,5,03,16,4,0,0,1,1,0,0,0,0
"POINT (8.962766550000030 53.055397188000001)",Unfall 165395 (2022) Kat:3, Licht: 0,165395,3,6,2,05,13,1,0,0,0,1,0,0,0,0
"POINT (8.618637648000060 53.176351474999997)",Unfall 165397 (2022) Kat:2, Licht: 0,165397,2,3,5,03,09,3,0,0,1,1,0,0,0,0
"POINT (8.804891272000081 53.100653893000100)",Unfall 165398 (2022) Kat:3, Licht: 2,165398,3,7,0,05,02,1,1,2,1,0,0,0,0,0
"POINT (8.824431970000029 53.084489330000103)",Unfall 165399 (2022) Kat:3, Licht: 0,165399,3,3,5,06,12,3,0,0,1,0,0,0,0,1
"POINT (8.786511118000019 53.083804096000101)",Unfall 165400 (2022) Kat:3, Licht: 0,165400,3,3,5,03,13,4,1,0,1,1,0,0,0,0
"POINT (8.801381791000040 53.071282231000097)",Unfall 165401 (2022) Kat:3, Licht: 0,165401,3,4,6,07,07,1,0,0,0,1,1,0,0,0
"POINT (8.859549786000059 53.082686703000000)",Unfall 165403 (2022) Kat:3, Licht: 0,165403,3,3,5,05,12,4,0,0,1,1,0,0,0,0
"POINT (8.793388190000030 53.066198057000101)",Unfall 165404 (2022) Kat:3, Licht: 0,165404,3,6,2,01,15,2,1,0,0,1,0,0,0,0
"POINT (8.826079050000031 53.068866687000103)",Unfall 165405 (2022) Kat:3, Licht: 0,165405,3,7,0,02,15,4,1,0,1,1,0,0,0,0
"POINT (8.865378118000020 53.097666001000100)",Unfall 165406 (2022) Kat:3, Licht: 0,165406,3,1,4,04,19,5,0,0,0,1,0,1,0,0
"POINT (8.792491659000060 53.073284190999999)",Unfall 165407 (2022) Kat:3, Licht: 2,165407,3,7,0,06,02,2,0,2,0,0,0,0,0,1
"POINT (8.806038614000039 53.074293365000102)",Unfall 165409 (2022) Kat:2, Licht: 0,165409,2,1,0,05,10,5,0,0,0,0,0,1,0,0
"POINT (8.883421660000071 53.110572204999997)",Unfall 165411 (2022) Kat:3, Licht: 0,165411,3,3,5,03,16,5,0,0,0,1,0,0,0,0
"POINT (8.741084254000040 53.052663032000098)",Unfall 165412 (2022) Kat:3, Licht: 0,165412,3,7,0,06,15,7,0,0,0,0,0,0,0,1
"POINT (8.764553402000050 53.083048156000103)",Unfall 165414 (2022) Kat:3, Licht: 0,165414,3,3,5,07,10,6,1,0,1,0,0,1,0,0
"POINT (8.790248839000069 53.079678279000099)",Unfall 165415 (2022) Kat:2, Licht: 0,165415,2,6,2,05,12,5,0,0,0,1,0,0,0,0
"POINT (8.799043783000061 53.069747381000099)",Unfall 165417 (2022) Kat:3, Licht: 0,165417,3,7,1,02,13,6,1,0,1,0,0,0,0,0
"POINT (8.695026801000040 53.142062054000100)",Unfall 165418 (2022) Kat:3, Licht: 0,165418,3,3,5,04,15,4,0,0,0,1,0,0,0,0
"POINT (8.794160308000070 53.074394611999999)",Unfall 165419 (2022) Kat:3, Licht: 0,165419,3,4,6,06,14,6,0,0,0,0,1,0,0,1
"POINT (8.796617839000019 53.089241596000100)",Unfall 165420 (2022) Kat:3, Licht: 0,165420,3,3,5,05,13,3,0,0,1,0,0,0,0,1
"POINT (8.731069901000071 53.135293937000000)",Unfall 165422 (2022) Kat:3, Licht: 0,165422,3,3,5,03,11,6,0,0,0,1,0,0,0,0
"POINT (8.818714630000040 53.077815696000101)",Unfall 165423 (2022) Kat:3, Licht: 0,165423,3,1,0,07,17,3,0,0,0,0,0,1,0,0
"POINT (8.850446411000060 53.038535938999999)",Unfall 165424 (2022) Kat:3, Licht: 0,165424,3,6,2,06,10,2,1,0,0,1,0,0,0,1
"POINT (8.847383277000061 53.068224919999999)",Unfall 165425 (2022) Kat:3, Licht: 0,165425,3,7,0,04,17,6,0,0,0,1,0,0,0,1
"POINT (8.783865403000050 53.103652683000099)",Unfall 165426 (2022) Kat:3, Licht: 1,165426,3,6,3,06,22,1,0,1,0,1,0,0,0,1
"POINT (8.869246975000070 53.074781518000101)",Unfall 165427 (2022) Kat:3, Licht: 0,165427,3,3,5,05,11,2,0,0,1,1,0,0,0,0
"POINT (8.703687604000040 53.172445400000100)",Unfall 165428 (2022) Kat:3, Licht: 0,165428,3,2,0,01,16,5,1,0,1,1,0,0,0,0
"POINT (8.812028201000031 53.090667001000000)",Unfall 165429 (2022) Kat:3, Licht: 1,165429,3,7,1,03,06,3,0,1,1,1,0,0,0,0
"POINT (8.754341286000059 53.120048453999999)",Unfall 165432 (2022) Kat:3, Licht: 0,165432,3,6,3,03,17,1,0,0,1,0,0,0,0,0
"POINT (8.811667958000040 53.030854126000101)",Unfall 165435 (2022) Kat:3, Licht: 0,165435,3,3,5,02,16,5,0,0,1,1,0,0,0,0
"POINT (8.574061660000041 53.198049967000003)",Unfall 165436 (2022) Kat:3, Licht: 0,165436,3,3,5,06,20,5,0,0,0,1,0,0,0,0
"POINT (8.723992317000070 53.083446486000099)",Unfall 165437 (2022) Kat:3, Licht: 0,165437,3,3,5,05,11,6,0,0,0,1,0,0,1,0
"POINT (8.843178774000020 53.072229456999999)",Unfall 165439 (2022) Kat:3, Licht: 0,165439,3,1,1,03,11,4,0,0,1,0,0,0,0,1
"POINT (8.779421460000041 53.105788963000101)",Unfall 165440 (2022) Kat:3, Licht: 0,165440,3,3,6,03,13,3,0,0,0,0,1,0,0,1