WKT,Name,OBJECTID,UKATEGORIE,UTYP1,UART,UMONAT,USTUNDE,UWOCHENTAG,STRZUSTAND,ULICHTVERH,ISTRAD,ISTPKW,ISTFUSS,ISTKRAD,ISTGKFZ,ISTSONSTIG
"POINT (8.814375378000021 53.100935560000003)",Unfall 165441 (2022) Kat:3, Licht: 0,165441,3,6,3,07,15,3,0,0,1,0,0,0,0,0
"POINT (8.900153084000070 53.124129619000001)",Unfall 165442 (2022) Kat:3, Licht: 0,165442,3,3,5,07,15,5,0,0,1,1,0,0,0,0
"POINT (8.792144873000041 53.066167011000097)",Unfall 165443 (2022) Kat:3, Licht: 0,165443,3,6,4,05,17,4,0,0,1,1,0,0,0,0
"POINT (8.715396806000060 53.052806132999997)",Unfall 165444 (2022) Kat:3, Licht: 0,165444,3,4,6,01,15,3,0,0,0,1,1,0,0,0
"POINT (8.885187374000051 53.054253088000102)",Unfall 165445 (2022) Kat:3, Licht: 0,165445,3,7,0,02,13,5,0,0,1,1,0,0,0,0
"POINT (8.820952578000060 53.063538698999999)",Unfall 165447 (2022) Kat:2, Licht: 0,165447,2,1,0,05,11,3,0,0,1,0,0,0,0,0
"POINT (8.877694735000031 53.079885972000099)",Unfall 165448 (2022) Kat:3, Licht: 0,165448,3,6,2,02,10,5,0,0,0,1,0,0,0,0
"POINT (8.793003718000019 53.103239635000101)",Unfall 165449 (2022) Kat:3, Licht: 0,165449,3,4,6,05,07,2,0,0,0,1,1,0,0,0
"POINT (8.836426879000040 53.107554241999999)",Unfall 165452 (2022) Kat:3, Licht: 0,165452,3,3,5,06,11,2,0,0,1,1,0,0,0,0
"POINT (8.562596698000050 53.192022588999997)",Unfall 165454 (2022) Kat:3, Licht: 0,165454,3,4,6,07,18,6,0,0,0,1,1,0,0,0
"POINT (8.782013552000020 53.110057561000097)",Unfall 165455 (2022) Kat:2, Licht: 0,165455,2,7,0,05,19,1,0,0,1,0,0,0,0,0
"POINT (8.827640367000070 53.072566915000003)",Unfall 165456 (2022) Kat:3, Licht: 0,165456,3,3,0,05,11,6,0,0,1,1,0,0,0,0
"POINT (8.943924286000030 53.063902931000001)",Unfall 165457 (2022) Kat:3, Licht: 0,165457,3,1,8,06,10,4,0,0,0,1,0,0,0,0
"POINT (8.852309754000030 53.057194301999999)",Unfall 165458 (2022) Kat:3, Licht: 0,165458,3,6,4,03,07,4,0,0,1,0,0,0,0,0
"POINT (8.872657428000020 53.097097675000001)",Unfall 165461 (2022) Kat:3, Licht: 0,165461,3,7,1,05,12,3,0,0,1,1,0,0,0,0
"POINT (8.889584665000029 53.058100086000103)",Unfall 165462 (2022) Kat:3, Licht: 0,165462,3,7,0,01,14,7,1,0,0,0,0,1,0,0
"POINT (8.894761779000021 53.047464026000100)",Unfall 165464 (2022) Kat:3, Licht: 2,165464,3,1,1,02,06,6,1,2,0,1,0,0,0,0
"POINT (8.624526863000030 53.169978245999999)",Unfall 165465 (2022) Kat:3, Licht: 0,165465,3,2,5,04,10,6,1,0,1,1,0,0,0,0
"POINT (8.853985356000070 53.066091474000103)",Unfall 165466 (2022) Kat:3, Licht: 0,165466,3,3,5,06,19,1,0,0,1,1,0,0,0,0
"POINT (8.832375660000030 53.033551315000103)",Unfall 165467 (2022) Kat:3, Licht: 0,165467,3,2,5,06,16,5,1,0,1,1,0,0,0,0
"POINT (8.790431304000039 53.079917160000001)",Unfall 165468 (2022) Kat:3, Licht: 0,165468,3,3,3,02,14,2,0,0,0,1,0,0,1,0
"POINT (8.807022719000029 53.075293150000000)",Unfall 165469 (2022) Kat:2, Licht: 0,165469,2,7,0,05,18,2,0,0,1,0,0,0,0,0
"POINT (8.876345384000050 53.085851788000099)",Unfall 165471 (2022) Kat:3, Licht: 0,165471,3,3,5,03,07,5,0,0,0,1,0,0,0,0
"POINT (8.817084274000020 53.078782982000099)",Unfall 165472 (2022) Kat:3, Licht: 0,165472,3,6,2,06,14,1,1,0,0,1,0,0,0,0
"POINT (8.801305337000031 53.071464751000100)",Unfall 165473 (2022) Kat:3, Licht: 2,165473,3,3,5,04,22,2,0,2,1,1,0,0,0,0
"POINT (8.808092387000039 53.059496328000101)",Unfall 165477 (2022) Kat:3, Licht: 0,165477,3,6,3,03,13,5,0,0,1,1,0,0,0,0
"POINT (8.756101024000030 53.079385997000003)",Unfall 165479 (2022) Kat:3, Licht: 0,165479,3,2,4,03,06,5,1,0,1,1,0,0,0,0
"POINT (8.788561002000050 53.072905336000098)",Unfall 165480 (2022) Kat:3, Licht: 0,165480,3,3,5,05,09,4,0,0,1,1,0,0,0,0
"POINT (8.898641809000029 53.060716984000102)",Unfall 165481 (2022) Kat:2, Licht: 0,165481,2,3,5,06,10,5,0,0,1,1,0,0,0,0
"POINT (8.812761227000070 53.073300355000100)",Unfall 165483 (2022) Kat:3, Licht: 2,165483,3,2,5,03,00,1,0,2,1,1,0,0,0,0
"POINT (8.805837641000039 53.073280529999998)",Unfall 165485 (2022) Kat:2, Licht: 1,165485,2,7,0,06,05,4,0,1,1,0,0,0,0,0
"POINT (8.906852789000030 53.059529085000101)",Unfall 165486 (2022) Kat:3, Licht: 0,165486,3,6,2,04,18,4,0,0,0,1,0,0,0,0
"POINT (8.718600947000031 53.045898518999998)",Unfall 165487 (2022) Kat:3, Licht: 0,165487,3,2,5,06,18,6,0,0,1,1,0,0,0,0
"POINT (8.768374207000020 53.103127198000003)",Unfall 165488 (2022) Kat:3, Licht: 0,165488,3,1,0,05,17,3,1,0,1,0,0,0,0,0
"POINT (8.740909199000040 53.138294590000001)",Unfall 165489 (2022) Kat:3, Licht: 1,165489,3,7,1,01,16,5,1,1,0,1,0,0,0,0
"POINT (8.873111962000049 53.084733966000002)",Unfall 165491 (2022) Kat:3, Licht: 0,165491,3,3,5,05,15,2,0,0,1,1,0,0,0,0
"POINT (8.820041453000041 53.049775915000097)",Unfall 165492 (2022) Kat:3, Licht: 0,165492,3,7,2,06,06,4,0,0,0,1,0,0,0,1
"POINT (8.754634794000030 53.119798420999999)",Unfall 165493 (2022) Kat:3, Licht: 0,165493,3,7,6,03,12,3,0,0,0,1,1,0,0,0
"POINT (8.686816932000060 53.168106694000102)",Unfall 165494 (2022) Kat:3, Licht: 0,165494,3,3,5,07,13,1,0,0,1,1,0,0,0,0
"POINT (8.914511143000031 53.059598379000100)",Unfall 165495 (2022) Kat:3, Licht: 0,165495,3,6,4,01,14,5,0,0,1,0,0,0,0,0
"POINT (8.575073276000071 53.197455963000003)",Unfall 165497 (2022) Kat:3, Licht: 0,165497,3,7,0,06,20,5,0,0,0,1,1,0,0,0
"POINT (8.809079176000070 53.074080905000102)",Unfall 165498 (2022) Kat:3, Licht: 0,165498,3,7,6,02,08,6,0,0,1,0,1,0,0,0
"POINT (8.914064129000050 53.062678919000099)",Unfall 165499 (2022) Kat:3, Licht: 1,165499,3,3,5,05,05,5,0,1,1,1,0,0,0,0
"POINT (8.853135972000080 53.062507764000003)",Unfall 165501 (2022) Kat:3, Licht: 2,165501,3,4,6,03,00,1,0,2,1,0,1,0,0,0
"POINT (8.801841290000031 53.104512382999999)",Unfall 165502 (2022) Kat:2, Licht: 1,165502,2,6,9,04,20,4,0,1,0,1,0,0,0,0
"POINT (8.809810805000041 53.076935394000003)",Unfall 165504 (2022) Kat:3, Licht: 0,165504,3,6,6,07,11,6,0,0,0,1,1,0,0,0
"POINT (8.736938516000070 53.079739582999999)",Unfall 165505 (2022) Kat:2, Licht: 0,165505,2,2,2,05,15,5,0,0,0,1,0,1,0,0
"POINT (8.853440522000030 53.064913093000001)",Unfall 165506 (2022) Kat:3, Licht: 0,165506,3,2,5,01,08,3,1,0,1,1,0,0,0,0
"POINT (8.797822835000030 53.070696400000003)",Unfall 165507 (2022) Kat:3, Licht: 0,165507,3,3,5,02,09,3,0,0,0,1,0,0,0,0
"POINT (8.740142950000060 53.051410666000002)",Unfall 165510 (2022) Kat:3, Licht: 0,165510,3,2,5,05,13,3,0,0,1,1,0,0,0,0
"POINT (8.823147961000069 53.073159687000000)",Unfall 165512 (2022) Kat:3, Licht: 0,165512,3,7,0,03,07,7,0,0,1,0,0,0,0,0
"POINT (8.853670125000059 53.064865458000000)",Unfall 165513 (2022) Kat:2, Licht: 0,165513,2,2,5,06,15,4,0,0,1,1,0,0,0,0
"POINT (8.778246720000030 53.094831124999999)",Unfall 165514 (2022) Kat:3, Licht: 0,165514,3,6,2,04,14,4,0,0,0,1,0,0,0,0
"POINT (8.855701505000070 53.084406448999999)",Unfall 165516 (2022) Kat:3, Licht: 0,165516,3,5,1,05,12,7,0,0,1,1,0,0,0,0
"POINT (8.886007256000029 53.109643237000100)",Unfall 165517 (2022) Kat:3, Licht: 0,165517,3,2,5,01,12,2,0,0,1,1,0,0,0,0
"POINT (8.804375642000020 53.080779762000098)",Unfall 165518 (2022) Kat:3, Licht: 0,165518,3,2,0,02,11,6,0,0,0,1,0,0,0,1
"POINT (8.788698359000019 53.098150810999996)",Unfall 165519 (2022) Kat:3, Licht: 0,165519,3,2,3,04,13,7,0,0,0,1,0,0,0,1
"POINT (8.881930775000059 53.071676058000001)",Unfall 165520 (2022) Kat:3, Licht: 0,165520,3,6,4,05,16,1,0,0,1,1,0,0,0,0
"POINT (8.740683454000020 53.051697644000100)",Unfall 165521 (2022) Kat:3, Licht: 0,165521,3,7,1,06,17,2,0,0,0,1,0,0,0,1
"POINT (8.800686531000050 53.078641599000001)",Unfall 165522 (2022) Kat:3, Licht: 2,165522,3,4,6,02,18,7,0,2,0,1,1,0,0,0
"POINT (8.926425141000040 53.069682442999998)",Unfall 165523 (2022) Kat:3, Licht: 0,165523,3,5,1,03,10,3,0,0,1,1,0,0,0,0
"POINT (8.950757341000040 53.061497516000003)",Unfall 165527 (2022) Kat:3, Licht: 0,165527,3,7,0,06,19,7,0,0,1,0,0,0,0,0
"POINT (8.786441242000020 53.057027976000001)",Unfall 165528 (2022) Kat:3, Licht: 0,165528,3,3,5,05,08,5,0,0,1,1,0,0,0,0
"POINT (8.899012245000050 53.127468395999998)",Unfall 165529 (2022) Kat:3, Licht: 0,165529,3,2,4,01,13,5,0,0,0,1,0,0,0,0
"POINT (8.852540617000050 53.080298956000000)",Unfall 165532 (2022) Kat:3, Licht: 0,165532,3,5,1,06,19,5,0,0,1,1,0,0,0,0
"POINT (8.858022644000069 53.083691267000098)",Unfall 165534 (2022) Kat:3, Licht: 0,165534,3,6,4,02,13,6,0,0,1,1,0,0,0,0
"POINT (8.801353429000070 53.071600689000000)",Unfall 165535 (2022) Kat:2, Licht: 0,165535,2,2,5,03,11,4,1,0,1,1,0,0,0,0
"POINT (8.838019438000060 53.081721373999997)",Unfall 165536 (2022) Kat:2, Licht: 2,165536,2,5,1,05,04,7,1,2,0,1,0,0,0,1
"POINT (8.764924611000030 53.112896771000102)",Unfall 165537 (2022) Kat:2, Licht: 0,165537,2,4,6,03,17,4,0,0,0,0,1,0,0,1
"POINT (8.866439257000019 53.103663348000097)",Unfall 165538 (2022) Kat:2, Licht: 1,165538,2,2,4,06,20,2,0,1,1,1,0,0,0,0
"POINT (8.839597939000040 53.082912936000099)",Unfall 165539 (2022) Kat:3, Licht: 0,165539,3,6,4,02,14,2,1,0,1,0,0,0,0,0
"POINT (8.870576047000039 53.098213362000102)",Unfall 165540 (2022) Kat:3, Licht: 0,165540,3,3,5,03,10,6,0,0,0,1,0,0,0,1
"POINT (8.882538097000070 53.063641040000000)",Unfall 165541 (2022) Kat:3, Licht: 0,165541,3,3,8,07,16,3,0,0,1,1,0,0,0,0
"POINT (8.765447799000070 53.107426474000100)",Unfall 165542 (2022) Kat:3, Licht: 0,165542,3,2,0,06,15,6,0,0,1,1,0,0,0,0
"POINT (8.788492318000070 53.098386436000098)",Unfall 165543 (2022) Kat:3, Licht: 0,165543,3,6,2,02,13,1,1,0,0,1,0,0,0,0
"POINT (8.852635906000049 53.073716372000000)",Unfall 165544 (2022) Kat:2, Licht: 2,165544,2,7,0,04,22,1,0,2,1,0,0,0,0,0
"POINT (8.771556233000069 53.108611742999997)",Unfall 165545 (2022) Kat:3, Licht: 0,165545,3,1,0,06,18,7,0,0,1,0,0,0,0,0
"POINT (8.813925067000071 53.081160091000100)",Unfall 165547 (2022) Kat:3, Licht: 1,165547,3,4,6,01,16,3,0,1,1,0,1,0,0,0
"POINT (8.827050771000071 53.084841726000001)",Unfall 165548 (2022) Kat:3, Licht: 0,165548,3,6,0,03,08,3,0,0,0,1,0,0,0,1
"POINT (8.818127566000040 53.077730058000000)",Unfall 165549 (2022) Kat:3, Licht: 0,165549,3,3,5,05,13,7,0,0,1,1,0,0,0,0
"POINT (8.799995375000041 53.065215971000001)",Unfall 165550 (2022) Kat:3, Licht: 0,165550,3,3,5,06,13,2,1,0,0,1,0,1,0,0
"POINT (8.809264324000029 53.077887429999997)",Unfall 165551 (2022) Kat:2, Licht: 0,165551,2,7,0,03,13,2,0,0,0,0,0,0,0,1
"POINT (8.891905531000020 53.048830336000002)",Unfall 165552 (2022) Kat:3, Licht: 0,165552,3,3,5,07,08,2,1,0,0,1,0,0,1,0
"POINT (8.837391892000030 53.076968481000101)",Unfall 165553 (2022) Kat:3, Licht: 0,165553,3,6,2,01,12,2,1,0,0,1,0,0,0,0
"POINT (8.880567227000030 53.064627723000100)",Unfall 165554 (2022) Kat:3, Licht: 0,165554,3,6,4,02,07,3,0,0,1,0,0,0,0,1
"POINT (8.817645591000030 53.053207968000002)",Unfall 165556 (2022) Kat:3, Licht: 0,165556,3,7,0,06,17,4,0,0,0,0,0,1,0,0
"POINT (8.847790895000060 53.050570493000102)",Unfall 165557 (2022) Kat:3, Licht: 0,165557,3,3,5,02,08,5,1,0,1,1,0,0,0,0
"POINT (8.802953532000060 53.096438984000002)",Unfall 165558 (2022) Kat:3, Licht: 0,165558,3,6,4,05,19,1,0,0,1,0,0,0,0,0
"POINT (8.736472703000061 53.045137830999998)",Unfall 165560 (2022) Kat:3, Licht: 1,165560,3,6,2,03,18,3,0,1,0,1,0,0,0,0
"POINT (8.898700970000050 53.130888177000003)",Unfall 165562 (2022) Kat:3, Licht: 0,165562,3,6,2,07,08,4,0,0,0,1,0,0,0,0
"POINT (8.786465192000041 53.090832429000002)",Unfall 165564 (2022) Kat:3, Licht: 0,165564,3,4,6,05,16,2,0,0,1,0,1,0,0,0
"POINT (8.787365544000069 53.063454102000001)",Unfall 165566 (2022) Kat:3, Licht: 0,165566,3,6,2,03,14,6,0,0,0,1,0,1,0,0
"POINT (8.777426411000020 53.106526297000102)",Unfall 165567 (2022) Kat:3, Licht: 1,165567,3,6,2,02,17,7,0,1,0,1,0,0,0,0
"POINT (8.579019333000080 53.183620871000102)",Unfall 165568 (2022) Kat:2, Licht: 0,165568,2,3,5,04,16,5,1,0,1,1,0,0,0,0
"POINT (8.849135330000021 53.068436360000099)",Unfall 165569 (2022) Kat:3, Licht: 0,165569,3,7,0,06,17,6,0,0,0,0,0,0,0,1
"POINT (8.597525161000020 53.184836535000002)",Unfall 165572 (2022) Kat:3, Licht: 0,165572,3,3,5,03,07,4,0,0,1,1,0,0,0,0
"POINT (8.857972173000061 53.136469583000100)",Unfall 165574 (2022) Kat:2, Licht: 0,165574,2,6,3,04,15,1,0,0,1,0,0,0,0,0
"POINT (8.788827857000060 53.066556564000102)",Unfall 165575 (2022) Kat:3, Licht: 0,165575,3,3,5,06,10,4,0,0,1,1,0,0,0,0
"POINT (8.887738322000081 53.068394623000103)",Unfall 165577 (2022) Kat:3, Licht: 0,165577,3,3,5,01,15,2,0,0,1,1,0,0,0,0
"POINT (8.572446691000041 53.183712205000099)",Unfall 165580 (2022) Kat:3, Licht: 0,165580,3,3,5,05,16,6,1,0,0,1,0,0,0,0
"POINT (8.876562873000070 53.081424415000100)",Unfall 165581 (2022) Kat:3, Licht: 0,165581,3,3,5,06,08,1,0,0,1,1,0,0,0,0
"POINT (8.740485766000059 53.048745010000097)",Unfall 165582 (2022) Kat:3, Licht: 0,165582,3,7,5,02,11,7,1,0,0,1,0,0,0,1
"POINT (8.939269153000049 53.038329922000102)",Unfall 165583 (2022) Kat:3, Licht: 0,165583,3,5,4,03,17,6,0,0,0,1,0,0,0,1
"POINT (8.944217330000070 53.066115901000003)",Unfall 165584 (2022) Kat:3, Licht: 0,165584,3,6,2,07,15,7,1,0,0,1,0,0,0,0
"POINT (8.558674121000021 53.200936146000103)",Unfall 165585 (2022) Kat:3, Licht: 0,165585,3,1,0,02,15,7,1,0,0,0,0,1,0,0
"POINT (8.738546122000059 53.088410300000099)",Unfall 165586 (2022) Kat:3, Licht: 0,165586,3,7,1,06,08,5,0,0,0,1,0,0,1,0
"POINT (8.900541752000040 53.080389552000000)",Unfall 165587 (2022) Kat:3, Licht: 0,165587,3,1,0,05,08,3,0,0,1,0,0,0,0,0
"POINT (8.734605789000060 53.058706931000103)",Unfall 165588 (2022) Kat:3, Licht: 2,165588,3,4,6,01,19,7,1,2,0,1,1,0,0,0
"POINT (8.823137693000040 53.073189454999998)",Unfall 165589 (2022) Kat:3, Licht: 0,165589,3,2,3,03,15,4,0,0,1,1,0,0,0,0
"POINT (8.702269725000059 53.167693651000000)",Unfall 165590 (2022) Kat:3, Licht: 0,165590,3,3,5,05,17,6,1,0,0,1,0,0,0,0
"POINT (8.887991762000070 53.066740889000101)",Unfall 165592 (2022) Kat:3, Licht: 0,165592,3,3,5,03,07,3,0,0,1,1,0,0,0,0
"POINT (8.789833530000070 53.092713158000002)",Unfall 165593 (2022) Kat:3, Licht: 0,165593,3,3,5,07,13,3,0,0,1,1,0,0,0,0
"POINT (8.789475067000071 53.078657982999999)",Unfall 165594 (2022) Kat:3, Licht: 0,165594,3,6,2,07,13,6,0,0,0,1,0,0,0,0
"POINT (8.801310398000060 53.069005656000101)",Unfall 165595 (2022) Kat:3, Licht: 0,165595,3,6,2,05,09,5,0,0,1,1,0,0,0,0
"POINT (8.768582202000060 53.093944696000101)",Unfall 165597 (2022) Kat:3, Licht: 0,165597,3,3,5,03,12,6,0,0,1,1,0,0,0,0
"POINT (8.811865891000020 53.076952737000099)",Unfall 165598 (2022) Kat:3, Licht: 2,165598,3,2,7,02,22,4,1,2,1,0,0,0,0,0
"POINT (8.928422930000069 53.073113061000100)",Unfall 165599 (2022) Kat:3, Licht: 1,165599,3,3,5,04,20,7,0,1,0,1,0,0,0,0
"POINT (8.788178321000030 53.076492962000003)",Unfall 165600 (2022) Kat:3, Licht: 0,165600,3,3,5,06,19,7,0,0,0,1,0,0,0,0
"POINT (8.747411670000080 53.126075841000002)",Unfall 165601 (2022) Kat:3, Licht: 0,165601,3,6,2,05,14,1,0,0,0,1,0,0,0,0
"POINT (8.819984344000030 53.080882680999999)",Unfall 165604 (2022) Kat:3, Licht: 0,165604,3,3,5,06,06,2,0,0,0,1,0,0,0,0
"POINT (8.944312175000050 53.067090491000002)",Unfall 165605 (2022) Kat:3, Licht: 0,165605,3,3,5,04,08,4,0,0,0,1,0,0,0,0
"POINT (8.831380389000060 53.081245382000098)",Unfall 165606 (2022) Kat:3, Licht: 0,165606,3,3,5,06,16,4,0,0,1,0,0,0,0,1
"POINT (8.752553084000059 53.119654770000103)",Unfall 165607 (2022) Kat:3, Licht: 0,165607,3,6,3,05,18,2,0,0,0,1,0,0,0,0
"POINT (8.801572211000060 53.067992919000098)",Unfall 165609 (2022) Kat:3, Licht: 0,165609,3,4,6,02,12,6,0,0,1,0,1,0,0,0
"POINT (8.627571338000051 53.167669468000000)",Unfall 165610 (2022) Kat:3, Licht: 0,165610,3,4,6,04,17,2,0,0,0,1,1,0,0,0
"POINT (8.799315917000060 53.069970365000103)",Unfall 165611 (2022) Kat:3, Licht: 0,165611,3,7,0,03,09,4,0,0,0,0,0,0,0,1
"POINT (8.969863734000061 53.046686454000103)",Unfall 165613 (2022) Kat:3, Licht: 0,165613,3,3,5,07,15,6,1,0,1,1,0,0,0,0
"POINT (8.728545490000039 53.038919456000002)",Unfall 165614 (2022) Kat:3, Licht: 0,165614,3,2,5,01,10,5,1,0,1,1,0,0,0,0
"POINT (8.882246234000039 53.100974246000099)",Unfall 165615 (2022) Kat:3, Licht: 0,165615,3,2,2,02,15,7,0,0,0,1,0,0,0,0
"POINT (8.542198740000060 53.190298294000101)",Unfall 165616 (2022) Kat:3, Licht: 2,165616,3,1,9,04,01,7,1,2,0,1,0,0,0,0
"POINT (8.540886108000050 53.190693858000003)",Unfall 165619 (2022) Kat:3, Licht: 0,165619,3,2,5,05,19,6,0,0,0,1,0,0,0,1
"POINT (8.811428573000059 53.091779445999997)",Unfall 165621 (2022) Kat:3, Licht: 0,165621,3,7,6,03,17,5,0,0,0,1,1,0,0,0
"POINT (8.625535890000039 53.181237351999997)",Unfall 165622 (2022) Kat:3, Licht: 0,165622,3,6,2,04,10,3,0,0,0,1,0,0,0,0
"POINT (8.866122060000070 53.063932845000103)",Unfall 165623 (2022) Kat:3, Licht: 0,165623,3,5,1,06,15,5,0,0,1,1,0,0,0,0
"POINT (8.802153255000061 53.104984862999999)",Unfall 165624 (2022) Kat:3, Licht: 0,165624,3,6,2,05,17,5,1,0,0,1,0,0,0,0
"POINT (8.562237891000050 53.192267213000001)",Unfall 165625 (2022) Kat:3, Licht: 0,165625,3,2,5,01,10,3,0,0,0,1,0,0,0,0
"POINT (8.808121765000070 53.059511548000003)",Unfall 165626 (2022) Kat:3, Licht: 0,165626,3,3,5,02,14,2,0,0,1,1,0,0,0,0
"POINT (8.804647825000069 53.080726984000101)",Unfall 165628 (2022) Kat:3, Licht: 0,165628,3,7,0,06,08,4,0,0,1,0,0,0,0,0
"POINT (8.617446148000059 53.192284901000100)",Unfall 165629 (2022) Kat:2, Licht: 0,165629,2,4,6,05,15,2,0,0,0,0,1,0,0,1
"POINT (8.819117488000069 53.069619689000000)",Unfall 165631 (2022) Kat:3, Licht: 2,165631,3,7,0,03,19,7,0,2,1,0,0,0,0,0
"POINT (8.937564754000050 53.075352743000103)",Unfall 165632 (2022) Kat:3, Licht: 0,165632,3,4,6,06,07,4,0,0,1,0,1,0,0,0
"POINT (8.777123024000050 53.106620089000003)",Unfall 165633 (2022) Kat:2, Licht: 0,165633,2,2,3,04,14,3,0,0,0,1,0,0,0,1
"POINT (8.736821636000061 53.045569984000103)",Unfall 165634 (2022) Kat:3, Licht: 0,165634,3,7,0,06,20,1,0,0,1,0,0,0,0,0
"POINT (8.718397098000031 53.175072921000002)",Unfall 165635 (2022) Kat:3, Licht: 2,165635,3,3,5,05,03,6,0,2,0,1,0,0,0,0
"POINT (8.824081033000031 53.079228931000003)",Unfall 165636 (2022) Kat:3, Licht: 0,165636,3,3,5,01,09,6,0,0,1,1,0,0,0,0
"POINT (8.816984504000059 53.078830123000003)",Unfall 165637 (2022) Kat:3, Licht: 2,165637,3,2,2,02,18,4,0,2,1,1,0,0,0,0
"POINT (8.829476416000031 53.080580455000103)",Unfall 165638 (2022) Kat:3, Licht: 2,165638,3,5,1,03,02,5,1,2,0,1,0,0,0,0
"POINT (8.825592323000020 53.078922562999999)",Unfall 165639 (2022) Kat:3, Licht: 0,165639,3,7,0,05,20,5,1,0,1,0,0,0,0,0
"POINT (8.647824347000039 53.171488600000004)",Unfall 165640 (2022) Kat:3, Licht: 0,165640,3,3,5,06,19,6,0,0,1,1,0,0,0,0
"POINT (8.864803147000030 53.090638906000002)",Unfall 165641 (2022) Kat:3, Licht: 2,165641,3,7,0,03,20,2,1,2,0,0,0,1,0,0
"POINT (8.827765773000070 53.072528360000000)",Unfall 165642 (2022) Kat:2, Licht: 0,165642,2,7,0,07,16,6,0,0,0,1,0,0,0,1
"POINT (8.869751081000061 53.064227313000103)",Unfall 165643 (2022) Kat:3, Licht: 0,165643,3,7,6,07,16,2,0,0,0,1,1,0,0,0
"POINT (8.853530689000021 53.070755071000100)",Unfall 165644 (2022) Kat:3, Licht: 2,165644,3,3,0,01,19,2,1,2,0,1,1,0,0,1
"POINT (8.855735714000049 53.074038332000001)",Unfall 165645 (2022) Kat:3, Licht: 0,165645,3,6,3,02,15,4,0,0,1,1,0,0,0,0
"POINT (8.863965817000061 53.062762898000102)",Unfall 165646 (2022) Kat:3, Licht: 0,165646,3,6,2,06,10,4,0,0,0,1,0,0,0,1
"POINT (8.854070174000070 53.082548872000103)",Unfall 165647 (2022) Kat:3, Licht: 0,165647,3,3,5,05,18,4,0,0,0,1,0,0,0,1
"POINT (8.739450418000050 53.136391493000097)",Unfall 165648 (2022) Kat:3, Licht: 0,165648,3,3,5,01,10,6,1,0,1,1,0,0,0,0
"POINT (8.716336673000059 53.056499011000000)",Unfall 165650 (2022) Kat:3, Licht: 0,165650,3,3,5,05,19,6,0,0,1,1,0,0,0,0
"POINT (8.703975168000060 53.158134826000001)",Unfall 165651 (2022) Kat:3, Licht: 0,165651,3,2,5,06,13,7,0,0,1,1,0,0,0,0
"POINT (8.809195979000039 53.074702477000102)",Unfall 165652 (2022) Kat:3, Licht: 0,165652,3,4,6,03,13,6,0,0,0,0,1,0,0,1
"POINT (8.940583940000071 53.077614394000101)",Unfall 165653 (2022) Kat:3, Licht: 0,165653,3,2,5,07,18,2,0,0,1,1,0,0,0,0
"POINT (8.839039395000039 53.067699599999997)",Unfall 165654 (2022) Kat:3, Licht: 2,165654,3,5,1,07,23,4,0,2,1,0,0,0,0,1
"POINT (8.790194051000070 53.086031011999999)",Unfall 165655 (2022) Kat:3, Licht: 0,165655,3,1,9,05,19,5,1,0,0,1,0,0,0,0
"POINT (8.822837316000060 53.072922951000102)",Unfall 165656 (2022) Kat:3, Licht: 0,165656,3,1,0,01,10,7,1,0,1,0,0,0,0,0
"POINT (8.808916345000060 53.063567341000102)",Unfall 165657 (2022) Kat:3, Licht: 2,165657,3,5,1,02,18,6,0,2,1,1,0,0,0,0
"POINT (8.897563307000040 53.094237565000100)",Unfall 165658 (2022) Kat:3, Licht: 0,165658,3,3,5,04,10,5,1,0,0,1,0,0,0,0
"POINT (8.871011495000060 53.087422556000000)",Unfall 165659 (2022) Kat:3, Licht: 0,165659,3,2,5,06,17,1,1,0,1,1,0,0,0,0
"POINT (8.802994333000070 53.092657431000099)",Unfall 165660 (2022) Kat:3, Licht: 0,165660,3,7,0,06,12,4,1,0,1,0,0,0,0,0
"POINT (8.860570589000080 53.071981644000097)",Unfall 165661 (2022) Kat:3, Licht: 0,165661,3,3,5,02,07,6,0,0,1,1,0,0,0,0
"POINT (8.769093646000041 53.082687235999998)",Unfall 165662 (2022) Kat:3, Licht: 0,165662,3,3,5,05,08,2,0,0,1,1,0,0,0,0
"POINT (8.759243855000021 53.125254437000102)",Unfall 165664 (2022) Kat:3, Licht: 0,165664,3,3,5,03,08,2,0,0,0,1,0,0,0,0
"POINT (8.864761348000060 53.070933587000098)",Unfall 165665 (2022) Kat:3, Licht: 0,165665,3,6,3,06,17,6,0,0,0,1,0,0,0,0
"POINT (8.959315172000061 53.047316057000003)",Unfall 165666 (2022) Kat:3, Licht: 0,165666,3,6,1,03,16,2,0,0,0,1,0,0,0,0
"POINT (8.574663732000030 53.192838756000100)",Unfall 165667 (2022) Kat:3, Licht: 0,165667,3,3,5,04,12,5,0,0,0,1,0,0,0,0
"POINT (8.686084571000039 53.173313335000003)",Unfall 165669 (2022) Kat:3, Licht: 0,165669,3,3,5,05,16,2,0,0,1,1,0,0,0,0
"POINT (8.844171403000081 53.075391674999999)",Unfall 165670 (2022) Kat:3, Licht: 0,165670,3,2,5,01,11,2,0,0,0,1,0,0,0,1
"POINT (8.892055322000029 53.080102452000098)",Unfall 165671 (2022) Kat:3, Licht: 1,165671,3,7,6,02,07,4,0,1,0,1,1,0,0,0
"POINT (8.808597091000021 53.083096071000099)",Unfall 165672 (2022) Kat:3, Licht: 0,165672,3,2,3,04,12,3,1,0,0,1,0,0,0,1