WKT,Name,OBJECTID,UKATEGORIE,UTYP1,UART,UMONAT,USTUNDE,UWOCHENTAG,STRZUSTAND,ULICHTVERH,ISTRAD,ISTPKW,ISTFUSS,ISTKRAD,ISTGKFZ,ISTSONSTIG
"POINT (8.616391678000070 53.183194334000099)",Unfall 165673 (2022) Kat:3, Licht: 0,165673,3,3,5,05,08,4,0,0,1,1,0,0,0,0
"POINT (8.865545482000069 53.071714413000102)",Unfall 165674 (2022) Kat:3, Licht: 0,165674,3,6,2,06,16,2,0,0,0,1,0,0,0,0
"POINT (8.571026809000051 53.181266186000101)",Unfall 165679 (2022) Kat:2, Licht: 0,165679,2,3,5,04,11,6,0,0,1,1,0,0,0,0
"POINT (8.825258812000071 53.079090134000097)",Unfall 165680 (2022) Kat:3, Licht: 0,165680,3,3,5,06,12,7,0,0,1,0,0,0,0,1
"POINT (8.702159423000071 53.167665808000002)",Unfall 165682 (2022) Kat:3, Licht: 2,165682,3,2,4,01,18,4,1,2,0,1,0,0,0,0
"POINT (8.946666991000029 53.037070735999997)",Unfall 165683 (2022) Kat:3, Licht: 2,165683,3,7,1,03,20,6,0,2,0,1,0,0,0,0
"POINT (8.816822494000061 53.104685541999999)",Unfall 165684 (2022) Kat:3, Licht: 0,165684,3,3,5,05,09,1,0,0,1,0,0,0,0,0
"POINT (8.696494345000080 53.175627964000100)",Unfall 165685 (2022) Kat:3, Licht: 0,165685,3,3,5,06,17,4,0,0,1,1,0,0,0,0
"POINT (8.925543785000061 53.073095883000100)",Unfall 165686 (2022) Kat:3, Licht: 0,165686,3,2,5,03,07,6,0,0,1,1,0,0,0,0
"POINT (8.783986176000040 53.088059770000001)",Unfall 165687 (2022) Kat:3, Licht: 0,165687,3,2,5,07,15,2,1,0,1,1,0,0,0,0
"POINT (8.880376268000020 53.101784710000103)",Unfall 165688 (2022) Kat:3, Licht: 0,165688,3,6,2,07,12,2,0,0,0,1,0,1,0,0
"POINT (8.735469241000031 53.044193661000101)",Unfall 165691 (2022) Kat:3, Licht: 0,165691,3,6,2,05,15,3,0,0,0,1,0,0,0,0
"POINT (8.773659062000039 53.108498437999998)",Unfall 165693 (2022) Kat:3, Licht: 0,165693,3,4,6,03,14,5,0,0,0,1,1,0,0,0
"POINT (8.876504100000030 53.052355036000101)",Unfall 165694 (2022) Kat:2, Licht: 2,165694,2,1,0,06,23,3,0,2,0,1,0,0,0,0
"POINT (8.787867175000031 53.076712198000102)",Unfall 165695 (2022) Kat:3, Licht: 0,165695,3,6,2,04,18,2,0,0,0,1,0,1,0,0
"POINT (8.783340646000060 53.103941781000103)",Unfall 165696 (2022) Kat:3, Licht: 0,165696,3,6,2,06,13,4,0,0,0,1,0,0,0,0
"POINT (8.910786350000020 53.039410025999999)",Unfall 165697 (2022) Kat:3, Licht: 1,165697,3,6,2,05,21,2,0,1,0,1,0,0,0,0
"POINT (8.833414854000070 53.081746988000098)",Unfall 165700 (2022) Kat:3, Licht: 0,165700,3,7,2,04,12,4,0,0,0,1,0,0,0,1
"POINT (8.805235888000031 53.077191054000103)",Unfall 165701 (2022) Kat:3, Licht: 0,165701,3,7,0,05,11,3,1,0,1,0,0,0,0,0
"POINT (8.786461381000040 53.095435984000098)",Unfall 165702 (2022) Kat:3, Licht: 0,165702,3,2,5,06,12,6,0,0,1,1,0,0,0,0
"POINT (8.836770736000060 53.082551621000100)",Unfall 165703 (2022) Kat:3, Licht: 0,165703,3,1,0,03,15,6,0,0,1,1,0,0,0,0
"POINT (8.851197714000021 53.116636128000003)",Unfall 165704 (2022) Kat:3, Licht: 0,165704,3,2,5,07,13,1,0,0,1,0,0,0,0,0
"POINT (8.777151638000021 53.063636252000002)",Unfall 165705 (2022) Kat:3, Licht: 0,165705,3,6,3,07,11,1,0,0,1,1,0,0,0,0
"POINT (8.779678127000070 53.084733499000002)",Unfall 165706 (2022) Kat:3, Licht: 1,165706,3,3,5,01,18,5,1,1,0,1,0,0,0,0
"POINT (8.805802024000061 53.081374531999998)",Unfall 165709 (2022) Kat:3, Licht: 0,165709,3,6,2,05,15,7,1,0,0,1,0,1,0,0
"POINT (8.834973657000029 53.096547724000096)",Unfall 165710 (2022) Kat:3, Licht: 2,165710,3,6,4,01,22,5,1,2,1,0,0,0,0,0
"POINT (8.785359422000059 53.070913174000097)",Unfall 165711 (2022) Kat:3, Licht: 0,165711,3,3,5,03,15,3,0,0,1,1,0,0,0,0
"POINT (8.878571847000050 53.078928452000099)",Unfall 165713 (2022) Kat:3, Licht: 0,165713,3,3,6,03,07,5,0,0,0,1,1,0,0,0
"POINT (8.954453331000019 53.062793020000100)",Unfall 165714 (2022) Kat:3, Licht: 0,165714,3,5,0,07,17,7,0,0,1,1,0,0,0,0
"POINT (8.816249654000050 53.079163119999997)",Unfall 165716 (2022) Kat:3, Licht: 0,165716,3,3,5,05,10,3,0,0,1,0,0,0,0,0
"POINT (8.824141670000071 53.073035837000099)",Unfall 165717 (2022) Kat:3, Licht: 0,165717,3,1,1,01,16,6,1,0,1,1,0,0,0,0
"POINT (8.556354906000021 53.186342387000103)",Unfall 165718 (2022) Kat:3, Licht: 0,165718,3,1,9,02,09,6,1,0,0,1,0,0,0,0
"POINT (8.824117624000049 53.079221320999999)",Unfall 165725 (2022) Kat:3, Licht: 0,165725,3,3,5,06,10,3,0,0,1,1,0,0,0,0
"POINT (8.729212823000070 53.085698347000097)",Unfall 165726 (2022) Kat:3, Licht: 0,165726,3,3,5,04,07,5,0,0,1,1,0,0,0,0
"POINT (8.827802535000050 53.072517058000102)",Unfall 165727 (2022) Kat:3, Licht: 0,165727,3,5,1,06,17,5,0,0,1,1,0,0,0,0
"POINT (8.801930388000070 53.086566802000000)",Unfall 165728 (2022) Kat:3, Licht: 0,165728,3,6,3,05,08,2,0,0,1,0,0,0,0,0
"POINT (8.964290582000050 53.062511057000101)",Unfall 165729 (2022) Kat:3, Licht: 0,165729,3,7,0,01,11,2,1,0,0,0,0,0,0,1
"POINT (8.794535185000029 53.094820153000100)",Unfall 165730 (2022) Kat:3, Licht: 1,165730,3,6,3,03,06,5,0,1,0,1,0,0,1,0
"POINT (8.873278230000039 53.067205598999998)",Unfall 165731 (2022) Kat:2, Licht: 2,165731,2,2,5,01,07,2,1,2,1,0,0,0,0,0
"POINT (8.844117786000030 53.075177354000097)",Unfall 165732 (2022) Kat:3, Licht: 0,165732,3,5,1,04,18,1,0,0,1,1,0,0,0,0
"POINT (8.790502372000050 53.095970024000103)",Unfall 165733 (2022) Kat:3, Licht: 0,165733,3,2,5,05,06,4,0,0,0,1,0,0,0,0
"POINT (8.566282177000060 53.187729268000098)",Unfall 165734 (2022) Kat:3, Licht: 0,165734,3,3,5,06,21,1,0,0,0,1,0,0,0,0
"POINT (8.826940460000060 53.034271947000001)",Unfall 165735 (2022) Kat:3, Licht: 2,165735,3,3,5,02,19,2,1,2,1,1,0,0,0,0
"POINT (8.688415851000061 53.169680770000099)",Unfall 165736 (2022) Kat:2, Licht: 0,165736,2,3,5,03,10,2,1,0,1,1,0,0,0,0
"POINT (8.758985923000070 53.119286271000099)",Unfall 165737 (2022) Kat:3, Licht: 0,165737,3,7,5,07,16,3,0,0,1,1,0,0,0,0
"POINT (8.784069941000039 53.075572373999997)",Unfall 165738 (2022) Kat:3, Licht: 0,165738,3,2,5,06,07,3,0,0,1,1,0,0,0,0
"POINT (8.578295472000040 53.206808326000001)",Unfall 165740 (2022) Kat:3, Licht: 0,165740,3,3,6,06,06,2,0,0,1,0,1,0,0,0
"POINT (8.731058633000030 53.040918558999998)",Unfall 165741 (2022) Kat:3, Licht: 0,165741,3,6,2,05,15,2,0,0,0,1,0,0,0,0
"POINT (8.671490434000081 53.174329171000103)",Unfall 165742 (2022) Kat:3, Licht: 0,165742,3,6,2,01,12,4,1,0,0,1,0,0,0,0
"POINT (8.800730256000071 53.071134278000002)",Unfall 165743 (2022) Kat:3, Licht: 0,165743,3,6,3,03,11,6,0,0,0,1,0,1,0,0
"POINT (8.739271087000080 53.136490642000098)",Unfall 165745 (2022) Kat:3, Licht: 0,165745,3,4,6,06,16,3,0,0,0,1,1,0,0,0
"POINT (8.584586478000061 53.181472812999999)",Unfall 165746 (2022) Kat:3, Licht: 0,165746,3,3,5,03,10,3,0,0,1,1,0,0,0,0
"POINT (8.811573732000060 53.081640127000099)",Unfall 165747 (2022) Kat:3, Licht: 0,165747,3,3,5,07,19,2,0,0,0,1,0,0,0,1
"POINT (8.784109234000031 53.089505615000100)",Unfall 165748 (2022) Kat:3, Licht: 0,165748,3,3,5,07,10,3,0,0,1,1,0,0,0,0
"POINT (8.791217842000041 53.091579670999998)",Unfall 165749 (2022) Kat:3, Licht: 2,165749,3,2,5,01,20,4,0,2,1,1,0,0,0,0
"POINT (8.950399520000079 53.057936368000099)",Unfall 165750 (2022) Kat:3, Licht: 0,165750,3,6,4,02,10,4,1,0,1,1,0,0,0,0
"POINT (8.809026945000030 53.074750756000100)",Unfall 165753 (2022) Kat:3, Licht: 2,165753,3,1,0,05,00,1,0,2,1,0,0,0,0,0
"POINT (8.837315627000070 53.076881073999999)",Unfall 165755 (2022) Kat:3, Licht: 2,165755,3,3,5,03,02,1,0,2,0,1,0,0,0,1
"POINT (8.927947571000059 53.089820785000001)",Unfall 165756 (2022) Kat:3, Licht: 0,165756,3,4,6,04,13,3,0,0,0,1,1,0,0,0
"POINT (8.853151580000031 53.062556356000101)",Unfall 165757 (2022) Kat:3, Licht: 0,165757,3,6,4,07,17,4,0,0,1,0,0,1,0,0
"POINT (8.781565631000030 53.077730875999997)",Unfall 165758 (2022) Kat:3, Licht: 0,165758,3,3,5,07,19,6,0,0,1,1,0,0,0,0
"POINT (8.947602695000059 53.064294433000001)",Unfall 165759 (2022) Kat:3, Licht: 0,165759,3,2,5,05,17,5,1,0,1,1,0,0,0,0
"POINT (8.876085025000069 53.082136413999997)",Unfall 165761 (2022) Kat:3, Licht: 0,165761,3,2,5,02,15,4,1,0,1,1,0,0,0,0
"POINT (8.787913415000050 53.076500398000100)",Unfall 165762 (2022) Kat:3, Licht: 0,165762,3,6,2,04,11,6,0,0,0,1,0,0,0,0
"POINT (8.593973893000051 53.183989269000101)",Unfall 165763 (2022) Kat:3, Licht: 0,165763,3,6,4,06,16,6,0,0,0,1,0,0,0,0
"POINT (8.818129001000051 53.046738818999998)",Unfall 165765 (2022) Kat:2, Licht: 0,165765,2,2,4,01,12,5,1,0,0,1,0,0,0,0
"POINT (8.677375037000051 53.173310731000100)",Unfall 165766 (2022) Kat:3, Licht: 2,165766,3,6,4,02,17,4,1,2,1,0,0,0,0,0
"POINT (8.829880391000071 53.077859449000101)",Unfall 165767 (2022) Kat:3, Licht: 2,165767,3,2,2,06,22,6,0,2,0,1,0,1,0,0
"POINT (8.819777858000069 53.049202098000102)",Unfall 165768 (2022) Kat:3, Licht: 0,165768,3,6,2,05,10,5,0,0,0,1,0,0,0,0
"POINT (8.571657126000050 53.181330586000101)",Unfall 165770 (2022) Kat:3, Licht: 0,165770,3,6,2,03,16,3,0,0,0,1,0,0,0,1
"POINT (8.809539372000071 53.077278632000102)",Unfall 165771 (2022) Kat:3, Licht: 0,165771,3,7,0,03,11,4,0,0,0,1,1,0,0,0
"POINT (8.932729987000069 53.065118419999997)",Unfall 165772 (2022) Kat:3, Licht: 0,165772,3,3,5,07,12,2,0,0,0,1,0,1,0,0
"POINT (8.825034441000071 53.084584865000103)",Unfall 165775 (2022) Kat:3, Licht: 2,165775,3,7,0,01,22,5,2,2,1,0,0,0,0,0
"POINT (8.780446436000030 53.063583911000102)",Unfall 165776 (2022) Kat:3, Licht: 0,165776,3,3,5,02,09,7,0,0,0,1,0,0,0,1
"POINT (8.864783885000071 53.095473669000100)",Unfall 165777 (2022) Kat:3, Licht: 0,165777,3,7,0,04,15,2,0,0,1,1,0,0,0,0
"POINT (8.902051240000050 53.072702915999997)",Unfall 165778 (2022) Kat:3, Licht: 0,165778,3,3,5,05,14,3,0,0,1,1,0,0,0,0
"POINT (8.818824442000050 53.051861133000003)",Unfall 165780 (2022) Kat:3, Licht: 2,165780,3,2,5,05,21,4,0,2,0,1,0,0,0,1
"POINT (8.885418601000030 53.049999950000000)",Unfall 165782 (2022) Kat:3, Licht: 0,165782,3,5,1,03,16,6,0,0,0,1,0,0,0,0
"POINT (8.624513763000040 53.177214538999998)",Unfall 165783 (2022) Kat:3, Licht: 0,165783,3,2,5,06,06,3,0,0,1,1,0,0,0,0
"POINT (8.790978195000040 53.067876104000000)",Unfall 165784 (2022) Kat:3, Licht: 0,165784,3,3,5,04,13,4,0,0,1,1,0,0,0,0
"POINT (8.824470857000049 53.084256079000099)",Unfall 165785 (2022) Kat:3, Licht: 0,165785,3,2,5,07,08,6,0,0,1,1,0,0,0,0
"POINT (8.743408519000070 53.137442471999996)",Unfall 165786 (2022) Kat:3, Licht: 0,165786,3,2,2,05,12,1,0,0,0,1,0,1,0,0
"POINT (8.869830792000069 53.097248643000100)",Unfall 165787 (2022) Kat:3, Licht: 1,165787,3,2,5,01,07,5,0,1,0,1,1,0,0,0
"POINT (8.856454435000050 53.082384044999998)",Unfall 165789 (2022) Kat:3, Licht: 0,165789,3,6,2,02,15,7,1,0,0,1,0,1,0,0
"POINT (8.780436249000051 53.063577506000101)",Unfall 165790 (2022) Kat:3, Licht: 0,165790,3,3,5,03,12,4,1,0,0,1,0,0,0,0
"POINT (8.624451613000080 53.176698840000000)",Unfall 165794 (2022) Kat:3, Licht: 0,165794,3,2,5,03,17,6,0,0,1,1,0,0,0,0
"POINT (8.750087486000041 53.125852694000102)",Unfall 165795 (2022) Kat:3, Licht: 0,165795,3,3,5,07,19,3,0,0,1,1,0,0,0,0
"POINT (8.793952424000050 53.103188805999999)",Unfall 165797 (2022) Kat:3, Licht: 0,165797,3,1,9,03,17,1,0,0,0,0,0,1,0,0
"POINT (8.824249859000080 53.075162122000101)",Unfall 165798 (2022) Kat:3, Licht: 0,165798,3,6,2,02,13,3,1,0,1,1,0,0,0,0
"POINT (8.640168022000070 53.173172285000099)",Unfall 165799 (2022) Kat:3, Licht: 2,165799,3,7,0,04,04,3,0,2,1,0,0,0,0,0
"POINT (8.851577039000061 53.065029045000102)",Unfall 165800 (2022) Kat:3, Licht: 0,165800,3,4,6,06,17,6,0,0,1,0,1,0,0,0
"POINT (8.907814694000020 53.082143293000101)",Unfall 165802 (2022) Kat:2, Licht: 0,165802,2,3,5,01,06,3,1,0,0,1,0,0,0,1
"POINT (8.951620706000030 53.057865143000100)",Unfall 165805 (2022) Kat:3, Licht: 0,165805,3,6,2,06,16,3,0,0,0,1,0,0,0,0
"POINT (8.875500346000020 53.082081340999999)",Unfall 165806 (2022) Kat:3, Licht: 0,165806,3,2,5,03,07,4,0,0,1,1,0,0,0,0
"POINT (8.870606157000051 53.091363338000100)",Unfall 165807 (2022) Kat:3, Licht: 0,165807,3,2,5,07,16,2,0,0,1,1,0,0,0,0
"POINT (8.627935401000061 53.171856492000103)",Unfall 165808 (2022) Kat:3, Licht: 2,165808,3,3,5,01,00,7,1,2,1,1,0,0,0,0
"POINT (8.809299934000020 53.074652778000001)",Unfall 165809 (2022) Kat:3, Licht: 2,165809,3,3,5,02,18,3,0,2,1,0,0,0,0,1
"POINT (8.738957254000070 53.047751672000103)",Unfall 165810 (2022) Kat:3, Licht: 0,165810,3,6,2,04,09,4,0,0,0,1,0,0,0,1
"POINT (8.943490607000060 53.066467242999998)",Unfall 165812 (2022) Kat:3, Licht: 2,165812,3,6,2,02,18,5,1,2,0,1,0,0,0,0
"POINT (8.880417858000040 53.060494585000100)",Unfall 165815 (2022) Kat:3, Licht: 0,165815,3,6,3,03,08,2,0,0,1,0,0,0,0,1
"POINT (8.790439938000080 53.086280182000102)",Unfall 165816 (2022) Kat:3, Licht: 0,165816,3,6,2,04,18,4,0,0,0,1,0,0,0,0
"POINT (8.777417322000080 53.106685515000002)",Unfall 165817 (2022) Kat:3, Licht: 2,165817,3,6,2,07,00,6,1,2,0,1,0,0,0,0
"POINT (8.830794931000071 53.081515829000097)",Unfall 165819 (2022) Kat:3, Licht: 1,165819,3,7,0,01,08,2,1,1,0,1,0,0,0,1
"POINT (8.795580262000041 53.067596673000097)",Unfall 165821 (2022) Kat:3, Licht: 2,165821,3,4,6,02,18,5,0,2,0,1,1,0,0,0
"POINT (8.849274317000040 53.085241879000101)",Unfall 165823 (2022) Kat:3, Licht: 0,165823,3,4,6,06,18,5,0,0,0,0,1,0,0,1
"POINT (8.763543470000061 53.108971926999999)",Unfall 165824 (2022) Kat:3, Licht: 0,165824,3,3,5,05,12,2,0,0,1,1,0,0,0,0
"POINT (8.869056877000050 53.086468965999998)",Unfall 165826 (2022) Kat:3, Licht: 0,165826,3,4,6,03,09,6,0,0,0,1,1,0,0,0
"POINT (8.758056444000029 53.058204013000100)",Unfall 165828 (2022) Kat:3, Licht: 1,165828,3,3,5,04,06,4,0,1,1,1,0,0,0,0
"POINT (8.785303888000040 53.102073195000102)",Unfall 165829 (2022) Kat:3, Licht: 0,165829,3,6,2,06,15,2,1,0,0,1,0,0,0,0
"POINT (8.792062999000050 53.075191647000104)",Unfall 165830 (2022) Kat:3, Licht: 0,165830,3,4,6,05,13,6,0,0,0,1,1,0,0,0
"POINT (8.876532987000081 53.081041132000102)",Unfall 165831 (2022) Kat:3, Licht: 0,165831,3,3,5,01,15,6,0,0,1,1,0,0,0,0
"POINT (8.728519788000030 53.178013726000103)",Unfall 165832 (2022) Kat:3, Licht: 2,165832,3,3,5,02,17,6,1,2,0,1,1,0,0,0
"POINT (8.871185716000070 53.061765557999998)",Unfall 165833 (2022) Kat:3, Licht: 0,165833,3,4,6,04,16,1,0,0,1,0,1,0,0,0
"POINT (8.895864818000060 53.113733103000101)",Unfall 165834 (2022) Kat:3, Licht: 0,165834,3,1,8,05,15,7,0,0,0,1,0,0,0,0
"POINT (8.736167952000070 53.047519024000103)",Unfall 165835 (2022) Kat:2, Licht: 0,165835,2,6,3,06,08,6,0,0,1,0,0,0,0,0
"POINT (8.757100409000030 53.115951879000100)",Unfall 165836 (2022) Kat:3, Licht: 0,165836,3,4,6,03,10,2,1,0,0,1,1,0,0,0
"POINT (8.841217443000060 53.035413382999998)",Unfall 165837 (2022) Kat:3, Licht: 0,165837,3,6,4,07,16,6,0,0,1,0,0,0,0,0
"POINT (8.790023574000029 53.096786444000003)",Unfall 165839 (2022) Kat:3, Licht: 0,165839,3,2,5,02,11,6,1,0,1,0,0,0,0,1
"POINT (8.729154344000049 53.085713638000101)",Unfall 165841 (2022) Kat:3, Licht: 0,165841,3,3,5,03,11,6,0,0,1,0,0,0,1,0
"POINT (8.775497079000051 53.090930575000101)",Unfall 165842 (2022) Kat:2, Licht: 0,165842,2,6,3,06,06,6,0,0,1,0,0,0,0,1
"POINT (8.775565565000020 53.060476356000002)",Unfall 165843 (2022) Kat:3, Licht: 0,165843,3,3,5,04,08,3,0,0,0,1,0,0,0,0
"POINT (8.733951544000041 53.134444561000102)",Unfall 165844 (2022) Kat:3, Licht: 0,165844,3,6,2,06,12,4,0,0,0,1,0,0,0,1
"POINT (8.785899240000051 53.102873116000097)",Unfall 165845 (2022) Kat:3, Licht: 0,165845,3,3,5,05,13,6,0,0,1,1,0,0,0,0
"POINT (8.569143588000030 53.181205777999999)",Unfall 165846 (2022) Kat:3, Licht: 0,165846,3,7,0,01,09,3,2,0,1,0,0,0,0,0
"POINT (8.762358024000040 53.115746155000103)",Unfall 165847 (2022) Kat:3, Licht: 2,165847,3,3,5,02,20,6,1,2,1,1,0,0,0,0
"POINT (8.808680561000070 53.072268088000001)",Unfall 165848 (2022) Kat:3, Licht: 2,165848,3,1,9,04,01,7,0,2,0,0,0,0,0,1
"POINT (8.849948484000040 53.085031435000097)",Unfall 165849 (2022) Kat:2, Licht: 0,165849,2,3,5,05,08,4,0,0,1,1,0,0,0,0
"POINT (8.886323992000030 53.071465408999998)",Unfall 165850 (2022) Kat:3, Licht: 0,165850,3,2,6,06,16,2,0,0,0,1,1,0,0,0
"POINT (8.894321207000081 53.050858949000002)",Unfall 165851 (2022) Kat:3, Licht: 0,165851,3,7,0,02,14,3,1,0,1,0,0,0,0,0
"POINT (8.788827890000050 53.104228421000101)",Unfall 165853 (2022) Kat:3, Licht: 1,165853,3,3,5,07,06,1,0,1,1,1,0,0,0,0
"POINT (8.796515423000070 53.086887320000102)",Unfall 165855 (2022) Kat:3, Licht: 1,165855,3,6,3,02,07,3,0,1,0,1,0,0,0,1
"POINT (8.819102826000060 53.080364633000002)",Unfall 165856 (2022) Kat:3, Licht: 0,165856,3,3,5,06,12,3,0,0,1,0,0,0,0,0
"POINT (8.819566678000060 53.038342498000098)",Unfall 165857 (2022) Kat:3, Licht: 0,165857,3,6,2,05,16,5,0,0,0,1,0,0,0,0
"POINT (8.922173223000071 53.091475385000102)",Unfall 165858 (2022) Kat:3, Licht: 2,165858,3,7,0,01,06,6,1,2,1,0,0,0,0,0
"POINT (8.730675416000050 53.042632001000101)",Unfall 165859 (2022) Kat:3, Licht: 1,165859,3,7,0,03,18,6,0,1,0,0,1,0,0,1
"POINT (8.872606431000071 53.061280474999997)",Unfall 165860 (2022) Kat:3, Licht: 0,165860,3,1,9,05,07,1,0,0,0,1,0,0,1,0
"POINT (8.812229497000031 53.086693998999998)",Unfall 165861 (2022) Kat:3, Licht: 0,165861,3,7,0,06,12,4,0,0,0,0,0,1,0,0
"POINT (8.847533663000039 53.050224429000103)",Unfall 165863 (2022) Kat:3, Licht: 0,165863,3,3,5,07,14,4,0,0,0,1,0,0,0,1
"POINT (8.567784413000030 53.181672702000100)",Unfall 165864 (2022) Kat:3, Licht: 0,165864,3,7,0,07,18,4,0,0,0,0,0,0,0,1
"POINT (8.763659777000040 53.123086919999999)",Unfall 165865 (2022) Kat:3, Licht: 0,165865,3,3,5,05,15,2,0,0,1,1,0,0,0,0
"POINT (8.621007308000060 53.171805285000097)",Unfall 165866 (2022) Kat:3, Licht: 0,165866,3,7,0,01,13,3,0,0,0,0,1,0,0,1
"POINT (8.954744498000030 53.075052121000098)",Unfall 165868 (2022) Kat:3, Licht: 2,165868,3,7,0,02,19,7,0,2,1,1,0,0,0,0
"POINT (8.855789564000080 53.103403856000099)",Unfall 165869 (2022) Kat:3, Licht: 0,165869,3,3,5,04,16,4,0,0,0,1,0,0,0,1
"POINT (8.934453060000070 53.069465643999997)",Unfall 165870 (2022) Kat:3, Licht: 0,165870,3,2,4,06,20,4,0,0,1,1,0,0,0,0
"POINT (8.875830074000021 53.074734671999998)",Unfall 165871 (2022) Kat:3, Licht: 0,165871,3,4,6,02,15,7,0,0,0,1,1,0,0,0
"POINT (8.840722001000071 53.104900641000000)",Unfall 165872 (2022) Kat:3, Licht: 0,165872,3,3,5,05,17,5,0,0,1,1,0,0,0,0
"POINT (8.831579076000031 53.085944530000098)",Unfall 165875 (2022) Kat:2, Licht: 0,165875,2,7,0,04,07,2,1,0,1,0,0,0,0,0
"POINT (8.739302773000080 53.135656213000097)",Unfall 165876 (2022) Kat:3, Licht: 0,165876,3,7,6,06,15,4,0,0,0,1,1,0,0,0
"POINT (8.778558726000030 53.094671120000001)",Unfall 165877 (2022) Kat:2, Licht: 2,165877,2,7,0,05,21,4,0,2,0,0,0,0,0,1
"POINT (8.799232968000069 53.083891076999997)",Unfall 165878 (2022) Kat:3, Licht: 0,165878,3,6,2,01,16,3,0,0,0,1,0,1,0,0
"POINT (8.694828255000060 53.168813571999998)",Unfall 165880 (2022) Kat:3, Licht: 0,165880,3,4,6,02,15,4,1,0,0,0,1,1,0,0
"POINT (8.810698852000030 53.079955210000001)",Unfall 165881 (2022) Kat:3, Licht: 0,165881,3,4,6,04,10,2,0,0,0,0,1,0,0,1
"POINT (8.573123331000030 53.181464363000003)",Unfall 165882 (2022) Kat:3, Licht: 2,165882,3,2,5,06,22,4,1,2,0,1,0,1,0,0
"POINT (8.784915159000040 53.088671227000098)",Unfall 165883 (2022) Kat:3, Licht: 0,165883,3,2,8,04,19,7,0,0,1,1,0,0,0,0
"POINT (8.792460205000051 53.103266592000097)",Unfall 165886 (2022) Kat:3, Licht: 2,165886,3,7,0,06,23,3,0,2,0,0,0,0,0,1
"POINT (8.841657017000051 53.029120247999998)",Unfall 165887 (2022) Kat:2, Licht: 0,165887,2,7,2,04,10,7,0,0,1,0,0,0,0,0
"POINT (8.647796010000040 53.171486664000000)",Unfall 165888 (2022) Kat:3, Licht: 0,165888,3,3,5,06,09,7,0,0,1,1,0,0,0,0
"POINT (8.838195340000031 53.078876741999999)",Unfall 165889 (2022) Kat:3, Licht: 0,165889,3,3,5,05,09,3,0,0,1,0,0,0,0,1
"POINT (8.718534731000030 53.045829701999999)",Unfall 165890 (2022) Kat:3, Licht: 0,165890,3,2,5,01,11,3,0,0,0,1,0,0,0,0
"POINT (8.605778548000050 53.181687463000102)",Unfall 165891 (2022) Kat:3, Licht: 0,165891,3,3,5,01,11,2,1,0,1,1,0,0,0,0
"POINT (8.801046849000040 53.078869680000103)",Unfall 165892 (2022) Kat:3, Licht: 0,165892,3,3,0,04,12,4,0,0,0,1,0,0,0,1
"POINT (8.762569844000041 53.109456766000100)",Unfall 165893 (2022) Kat:3, Licht: 0,165893,3,6,3,05,19,5,1,0,0,1,0,0,0,0
"POINT (8.872608170000030 53.102681046000001)",Unfall 165894 (2022) Kat:3, Licht: 0,165894,3,3,5,06,12,7,0,0,1,1,0,0,0,0
"POINT (8.739823693000060 53.050007638000103)",Unfall 165895 (2022) Kat:3, Licht: 0,165895,3,4,6,03,16,6,0,0,0,1,1,0,0,0
"POINT (8.619429979000071 53.184184567999999)",Unfall 165896 (2022) Kat:3, Licht: 0,165896,3,6,1,07,17,2,0,0,0,1,0,0,0,0
"POINT (8.800238902000050 53.065046858000102)",Unfall 165897 (2022) Kat:3, Licht: 2,165897,3,6,0,01,18,4,0,2,1,1,0,0,0,0
"POINT (8.794143514000041 53.074370506000001)",Unfall 165898 (2022) Kat:3, Licht: 0,165898,3,3,5,02,15,7,0,0,0,1,0,1,0,0
"POINT (8.797590014000040 53.102605230000101)",Unfall 165899 (2022) Kat:3, Licht: 0,165899,3,7,6,06,09,5,0,0,0,1,1,0,0,0
"POINT (8.812007285000050 53.079664041000100)",Unfall 165900 (2022) Kat:3, Licht: 0,165900,3,6,4,05,16,6,0,0,1,0,0,0,0,0
"POINT (8.852418138000081 53.073520872000103)",Unfall 165901 (2022) Kat:3, Licht: 2,165901,3,7,0,01,04,5,2,2,0,1,0,0,0,0
"POINT (8.848035701000070 53.050948130000101)",Unfall 165902 (2022) Kat:3, Licht: 0,165902,3,4,6,03,09,3,0,0,0,0,0,0,0,1
"POINT (8.930510448000060 53.059015612000103)",Unfall 165903 (2022) Kat:3, Licht: 0,165903,3,3,5,05,16,3,0,0,1,1,0,0,0,0
"POINT (8.743434855000030 53.137430954000102)",Unfall 165904 (2022) Kat:3, Licht: 0,165904,3,6,2,06,17,7,0,0,1,1,0,0,0,0
"POINT (8.852610752000031 53.073619604999998)",Unfall 165905 (2022) Kat:3, Licht: 0,165905,3,3,5,03,07,3,0,0,1,0,0,0,0,0
"POINT (8.720419044000041 53.053673176000103)",Unfall 165906 (2022) Kat:3, Licht: 0,165906,3,2,5,07,18,2,0,0,0,1,0,0,0,0
"POINT (8.870482419000041 53.091276760000000)",Unfall 165907 (2022) Kat:3, Licht: 1,165907,3,6,2,07,22,7,0,1,0,1,0,1,0,0
"POINT (8.730474455000040 53.051590401000098)",Unfall 165908 (2022) Kat:3, Licht: 0,165908,3,1,8,05,17,5,1,0,0,1,0,0,0,0
"POINT (8.820781327000081 53.051278200000098)",Unfall 165909 (2022) Kat:3, Licht: 0,165909,3,2,2,01,14,6,1,0,0,1,0,0,0,0