WKT,Name,OBJECTID,UKATEGORIE,UTYP1,UART,UMONAT,USTUNDE,UWOCHENTAG,STRZUSTAND,ULICHTVERH,ISTRAD,ISTPKW,ISTFUSS,ISTKRAD,ISTGKFZ,ISTSONSTIG
"POINT (8.891833824000059 53.048354311000097)",Unfall 165910 (2022) Kat:3, Licht: 0,165910,3,3,5,02,14,4,1,0,1,1,0,0,0,0
"POINT (8.576088296000020 53.190428693000101)",Unfall 165911 (2022) Kat:3, Licht: 0,165911,3,2,2,04,13,6,1,0,0,1,0,0,0,0
"POINT (8.898311092000030 53.119696028000099)",Unfall 165912 (2022) Kat:3, Licht: 0,165912,3,6,2,06,16,3,0,0,0,1,0,0,0,0
"POINT (8.802954665000071 53.060280257000002)",Unfall 165916 (2022) Kat:3, Licht: 2,165916,3,3,5,01,21,1,0,2,0,1,0,1,0,0
"POINT (8.710435226000071 53.136908351999999)",Unfall 165917 (2022) Kat:3, Licht: 0,165917,3,7,1,03,14,5,0,0,0,1,0,0,0,0
"POINT (8.621189598000059 53.173783663000101)",Unfall 165918 (2022) Kat:1, Licht: 0,165918,1,7,6,06,10,3,0,0,0,1,1,0,0,0
"POINT (8.875213299000050 53.101313124000100)",Unfall 165919 (2022) Kat:3, Licht: 1,165919,3,3,5,06,20,4,0,1,1,1,0,0,0,0
"POINT (8.803214617000039 53.080138892999997)",Unfall 165920 (2022) Kat:3, Licht: 0,165920,3,2,5,05,16,2,0,0,1,1,0,0,0,0
"POINT (8.674786506000030 53.173689769000099)",Unfall 165921 (2022) Kat:2, Licht: 2,165921,2,7,1,01,20,7,1,2,0,1,0,0,0,0
"POINT (8.786394194000019 53.074627475000099)",Unfall 165923 (2022) Kat:3, Licht: 2,165923,3,6,2,05,23,7,0,2,0,1,0,0,0,0
"POINT (8.804076831000030 53.072368702000098)",Unfall 165924 (2022) Kat:3, Licht: 0,165924,3,3,5,06,18,2,1,0,1,1,0,0,0,0
"POINT (8.849737847000030 53.065672368999998)",Unfall 165925 (2022) Kat:2, Licht: 0,165925,2,1,0,03,16,5,0,0,1,0,0,0,0,0
"POINT (8.641212149000070 53.173159967000103)",Unfall 165926 (2022) Kat:3, Licht: 0,165926,3,6,3,07,07,3,0,0,1,0,0,0,0,1
"POINT (8.777396874000029 53.110134781000099)",Unfall 165927 (2022) Kat:3, Licht: 0,165927,3,3,5,07,18,4,0,0,1,1,0,0,0,0
"POINT (8.818632178000030 53.076763293000099)",Unfall 165928 (2022) Kat:2, Licht: 0,165928,2,3,5,05,14,5,0,0,1,0,0,0,0,1
"POINT (8.856898469000040 53.072712361000100)",Unfall 165929 (2022) Kat:2, Licht: 0,165929,2,3,4,01,09,2,1,0,0,1,0,0,0,0
"POINT (8.756332649000059 53.118407398000002)",Unfall 165930 (2022) Kat:3, Licht: 2,165930,3,2,5,02,19,5,0,2,0,1,0,0,0,1
"POINT (8.626589310000041 53.172055251000103)",Unfall 165931 (2022) Kat:2, Licht: 0,165931,2,7,4,04,08,5,0,0,0,1,0,0,0,0
"POINT (8.525001266000061 53.204148823000097)",Unfall 165932 (2022) Kat:3, Licht: 0,165932,3,3,5,06,15,2,0,0,1,1,0,0,0,0
"POINT (8.843177199000021 53.080918145000098)",Unfall 165933 (2022) Kat:3, Licht: 2,165933,3,1,0,02,23,7,0,2,1,0,0,0,0,0
"POINT (8.876688435000061 53.085858895000101)",Unfall 165934 (2022) Kat:3, Licht: 0,165934,3,7,1,05,10,1,0,0,0,1,0,0,0,0
"POINT (8.803798329000070 53.072430486000002)",Unfall 165936 (2022) Kat:3, Licht: 0,165936,3,7,0,03,16,5,0,0,1,0,0,0,0,0
"POINT (8.815252092000041 53.081214573000103)",Unfall 165937 (2022) Kat:3, Licht: 0,165937,3,7,6,06,13,1,0,0,1,0,1,0,0,0
"POINT (8.856290136000039 53.089206983000103)",Unfall 165938 (2022) Kat:3, Licht: 0,165938,3,1,0,04,14,7,0,0,1,0,0,0,0,0
"POINT (8.833777315000081 53.081862725000100)",Unfall 165939 (2022) Kat:3, Licht: 0,165939,3,3,5,07,08,6,1,0,1,1,0,0,0,0
"POINT (8.951263660000050 53.057882206000002)",Unfall 165941 (2022) Kat:3, Licht: 0,165941,3,2,5,01,12,6,0,0,1,0,0,0,0,0
"POINT (8.787028175000049 53.100088960999997)",Unfall 165943 (2022) Kat:3, Licht: 0,165943,3,6,2,04,13,6,1,0,0,1,0,0,0,0
"POINT (8.962654743000030 53.054560817000002)",Unfall 165944 (2022) Kat:3, Licht: 1,165944,3,6,3,06,21,5,0,1,0,1,0,0,1,0
"POINT (8.818734890000030 53.077802339000101)",Unfall 165945 (2022) Kat:3, Licht: 0,165945,3,3,5,05,12,3,0,0,1,1,0,0,0,0
"POINT (8.824669664000060 53.084185984999998)",Unfall 165947 (2022) Kat:3, Licht: 0,165947,3,2,5,03,07,6,0,0,1,1,0,0,0,0
"POINT (8.808396830000049 53.083008075000102)",Unfall 165948 (2022) Kat:3, Licht: 0,165948,3,6,5,07,07,3,0,0,0,1,0,0,0,1
"POINT (8.804079138000080 53.062364631999998)",Unfall 165949 (2022) Kat:3, Licht: 0,165949,3,5,1,06,18,3,0,0,1,1,0,0,0,0
"POINT (8.872163195000040 53.067360474000097)",Unfall 165950 (2022) Kat:3, Licht: 0,165950,3,5,2,04,08,6,0,0,0,1,0,0,0,1
"POINT (8.819203654000029 53.050633239000000)",Unfall 165952 (2022) Kat:2, Licht: 0,165952,2,7,1,05,10,2,0,0,1,1,0,0,0,0
"POINT (8.786419912000040 53.074662917000097)",Unfall 165953 (2022) Kat:3, Licht: 0,165953,3,2,2,01,11,3,0,0,0,1,0,0,0,0
"POINT (8.803453229000070 53.085732878999998)",Unfall 165954 (2022) Kat:3, Licht: 2,165954,3,6,2,02,17,6,1,2,0,1,0,0,0,0
"POINT (8.816121459000041 53.029215061000102)",Unfall 165955 (2022) Kat:3, Licht: 0,165955,3,7,6,03,17,5,0,0,0,1,1,0,0,0
"POINT (8.584535213000040 53.181445562000100)",Unfall 165956 (2022) Kat:3, Licht: 1,165956,3,3,5,05,22,7,1,1,0,1,0,1,0,0
"POINT (8.793897034000050 53.096632568000103)",Unfall 165957 (2022) Kat:3, Licht: 0,165957,3,3,5,06,09,5,0,0,1,1,0,0,0,0
"POINT (8.873130421000040 53.084714755999997)",Unfall 165958 (2022) Kat:3, Licht: 0,165958,3,3,5,03,12,6,0,0,1,1,0,0,0,0
"POINT (8.826496376000019 53.072911242000004)",Unfall 165959 (2022) Kat:3, Licht: 0,165959,3,2,3,07,14,5,0,0,1,1,0,0,0,0
"POINT (8.626041203000060 53.172286772000099)",Unfall 165960 (2022) Kat:3, Licht: 2,165960,3,3,5,01,17,4,0,2,1,1,0,0,0,0
"POINT (8.892628676000070 53.079430813000002)",Unfall 165961 (2022) Kat:2, Licht: 0,165961,2,4,6,02,13,2,0,0,0,0,1,0,0,1
"POINT (8.828873068000060 53.041782539000103)",Unfall 165962 (2022) Kat:3, Licht: 0,165962,3,3,5,06,19,6,0,0,0,1,0,0,0,0
"POINT (8.854735449000030 53.076447254000101)",Unfall 165963 (2022) Kat:3, Licht: 0,165963,3,3,5,05,18,5,0,0,1,1,0,0,0,0
"POINT (8.876598478000060 53.081386629000100)",Unfall 165965 (2022) Kat:3, Licht: 0,165965,3,3,5,03,14,4,0,0,1,1,0,0,0,0
"POINT (8.818374428000030 53.077422334000097)",Unfall 165969 (2022) Kat:3, Licht: 0,165969,3,3,5,05,11,5,0,0,1,1,0,0,0,0
"POINT (8.793698021000070 53.066401284999998)",Unfall 165970 (2022) Kat:2, Licht: 2,165970,2,4,6,01,17,6,1,2,0,1,1,0,0,0
"POINT (8.804842365000070 53.093476887000101)",Unfall 165971 (2022) Kat:3, Licht: 0,165971,3,4,6,02,12,5,0,0,0,1,1,0,0,0
"POINT (8.936591505000020 53.074326976000101)",Unfall 165972 (2022) Kat:2, Licht: 0,165972,2,1,8,04,19,3,0,0,0,1,0,0,0,0
"POINT (8.848842958000031 53.067977482000103)",Unfall 165973 (2022) Kat:3, Licht: 0,165973,3,4,6,06,17,1,0,0,0,1,1,0,0,0
"POINT (8.879682956000069 53.060745871000101)",Unfall 165974 (2022) Kat:3, Licht: 1,165974,3,6,2,05,21,2,0,1,0,1,0,0,0,0
"POINT (8.801378838000060 53.079051532999998)",Unfall 165975 (2022) Kat:3, Licht: 0,165975,3,2,5,02,11,2,0,0,1,1,0,0,0,0
"POINT (8.871865247000070 53.077207135999998)",Unfall 165976 (2022) Kat:3, Licht: 0,165976,3,3,5,05,11,3,0,0,1,1,0,0,0,0
"POINT (8.818189400000049 53.046722254000002)",Unfall 165979 (2022) Kat:3, Licht: 2,165979,3,3,5,06,01,1,0,2,0,1,0,0,0,0
"POINT (8.823765743000020 53.077319859000099)",Unfall 165980 (2022) Kat:3, Licht: 0,165980,3,3,5,04,17,7,0,0,0,1,0,0,0,0
"POINT (8.811856633000049 53.059782446000000)",Unfall 165981 (2022) Kat:3, Licht: 0,165981,3,6,2,07,19,6,0,0,0,1,0,0,0,0
"POINT (8.868158476000080 53.073129010999999)",Unfall 165982 (2022) Kat:3, Licht: 0,165982,3,7,0,05,15,1,0,0,1,0,0,0,0,0
"POINT (8.800941577000060 53.108573565000000)",Unfall 165984 (2022) Kat:3, Licht: 0,165984,3,4,6,02,08,6,0,0,0,1,1,0,0,0
"POINT (8.609733340000050 53.173304137000102)",Unfall 165985 (2022) Kat:3, Licht: 0,165985,3,7,0,04,06,3,0,0,1,0,0,0,0,0
"POINT (8.871765096000050 53.091436147000103)",Unfall 165986 (2022) Kat:3, Licht: 0,165986,3,2,5,05,18,5,1,0,1,1,0,0,0,0
"POINT (8.873346592000081 53.091304600000100)",Unfall 165987 (2022) Kat:2, Licht: 0,165987,2,3,5,06,16,2,0,0,1,0,0,0,0,1
"POINT (8.835976833000069 53.077065468999997)",Unfall 165989 (2022) Kat:3, Licht: 2,165989,3,7,0,03,03,7,0,2,0,0,0,0,0,1
"POINT (8.949008916000031 53.063526521000000)",Unfall 165991 (2022) Kat:3, Licht: 0,165991,3,7,0,06,17,3,0,0,1,0,0,0,0,0
"POINT (8.800657714000071 53.064766737000099)",Unfall 165993 (2022) Kat:3, Licht: 0,165993,3,5,1,04,11,4,0,0,1,1,0,0,0,0
"POINT (8.800012847000060 53.097069605000101)",Unfall 165994 (2022) Kat:3, Licht: 0,165994,3,6,3,06,08,7,0,0,1,1,0,0,0,0
"POINT (8.765804173000051 53.112599474000000)",Unfall 165995 (2022) Kat:3, Licht: 0,165995,3,6,2,05,16,2,0,0,0,1,0,0,0,0
"POINT (8.770663904000060 53.100016428000103)",Unfall 165996 (2022) Kat:3, Licht: 0,165996,3,7,0,04,18,1,1,0,1,0,0,0,0,0
"POINT (8.794087559000049 53.074347341000099)",Unfall 165997 (2022) Kat:3, Licht: 0,165997,3,3,5,06,14,5,0,0,0,1,0,0,0,1
"POINT (8.856112631000030 53.088847101000098)",Unfall 165998 (2022) Kat:3, Licht: 0,165998,3,7,0,05,05,5,0,0,1,0,0,0,0,0
"POINT (8.800746256000020 53.078682094000001)",Unfall 165999 (2022) Kat:2, Licht: 0,165999,2,7,0,01,08,4,1,0,0,0,0,0,0,1
"POINT (8.914025814000070 53.068238574000098)",Unfall 166000 (2022) Kat:3, Licht: 2,166000,3,2,5,01,06,2,1,2,1,1,0,0,0,0
"POINT (8.794076813000061 53.103181999000100)",Unfall 166001 (2022) Kat:3, Licht: 0,166001,3,3,5,03,15,5,0,0,1,1,0,0,0,0
"POINT (8.943467572000030 53.062682430999999)",Unfall 166002 (2022) Kat:3, Licht: 0,166002,3,6,3,05,15,5,0,0,1,1,0,0,0,0
"POINT (8.805359861000060 53.100412077999998)",Unfall 166003 (2022) Kat:3, Licht: 0,166003,3,7,0,06,19,1,0,0,1,0,0,0,0,0
"POINT (8.673790520000070 53.173878946999999)",Unfall 166005 (2022) Kat:3, Licht: 0,166005,3,7,2,03,07,5,1,0,0,1,0,0,0,0
"POINT (8.812111492000041 53.071381270000103)",Unfall 166006 (2022) Kat:3, Licht: 0,166006,3,6,2,07,16,3,0,0,0,1,0,0,0,0
"POINT (8.796557645000060 53.083665086000103)",Unfall 166007 (2022) Kat:3, Licht: 0,166007,3,6,2,06,07,4,0,0,0,1,0,0,0,0
"POINT (8.760564007000029 53.087883009999999)",Unfall 166008 (2022) Kat:2, Licht: 0,166008,2,3,5,04,15,6,0,0,1,0,0,0,0,1
"POINT (8.704657211000040 53.154822095000000)",Unfall 166009 (2022) Kat:3, Licht: 0,166009,3,2,5,06,10,2,0,0,1,0,0,0,0,1
"POINT (8.926978832000030 53.038407640999999)",Unfall 166010 (2022) Kat:2, Licht: 0,166010,2,6,2,05,09,2,0,0,0,1,0,0,0,0
"POINT (8.792936969000040 53.059330463999999)",Unfall 166011 (2022) Kat:3, Licht: 2,166011,3,2,5,01,18,3,1,2,0,1,0,0,0,0
"POINT (8.845246213000051 53.077909702000099)",Unfall 166013 (2022) Kat:3, Licht: 0,166013,3,3,5,05,09,2,0,0,1,0,1,0,0,0
"POINT (8.883649381000049 53.121201909000000)",Unfall 166014 (2022) Kat:3, Licht: 0,166014,3,2,1,06,20,6,0,0,0,1,0,0,0,1
"POINT (8.837108003000029 53.075695440000104)",Unfall 166015 (2022) Kat:3, Licht: 0,166015,3,7,0,03,09,3,0,0,0,1,1,0,0,0
"POINT (8.710374626000030 53.094433470000098)",Unfall 166016 (2022) Kat:3, Licht: 0,166016,3,3,5,07,16,2,0,0,0,1,0,0,1,0
"POINT (8.759371650000050 53.115866541999999)",Unfall 166017 (2022) Kat:3, Licht: 0,166017,3,3,6,07,11,2,0,0,0,1,1,0,0,0
"POINT (8.851196165000029 53.033695289000001)",Unfall 166019 (2022) Kat:3, Licht: 2,166019,3,3,5,02,18,1,0,2,1,1,0,0,0,0
"POINT (8.790397144000050 53.086297358000103)",Unfall 166021 (2022) Kat:2, Licht: 0,166021,2,3,5,02,07,6,0,0,1,0,0,0,1,0
"POINT (8.647893427000040 53.170222426000102)",Unfall 166024 (2022) Kat:2, Licht: 0,166024,2,6,2,03,11,2,0,0,1,1,0,0,0,0
"POINT (8.873561541000070 53.101267349000103)",Unfall 166025 (2022) Kat:2, Licht: 0,166025,2,7,0,03,15,3,0,0,0,0,0,0,0,1
"POINT (8.949356939000040 53.063832732999998)",Unfall 166026 (2022) Kat:3, Licht: 0,166026,3,4,6,07,11,3,0,0,0,1,1,0,0,0
"POINT (8.513020359000050 53.210119138000003)",Unfall 166027 (2022) Kat:3, Licht: 0,166027,3,4,6,07,13,6,1,0,0,1,1,0,0,0
"POINT (8.827789346000030 53.083040009000101)",Unfall 166028 (2022) Kat:2, Licht: 0,166028,2,2,3,05,08,3,0,0,1,1,0,0,0,0
"POINT (8.747224865000019 53.126243080999998)",Unfall 166030 (2022) Kat:3, Licht: 0,166030,3,3,5,02,10,7,1,0,0,1,0,0,0,0
"POINT (8.923386807000041 53.059363247000100)",Unfall 166032 (2022) Kat:3, Licht: 0,166032,3,2,3,06,08,4,0,0,1,0,0,0,1,0
"POINT (8.809304786000039 53.074650458000100)",Unfall 166033 (2022) Kat:3, Licht: 0,166033,3,7,0,05,12,3,0,0,0,0,1,0,0,1
"POINT (8.883089145000040 53.074751409000001)",Unfall 166035 (2022) Kat:3, Licht: 0,166035,3,3,5,03,14,4,0,0,1,1,0,0,0,0
"POINT (8.571899067000061 53.188623549000098)",Unfall 166037 (2022) Kat:3, Licht: 0,166037,3,3,5,04,16,5,0,0,1,1,0,0,0,0
"POINT (8.792087814000070 53.082835866000003)",Unfall 166039 (2022) Kat:2, Licht: 2,166039,2,1,8,05,00,1,0,2,0,0,0,0,0,1
"POINT (8.933022120000031 53.093314171000003)",Unfall 166041 (2022) Kat:3, Licht: 2,166041,3,6,3,02,07,6,0,2,1,0,0,0,0,0
"POINT (8.571839651000060 53.196786692000003)",Unfall 166042 (2022) Kat:2, Licht: 0,166042,2,6,3,04,16,6,0,0,1,0,0,0,0,1
"POINT (8.798319907000060 53.073272405000097)",Unfall 166043 (2022) Kat:3, Licht: 0,166043,3,3,1,05,10,3,1,0,0,1,0,0,0,1
"POINT (8.818965115000029 53.051804434000097)",Unfall 166044 (2022) Kat:3, Licht: 0,166044,3,4,6,06,12,2,0,0,0,0,1,0,1,0
"POINT (8.831945719000030 53.071069808000097)",Unfall 166049 (2022) Kat:2, Licht: 0,166049,2,7,0,02,18,5,1,0,1,0,0,0,0,0
"POINT (8.920947610000040 53.059532859000100)",Unfall 166050 (2022) Kat:3, Licht: 0,166050,3,6,2,06,14,6,0,0,0,1,0,1,0,0
"POINT (8.801405455000070 53.071562276000101)",Unfall 166051 (2022) Kat:3, Licht: 0,166051,3,6,2,03,15,4,0,0,0,1,0,1,0,0
"POINT (8.861190255000050 53.108528397000001)",Unfall 166052 (2022) Kat:3, Licht: 0,166052,3,3,5,05,08,3,0,0,1,1,0,0,0,0
"POINT (8.824764632000040 53.084578266000101)",Unfall 166053 (2022) Kat:3, Licht: 0,166053,3,7,0,01,10,7,2,0,1,0,0,0,0,0
"POINT (8.809713280000040 53.082688274000098)",Unfall 166054 (2022) Kat:3, Licht: 0,166054,3,3,5,03,18,2,0,0,1,1,0,0,0,0
"POINT (8.887494002000039 53.090468950999998)",Unfall 166055 (2022) Kat:3, Licht: 0,166055,3,6,4,05,18,2,0,0,1,0,0,0,0,0
"POINT (8.784768652000031 53.071445638000100)",Unfall 166056 (2022) Kat:3, Licht: 0,166056,3,3,5,06,07,5,0,0,1,1,0,0,0,0
"POINT (8.871639542000031 53.062288029999998)",Unfall 166057 (2022) Kat:3, Licht: 2,166057,3,7,0,03,00,3,0,2,1,0,0,0,0,0
"POINT (8.941495852000060 53.038115482000102)",Unfall 166058 (2022) Kat:3, Licht: 0,166058,3,6,2,07,08,3,0,0,0,1,0,0,0,0
"POINT (8.572838723000070 53.198307226000097)",Unfall 166059 (2022) Kat:3, Licht: 0,166059,3,5,1,07,14,6,0,0,1,1,0,0,0,0
"POINT (8.824461644000049 53.084394958000097)",Unfall 166060 (2022) Kat:2, Licht: 2,166060,2,3,5,01,17,2,1,2,0,1,0,0,0,1
"POINT (8.880208219000050 53.060590676000103)",Unfall 166061 (2022) Kat:3, Licht: 2,166061,3,3,5,02,22,1,0,2,1,1,0,0,0,0
"POINT (8.769089141000050 53.112192221999997)",Unfall 166062 (2022) Kat:2, Licht: 0,166062,2,4,6,04,18,6,0,0,0,1,1,0,0,0
"POINT (8.840867433000030 53.040498524999997)",Unfall 166064 (2022) Kat:3, Licht: 0,166064,3,3,5,02,14,1,0,0,0,1,0,0,0,0
"POINT (8.853953828000041 53.066018411000101)",Unfall 166065 (2022) Kat:2, Licht: 0,166065,2,6,2,05,12,1,0,0,1,1,0,0,0,0
"POINT (8.810623487000040 53.081871090999996)",Unfall 166067 (2022) Kat:3, Licht: 0,166067,3,6,4,03,16,6,0,0,1,0,0,0,0,0
"POINT (8.795424375000040 53.074010033000000)",Unfall 166068 (2022) Kat:3, Licht: 2,166068,3,6,2,01,07,4,0,2,0,1,0,0,0,1
"POINT (8.739098734000040 53.135187387000002)",Unfall 166069 (2022) Kat:3, Licht: 0,166069,3,3,5,03,16,1,0,0,1,1,0,0,0,0
"POINT (8.804263407000059 53.062240549000101)",Unfall 166070 (2022) Kat:3, Licht: 0,166070,3,4,6,05,14,1,0,0,1,0,1,0,0,0
"POINT (8.780420807000040 53.092902606999999)",Unfall 166072 (2022) Kat:3, Licht: 0,166072,3,3,5,03,11,2,0,0,1,1,0,0,0,0
"POINT (8.757824331000050 53.058129478000097)",Unfall 166073 (2022) Kat:3, Licht: 0,166073,3,6,2,07,15,6,0,0,0,1,0,0,0,0
"POINT (8.892283976000041 53.110377809000099)",Unfall 166074 (2022) Kat:3, Licht: 0,166074,3,5,1,07,08,3,0,0,1,1,0,0,0,0
"POINT (8.752425402000030 53.112161683000103)",Unfall 166075 (2022) Kat:3, Licht: 2,166075,3,6,2,01,19,2,1,2,0,1,0,0,0,0
"POINT (8.787551169000039 53.069853854000002)",Unfall 166076 (2022) Kat:3, Licht: 1,166076,3,3,5,02,06,3,1,1,1,1,0,0,0,0
"POINT (8.914639937000061 53.059592560000098)",Unfall 166077 (2022) Kat:3, Licht: 0,166077,3,3,5,06,14,4,0,0,1,0,0,0,0,1
"POINT (8.796360216000039 53.073752173000102)",Unfall 166078 (2022) Kat:2, Licht: 1,166078,2,4,6,02,17,5,1,1,0,0,1,0,0,1
"POINT (8.792737727000031 53.103062537000000)",Unfall 166079 (2022) Kat:3, Licht: 0,166079,3,3,5,05,09,6,0,0,1,1,0,0,0,0
"POINT (8.560476225000061 53.191162476000002)",Unfall 166081 (2022) Kat:3, Licht: 0,166081,3,7,0,03,14,3,0,0,0,0,0,1,0,0
"POINT (8.811353618000060 53.075278003000101)",Unfall 166083 (2022) Kat:3, Licht: 0,166083,3,4,6,07,19,4,0,0,0,0,1,0,0,1
"POINT (8.822999471000060 53.073590180000103)",Unfall 166084 (2022) Kat:3, Licht: 0,166084,3,5,1,07,09,7,0,0,1,0,0,0,0,1
"POINT (8.938334504000069 53.037085004000097)",Unfall 166085 (2022) Kat:3, Licht: 0,166085,3,6,3,05,18,3,0,0,1,0,0,0,0,1
"POINT (8.806334211000030 53.076085521000003)",Unfall 166086 (2022) Kat:3, Licht: 2,166086,3,4,6,01,19,2,0,2,0,0,1,0,0,1
"POINT (8.962727006000019 53.054767589000100)",Unfall 166087 (2022) Kat:3, Licht: 0,166087,3,6,3,02,09,2,0,0,0,1,0,0,1,0
"POINT (8.801817248000081 53.067812394999997)",Unfall 166088 (2022) Kat:3, Licht: 2,166088,3,2,5,04,00,1,0,2,0,1,0,0,0,1
"POINT (8.685869930000020 53.173848822000103)",Unfall 166089 (2022) Kat:3, Licht: 0,166089,3,6,3,06,19,4,1,0,1,1,0,0,0,0
"POINT (8.835616141000060 53.073766012000100)",Unfall 166090 (2022) Kat:3, Licht: 0,166090,3,3,0,05,13,4,0,0,1,1,0,0,0,0
"POINT (8.827004772000070 53.072767521999999)",Unfall 166095 (2022) Kat:3, Licht: 2,166095,3,7,0,07,23,6,0,2,1,0,0,0,0,0
"POINT (8.787150307000051 53.083101106000100)",Unfall 166096 (2022) Kat:3, Licht: 0,166096,3,2,5,05,17,5,0,0,1,0,0,1,0,0
"POINT (8.702318580000050 53.140014942000100)",Unfall 166097 (2022) Kat:3, Licht: 0,166097,3,2,3,01,13,2,0,0,0,1,0,0,0,0
"POINT (8.856346326000050 53.073777020000101)",Unfall 166098 (2022) Kat:3, Licht: 0,166098,3,2,5,02,12,5,0,0,1,1,0,0,0,0
"POINT (8.815323902000049 53.079456697000097)",Unfall 166100 (2022) Kat:3, Licht: 2,166100,3,6,2,05,00,1,1,2,0,1,0,0,0,0
"POINT (8.929215795000060 53.119650989000000)",Unfall 166101 (2022) Kat:3, Licht: 0,166101,3,4,6,06,19,1,0,0,1,0,1,0,0,0
"POINT (8.702296056000019 53.091090208000097)",Unfall 166102 (2022) Kat:3, Licht: 0,166102,3,3,5,02,11,2,1,0,0,1,0,0,0,0
"POINT (8.775797913000080 53.090539739000100)",Unfall 166104 (2022) Kat:3, Licht: 0,166104,3,2,5,07,20,1,0,0,0,1,0,0,0,0
"POINT (8.704235352000071 53.160840930000099)",Unfall 166105 (2022) Kat:3, Licht: 0,166105,3,7,0,07,19,1,0,0,0,0,1,0,0,1
"POINT (8.943672296000051 53.066395084000099)",Unfall 166106 (2022) Kat:3, Licht: 0,166106,3,3,5,02,09,6,1,0,1,1,0,0,0,0
"POINT (8.845592512000049 53.071596433000103)",Unfall 166107 (2022) Kat:3, Licht: 0,166107,3,3,5,06,16,7,0,0,0,1,0,0,0,0
"POINT (8.803667395000049 53.066708854000098)",Unfall 166108 (2022) Kat:3, Licht: 0,166108,3,7,0,05,14,3,0,0,0,0,0,0,1,1
"POINT (8.886836528000060 53.070570259000100)",Unfall 166109 (2022) Kat:2, Licht: 0,166109,2,4,6,01,13,7,0,0,0,1,1,0,0,0
"POINT (8.738429752000060 53.047252512000100)",Unfall 166110 (2022) Kat:3, Licht: 2,166110,3,7,6,03,20,7,0,2,0,1,1,0,0,0
"POINT (8.781876858000031 53.077944340000002)",Unfall 166111 (2022) Kat:3, Licht: 0,166111,3,3,0,05,18,6,1,0,0,1,0,0,0,0
"POINT (8.772487590000029 53.077833841000000)",Unfall 166113 (2022) Kat:3, Licht: 2,166113,3,3,5,03,20,5,0,2,0,1,0,1,0,0
"POINT (8.734745580000039 53.081738915000102)",Unfall 166114 (2022) Kat:2, Licht: 0,166114,2,3,5,07,13,4,0,0,1,0,0,0,1,0
"POINT (8.685876192000020 53.173837624999997)",Unfall 166116 (2022) Kat:2, Licht: 0,166116,2,2,5,05,08,3,0,0,1,1,0,0,0,0
"POINT (8.903727881000069 53.104228763999998)",Unfall 166117 (2022) Kat:3, Licht: 2,166117,3,7,6,01,17,2,1,2,0,1,1,0,0,0
"POINT (8.719453880000060 53.173822723000100)",Unfall 166118 (2022) Kat:3, Licht: 2,166118,3,6,4,02,18,1,0,2,0,1,0,0,0,0
"POINT (8.545329826000060 53.194275871000102)",Unfall 166119 (2022) Kat:3, Licht: 0,166119,3,2,5,04,17,7,0,0,1,1,0,0,0,0
"POINT (8.805788954000040 53.081389807999997)",Unfall 166120 (2022) Kat:3, Licht: 0,166120,3,2,5,06,08,2,0,0,0,1,0,0,0,1
"POINT (8.740368764000040 53.054479010000101)",Unfall 166121 (2022) Kat:3, Licht: 0,166121,3,6,3,03,09,3,0,0,0,1,0,0,0,0
"POINT (8.782853960000070 53.055130319000099)",Unfall 166122 (2022) Kat:3, Licht: 0,166122,3,2,5,05,12,6,0,0,0,1,0,0,0,0
"POINT (8.849640427000050 53.085251444999997)",Unfall 166124 (2022) Kat:2, Licht: 0,166124,2,7,0,03,13,2,0,0,1,0,1,0,0,0
"POINT (8.894470517000061 53.054457278000001)",Unfall 166127 (2022) Kat:3, Licht: 0,166127,3,2,5,05,12,6,0,0,1,1,0,0,0,0
"POINT (8.838600025000060 53.096847796000098)",Unfall 166128 (2022) Kat:3, Licht: 0,166128,3,6,3,01,15,4,1,0,1,1,0,0,0,0
"POINT (8.748063218000031 53.158936266000097)",Unfall 166129 (2022) Kat:3, Licht: 0,166129,3,7,1,02,12,3,1,0,0,1,0,0,0,0
"POINT (8.514256348000060 53.207587167000000)",Unfall 166130 (2022) Kat:3, Licht: 0,166130,3,3,5,04,11,2,0,0,0,1,0,1,0,0
"POINT (8.764171612000039 53.085917362000004)",Unfall 166131 (2022) Kat:3, Licht: 0,166131,3,2,5,05,18,2,0,0,1,1,0,0,0,0
"POINT (8.814428766000050 53.055102830000102)",Unfall 166132 (2022) Kat:2, Licht: 0,166132,2,3,0,05,14,4,0,0,0,0,0,1,0,1
"POINT (8.818888967000021 53.111712042000100)",Unfall 166134 (2022) Kat:3, Licht: 0,166134,3,2,5,03,16,4,0,0,1,1,0,0,0,0
"POINT (8.569530207000071 53.182186048000098)",Unfall 166135 (2022) Kat:3, Licht: 0,166135,3,3,5,06,17,5,0,0,1,1,0,0,0,0
"POINT (8.897680024000071 53.079360455000000)",Unfall 166136 (2022) Kat:2, Licht: 0,166136,2,4,6,04,17,4,0,0,0,1,1,0,0,0
"POINT (8.703700925000019 53.172465033999998)",Unfall 166137 (2022) Kat:3, Licht: 0,166137,3,3,5,06,14,2,0,0,1,1,0,0,0,0
"POINT (8.782409688000030 53.104329553000099)",Unfall 166138 (2022) Kat:3, Licht: 0,166138,3,6,3,05,08,2,0,0,1,0,0,0,0,0
"POINT (8.736470737000049 53.133664429000099)",Unfall 166139 (2022) Kat:3, Licht: 1,166139,3,2,4,02,06,4,0,1,0,1,0,0,0,0