WKT,Name,OBJECTID,UKATEGORIE,UTYP1,UART,UMONAT,USTUNDE,UWOCHENTAG,STRZUSTAND,ULICHTVERH,ISTRAD,ISTPKW,ISTFUSS,ISTKRAD,ISTGKFZ,ISTSONSTIG
"POINT (8.804451184000071 53.075505372000102)",Unfall 166451 (2022) Kat:3, Licht: 2,166451,3,7,0,12,18,5,1,2,1,0,0,0,0,0
"POINT (8.781288511000071 53.087806278000102)",Unfall 166453 (2022) Kat:3, Licht: 0,166453,3,6,4,08,15,7,0,0,1,0,0,0,0,1
"POINT (8.837385668000019 53.037845493000098)",Unfall 166454 (2022) Kat:3, Licht: 0,166454,3,2,5,10,09,1,1,0,1,1,0,0,0,0
"POINT (8.780337685000060 53.084008416000103)",Unfall 166456 (2022) Kat:3, Licht: 0,166456,3,3,5,07,20,5,1,0,1,1,0,0,0,0
"POINT (8.738433265000030 53.047251114000098)",Unfall 166457 (2022) Kat:3, Licht: 0,166457,3,3,5,09,14,2,0,0,0,1,0,0,0,1
"POINT (8.873119527000030 53.100671336000097)",Unfall 166458 (2022) Kat:2, Licht: 2,166458,2,7,1,11,17,3,0,2,0,1,0,0,0,0
"POINT (8.827392535000060 53.079844923000103)",Unfall 166463 (2022) Kat:3, Licht: 0,166463,3,2,5,10,14,6,0,0,1,1,0,0,0,0
"POINT (8.885360217000031 53.050344215000102)",Unfall 166465 (2022) Kat:3, Licht: 0,166465,3,3,5,12,13,6,0,0,0,1,0,0,0,0
"POINT (8.799178452000040 53.102109965000103)",Unfall 166466 (2022) Kat:3, Licht: 0,166466,3,6,2,08,10,2,0,0,0,1,0,0,1,0
"POINT (8.825510143000029 53.084864858000103)",Unfall 166467 (2022) Kat:3, Licht: 2,166467,3,6,1,09,23,6,1,2,0,1,0,0,0,0
"POINT (8.856561681000070 53.071370285000100)",Unfall 166468 (2022) Kat:3, Licht: 0,166468,3,2,5,09,17,4,0,0,1,1,0,0,0,0
"POINT (8.805615055000031 53.061286692000103)",Unfall 166471 (2022) Kat:3, Licht: 0,166471,3,4,6,12,09,5,2,0,0,1,1,0,0,0
"POINT (8.804786524000059 53.083815387000101)",Unfall 166472 (2022) Kat:3, Licht: 0,166472,3,3,5,10,14,6,0,0,1,1,0,0,0,0
"POINT (8.947085066000060 53.064584365000002)",Unfall 166473 (2022) Kat:2, Licht: 0,166473,2,3,5,11,15,3,0,0,1,1,0,0,0,0
"POINT (8.796269919000050 53.086149714000001)",Unfall 166476 (2022) Kat:3, Licht: 0,166476,3,6,2,08,15,4,0,0,0,1,0,0,1,0
"POINT (8.898550440000070 53.119927138000001)",Unfall 166477 (2022) Kat:3, Licht: 0,166477,3,3,5,11,16,3,0,0,1,1,0,0,0,0
"POINT (8.757178416000039 53.117570145000101)",Unfall 166478 (2022) Kat:3, Licht: 0,166478,3,6,2,10,16,3,0,0,0,1,0,0,0,0
"POINT (8.624509575000051 53.177197049000000)",Unfall 166480 (2022) Kat:3, Licht: 0,166480,3,2,4,09,17,3,0,0,0,1,0,0,0,0
"POINT (8.959389815000071 53.047196210000003)",Unfall 166481 (2022) Kat:3, Licht: 0,166481,3,2,5,09,09,4,0,0,1,1,0,0,0,0
"POINT (8.914068936000040 53.062679027000101)",Unfall 166485 (2022) Kat:3, Licht: 0,166485,3,3,0,08,14,4,0,0,0,1,0,0,0,1
"POINT (8.855374899000029 53.070598995000097)",Unfall 166486 (2022) Kat:3, Licht: 0,166486,3,4,6,10,13,5,0,0,0,0,1,0,0,1
"POINT (8.729105734000029 53.128635883000101)",Unfall 166487 (2022) Kat:3, Licht: 2,166487,3,2,5,12,06,2,1,2,1,1,0,0,0,0
"POINT (8.561193827000070 53.183575446000098)",Unfall 166488 (2022) Kat:3, Licht: 0,166488,3,7,0,10,12,5,1,0,1,0,0,0,0,0
"POINT (8.813931787000060 53.055452533000100)",Unfall 166491 (2022) Kat:3, Licht: 2,166491,3,7,2,12,02,6,1,2,0,1,0,0,0,0
"POINT (8.740905538000050 53.132917012000100)",Unfall 166493 (2022) Kat:3, Licht: 0,166493,3,3,5,08,07,3,0,0,1,0,0,0,0,0
"POINT (8.816810535000061 53.072372361000099)",Unfall 166495 (2022) Kat:3, Licht: 0,166495,3,4,6,07,05,1,0,0,1,0,1,0,0,0
"POINT (8.789722934000050 53.103237935999999)",Unfall 166496 (2022) Kat:3, Licht: 0,166496,3,6,2,09,12,6,0,0,0,1,0,0,0,0
"POINT (8.795938346000071 53.086018283999998)",Unfall 166497 (2022) Kat:3, Licht: 0,166497,3,6,3,11,11,5,0,0,0,1,0,0,1,0
"POINT (8.772693355000060 53.081412100000101)",Unfall 166500 (2022) Kat:3, Licht: 0,166500,3,6,2,08,11,6,0,0,0,1,0,0,0,0
"POINT (8.833884118000070 53.071076951000101)",Unfall 166501 (2022) Kat:3, Licht: 0,166501,3,6,2,11,13,3,1,0,0,1,0,0,0,0
"POINT (8.834965195000050 53.096535950000003)",Unfall 166502 (2022) Kat:3, Licht: 2,166502,3,6,3,10,18,7,1,2,0,1,0,1,0,0
"POINT (8.804148316000070 53.072393321000000)",Unfall 166505 (2022) Kat:3, Licht: 0,166505,3,2,5,08,18,6,0,0,1,0,0,0,0,0
"POINT (8.805834809000030 53.081367758000098)",Unfall 166507 (2022) Kat:3, Licht: 0,166507,3,2,5,09,16,6,0,0,0,1,0,0,0,1
"POINT (8.831909583000030 53.092606945000099)",Unfall 166508 (2022) Kat:3, Licht: 0,166508,3,3,5,10,12,4,0,0,1,0,0,0,0,0
"POINT (8.886416288000021 53.071605529000102)",Unfall 166509 (2022) Kat:3, Licht: 0,166509,3,6,1,10,08,3,0,0,0,1,0,0,0,0
"POINT (8.752530278000050 53.112212726999999)",Unfall 166511 (2022) Kat:3, Licht: 0,166511,3,3,5,12,12,7,1,0,0,1,0,0,0,1
"POINT (8.845305498000069 53.066566007000098)",Unfall 166514 (2022) Kat:3, Licht: 0,166514,3,6,3,10,14,5,0,0,1,0,0,0,0,0
"POINT (8.805996759000040 53.092448669000099)",Unfall 166515 (2022) Kat:2, Licht: 0,166515,2,3,5,07,18,3,0,0,1,1,0,0,0,0
"POINT (8.887705969000020 53.109084515000099)",Unfall 166517 (2022) Kat:3, Licht: 0,166517,3,2,5,11,09,3,0,0,1,1,0,0,0,0
"POINT (8.844982323000069 53.045730038000002)",Unfall 166520 (2022) Kat:3, Licht: 0,166520,3,2,5,08,07,4,0,0,1,1,0,0,0,0
"POINT (8.910921787000060 53.039407283999999)",Unfall 166521 (2022) Kat:3, Licht: 2,166521,3,6,2,12,20,3,1,2,0,1,0,0,0,0
"POINT (8.831893138000050 53.081386088000002)",Unfall 166522 (2022) Kat:3, Licht: 0,166522,3,6,3,10,14,5,0,0,0,1,0,0,0,0
"POINT (8.658441593000020 53.163618642000102)",Unfall 166526 (2022) Kat:3, Licht: 0,166526,3,6,4,08,14,7,0,0,0,1,0,1,0,0
"POINT (8.850041047000049 53.094710221000099)",Unfall 166527 (2022) Kat:3, Licht: 0,166527,3,3,5,09,07,4,1,0,1,1,0,0,0,0
"POINT (8.811563171000049 53.081634051999998)",Unfall 166529 (2022) Kat:3, Licht: 1,166529,3,3,5,07,05,4,0,1,1,0,0,0,0,1
"POINT (8.611571571000070 53.184390987000000)",Unfall 166530 (2022) Kat:3, Licht: 0,166530,3,7,0,09,14,6,0,0,1,1,0,0,0,0
"POINT (8.884689128000050 53.054778277000104)",Unfall 166531 (2022) Kat:3, Licht: 0,166531,3,3,5,11,12,2,0,0,0,1,0,1,0,0
"POINT (8.777614629000031 53.064055800000098)",Unfall 166534 (2022) Kat:3, Licht: 0,166534,3,7,0,08,09,7,0,0,1,0,0,0,0,0
"POINT (8.802783348000050 53.095056000000099)",Unfall 166536 (2022) Kat:3, Licht: 0,166536,3,7,1,10,09,6,0,0,1,1,0,0,0,0
"POINT (8.871796591000081 53.077118396000103)",Unfall 166537 (2022) Kat:3, Licht: 0,166537,3,3,5,10,13,6,0,0,1,1,0,0,0,0
"POINT (8.770479155000031 53.113986056000002)",Unfall 166538 (2022) Kat:3, Licht: 0,166538,3,6,2,12,17,4,0,0,0,1,0,0,0,0
"POINT (8.809905562000040 53.093315132999997)",Unfall 166540 (2022) Kat:3, Licht: 0,166540,3,3,5,09,11,4,0,0,1,1,0,0,0,0
"POINT (8.751243494000050 53.110825736000002)",Unfall 166543 (2022) Kat:3, Licht: 2,166543,3,1,9,12,17,2,2,2,0,1,0,0,0,0
"POINT (8.704373700000080 53.155673231999998)",Unfall 166549 (2022) Kat:3, Licht: 0,166549,3,2,5,10,17,3,0,0,1,1,0,0,0,0
"POINT (8.697611475000031 53.183033962000103)",Unfall 166550 (2022) Kat:3, Licht: 0,166550,3,3,5,08,07,2,1,0,1,1,0,0,0,0
"POINT (8.887736050000060 53.069186705000000)",Unfall 166551 (2022) Kat:3, Licht: 2,166551,3,7,8,09,23,2,0,2,0,1,0,0,0,0
"POINT (8.820258892000030 53.084035622000002)",Unfall 166552 (2022) Kat:3, Licht: 1,166552,3,2,3,09,17,5,0,1,1,1,0,0,0,0
"POINT (8.864092509000050 53.099126489000099)",Unfall 166553 (2022) Kat:3, Licht: 0,166553,3,6,2,11,15,4,1,0,0,1,0,0,0,0
"POINT (8.795402357000061 53.080287257000101)",Unfall 166556 (2022) Kat:2, Licht: 0,166556,2,3,5,09,13,5,0,0,1,1,0,0,0,0
"POINT (8.786391757000050 53.074624116000102)",Unfall 166557 (2022) Kat:3, Licht: 0,166557,3,3,5,10,11,5,0,0,1,1,0,0,0,0
"POINT (8.625930067000070 53.170535487000102)",Unfall 166558 (2022) Kat:3, Licht: 2,166558,3,3,5,12,15,2,1,2,0,1,0,0,0,1
"POINT (8.862502378000039 53.106775474000102)",Unfall 166559 (2022) Kat:3, Licht: 0,166559,3,2,5,10,17,5,0,0,1,1,0,0,0,0
"POINT (8.755418080000030 53.081228753000097)",Unfall 166560 (2022) Kat:3, Licht: 0,166560,3,3,5,10,17,6,0,0,0,1,0,0,0,0
"POINT (8.782184958000069 53.066868783000103)",Unfall 166562 (2022) Kat:3, Licht: 2,166562,3,6,2,12,17,6,1,2,0,1,0,0,0,0
"POINT (8.872107105000049 53.098346135000000)",Unfall 166564 (2022) Kat:3, Licht: 0,166564,3,6,2,08,10,5,0,0,1,1,0,0,0,0
"POINT (8.808045092000039 53.072535914000099)",Unfall 166565 (2022) Kat:3, Licht: 2,166565,3,6,3,10,20,2,1,2,0,1,0,0,0,0
"POINT (8.863909639000040 53.064850839000002)",Unfall 166567 (2022) Kat:3, Licht: 0,166567,3,7,5,09,17,5,1,0,1,1,0,0,0,0
"POINT (8.814855840000060 53.081293058000000)",Unfall 166568 (2022) Kat:3, Licht: 0,166568,3,7,0,11,15,4,0,0,0,0,0,0,0,1
"POINT (8.801801973000069 53.067802223000101)",Unfall 166572 (2022) Kat:3, Licht: 2,166572,3,1,0,11,05,7,1,2,0,0,0,0,0,1
"POINT (8.916265384000040 53.071264515000102)",Unfall 166573 (2022) Kat:3, Licht: 0,166573,3,3,5,10,16,2,0,0,1,0,1,0,0,0
"POINT (8.818834955000060 53.051856896000103)",Unfall 166575 (2022) Kat:3, Licht: 0,166575,3,2,5,12,10,4,2,0,0,1,0,0,0,1
"POINT (8.797410951000071 53.068891104000002)",Unfall 166578 (2022) Kat:3, Licht: 0,166578,3,6,3,09,14,5,0,0,1,0,0,0,0,0
"POINT (8.855649446000029 53.081685829999998)",Unfall 166580 (2022) Kat:2, Licht: 0,166580,2,2,5,07,14,4,0,0,0,1,0,0,0,1
"POINT (8.617564917000040 53.173083075000100)",Unfall 166581 (2022) Kat:3, Licht: 0,166581,3,4,6,09,18,2,0,0,1,0,1,0,0,0
"POINT (8.777339976000061 53.079228931999999)",Unfall 166582 (2022) Kat:3, Licht: 0,166582,3,6,3,11,15,6,0,0,1,0,0,0,0,0
"POINT (8.789578309000040 53.071351120000003)",Unfall 166585 (2022) Kat:2, Licht: 2,166585,2,1,0,08,03,7,1,2,0,1,0,0,0,0
"POINT (8.850033430000050 53.112042434999999)",Unfall 166587 (2022) Kat:3, Licht: 0,166587,3,2,5,10,08,2,0,0,1,1,0,0,0,0
"POINT (8.824440648000060 53.109880041000103)",Unfall 166588 (2022) Kat:3, Licht: 0,166588,3,2,3,08,18,4,0,0,1,1,0,0,0,0
"POINT (8.705066340000030 53.137837187999999)",Unfall 166589 (2022) Kat:2, Licht: 0,166589,2,3,5,09,14,5,0,0,0,1,0,0,1,0
"POINT (8.734765349000041 53.134199360000103)",Unfall 166590 (2022) Kat:3, Licht: 0,166590,3,6,2,09,12,2,1,0,0,1,0,0,0,0
"POINT (8.898923476000050 53.127589869000097)",Unfall 166593 (2022) Kat:3, Licht: 1,166593,3,6,2,12,17,7,0,1,0,1,0,0,0,0
"POINT (8.890392435000020 53.055463230000001)",Unfall 166594 (2022) Kat:2, Licht: 2,166594,2,1,4,10,22,6,0,2,0,1,0,0,0,1
"POINT (8.781431872000040 53.101149367000097)",Unfall 166595 (2022) Kat:3, Licht: 0,166595,3,4,6,11,11,3,0,0,0,0,1,0,0,1
"POINT (8.802922234000050 53.067159885000102)",Unfall 166597 (2022) Kat:3, Licht: 0,166597,3,6,2,07,18,5,0,0,0,0,0,1,0,1
"POINT (8.871765096000050 53.091436147000103)",Unfall 166598 (2022) Kat:3, Licht: 0,166598,3,6,3,09,16,3,0,0,1,0,0,0,0,1
"POINT (8.699185271000029 53.168194083000103)",Unfall 166599 (2022) Kat:3, Licht: 0,166599,3,3,5,11,12,4,0,0,1,1,0,0,0,0
"POINT (8.882351474000069 53.063716086000099)",Unfall 166602 (2022) Kat:3, Licht: 0,166602,3,6,3,08,15,6,0,0,0,1,0,1,0,0
"POINT (8.886644855000039 53.079183450000102)",Unfall 166603 (2022) Kat:3, Licht: 0,166603,3,3,5,11,13,5,0,0,1,1,0,0,0,0
"POINT (8.788897627000040 53.063259285000100)",Unfall 166604 (2022) Kat:3, Licht: 1,166604,3,7,5,10,17,5,1,1,1,0,0,0,0,0
"POINT (8.796446196000030 53.064887282000001)",Unfall 166605 (2022) Kat:3, Licht: 0,166605,3,3,5,08,11,1,0,0,1,1,0,0,0,0
"POINT (8.963788667000070 53.061302832000102)",Unfall 166606 (2022) Kat:3, Licht: 1,166606,3,6,4,09,04,5,0,1,0,1,0,0,0,0
"POINT (8.870056978000040 53.097201062000103)",Unfall 166609 (2022) Kat:2, Licht: 0,166609,2,6,2,12,14,5,1,0,0,1,0,0,0,0
"POINT (8.832761786000050 53.070944371000103)",Unfall 166610 (2022) Kat:2, Licht: 0,166610,2,3,5,10,13,6,0,0,1,0,0,0,0,1
"POINT (8.771972540000039 53.101376990000098)",Unfall 166611 (2022) Kat:3, Licht: 0,166611,3,7,8,10,15,2,0,0,0,0,0,1,0,0
"POINT (8.870629799000030 53.095399579999999)",Unfall 166615 (2022) Kat:2, Licht: 0,166615,2,7,0,08,12,6,0,0,0,0,0,0,0,1
"POINT (8.825090569000050 53.084194519000100)",Unfall 166617 (2022) Kat:3, Licht: 0,166617,3,2,5,09,15,6,0,0,1,1,0,0,0,0
"POINT (8.805876223000039 53.081359200000101)",Unfall 166618 (2022) Kat:3, Licht: 2,166618,3,2,0,11,19,7,0,2,0,1,0,0,0,1
"POINT (8.801540051000069 53.080914204000102)",Unfall 166621 (2022) Kat:3, Licht: 0,166621,3,4,6,08,15,7,0,0,1,0,1,0,0,0
"POINT (8.808646784000080 53.083193602000101)",Unfall 166622 (2022) Kat:3, Licht: 2,166622,3,6,2,12,12,1,0,2,0,1,0,0,0,0
"POINT (8.866342172000030 53.071918494000002)",Unfall 166623 (2022) Kat:3, Licht: 0,166623,3,6,2,10,10,6,0,0,0,1,0,0,0,0
"POINT (8.699826365000041 53.168098741000101)",Unfall 166624 (2022) Kat:3, Licht: 0,166624,3,2,5,10,13,5,0,0,1,1,0,0,0,0
"POINT (8.752526895000070 53.119686520000101)",Unfall 166628 (2022) Kat:3, Licht: 0,166628,3,6,2,08,14,5,0,0,0,1,0,0,0,0
"POINT (8.739533615000029 53.136375289000100)",Unfall 166629 (2022) Kat:3, Licht: 0,166629,3,6,2,10,15,4,0,0,0,1,0,0,0,0
"POINT (8.730180075000019 53.040161522000098)",Unfall 166631 (2022) Kat:2, Licht: 0,166631,2,4,6,07,19,3,0,0,0,1,1,0,0,0
"POINT (8.808450389000029 53.083001222000100)",Unfall 166632 (2022) Kat:3, Licht: 0,166632,3,2,3,09,15,5,1,0,0,0,0,0,1,1
"POINT (8.799656576000070 53.078002759000100)",Unfall 166636 (2022) Kat:3, Licht: 2,166636,3,7,6,08,22,6,0,2,1,0,1,0,0,0
"POINT (8.615624813000069 53.194397516999999)",Unfall 166637 (2022) Kat:2, Licht: 0,166637,2,3,5,11,15,6,0,0,1,1,0,0,0,0
"POINT (8.847183791000020 53.087003659000104)",Unfall 166640 (2022) Kat:3, Licht: 0,166640,3,2,5,12,14,4,0,0,1,1,0,0,0,0
"POINT (8.844871762000031 53.075237598999998)",Unfall 166641 (2022) Kat:3, Licht: 2,166641,3,7,0,08,23,2,0,2,1,0,0,1,0,0
"POINT (8.809979671000059 53.080138883000103)",Unfall 166642 (2022) Kat:3, Licht: 0,166642,3,4,6,09,12,2,0,0,0,0,1,0,0,1
"POINT (8.812957325000070 53.056138199000003)",Unfall 166643 (2022) Kat:3, Licht: 0,166643,3,6,2,09,07,4,1,0,0,1,0,0,0,0
"POINT (8.718434817000061 53.140941424000097)",Unfall 166646 (2022) Kat:3, Licht: 0,166646,3,6,4,11,08,7,0,0,0,1,0,0,0,0
"POINT (8.810610748000039 53.071809422000101)",Unfall 166649 (2022) Kat:3, Licht: 0,166649,3,3,5,08,12,6,0,0,1,0,0,0,0,0
"POINT (8.882423246000030 53.103663407000099)",Unfall 166650 (2022) Kat:3, Licht: 0,166650,3,7,0,11,09,3,2,0,1,0,0,0,0,0
"POINT (8.813460455000040 53.090343638000000)",Unfall 166651 (2022) Kat:3, Licht: 0,166651,3,3,5,10,12,4,0,0,1,0,0,0,0,0
"POINT (8.809675067000059 53.091058513000100)",Unfall 166653 (2022) Kat:3, Licht: 0,166653,3,2,4,09,18,2,0,0,1,1,0,0,0,0
"POINT (8.808955637000050 53.083335603000101)",Unfall 166654 (2022) Kat:3, Licht: 2,166654,3,1,0,09,23,4,0,2,0,0,0,0,0,1
"POINT (8.807636317000060 53.059866134000103)",Unfall 166657 (2022) Kat:3, Licht: 0,166657,3,7,6,12,15,5,1,0,0,0,1,1,0,0
"POINT (8.917741624000030 53.071277920999997)",Unfall 166658 (2022) Kat:3, Licht: 0,166658,3,3,5,09,09,6,0,0,1,1,0,0,0,0
"POINT (8.783990428000040 53.103555880999998)",Unfall 166660 (2022) Kat:3, Licht: 2,166660,3,3,5,10,20,5,0,2,0,1,0,0,0,1
"POINT (8.772598551000041 53.081475562000001)",Unfall 166661 (2022) Kat:3, Licht: 0,166661,3,5,1,11,07,4,0,0,1,1,0,0,0,0
"POINT (8.786932309000060 53.069576518000098)",Unfall 166662 (2022) Kat:3, Licht: 1,166662,3,4,6,12,16,6,0,1,0,1,1,0,0,0
"POINT (8.806956861000060 53.081887320000099)",Unfall 166665 (2022) Kat:3, Licht: 0,166665,3,6,4,07,18,2,0,0,1,0,0,0,0,1
"POINT (8.751826910000030 53.120212835000103)",Unfall 166666 (2022) Kat:3, Licht: 0,166666,3,6,3,09,16,5,1,0,0,1,0,0,1,0
"POINT (8.896681361000050 53.130473883000001)",Unfall 166667 (2022) Kat:3, Licht: 0,166667,3,3,5,11,14,2,0,0,1,1,0,0,0,0
"POINT (8.737073465000041 53.079730085000101)",Unfall 166670 (2022) Kat:3, Licht: 0,166670,3,2,5,08,17,4,0,0,0,1,0,0,1,0
"POINT (8.840118910000060 53.067507991000099)",Unfall 166671 (2022) Kat:3, Licht: 0,166671,3,6,2,12,12,5,0,0,0,1,0,0,0,0
"POINT (8.837220026000070 53.082380829000002)",Unfall 166672 (2022) Kat:2, Licht: 2,166672,2,7,0,10,21,4,1,2,1,0,0,0,0,0
"POINT (8.794101674000050 53.074356539000100)",Unfall 166674 (2022) Kat:3, Licht: 2,166674,3,4,6,12,18,3,1,2,0,0,1,0,0,1
"POINT (8.857152918000050 53.072666173000101)",Unfall 166676 (2022) Kat:3, Licht: 0,166676,3,6,3,08,14,7,0,0,0,1,0,1,0,0
"POINT (8.841594057000069 53.072567843999998)",Unfall 166679 (2022) Kat:3, Licht: 2,166679,3,1,1,12,22,6,1,2,0,1,0,0,0,0
"POINT (8.830142735000040 53.090047549000097)",Unfall 166681 (2022) Kat:3, Licht: 2,166681,3,7,0,08,00,1,0,2,0,0,0,0,0,1
"POINT (8.774054904000019 53.061917244000000)",Unfall 166682 (2022) Kat:3, Licht: 0,166682,3,3,5,07,14,7,0,0,0,1,0,0,0,1
"POINT (8.940551061000059 53.077582601000103)",Unfall 166683 (2022) Kat:3, Licht: 1,166683,3,3,5,09,07,4,0,1,1,1,0,0,0,0
"POINT (8.766108463000020 53.073919773000100)",Unfall 166685 (2022) Kat:3, Licht: 0,166685,3,2,5,11,13,4,1,0,1,1,0,0,0,0
"POINT (8.884238180000070 53.073147868000000)",Unfall 166688 (2022) Kat:3, Licht: 0,166688,3,3,5,08,10,4,0,0,1,1,0,0,0,0
"POINT (8.809383428000050 53.088498147999999)",Unfall 166692 (2022) Kat:3, Licht: 0,166692,3,3,5,12,13,3,1,0,0,1,0,0,0,0
"POINT (8.960868851000040 53.039270060000000)",Unfall 166694 (2022) Kat:3, Licht: 0,166694,3,6,1,08,07,4,0,0,0,1,0,0,1,0
"POINT (8.728172502000060 53.038377660999998)",Unfall 166695 (2022) Kat:3, Licht: 0,166695,3,2,5,09,18,4,0,0,1,1,0,0,0,0
"POINT (8.750437424000040 53.112243591000002)",Unfall 166697 (2022) Kat:3, Licht: 0,166697,3,6,2,07,15,6,0,0,0,1,1,0,0,0
"POINT (8.864324012000051 53.023688526000100)",Unfall 166698 (2022) Kat:3, Licht: 0,166698,3,6,2,09,08,4,1,0,0,1,0,0,1,0
"POINT (8.764429522000061 53.113290768000098)",Unfall 166699 (2022) Kat:3, Licht: 0,166699,3,3,6,11,14,5,0,0,0,1,1,0,0,0
"POINT (8.819000448000050 53.031613227999998)",Unfall 166702 (2022) Kat:3, Licht: 0,166702,3,3,5,08,09,5,0,0,1,1,0,0,0,0
"POINT (8.798422339000069 53.079817130999999)",Unfall 166703 (2022) Kat:3, Licht: 2,166703,3,2,5,11,18,1,1,2,0,1,0,0,0,1
"POINT (8.764703687000059 53.113164558999998)",Unfall 166706 (2022) Kat:3, Licht: 2,166706,3,4,6,12,17,2,0,2,0,1,1,0,0,0
"POINT (8.786912292000070 53.100220864999997)",Unfall 166707 (2022) Kat:3, Licht: 0,166707,3,7,0,08,16,3,0,0,0,0,0,0,0,1
"POINT (8.806501152000070 53.065483255000103)",Unfall 166711 (2022) Kat:3, Licht: 0,166711,3,1,0,09,20,2,0,0,1,0,0,0,0,0
"POINT (8.894451489000060 53.054385631000102)",Unfall 166712 (2022) Kat:3, Licht: 0,166712,3,3,5,11,14,7,0,0,1,1,0,0,0,0
"POINT (8.726207650000051 53.040943423000002)",Unfall 166715 (2022) Kat:3, Licht: 0,166715,3,1,8,08,17,6,0,0,0,1,0,0,0,0
"POINT (8.808495720000050 53.094801648000001)",Unfall 166716 (2022) Kat:3, Licht: 0,166716,3,2,5,11,13,6,0,0,0,1,0,0,0,1
"POINT (8.801997142000060 53.086541710000098)",Unfall 166717 (2022) Kat:3, Licht: 2,166717,3,3,5,10,07,4,0,2,1,1,0,0,0,0
"POINT (8.862552650000049 53.067613295999998)",Unfall 166718 (2022) Kat:3, Licht: 0,166718,3,2,5,08,18,4,0,0,1,1,0,0,0,0
"POINT (8.818579821000069 53.038687699000000)",Unfall 166720 (2022) Kat:3, Licht: 0,166720,3,7,2,09,15,5,0,0,0,1,0,0,0,0
"POINT (8.833742122000050 53.094833998000098)",Unfall 166721 (2022) Kat:3, Licht: 2,166721,3,6,2,11,18,4,0,2,0,1,0,0,0,0
"POINT (8.890010948000050 53.082274201000097)",Unfall 166725 (2022) Kat:3, Licht: 2,166725,3,1,0,09,23,5,0,2,1,0,0,0,0,0
"POINT (8.785398909000040 53.070936334000102)",Unfall 166726 (2022) Kat:3, Licht: 2,166726,3,2,5,10,21,7,0,2,0,1,0,0,0,1
"POINT (8.864462066000041 53.064649088000102)",Unfall 166727 (2022) Kat:3, Licht: 0,166727,3,3,5,10,11,4,0,0,0,1,0,0,0,1
"POINT (8.813119407000039 53.079558878000100)",Unfall 166728 (2022) Kat:3, Licht: 0,166728,3,5,1,10,12,1,0,0,1,1,0,0,0,0
"POINT (8.806316133000051 53.084405486999998)",Unfall 166729 (2022) Kat:3, Licht: 2,166729,3,3,5,12,00,1,1,2,0,1,0,0,0,1
"POINT (8.800877551000040 53.068437887000101)",Unfall 166731 (2022) Kat:3, Licht: 0,166731,3,3,0,08,14,6,0,0,1,1,0,0,0,0
"POINT (8.806382426000029 53.093997641000001)",Unfall 166733 (2022) Kat:2, Licht: 2,166733,2,7,0,09,05,7,0,2,0,0,0,0,0,1
"POINT (8.958342130000061 53.036517885000102)",Unfall 166734 (2022) Kat:3, Licht: 2,166734,3,1,9,11,22,4,1,2,0,1,0,0,0,0
"POINT (8.826750035000030 53.042876138000103)",Unfall 166737 (2022) Kat:3, Licht: 0,166737,3,3,5,09,08,5,0,0,1,1,0,0,0,0
"POINT (8.810544781000029 53.076697154000001)",Unfall 166738 (2022) Kat:3, Licht: 0,166738,3,3,5,12,08,3,1,0,1,1,0,0,0,0
"POINT (8.726517733000041 53.129559041000100)",Unfall 166739 (2022) Kat:3, Licht: 2,166739,3,6,3,10,06,5,1,2,0,1,0,0,1,0
"POINT (8.790397690000081 53.086297139000102)",Unfall 166740 (2022) Kat:3, Licht: 2,166740,3,6,2,12,19,2,1,2,0,1,0,0,0,0
"POINT (8.777833194000040 53.099426428000100)",Unfall 166742 (2022) Kat:3, Licht: 0,166742,3,2,5,08,14,7,0,0,1,1,0,0,0,0
"POINT (8.859555436000051 53.072196033000097)",Unfall 166743 (2022) Kat:3, Licht: 2,166743,3,6,2,09,19,5,1,2,0,1,0,0,0,0
"POINT (8.792764007000070 53.073472453000100)",Unfall 166745 (2022) Kat:3, Licht: 0,166745,3,5,1,07,09,4,0,0,0,1,0,0,0,0
"POINT (8.622324469000031 53.171342621000100)",Unfall 166746 (2022) Kat:3, Licht: 0,166746,3,2,6,09,18,6,0,0,0,1,1,0,0,0
"POINT (8.798249093000040 53.055978970000098)",Unfall 166750 (2022) Kat:3, Licht: 0,166750,3,6,2,08,19,6,1,0,0,1,0,0,0,0
"POINT (8.793811696000031 53.074366275999999)",Unfall 166755 (2022) Kat:3, Licht: 2,166755,3,7,6,08,07,7,0,2,0,1,1,0,0,0
"POINT (8.812899167000070 53.081080783000097)",Unfall 166757 (2022) Kat:3, Licht: 0,166757,3,6,2,09,05,2,1,0,0,1,0,0,0,1
"POINT (8.804134396000050 53.072607826000102)",Unfall 166760 (2022) Kat:3, Licht: 0,166760,3,3,5,12,17,6,0,0,1,0,0,1,0,0
"POINT (8.675829587000070 53.173496075999999)",Unfall 166761 (2022) Kat:3, Licht: 0,166761,3,3,5,10,08,2,0,0,1,1,0,0,0,0
"POINT (8.870260121000060 53.063966310000097)",Unfall 166762 (2022) Kat:3, Licht: 0,166762,3,3,5,11,09,3,0,0,1,1,0,0,0,0
"POINT (8.869811412000050 53.064206282000001)",Unfall 166765 (2022) Kat:3, Licht: 0,166765,3,6,2,08,10,2,0,0,0,1,0,0,0,0