WKT,Name,OBJECTID,UKATEGORIE,UTYP1,UART,UMONAT,USTUNDE,UWOCHENTAG,STRZUSTAND,ULICHTVERH,ISTRAD,ISTPKW,ISTFUSS,ISTKRAD,ISTGKFZ,ISTSONSTIG
"POINT (8.804153909000039 53.072390331000101)",Unfall 166766 (2022) Kat:3, Licht: 2,166766,3,3,4,07,23,4,0,2,1,1,0,0,0,0
"POINT (8.855935195000029 53.103705728000101)",Unfall 166768 (2022) Kat:3, Licht: 0,166768,3,6,2,11,09,5,0,0,0,1,0,0,0,0
"POINT (8.805860511000050 53.073291767000100)",Unfall 166771 (2022) Kat:3, Licht: 0,166771,3,6,3,08,19,5,0,0,0,1,0,0,0,0
"POINT (8.805247179000050 53.088315160000001)",Unfall 166773 (2022) Kat:3, Licht: 0,166773,3,4,6,10,15,7,0,0,0,1,1,0,0,0
"POINT (8.797046180000050 53.073584577000098)",Unfall 166775 (2022) Kat:2, Licht: 0,166775,2,3,5,12,14,6,0,0,0,1,0,0,0,0
"POINT (8.867125234000071 53.066925866000098)",Unfall 166776 (2022) Kat:3, Licht: 0,166776,3,7,0,08,15,2,0,0,0,1,0,0,0,1
"POINT (8.563401202000019 53.199038539000099)",Unfall 166777 (2022) Kat:3, Licht: 0,166777,3,4,6,09,14,6,1,0,0,1,1,0,0,0
"POINT (8.796156405000030 53.086069544000097)",Unfall 166781 (2022) Kat:2, Licht: 0,166781,2,6,2,12,14,5,0,0,0,1,0,0,0,0
"POINT (8.826853805000040 53.034274652000100)",Unfall 166782 (2022) Kat:3, Licht: 0,166782,3,3,5,10,10,6,0,0,1,1,0,0,0,0
"POINT (8.871450133000049 53.092287892999998)",Unfall 166783 (2022) Kat:2, Licht: 1,166783,2,1,0,10,19,6,1,1,0,0,0,1,0,0
"POINT (8.809245897000039 53.074678612000099)",Unfall 166784 (2022) Kat:3, Licht: 0,166784,3,7,0,11,14,6,0,0,0,0,0,0,0,1
"POINT (8.791787569000061 53.087763914999996)",Unfall 166789 (2022) Kat:3, Licht: 0,166789,3,3,5,10,15,3,0,0,1,0,0,0,0,1
"POINT (8.918193587000079 53.071428056999999)",Unfall 166790 (2022) Kat:3, Licht: 0,166790,3,6,3,07,09,7,0,0,1,1,0,0,0,0
"POINT (8.824190860000041 53.079206090000099)",Unfall 166791 (2022) Kat:3, Licht: 0,166791,3,5,1,09,09,3,0,0,1,1,0,0,0,0
"POINT (8.741672455000071 53.124308853999999)",Unfall 166793 (2022) Kat:3, Licht: 2,166793,3,7,8,11,22,5,1,2,0,1,0,0,0,0
"POINT (8.763742450000050 53.096329687999997)",Unfall 166796 (2022) Kat:3, Licht: 1,166796,3,2,5,12,15,6,0,1,0,1,0,0,0,0
"POINT (8.886942617000051 53.034645558000101)",Unfall 166797 (2022) Kat:3, Licht: 1,166797,3,3,5,09,05,6,0,1,1,1,0,0,0,0
"POINT (8.562275512000040 53.192238668000101)",Unfall 166798 (2022) Kat:3, Licht: 0,166798,3,3,5,10,18,5,0,0,0,1,0,0,0,1
"POINT (8.918230031000061 53.053173023000099)",Unfall 166800 (2022) Kat:3, Licht: 0,166800,3,1,9,11,17,3,0,0,0,1,0,0,0,0
"POINT (8.824458760000031 53.084371638000100)",Unfall 166803 (2022) Kat:3, Licht: 0,166803,3,6,2,08,18,4,0,0,0,1,0,0,0,0
"POINT (8.755905897000050 53.115365300000100)",Unfall 166804 (2022) Kat:3, Licht: 0,166804,3,4,6,10,17,5,0,0,0,1,1,0,0,0
"POINT (8.921648930000060 53.059497741000001)",Unfall 166805 (2022) Kat:3, Licht: 0,166805,3,5,1,07,13,2,0,0,0,1,0,0,0,1
"POINT (8.944624956000039 53.065876711999998)",Unfall 166806 (2022) Kat:3, Licht: 0,166806,3,3,5,09,08,4,1,0,0,1,0,0,0,0
"POINT (8.850444462000040 53.071188659000001)",Unfall 166810 (2022) Kat:3, Licht: 0,166810,3,6,3,08,15,1,0,0,1,0,0,0,0,1
"POINT (8.796885119000020 53.094666232000101)",Unfall 166811 (2022) Kat:3, Licht: 2,166811,3,2,2,12,18,5,0,2,0,1,0,0,0,1
"POINT (8.777117924000040 53.099125313999998)",Unfall 166812 (2022) Kat:3, Licht: 1,166812,3,4,6,10,18,5,0,1,0,1,1,0,0,0
"POINT (8.786431136000029 53.074678386000102)",Unfall 166817 (2022) Kat:3, Licht: 0,166817,3,6,2,09,13,1,1,0,0,1,0,0,0,0
"POINT (8.800071131000040 53.070589697999999)",Unfall 166818 (2022) Kat:3, Licht: 0,166818,3,4,6,10,14,7,0,0,1,0,1,0,0,0
"POINT (8.786948846000030 53.074291401000004)",Unfall 166820 (2022) Kat:3, Licht: 0,166820,3,7,1,07,16,4,0,0,0,0,0,1,1,0
"POINT (8.818514275000039 53.069743631999998)",Unfall 166821 (2022) Kat:3, Licht: 0,166821,3,6,2,09,18,3,0,0,0,1,0,0,0,0
"POINT (8.852345819000050 53.073674512000103)",Unfall 166822 (2022) Kat:3, Licht: 0,166822,3,3,5,11,12,2,0,0,1,1,0,0,0,0
"POINT (8.612398424000050 53.184355662000002)",Unfall 166825 (2022) Kat:3, Licht: 0,166825,3,6,2,08,20,3,0,0,0,1,0,0,0,0
"POINT (8.875149943000050 53.082575243000100)",Unfall 166826 (2022) Kat:3, Licht: 2,166826,3,5,1,11,06,2,1,2,0,1,0,0,1,0
"POINT (8.787664899000051 53.087453865999997)",Unfall 166827 (2022) Kat:3, Licht: 0,166827,3,3,5,10,13,2,1,0,1,1,0,0,0,0
"POINT (8.800693058000039 53.078868999000100)",Unfall 166828 (2022) Kat:3, Licht: 2,166828,3,7,0,12,18,3,2,2,0,0,0,0,0,1
"POINT (8.808686984000079 53.120955645000002)",Unfall 166829 (2022) Kat:3, Licht: 0,166829,3,5,1,08,09,2,0,0,1,1,0,0,0,0
"POINT (8.787712849000060 53.087181952000002)",Unfall 166830 (2022) Kat:3, Licht: 1,166830,3,3,5,09,15,6,1,1,1,1,0,0,0,0
"POINT (8.711389475000029 53.179396543999999)",Unfall 166833 (2022) Kat:3, Licht: 2,166833,3,3,5,12,17,2,0,2,0,1,0,0,0,0
"POINT (8.728803665000040 53.038935079000098)",Unfall 166834 (2022) Kat:3, Licht: 0,166834,3,2,5,10,10,7,0,0,1,1,0,0,0,0
"POINT (8.827758104000051 53.068850423000100)",Unfall 166835 (2022) Kat:3, Licht: 0,166835,3,7,0,11,12,3,0,0,1,0,0,0,0,0
"POINT (8.803263454000049 53.084635849000101)",Unfall 166836 (2022) Kat:3, Licht: 0,166836,3,3,5,12,10,5,1,0,1,0,0,0,0,0
"POINT (8.835984166000060 53.083797870000097)",Unfall 166838 (2022) Kat:3, Licht: 0,166838,3,2,5,08,08,3,0,0,1,0,0,0,0,1
"POINT (8.769090310000021 53.110749673999997)",Unfall 166839 (2022) Kat:2, Licht: 0,166839,2,3,5,08,13,6,1,0,0,0,0,1,0,1
"POINT (8.573393483000070 53.191720001000100)",Unfall 166840 (2022) Kat:3, Licht: 0,166840,3,1,0,09,11,7,1,0,1,0,0,0,0,0
"POINT (8.774959357000061 53.080153969000001)",Unfall 166841 (2022) Kat:3, Licht: 0,166841,3,4,6,09,07,5,0,0,1,0,1,0,0,0
"POINT (8.803933265000071 53.077885510999998)",Unfall 166845 (2022) Kat:3, Licht: 0,166845,3,7,6,08,15,7,0,0,1,0,1,0,0,0
"POINT (8.843850414000030 53.044195843000097)",Unfall 166846 (2022) Kat:3, Licht: 2,166846,3,6,2,12,17,2,1,2,0,1,0,0,0,0
"POINT (8.909345306000031 53.058798918000001)",Unfall 166847 (2022) Kat:3, Licht: 0,166847,3,7,0,10,16,5,0,0,1,1,0,0,0,0
"POINT (8.875125898000020 53.082426758000103)",Unfall 166848 (2022) Kat:3, Licht: 0,166848,3,2,5,10,16,3,0,0,1,1,0,0,0,0
"POINT (8.774310925000069 53.101403934000103)",Unfall 166852 (2022) Kat:3, Licht: 0,166852,3,6,2,08,12,3,0,0,0,1,0,0,0,0
"POINT (8.870063229000040 53.097426284999997)",Unfall 166853 (2022) Kat:3, Licht: 0,166853,3,7,1,10,10,5,0,0,1,1,0,0,0,0
"POINT (8.803838203000049 53.076320432999999)",Unfall 166854 (2022) Kat:3, Licht: 0,166854,3,1,2,07,17,2,1,0,1,1,0,0,0,0
"POINT (8.721071021000061 53.156035915000103)",Unfall 166855 (2022) Kat:3, Licht: 0,166855,3,6,2,09,17,5,1,0,0,1,0,0,0,1
"POINT (8.882081166000029 53.079097529000101)",Unfall 166856 (2022) Kat:3, Licht: 0,166856,3,3,5,11,16,3,0,0,1,1,0,0,0,0
"POINT (8.736613788000060 53.141947231000103)",Unfall 166857 (2022) Kat:3, Licht: 0,166857,3,1,8,11,13,5,1,0,0,1,0,0,0,0
"POINT (8.852260847000030 53.081832884999997)",Unfall 166858 (2022) Kat:3, Licht: 0,166858,3,5,1,10,14,3,0,0,1,1,0,0,0,0
"POINT (8.873669339000060 53.101326330000099)",Unfall 166859 (2022) Kat:3, Licht: 0,166859,3,2,2,08,11,6,1,0,1,1,0,0,0,0
"POINT (8.872470818000069 53.063155279999997)",Unfall 166860 (2022) Kat:3, Licht: 0,166860,3,3,5,09,15,2,0,0,0,1,0,0,0,1
"POINT (8.796711703000030 53.089216946000100)",Unfall 166861 (2022) Kat:3, Licht: 0,166861,3,3,5,09,15,5,0,0,1,1,0,0,0,0
"POINT (8.882793244000030 53.055797109000103)",Unfall 166862 (2022) Kat:3, Licht: 1,166862,3,1,8,11,06,5,1,1,0,1,0,0,0,0
"POINT (8.772653813000030 53.109032149000001)",Unfall 166864 (2022) Kat:3, Licht: 2,166864,3,2,5,10,19,7,1,2,0,1,0,0,0,1
"POINT (8.821129672000041 53.052280367000002)",Unfall 166866 (2022) Kat:3, Licht: 0,166866,3,3,5,09,08,5,0,0,1,1,0,0,0,0
"POINT (8.839186675000059 53.050814144000100)",Unfall 166868 (2022) Kat:3, Licht: 2,166868,3,4,6,12,07,2,1,2,1,0,1,0,0,0
"POINT (8.769382036000019 53.110584864000003)",Unfall 166869 (2022) Kat:3, Licht: 2,166869,3,3,5,10,19,5,1,2,1,1,0,0,0,0
"POINT (8.891918659000050 53.081059291000003)",Unfall 166870 (2022) Kat:2, Licht: 0,166870,2,3,5,10,12,3,1,0,0,1,0,0,0,1
"POINT (8.941124524000029 53.058431650999999)",Unfall 166872 (2022) Kat:3, Licht: 2,166872,3,6,2,12,18,3,0,2,0,1,0,0,0,0
"POINT (8.900253794000040 53.046673173999999)",Unfall 166874 (2022) Kat:3, Licht: 0,166874,3,6,4,08,15,4,1,0,1,0,0,0,0,1
"POINT (8.588745190000051 53.182968224000000)",Unfall 166875 (2022) Kat:3, Licht: 2,166875,3,7,0,10,05,2,1,2,0,1,0,1,0,0
"POINT (8.730945836000050 53.091642655999998)",Unfall 166876 (2022) Kat:2, Licht: 0,166876,2,3,5,07,17,5,0,0,1,0,0,0,1,0
"POINT (8.841741598000061 53.040756010999999)",Unfall 166877 (2022) Kat:3, Licht: 1,166877,3,5,1,09,18,6,1,1,0,1,0,0,0,0
"POINT (8.867328712000070 53.098818919999999)",Unfall 166878 (2022) Kat:3, Licht: 0,166878,3,3,0,11,11,4,0,0,1,0,0,0,0,1
"POINT (8.742481520000069 53.137705455999999)",Unfall 166880 (2022) Kat:3, Licht: 1,166880,3,2,5,10,20,7,1,1,0,1,0,0,0,0
"POINT (8.810530462000029 53.057836651999999)",Unfall 166883 (2022) Kat:3, Licht: 0,166883,3,3,5,11,10,3,1,0,0,1,0,0,0,0
"POINT (8.808629224000070 53.083202734000103)",Unfall 166884 (2022) Kat:3, Licht: 1,166884,3,2,6,10,06,2,0,1,0,1,1,0,0,0
"POINT (8.831601086000029 53.081143982000100)",Unfall 166886 (2022) Kat:3, Licht: 2,166886,3,3,5,12,17,2,1,2,0,1,0,0,0,1
"POINT (8.712671507000040 53.144390515000097)",Unfall 166887 (2022) Kat:3, Licht: 0,166887,3,3,5,08,14,5,0,0,1,1,0,0,0,0
"POINT (8.848405779000069 53.050253321000099)",Unfall 166888 (2022) Kat:3, Licht: 0,166888,3,6,2,09,15,1,1,0,0,1,0,0,0,0
"POINT (8.814987155000040 53.081112516000097)",Unfall 166891 (2022) Kat:3, Licht: 0,166891,3,4,6,07,11,4,0,0,0,0,1,0,0,1
"POINT (8.823457752000021 53.047932876000097)",Unfall 166892 (2022) Kat:2, Licht: 0,166892,2,3,5,09,08,2,0,0,1,0,0,0,1,0
"POINT (8.772440816000030 53.109012145000101)",Unfall 166893 (2022) Kat:3, Licht: 2,166893,3,3,5,11,20,4,0,2,0,0,0,1,0,1
"POINT (8.910886775000050 53.057458488000101)",Unfall 166896 (2022) Kat:3, Licht: 0,166896,3,7,0,08,15,7,0,0,0,1,1,0,0,0
"POINT (8.872454035000031 53.063137771000100)",Unfall 166897 (2022) Kat:3, Licht: 0,166897,3,3,5,11,12,5,0,0,1,1,0,0,0,0
"POINT (8.850559617000039 53.111886392000002)",Unfall 166898 (2022) Kat:3, Licht: 0,166898,3,3,5,10,09,5,0,0,1,0,0,0,0,1
"POINT (8.785802281000031 53.103416556000099)",Unfall 166899 (2022) Kat:3, Licht: 2,166899,3,7,6,08,22,7,0,2,1,0,1,0,0,0
"POINT (8.843567431000050 53.089617097000001)",Unfall 166900 (2022) Kat:3, Licht: 0,166900,3,4,6,09,19,5,0,0,1,0,1,0,0,0
"POINT (8.887994320000081 53.066734683000000)",Unfall 166903 (2022) Kat:3, Licht: 0,166903,3,2,5,12,12,1,0,0,1,1,0,0,0,0
"POINT (8.829270228000039 53.074591489000099)",Unfall 166905 (2022) Kat:3, Licht: 2,166905,3,4,6,10,07,3,0,2,1,0,1,0,0,0
"POINT (8.796342868000069 53.082528214000000)",Unfall 166906 (2022) Kat:3, Licht: 1,166906,3,2,5,11,07,3,0,1,1,1,0,0,0,0
"POINT (8.810742675000030 53.068761178000003)",Unfall 166909 (2022) Kat:3, Licht: 0,166909,3,7,0,08,17,1,0,0,1,0,0,0,0,0
"POINT (8.815966876000060 53.043124861000102)",Unfall 166910 (2022) Kat:3, Licht: 0,166910,3,2,2,07,16,6,0,0,0,1,0,0,0,0
"POINT (8.793177672000070 53.092738633000103)",Unfall 166911 (2022) Kat:3, Licht: 0,166911,3,6,4,09,15,1,0,0,1,0,0,0,0,0
"POINT (8.895845159000030 53.096954278000098)",Unfall 166912 (2022) Kat:3, Licht: 2,166912,3,7,0,09,20,6,1,2,1,0,0,0,0,0
"POINT (8.795138984000060 53.085448651000000)",Unfall 166913 (2022) Kat:3, Licht: 2,166913,3,6,2,11,18,2,0,2,0,1,0,0,0,0
"POINT (8.740878534000050 53.052371502000000)",Unfall 166917 (2022) Kat:2, Licht: 2,166917,2,1,9,12,04,1,0,2,0,1,0,0,0,0
"POINT (8.772093934000051 53.094535876000101)",Unfall 166918 (2022) Kat:3, Licht: 0,166918,3,1,9,10,16,5,0,0,0,1,0,0,0,0
"POINT (8.758851114000040 53.115990505000099)",Unfall 166920 (2022) Kat:3, Licht: 2,166920,3,3,6,12,18,4,1,2,0,1,1,0,0,0
"POINT (8.550796000000050 53.197500740000102)",Unfall 166922 (2022) Kat:3, Licht: 0,166922,3,3,5,08,18,6,0,0,0,1,0,0,0,0
"POINT (8.886251296000070 53.060772550000102)",Unfall 166923 (2022) Kat:3, Licht: 2,166923,3,4,6,09,19,5,0,2,0,0,1,0,0,1
"POINT (8.953703544000060 53.034122341000099)",Unfall 166926 (2022) Kat:3, Licht: 0,166926,3,2,5,09,17,4,0,0,1,1,0,0,0,0
"POINT (8.793271494000070 53.093025646000100)",Unfall 166927 (2022) Kat:3, Licht: 0,166927,3,6,2,11,14,6,0,0,0,1,0,0,0,0
"POINT (8.823111694000030 53.073264831000103)",Unfall 166930 (2022) Kat:3, Licht: 0,166930,3,6,3,08,18,4,0,0,1,1,0,0,0,0
"POINT (8.930513008000050 53.087635670000097)",Unfall 166931 (2022) Kat:3, Licht: 2,166931,3,6,2,11,20,7,1,2,0,1,0,0,0,0
"POINT (8.741104753000061 53.052682441999998)",Unfall 166932 (2022) Kat:3, Licht: 0,166932,3,3,5,10,13,6,0,0,0,1,0,0,0,0
"POINT (8.927305914000041 53.038421388000103)",Unfall 166934 (2022) Kat:3, Licht: 2,166934,3,6,2,12,18,4,1,2,0,1,0,0,0,0
"POINT (8.815372684000071 53.055770503000097)",Unfall 166935 (2022) Kat:3, Licht: 0,166935,3,3,5,08,14,1,0,0,1,0,0,1,0,0
"POINT (8.799135809000060 53.069822787000099)",Unfall 166936 (2022) Kat:3, Licht: 0,166936,3,1,2,09,13,5,1,0,0,1,0,0,0,0
"POINT (8.806140117000041 53.100173740000102)",Unfall 166937 (2022) Kat:3, Licht: 0,166937,3,6,2,09,13,1,1,0,0,1,0,0,0,0
"POINT (8.822733904000071 53.078741129999997)",Unfall 166939 (2022) Kat:3, Licht: 0,166939,3,6,2,09,12,2,0,0,0,1,0,0,0,0
"POINT (8.753607632000071 53.065869314000103)",Unfall 166940 (2022) Kat:3, Licht: 0,166940,3,3,5,11,11,2,0,0,0,1,0,0,0,0
"POINT (8.777254280000021 53.106600809000000)",Unfall 166943 (2022) Kat:3, Licht: 0,166943,3,6,3,08,07,1,0,0,0,1,0,0,0,1
"POINT (8.868774406000060 53.074253568000103)",Unfall 166944 (2022) Kat:3, Licht: 2,166944,3,3,0,11,07,3,1,2,1,0,0,0,0,1
"POINT (8.762899335000039 53.076905092000104)",Unfall 166945 (2022) Kat:3, Licht: 0,166945,3,7,8,10,16,4,0,0,1,0,0,0,0,0
"POINT (8.819558562000051 53.069542699000102)",Unfall 166948 (2022) Kat:2, Licht: 2,166948,2,4,6,08,03,7,0,2,1,0,1,0,0,0
"POINT (8.756309808000029 53.118340197000101)",Unfall 166949 (2022) Kat:3, Licht: 2,166949,3,6,2,11,19,6,1,2,0,1,0,0,0,0
"POINT (8.801541680000071 53.068011853000002)",Unfall 166950 (2022) Kat:3, Licht: 1,166950,3,6,2,10,19,6,0,1,1,1,0,0,0,0
"POINT (8.819777630000029 53.049211507000102)",Unfall 166953 (2022) Kat:3, Licht: 2,166953,3,3,5,12,18,3,0,2,0,1,0,0,0,1
"POINT (8.634359452000069 53.163429244000000)",Unfall 166954 (2022) Kat:2, Licht: 0,166954,2,7,0,08,18,1,0,0,1,1,0,0,0,0
"POINT (8.789687101000030 53.078842010000102)",Unfall 166955 (2022) Kat:2, Licht: 0,166955,2,6,2,09,16,2,1,0,0,1,0,0,0,0
"POINT (8.856612929000050 53.088913777000101)",Unfall 166956 (2022) Kat:3, Licht: 0,166956,3,3,5,09,13,4,1,0,0,1,0,0,0,1
"POINT (8.780440976000021 53.063580478000098)",Unfall 166958 (2022) Kat:3, Licht: 0,166958,3,3,5,07,16,4,0,0,0,1,0,0,0,0
"POINT (8.727919374000070 53.057570470000002)",Unfall 166963 (2022) Kat:3, Licht: 0,166963,3,7,8,08,10,2,0,0,0,1,0,0,0,0
"POINT (8.851189996000070 53.033990713000001)",Unfall 166964 (2022) Kat:2, Licht: 2,166964,2,7,1,11,17,7,0,2,0,1,0,0,0,0
"POINT (8.837096283000051 53.082664674000100)",Unfall 166965 (2022) Kat:3, Licht: 2,166965,3,3,5,10,17,5,1,2,0,1,0,0,0,1
"POINT (8.737953764000050 53.144769075000099)",Unfall 166966 (2022) Kat:3, Licht: 0,166966,3,1,0,08,13,6,1,0,0,0,0,1,0,0
"POINT (8.827127667000070 53.078465611000098)",Unfall 166967 (2022) Kat:2, Licht: 0,166967,2,4,6,09,10,6,0,0,1,0,1,0,0,0
"POINT (8.807867684000030 53.064201701999998)",Unfall 166970 (2022) Kat:3, Licht: 0,166970,3,7,0,12,08,5,1,0,1,0,0,0,0,0
"POINT (8.891012275000040 53.086222681999999)",Unfall 166971 (2022) Kat:3, Licht: 0,166971,3,5,0,09,11,5,0,0,0,1,0,0,0,1
"POINT (8.827739362000051 53.074782053000000)",Unfall 166972 (2022) Kat:3, Licht: 1,166972,3,2,5,10,18,6,0,1,1,1,0,0,0,0
"POINT (8.797043475000070 53.088138327000102)",Unfall 166974 (2022) Kat:3, Licht: 2,166974,3,1,8,10,04,1,0,2,0,1,0,0,0,0
"POINT (8.692245634000070 53.168206910999999)",Unfall 166975 (2022) Kat:2, Licht: 2,166975,2,3,5,12,07,6,1,2,1,1,0,0,0,0
"POINT (8.752317189000051 53.113185152000000)",Unfall 166977 (2022) Kat:3, Licht: 0,166977,3,3,5,08,17,5,0,0,1,0,0,0,0,1
"POINT (8.806203394000020 53.073300164999999)",Unfall 166979 (2022) Kat:3, Licht: 0,166979,3,3,5,09,18,3,0,0,1,1,0,0,0,0
"POINT (8.870523728000020 53.091275705000001)",Unfall 166981 (2022) Kat:3, Licht: 1,166981,3,3,5,11,07,4,1,1,1,1,0,0,0,0
"POINT (8.771325855000040 53.081936477000099)",Unfall 166985 (2022) Kat:3, Licht: 0,166985,3,7,1,08,15,4,0,0,1,1,0,0,0,0
"POINT (8.880466960000041 53.071654209000002)",Unfall 166989 (2022) Kat:2, Licht: 0,166989,2,3,5,12,10,1,2,0,1,1,0,0,0,0
"POINT (8.736393320000049 53.059293037000003)",Unfall 166991 (2022) Kat:3, Licht: 0,166991,3,6,2,08,12,7,0,0,0,1,0,0,0,0
"POINT (8.794078750000040 53.074532684000097)",Unfall 166992 (2022) Kat:2, Licht: 2,166992,2,7,6,09,19,4,0,2,0,0,1,0,0,1
"POINT (8.906806038000070 53.078472052000102)",Unfall 166994 (2022) Kat:3, Licht: 0,166994,3,4,6,07,12,6,0,0,0,0,1,0,0,1
"POINT (8.791010129000030 53.091589786999997)",Unfall 166996 (2022) Kat:3, Licht: 2,166996,3,3,5,11,17,4,1,2,0,1,0,0,0,0
"POINT (8.618640795000029 53.174305945000100)",Unfall 167000 (2022) Kat:3, Licht: 2,167000,3,4,6,11,16,3,1,2,0,1,1,0,0,0
"POINT (8.937675659000041 53.090699028000103)",Unfall 167001 (2022) Kat:3, Licht: 0,167001,3,7,0,10,16,3,0,0,1,0,0,0,0,0
"POINT (8.772554345000060 53.109084957999997)",Unfall 167003 (2022) Kat:3, Licht: 2,167003,3,3,5,12,16,4,0,2,0,1,0,0,0,0
"POINT (8.882278619000029 53.103512965000000)",Unfall 167004 (2022) Kat:3, Licht: 0,167004,3,6,3,08,07,3,0,0,1,0,0,0,0,0
"POINT (8.862523521000069 53.067593201000101)",Unfall 167005 (2022) Kat:3, Licht: 0,167005,3,2,5,09,11,7,1,0,1,1,0,0,0,0
"POINT (8.854215800000080 53.073279581000101)",Unfall 167009 (2022) Kat:3, Licht: 2,167009,3,6,2,11,17,2,1,2,0,1,0,0,0,0
"POINT (8.756434321000031 53.118444564000100)",Unfall 167012 (2022) Kat:3, Licht: 0,167012,3,7,2,08,15,7,0,0,0,1,0,0,0,0
"POINT (8.795526964000031 53.075281261999997)",Unfall 167014 (2022) Kat:3, Licht: 0,167014,3,7,0,10,14,4,0,0,0,0,0,0,0,1
"POINT (8.792365607000020 53.082723571000002)",Unfall 167015 (2022) Kat:3, Licht: 0,167015,3,6,3,08,12,2,0,0,0,1,0,0,1,0
"POINT (8.790469474000080 53.051485268000100)",Unfall 167016 (2022) Kat:3, Licht: 1,167016,3,6,4,09,06,3,1,1,0,1,0,0,0,0
"POINT (8.958376652000030 53.046436219000000)",Unfall 167017 (2022) Kat:3, Licht: 0,167017,3,6,2,09,15,7,1,0,0,1,0,1,0,0
"POINT (8.804914265000040 53.074723284000100)",Unfall 167018 (2022) Kat:3, Licht: 0,167018,3,7,0,11,15,7,0,0,0,0,1,0,0,1
"POINT (8.812698929000019 53.080790127999997)",Unfall 167020 (2022) Kat:3, Licht: 2,167020,3,6,2,10,02,7,1,2,0,1,0,0,0,0
"POINT (8.870536322000021 53.091275383000003)",Unfall 167022 (2022) Kat:3, Licht: 0,167022,3,2,5,12,13,6,0,0,1,0,0,0,0,1
"POINT (8.798041569000080 53.105820417000103)",Unfall 167023 (2022) Kat:3, Licht: 0,167023,3,3,5,09,07,6,0,0,0,1,0,0,0,1
"POINT (8.830775141000061 53.040965765000102)",Unfall 167024 (2022) Kat:3, Licht: 0,167024,3,3,5,10,15,4,0,0,1,0,0,0,0,1
"POINT (8.624675707000049 53.173173943999998)",Unfall 167025 (2022) Kat:3, Licht: 2,167025,3,4,6,10,18,2,0,2,0,0,1,0,0,1
"POINT (8.702158130000040 53.167678762000001)",Unfall 167026 (2022) Kat:3, Licht: 2,167026,3,2,4,12,16,7,1,2,0,1,0,0,0,0
"POINT (8.704016410000071 53.157899405000101)",Unfall 167028 (2022) Kat:3, Licht: 0,167028,3,2,3,08,15,4,0,0,1,1,0,0,0,0
"POINT (8.856341854000050 53.050631420000101)",Unfall 167029 (2022) Kat:2, Licht: 0,167029,2,6,4,10,16,3,0,0,0,1,0,1,0,0
"POINT (8.704389097000050 53.156016886000003)",Unfall 167030 (2022) Kat:3, Licht: 0,167030,3,2,5,07,12,5,0,0,1,1,0,0,0,0
"POINT (8.794304887000070 53.099709212999997)",Unfall 167032 (2022) Kat:3, Licht: 1,167032,3,2,3,11,08,4,0,1,1,1,0,0,0,0
"POINT (8.870755851000069 53.098477219000102)",Unfall 167035 (2022) Kat:3, Licht: 0,167035,3,6,1,09,18,5,0,0,1,0,0,0,0,1
"POINT (8.802009659000021 53.092205653000100)",Unfall 167036 (2022) Kat:3, Licht: 0,167036,3,7,1,08,10,4,0,0,1,1,0,0,0,0
"POINT (8.831965374000051 53.092679890000099)",Unfall 167038 (2022) Kat:3, Licht: 2,167038,3,2,4,09,21,5,0,2,1,1,0,0,0,0
"POINT (8.877929156000050 53.101425931000101)",Unfall 167041 (2022) Kat:3, Licht: 2,167041,3,2,5,12,21,7,0,2,1,1,0,0,0,0
"POINT (8.803715798000040 53.058887020000000)",Unfall 167042 (2022) Kat:3, Licht: 0,167042,3,6,3,09,14,6,0,0,1,0,0,0,0,1
"POINT (8.806532443000039 53.087292437000002)",Unfall 167043 (2022) Kat:3, Licht: 0,167043,3,6,2,10,14,7,0,0,1,1,0,0,0,0
"POINT (8.902681539000071 53.059445455000102)",Unfall 167044 (2022) Kat:3, Licht: 2,167044,3,6,2,10,21,5,1,2,0,1,0,0,0,0
"POINT (8.813105324000050 53.101948805000099)",Unfall 167045 (2022) Kat:3, Licht: 0,167045,3,2,5,11,09,3,0,0,1,1,0,0,0,0
"POINT (8.851243638000030 53.071048283000003)",Unfall 167046 (2022) Kat:3, Licht: 0,167046,3,4,6,12,14,5,0,0,0,1,1,0,0,0
"POINT (8.863019267000031 53.071365450000002)",Unfall 167048 (2022) Kat:3, Licht: 0,167048,3,2,5,08,12,4,0,0,0,1,0,0,0,1
"POINT (8.716419615000060 53.056441135999997)",Unfall 167049 (2022) Kat:3, Licht: 0,167049,3,2,5,07,17,4,0,0,0,1,0,0,0,1
"POINT (8.853545083000030 53.064832932999998)",Unfall 167051 (2022) Kat:3, Licht: 0,167051,3,6,2,11,08,4,1,0,0,1,0,0,0,0
"POINT (8.941018474000030 53.058399501000103)",Unfall 167054 (2022) Kat:3, Licht: 0,167054,3,2,5,08,18,1,0,0,1,1,0,0,0,0
"POINT (8.825138926000021 53.084493981999998)",Unfall 167055 (2022) Kat:3, Licht: 2,167055,3,2,5,11,22,4,0,2,1,1,0,0,0,0
"POINT (8.826171819000020 53.034356186000103)",Unfall 167058 (2022) Kat:3, Licht: 0,167058,3,3,5,12,13,5,1,0,1,1,0,0,0,0
"POINT (8.952024538000050 53.052788549000098)",Unfall 167060 (2022) Kat:3, Licht: 0,167060,3,3,5,08,18,7,0,0,1,1,0,0,0,0
"POINT (8.811600688000061 53.091954500999996)",Unfall 167063 (2022) Kat:3, Licht: 0,167063,3,5,1,07,07,6,0,0,0,1,0,0,0,0