WKT,Name,OBJECTID,UKATEGORIE,UTYP1,UART,UMONAT,USTUNDE,UWOCHENTAG,STRZUSTAND,ULICHTVERH,ISTRAD,ISTPKW,ISTFUSS,ISTKRAD,ISTGKFZ,ISTSONSTIG
"POINT (8.946919615000070 53.069338145000103)",Unfall 167064 (2022) Kat:3, Licht: 0,167064,3,4,6,09,13,6,0,0,0,1,1,0,0,0
"POINT (8.877240946000031 53.061554049999998)",Unfall 167065 (2022) Kat:3, Licht: 0,167065,3,2,5,11,09,4,0,0,1,1,0,0,0,0
"POINT (8.794940647000031 53.091013594000103)",Unfall 167069 (2022) Kat:3, Licht: 0,167069,3,5,1,11,08,6,1,0,0,1,0,1,0,0
"POINT (8.832091622000060 53.068657799000100)",Unfall 167070 (2022) Kat:3, Licht: 0,167070,3,2,5,10,10,5,0,0,1,0,0,0,0,0
"POINT (8.782141499000030 53.066842902000097)",Unfall 167072 (2022) Kat:3, Licht: 0,167072,3,3,5,12,14,6,0,0,1,1,0,0,0,0
"POINT (8.833128632000070 53.039831934000098)",Unfall 167073 (2022) Kat:3, Licht: 0,167073,3,2,4,08,19,7,0,0,1,1,0,0,0,0
"POINT (8.829895916000050 53.071775864000102)",Unfall 167074 (2022) Kat:3, Licht: 0,167074,3,7,2,09,09,6,0,0,0,0,0,1,1,0
"POINT (8.758021188000040 53.058175184000000)",Unfall 167075 (2022) Kat:3, Licht: 2,167075,3,6,1,09,06,4,1,2,0,1,0,0,0,0
"POINT (8.782292450000060 53.066929889999997)",Unfall 167078 (2022) Kat:3, Licht: 0,167078,3,2,5,12,14,4,0,0,0,1,0,0,1,0
"POINT (8.892658081000040 53.129254514000102)",Unfall 167079 (2022) Kat:3, Licht: 0,167079,3,3,5,10,11,1,0,0,1,1,0,0,0,0
"POINT (8.832110290000060 53.068712435000101)",Unfall 167083 (2022) Kat:3, Licht: 0,167083,3,2,5,08,16,7,0,0,1,1,0,0,0,0
"POINT (8.842293083000071 53.105722378999999)",Unfall 167084 (2022) Kat:3, Licht: 2,167084,3,2,5,11,18,3,1,2,1,1,0,0,0,0
"POINT (8.785396545000030 53.101964148000000)",Unfall 167085 (2022) Kat:3, Licht: 0,167085,3,3,5,10,15,1,0,0,0,1,0,0,0,0
"POINT (8.850882125000060 53.045343158999998)",Unfall 167086 (2022) Kat:3, Licht: 0,167086,3,6,2,08,07,6,0,0,0,1,0,0,0,0
"POINT (8.808562480000029 53.087978118000102)",Unfall 167087 (2022) Kat:3, Licht: 1,167087,3,5,1,09,19,7,0,1,1,1,0,0,0,0
"POINT (8.808466980000050 53.083011953000003)",Unfall 167088 (2022) Kat:3, Licht: 0,167088,3,3,5,09,12,6,0,0,1,0,0,0,0,1
"POINT (8.945026217000080 53.065700917000100)",Unfall 167089 (2022) Kat:2, Licht: 2,167089,2,6,2,11,17,5,1,2,0,1,0,0,0,0
"POINT (8.579828787000050 53.211193090000101)",Unfall 167092 (2022) Kat:3, Licht: 2,167092,3,3,6,12,16,6,1,2,0,1,1,0,0,0
"POINT (8.753766996000021 53.120544503000097)",Unfall 167093 (2022) Kat:3, Licht: 0,167093,3,6,2,08,14,4,0,0,0,1,0,0,0,0
"POINT (8.826926550000049 53.076568350000102)",Unfall 167094 (2022) Kat:3, Licht: 0,167094,3,3,5,10,11,5,0,0,1,1,0,0,0,0
"POINT (8.738421633000030 53.047206629000101)",Unfall 167096 (2022) Kat:3, Licht: 2,167096,3,4,6,10,18,3,0,2,0,1,1,0,0,0
"POINT (8.598201423000029 53.182811544000103)",Unfall 167097 (2022) Kat:3, Licht: 1,167097,3,7,0,10,06,4,0,1,0,0,0,1,0,0
"POINT (8.826789626000050 53.083369521000101)",Unfall 167099 (2022) Kat:3, Licht: 2,167099,3,6,2,12,19,6,1,2,0,1,0,0,0,0
"POINT (8.824712824000070 53.068908884000102)",Unfall 167101 (2022) Kat:3, Licht: 1,167101,3,2,5,08,20,2,1,1,1,1,0,0,0,0
"POINT (8.850199097000029 53.065576626999999)",Unfall 167102 (2022) Kat:3, Licht: 0,167102,3,6,3,10,15,3,0,0,1,1,0,0,0,0
"POINT (8.583424874000061 53.214328839000103)",Unfall 167109 (2022) Kat:3, Licht: 0,167109,3,2,5,08,09,6,0,0,1,1,0,0,0,0
"POINT (8.827748032000040 53.083031599999998)",Unfall 167110 (2022) Kat:3, Licht: 0,167110,3,3,5,11,11,6,0,0,1,1,0,0,0,0
"POINT (8.802785825000059 53.078438480999999)",Unfall 167111 (2022) Kat:3, Licht: 2,167111,3,3,5,10,23,2,1,2,1,0,0,0,0,1
"POINT (8.572478400000019 53.184009075000098)",Unfall 167113 (2022) Kat:3, Licht: 0,167113,3,7,0,12,13,4,1,0,1,0,0,0,0,0
"POINT (8.737060031000061 53.079725021999998)",Unfall 167114 (2022) Kat:3, Licht: 0,167114,3,3,5,08,12,4,0,0,0,1,0,0,0,0
"POINT (8.808502343000040 53.088083505999997)",Unfall 167116 (2022) Kat:2, Licht: 0,167116,2,2,5,10,16,7,1,0,1,1,0,0,0,0
"POINT (8.876578905000031 53.081407401000000)",Unfall 167118 (2022) Kat:3, Licht: 0,167118,3,3,5,07,12,4,0,0,1,1,0,0,0,0
"POINT (8.848868983000051 53.065856857000000)",Unfall 167119 (2022) Kat:2, Licht: 2,167119,2,6,4,09,02,1,0,2,1,0,0,0,0,0
"POINT (8.750258843000040 53.123573532000101)",Unfall 167120 (2022) Kat:3, Licht: 2,167120,3,1,1,11,04,1,0,2,0,1,0,0,1,0
"POINT (8.545780883000020 53.191398954000100)",Unfall 167123 (2022) Kat:3, Licht: 0,167123,3,3,5,08,13,3,0,0,1,0,0,0,0,1
"POINT (8.808043133000069 53.064094264000097)",Unfall 167124 (2022) Kat:3, Licht: 2,167124,3,5,1,11,19,5,1,2,1,1,0,0,0,0
"POINT (8.764294910000050 53.109508845000100)",Unfall 167125 (2022) Kat:3, Licht: 0,167125,3,3,5,10,15,1,0,0,0,1,0,0,0,1
"POINT (8.837373256000030 53.037896494000101)",Unfall 167126 (2022) Kat:2, Licht: 2,167126,2,2,4,08,21,2,0,2,0,1,0,0,0,0
"POINT (8.860748971000019 53.079209164000098)",Unfall 167129 (2022) Kat:2, Licht: 0,167129,2,7,0,12,12,5,0,0,1,0,0,0,0,0
"POINT (8.870729854000050 53.095897981000100)",Unfall 167130 (2022) Kat:3, Licht: 1,167130,3,3,5,10,08,6,1,1,1,1,0,0,0,0
"POINT (8.933760392000069 53.038807734999999)",Unfall 167131 (2022) Kat:2, Licht: 1,167131,2,7,0,10,18,5,0,1,1,0,0,0,0,0
"POINT (8.626909770000051 53.173928461000102)",Unfall 167135 (2022) Kat:3, Licht: 0,167135,3,7,6,08,14,7,0,0,0,1,1,0,0,0
"POINT (8.810304765000071 53.083856386999997)",Unfall 167136 (2022) Kat:3, Licht: 0,167136,3,4,6,09,15,5,1,0,0,1,1,0,0,0
"POINT (8.807634066000050 53.082531383000102)",Unfall 167139 (2022) Kat:3, Licht: 2,167139,3,6,3,09,21,3,0,2,0,1,0,0,0,1
"POINT (8.774295080000060 53.077201973000101)",Unfall 167140 (2022) Kat:3, Licht: 0,167140,3,6,2,11,07,2,0,0,0,1,0,0,0,0
"POINT (8.757794450000061 53.058133705000003)",Unfall 167143 (2022) Kat:3, Licht: 0,167143,3,3,5,08,15,7,0,0,0,1,0,0,0,0
"POINT (8.805326160000050 53.100376285999999)",Unfall 167144 (2022) Kat:3, Licht: 0,167144,3,3,5,11,10,3,1,0,1,1,0,0,0,0
"POINT (8.780783240000060 53.105261867000102)",Unfall 167145 (2022) Kat:3, Licht: 0,167145,3,6,2,10,12,3,0,0,0,1,0,0,0,0
"POINT (8.781761338000020 53.104754626999998)",Unfall 167146 (2022) Kat:3, Licht: 2,167146,3,6,2,12,21,3,0,2,0,1,0,0,0,0
"POINT (8.810578653000050 53.080073184000099)",Unfall 167147 (2022) Kat:3, Licht: 0,167147,3,2,5,08,14,3,0,0,1,1,0,0,0,0
"POINT (8.941632515000039 53.060419541000002)",Unfall 167149 (2022) Kat:3, Licht: 2,167149,3,3,5,09,21,2,1,2,0,1,0,0,0,0
"POINT (8.710315741000040 53.094436332999997)",Unfall 167152 (2022) Kat:3, Licht: 0,167152,3,3,5,12,14,5,1,0,0,1,0,0,0,0
"POINT (8.863359009000019 53.105612017000098)",Unfall 167153 (2022) Kat:3, Licht: 2,167153,3,3,5,10,21,2,0,2,0,1,0,0,0,0
"POINT (8.863849691000039 53.071237650000100)",Unfall 167154 (2022) Kat:3, Licht: 0,167154,3,3,5,11,07,4,1,0,1,1,0,0,0,0
"POINT (8.785356327000040 53.088768155000103)",Unfall 167157 (2022) Kat:3, Licht: 0,167157,3,3,5,08,17,2,0,0,1,1,0,0,0,0
"POINT (8.833382600000050 53.089087704000100)",Unfall 167158 (2022) Kat:3, Licht: 0,167158,3,5,1,10,09,3,1,0,1,0,1,0,0,0
"POINT (8.781607833000070 53.100957595000096)",Unfall 167159 (2022) Kat:3, Licht: 0,167159,3,3,5,08,17,4,0,0,0,1,0,0,0,0
"POINT (8.808413494000041 53.075189150000000)",Unfall 167160 (2022) Kat:3, Licht: 0,167160,3,3,5,09,11,7,0,0,1,0,0,0,0,1
"POINT (8.788189504000060 53.076421656000001)",Unfall 167161 (2022) Kat:3, Licht: 0,167161,3,3,5,09,18,4,0,0,0,1,0,0,1,0
"POINT (8.852878037000041 53.070812771000099)",Unfall 167162 (2022) Kat:3, Licht: 0,167162,3,7,1,11,14,4,1,0,0,1,0,0,0,0
"POINT (8.605528504000061 53.184574871999999)",Unfall 167165 (2022) Kat:2, Licht: 0,167165,2,3,6,08,14,3,0,0,0,1,1,0,0,0
"POINT (8.734747306000029 53.081760086000003)",Unfall 167166 (2022) Kat:2, Licht: 2,167166,2,3,5,10,19,3,0,2,0,0,0,0,1,1
"POINT (8.803584858000020 53.080254062999998)",Unfall 167167 (2022) Kat:3, Licht: 0,167167,3,3,5,12,11,5,0,0,1,0,0,0,0,1
"POINT (8.855414988000060 53.084183381999999)",Unfall 167168 (2022) Kat:3, Licht: 2,167168,3,3,5,10,05,4,0,2,1,0,0,0,0,0
"POINT (8.837292093000030 53.037847113000097)",Unfall 167172 (2022) Kat:3, Licht: 0,167172,3,7,0,08,17,3,0,0,0,0,0,0,0,1
"POINT (8.841463652000069 53.083051056999999)",Unfall 167173 (2022) Kat:3, Licht: 0,167173,3,3,5,10,07,3,0,0,1,0,0,0,0,1
"POINT (8.779880023000031 53.069106143000099)",Unfall 167174 (2022) Kat:3, Licht: 2,167174,3,5,1,07,23,3,0,2,0,1,0,0,0,0
"POINT (8.876596707000029 53.081388508000003)",Unfall 167175 (2022) Kat:3, Licht: 2,167175,3,2,5,09,05,4,0,2,1,1,0,0,0,0
"POINT (8.690164629000041 53.173715496000099)",Unfall 167176 (2022) Kat:3, Licht: 0,167176,3,3,5,11,13,3,0,0,1,1,0,0,0,0
"POINT (8.814242716000020 53.081179718999998)",Unfall 167180 (2022) Kat:2, Licht: 2,167180,2,7,0,08,05,7,0,2,0,0,0,1,0,0
"POINT (8.785256243000051 53.102345274000101)",Unfall 167181 (2022) Kat:3, Licht: 2,167181,3,2,5,11,06,3,1,2,1,1,0,0,0,0
"POINT (8.578779803000030 53.209197025000002)",Unfall 167184 (2022) Kat:3, Licht: 2,167184,3,6,2,12,19,4,1,2,0,1,0,0,0,0
"POINT (8.910593826000021 53.082554097000099)",Unfall 167185 (2022) Kat:3, Licht: 0,167185,3,3,5,08,08,2,0,0,1,1,0,0,0,0
"POINT (8.814309771000071 53.056981746000098)",Unfall 167186 (2022) Kat:3, Licht: 0,167186,3,7,0,09,12,2,1,0,0,0,0,1,0,0
"POINT (8.789440417000041 53.082762801000101)",Unfall 167187 (2022) Kat:3, Licht: 1,167187,3,3,5,09,06,6,0,1,1,1,0,0,0,0
"POINT (8.607981459000030 53.176014696000003)",Unfall 167190 (2022) Kat:3, Licht: 0,167190,3,3,5,09,11,2,0,0,1,1,0,0,0,0
"POINT (8.675664820000071 53.173831079000102)",Unfall 167191 (2022) Kat:3, Licht: 0,167191,3,6,2,11,15,2,1,0,0,1,0,1,0,0
"POINT (8.688408348000049 53.169675286000000)",Unfall 167194 (2022) Kat:3, Licht: 0,167194,3,6,2,08,17,1,0,0,0,1,0,1,0,0
"POINT (8.849336623000060 53.085104430000101)",Unfall 167195 (2022) Kat:3, Licht: 1,167195,3,6,3,11,16,5,1,1,0,1,0,1,0,0
"POINT (8.775942748000030 53.079719542000099)",Unfall 167196 (2022) Kat:3, Licht: 2,167196,3,2,5,10,19,2,1,2,0,1,0,1,0,0
"POINT (8.752350462000040 53.082225052000098)",Unfall 167198 (2022) Kat:3, Licht: 0,167198,3,7,1,09,07,6,0,0,1,0,0,0,0,1
"POINT (8.811093109000071 53.073859913000000)",Unfall 167199 (2022) Kat:3, Licht: 0,167199,3,6,2,09,11,3,1,0,1,1,0,0,0,0
"POINT (8.627569667000049 53.171007754000101)",Unfall 167202 (2022) Kat:3, Licht: 0,167202,3,6,2,12,14,6,0,0,0,1,0,0,0,0
"POINT (8.572806208000030 53.198257742000102)",Unfall 167204 (2022) Kat:3, Licht: 0,167204,3,2,5,10,10,3,0,0,1,1,0,0,0,0
"POINT (8.796730855000019 53.068389565000103)",Unfall 167205 (2022) Kat:3, Licht: 0,167205,3,2,5,10,13,2,0,0,1,1,0,0,0,0
"POINT (8.833117153000050 53.081669399000099)",Unfall 167206 (2022) Kat:3, Licht: 0,167206,3,6,2,12,12,7,1,0,0,1,0,0,0,0
"POINT (8.894417239000060 53.052128606000103)",Unfall 167208 (2022) Kat:3, Licht: 0,167208,3,4,6,08,13,2,0,0,0,1,1,0,0,0
"POINT (8.801364036000050 53.071592856999999)",Unfall 167209 (2022) Kat:2, Licht: 0,167209,2,2,5,07,08,3,1,0,1,1,0,0,0,0
"POINT (8.929537439000059 53.059072496000098)",Unfall 167210 (2022) Kat:3, Licht: 0,167210,3,2,5,09,05,4,0,0,1,1,0,0,0,0
"POINT (8.782925456000040 53.094048778999998)",Unfall 167211 (2022) Kat:3, Licht: 0,167211,3,3,5,09,18,6,0,0,0,1,0,0,0,1
"POINT (8.860891059000039 53.023814582999997)",Unfall 167212 (2022) Kat:3, Licht: 1,167212,3,6,2,11,16,4,1,1,0,1,0,0,0,0
"POINT (8.836968040000039 53.099262738000000)",Unfall 167215 (2022) Kat:3, Licht: 0,167215,3,7,0,08,10,4,0,0,0,0,0,0,0,1
"POINT (8.824790241000070 53.084652394999999)",Unfall 167216 (2022) Kat:3, Licht: 0,167216,3,2,3,12,13,5,0,0,1,0,0,0,0,1
"POINT (8.801663108000071 53.071372613999998)",Unfall 167217 (2022) Kat:3, Licht: 2,167217,3,6,4,10,00,7,0,2,1,0,0,0,0,1
"POINT (8.768970225000031 53.082952340000098)",Unfall 167222 (2022) Kat:3, Licht: 1,167222,3,7,1,10,17,1,0,1,0,1,0,0,0,0
"POINT (8.785209975000040 53.060874758000097)",Unfall 167225 (2022) Kat:3, Licht: 0,167225,3,3,5,08,13,3,0,0,0,1,0,0,0,0
"POINT (8.764754991000069 53.085512215000101)",Unfall 167227 (2022) Kat:3, Licht: 0,167227,3,5,1,09,07,1,0,0,0,1,0,0,0,0
"POINT (8.936960079000070 53.074892474000102)",Unfall 167228 (2022) Kat:3, Licht: 2,167228,3,7,0,09,22,6,1,2,0,1,0,0,0,1
"POINT (8.823283366000060 53.030741158000097)",Unfall 167229 (2022) Kat:3, Licht: 0,167229,3,4,6,11,08,4,1,0,0,1,1,0,0,0
"POINT (8.796129820000029 53.087130025000100)",Unfall 167232 (2022) Kat:3, Licht: 0,167232,3,6,2,08,15,2,0,0,0,1,0,0,0,0
"POINT (8.804336811000040 53.085941241000100)",Unfall 167233 (2022) Kat:3, Licht: 2,167233,3,5,1,12,19,1,0,2,0,1,0,0,0,0
"POINT (8.516660891000070 53.205806576000001)",Unfall 167234 (2022) Kat:3, Licht: 0,167234,3,6,2,10,17,3,0,0,0,1,0,0,0,0
"POINT (8.770475673000020 53.113982638000003)",Unfall 167239 (2022) Kat:3, Licht: 0,167239,3,4,6,08,17,6,0,0,0,0,1,0,0,1
"POINT (8.851550427000060 53.065066547000100)",Unfall 167240 (2022) Kat:3, Licht: 0,167240,3,2,5,10,14,3,0,0,1,1,0,0,0,0
"POINT (8.791481330000069 53.065012267999997)",Unfall 167242 (2022) Kat:3, Licht: 0,167242,3,2,5,09,11,5,1,0,1,0,0,0,0,1
"POINT (8.631828992000070 53.191483511999998)",Unfall 167243 (2022) Kat:3, Licht: 0,167243,3,2,3,11,14,4,0,0,1,1,0,0,0,0
"POINT (8.723626251000040 53.076674941000100)",Unfall 167247 (2022) Kat:3, Licht: 0,167247,3,6,2,08,15,5,0,0,0,1,0,0,0,0
"POINT (8.756725879000040 53.118545015000102)",Unfall 167248 (2022) Kat:3, Licht: 0,167248,3,4,6,11,13,2,1,0,0,1,1,0,0,0
"POINT (8.779370795000030 53.105806733000101)",Unfall 167251 (2022) Kat:3, Licht: 0,167251,3,7,1,12,09,5,2,0,0,1,0,0,0,0
"POINT (8.850342032000070 53.081612325000002)",Unfall 167252 (2022) Kat:3, Licht: 0,167252,3,2,5,08,11,3,0,0,1,1,0,0,0,0
"POINT (8.718509661000040 53.045868523000102)",Unfall 167253 (2022) Kat:3, Licht: 0,167253,3,2,4,09,14,7,1,0,0,1,0,0,0,0
"POINT (8.822591749000029 53.074843500999997)",Unfall 167254 (2022) Kat:3, Licht: 0,167254,3,7,1,09,12,4,0,0,1,1,0,0,0,0
"POINT (8.899745550000031 53.121999286000097)",Unfall 167256 (2022) Kat:3, Licht: 0,167256,3,6,2,10,10,7,0,0,0,1,0,0,0,0
"POINT (8.740231079000070 53.051455955000101)",Unfall 167257 (2022) Kat:3, Licht: 0,167257,3,4,6,07,13,7,0,0,0,1,1,0,0,0
"POINT (8.871812872000019 53.105526273000102)",Unfall 167258 (2022) Kat:3, Licht: 0,167258,3,7,1,09,15,4,0,0,1,1,0,0,0,0
"POINT (8.888842962000069 53.056818840000098)",Unfall 167259 (2022) Kat:3, Licht: 0,167259,3,4,6,11,12,4,0,0,1,0,1,0,0,0
"POINT (8.855353705000031 53.084140293000097)",Unfall 167262 (2022) Kat:3, Licht: 0,167262,3,4,6,08,07,3,0,0,1,0,1,0,0,0
"POINT (8.804473915000070 53.059285551000102)",Unfall 167264 (2022) Kat:3, Licht: 0,167264,3,6,2,10,17,4,0,0,0,1,0,0,0,0
"POINT (8.934009502000039 53.058816378000103)",Unfall 167265 (2022) Kat:3, Licht: 2,167265,3,7,0,08,23,2,0,2,1,0,0,0,0,0
"POINT (8.832068738000030 53.068645944000103)",Unfall 167270 (2022) Kat:3, Licht: 1,167270,3,3,5,09,05,6,0,1,1,0,0,1,0,0
"POINT (8.805898196000040 53.081286417000101)",Unfall 167271 (2022) Kat:3, Licht: 0,167271,3,2,3,10,11,5,0,0,0,1,0,0,0,1
"POINT (8.825104389000050 53.084186840000001)",Unfall 167273 (2022) Kat:3, Licht: 0,167273,3,2,3,11,12,4,0,0,1,1,0,0,0,0
"POINT (8.707638500000030 53.176210297000097)",Unfall 167274 (2022) Kat:3, Licht: 0,167274,3,3,5,12,12,3,0,0,1,0,0,0,0,0
"POINT (8.783664855000040 53.098703730000103)",Unfall 167276 (2022) Kat:2, Licht: 0,167276,2,7,0,08,19,4,0,0,1,1,0,0,0,0
"POINT (8.834742221000059 53.070397030000002)",Unfall 167277 (2022) Kat:2, Licht: 0,167277,2,6,2,07,17,4,0,0,0,1,0,1,0,0
"POINT (8.826192778000060 53.079354180000102)",Unfall 167281 (2022) Kat:3, Licht: 2,167281,3,6,2,10,19,6,1,2,0,1,0,0,0,0
"POINT (8.728364296000050 53.136116272000002)",Unfall 167283 (2022) Kat:3, Licht: 0,167283,3,7,2,08,11,4,0,0,0,1,0,0,0,0
"POINT (8.855614355000061 53.103463265000102)",Unfall 167284 (2022) Kat:3, Licht: 2,167284,3,6,2,11,17,4,1,2,0,1,0,0,0,0
"POINT (8.911795313000029 53.059535275000002)",Unfall 167285 (2022) Kat:2, Licht: 2,167285,2,7,6,10,22,6,0,2,0,0,1,1,0,0
"POINT (8.885696062000020 53.059023645000103)",Unfall 167287 (2022) Kat:2, Licht: 0,167287,2,3,5,12,08,5,1,0,0,1,0,1,0,0
"POINT (8.670048288000030 53.174617980000100)",Unfall 167289 (2022) Kat:2, Licht: 0,167289,2,3,5,08,11,6,0,0,0,1,0,1,0,0
"POINT (8.574695345000070 53.192808613000103)",Unfall 167290 (2022) Kat:3, Licht: 0,167290,3,4,6,10,19,2,0,0,0,1,1,0,0,0
"POINT (8.703263571000040 53.171820390999997)",Unfall 167292 (2022) Kat:3, Licht: 0,167292,3,2,5,07,17,4,0,0,0,1,0,1,0,0
"POINT (8.626996191000050 53.169727051000102)",Unfall 167294 (2022) Kat:3, Licht: 0,167294,3,2,5,11,13,2,1,0,1,1,0,0,0,0
"POINT (8.698639041000041 53.168275430000101)",Unfall 167297 (2022) Kat:3, Licht: 0,167297,3,3,5,08,14,7,0,0,1,1,0,0,0,0
"POINT (8.891890526000051 53.048755743000100)",Unfall 167299 (2022) Kat:3, Licht: 0,167299,3,7,0,10,12,2,0,0,0,1,0,0,0,1
"POINT (8.792172643000070 53.086586390000001)",Unfall 167302 (2022) Kat:3, Licht: 0,167302,3,7,0,08,20,2,0,0,1,0,1,0,0,0
"POINT (8.961246031000030 53.050562678000098)",Unfall 167309 (2022) Kat:3, Licht: 2,167309,3,3,5,12,18,2,1,2,0,1,0,0,0,0
"POINT (8.746022199000040 53.127262486000099)",Unfall 167311 (2022) Kat:3, Licht: 0,167311,3,6,3,08,17,4,0,0,1,0,0,0,0,0
"POINT (8.891737870000039 53.049404590999998)",Unfall 167315 (2022) Kat:3, Licht: 2,167315,3,2,6,09,20,6,1,2,0,1,1,0,0,0
"POINT (8.803662022000029 53.086275524000001)",Unfall 167316 (2022) Kat:3, Licht: 0,167316,3,7,3,11,14,5,0,0,1,0,0,0,0,1
"POINT (8.818726093000070 53.080102139000097)",Unfall 167319 (2022) Kat:3, Licht: 0,167319,3,6,3,08,07,5,0,0,1,1,0,0,0,0
"POINT (8.833818422000039 53.081852218000101)",Unfall 167320 (2022) Kat:3, Licht: 2,167320,3,3,5,11,18,2,1,2,1,1,0,0,0,0
"POINT (8.834765981000031 53.043528242999997)",Unfall 167321 (2022) Kat:3, Licht: 0,167321,3,7,8,10,18,1,0,0,0,1,0,0,0,0
"POINT (8.755363945000060 53.119162340999999)",Unfall 167323 (2022) Kat:3, Licht: 2,167323,3,4,6,12,18,3,0,2,0,1,1,0,0,0
"POINT (8.819695173000071 53.075764544000002)",Unfall 167324 (2022) Kat:3, Licht: 0,167324,3,2,4,08,17,3,0,0,1,0,0,0,0,1
"POINT (8.799718263000051 53.084561547000099)",Unfall 167325 (2022) Kat:2, Licht: 0,167325,2,4,6,09,11,5,1,0,0,1,1,0,0,0
"POINT (8.962065157000040 53.053328368999999)",Unfall 167327 (2022) Kat:3, Licht: 0,167327,3,6,2,10,11,7,0,0,0,1,0,0,0,0
"POINT (8.810677777000020 53.071789967000001)",Unfall 167329 (2022) Kat:3, Licht: 0,167329,3,2,5,09,11,6,0,0,1,1,0,0,0,0
"POINT (8.818112415000030 53.077727135000003)",Unfall 167330 (2022) Kat:3, Licht: 2,167330,3,3,5,11,21,7,0,2,1,1,0,0,0,0
"POINT (8.824991508000039 53.084209341000097)",Unfall 167336 (2022) Kat:3, Licht: 0,167336,3,2,5,08,11,6,1,0,1,0,0,0,0,1
"POINT (8.667899479000029 53.175056417000100)",Unfall 167339 (2022) Kat:3, Licht: 0,167339,3,3,5,11,15,5,0,0,1,1,0,0,0,0
"POINT (8.605317320000040 53.176605442000003)",Unfall 167341 (2022) Kat:3, Licht: 1,167341,3,1,0,10,18,7,1,1,1,0,0,0,0,0
"POINT (8.856919625000049 53.072707907999998)",Unfall 167345 (2022) Kat:3, Licht: 0,167345,3,3,5,10,08,2,0,0,1,1,0,0,0,0
"POINT (8.780296668000060 53.067130576000103)",Unfall 167347 (2022) Kat:3, Licht: 0,167347,3,3,5,11,15,3,0,0,1,1,0,0,0,0
"POINT (8.869966975000070 53.097570386000001)",Unfall 167348 (2022) Kat:1, Licht: 2,167348,1,1,9,12,22,2,0,2,0,0,0,1,0,1
"POINT (8.915742957000020 53.059857527000098)",Unfall 167353 (2022) Kat:3, Licht: 2,167353,3,2,5,11,22,3,0,2,1,1,0,0,0,0
"POINT (8.877629459000049 53.080294482000099)",Unfall 167355 (2022) Kat:3, Licht: 0,167355,3,6,2,10,07,6,1,0,0,1,0,0,0,0
"POINT (8.678264758000070 53.173921466000102)",Unfall 167357 (2022) Kat:3, Licht: 0,167357,3,6,4,08,12,1,0,0,0,1,0,1,0,0
"POINT (8.832520668000029 53.084240457000099)",Unfall 167359 (2022) Kat:3, Licht: 2,167359,3,7,0,10,19,6,0,2,0,1,0,0,0,0
"POINT (8.787085354000061 53.083109689000104)",Unfall 167361 (2022) Kat:3, Licht: 2,167361,3,2,5,12,18,4,1,2,1,1,0,0,0,0
"POINT (8.795432536000019 53.075142637000098)",Unfall 167363 (2022) Kat:3, Licht: 0,167363,3,2,5,08,17,3,0,0,1,1,0,0,0,0
"POINT (8.843480127000021 53.073674914999998)",Unfall 167364 (2022) Kat:3, Licht: 2,167364,3,7,1,10,04,1,1,2,1,1,0,0,0,0
"POINT (8.808567361000030 53.082926968999999)",Unfall 167367 (2022) Kat:3, Licht: 0,167367,3,4,6,09,18,6,0,0,0,1,1,0,0,0
"POINT (8.718356726000019 53.056629510000100)",Unfall 167368 (2022) Kat:3, Licht: 0,167368,3,4,6,11,12,4,0,0,0,1,1,0,0,0
"POINT (8.878406875000049 53.079118046000097)",Unfall 167371 (2022) Kat:3, Licht: 0,167371,3,2,2,08,10,5,0,0,0,1,0,0,0,0
"POINT (8.810734725000030 53.089163093000103)",Unfall 167373 (2022) Kat:3, Licht: 2,167373,3,7,6,10,22,6,0,2,1,0,1,0,0,0
"POINT (8.786439403000029 53.061877645000003)",Unfall 167375 (2022) Kat:3, Licht: 2,167375,3,2,5,12,06,5,0,2,1,1,0,0,0,0
"POINT (8.806046227000021 53.073314537999998)",Unfall 167376 (2022) Kat:3, Licht: 2,167376,3,2,5,08,22,2,0,2,1,1,0,0,0,0
"POINT (8.811999051000040 53.083047962000101)",Unfall 167377 (2022) Kat:3, Licht: 0,167377,3,7,0,09,11,6,0,0,1,0,0,0,0,0
"POINT (8.731058951000019 53.135277385000101)",Unfall 167378 (2022) Kat:2, Licht: 0,167378,2,3,5,09,15,3,1,0,0,1,0,0,0,0
"POINT (8.825104389000050 53.084186840000001)",Unfall 167381 (2022) Kat:3, Licht: 2,167381,3,3,5,12,17,6,0,2,1,1,0,0,0,0
"POINT (8.867912403000050 53.072788131000003)",Unfall 167382 (2022) Kat:3, Licht: 0,167382,3,3,5,10,12,2,0,0,1,1,0,0,0,0
"POINT (8.835751666000020 53.071483340000000)",Unfall 167383 (2022) Kat:3, Licht: 0,167383,3,7,1,10,11,7,0,0,1,0,0,0,0,1
"POINT (8.955146423000031 53.057568871000100)",Unfall 167388 (2022) Kat:2, Licht: 0,167388,2,7,0,10,14,3,0,0,1,0,0,0,0,0
"POINT (8.815878828000050 53.103212186000100)",Unfall 167390 (2022) Kat:3, Licht: 0,167390,3,7,0,09,19,3,0,0,1,0,0,0,0,0
"POINT (8.874168690000030 53.078439670000101)",Unfall 167392 (2022) Kat:2, Licht: 0,167392,2,3,5,11,08,5,1,0,1,1,0,0,0,0
"POINT (8.842429347000060 53.083325873000000)",Unfall 167395 (2022) Kat:3, Licht: 0,167395,3,6,2,08,12,7,0,0,0,1,0,0,0,0