WKT,Name,OBJECTID,UKATEGORIE,UTYP1,UART,UMONAT,USTUNDE,UWOCHENTAG,STRZUSTAND,ULICHTVERH,ISTRAD,ISTPKW,ISTFUSS,ISTKRAD,ISTGKFZ,ISTSONSTIG
"POINT (8.878246614000030 53.064370268000097)",Unfall 167396 (2022) Kat:3, Licht: 2,167396,3,3,5,10,20,5,0,2,1,0,0,0,0,0
"POINT (8.916171950000029 53.071191984000102)",Unfall 167399 (2022) Kat:3, Licht: 2,167399,3,2,5,10,05,3,0,2,0,1,0,0,0,0
"POINT (8.796996086000039 53.089285195000102)",Unfall 167401 (2022) Kat:3, Licht: 2,167401,3,3,5,12,18,5,1,2,1,1,0,0,0,0
"POINT (8.738528909000021 53.047309945000102)",Unfall 167404 (2022) Kat:3, Licht: 0,167404,3,3,5,10,14,4,0,0,1,1,0,0,0,0
"POINT (8.723825185000070 53.043534680000100)",Unfall 167405 (2022) Kat:3, Licht: 1,167405,3,3,5,10,06,2,0,1,0,1,0,0,0,0
"POINT (8.779825607000021 53.098457768999999)",Unfall 167406 (2022) Kat:3, Licht: 0,167406,3,3,3,11,09,4,0,0,1,1,0,0,0,0
"POINT (8.827246854000069 53.079784279000101)",Unfall 167409 (2022) Kat:3, Licht: 0,167409,3,5,1,08,06,1,0,0,0,1,0,1,0,0
"POINT (8.896623727000080 53.076393930000101)",Unfall 167410 (2022) Kat:3, Licht: 0,167410,3,5,1,11,13,3,0,0,0,1,0,0,0,0
"POINT (8.909614524000061 53.035117280000101)",Unfall 167412 (2022) Kat:3, Licht: 0,167412,3,6,4,08,06,4,0,0,1,0,0,0,0,1
"POINT (8.904114667000041 53.099270361000002)",Unfall 167413 (2022) Kat:2, Licht: 0,167413,2,3,5,09,16,2,0,0,0,1,0,1,0,0
"POINT (8.818489935000059 53.087371830000102)",Unfall 167414 (2022) Kat:3, Licht: 2,167414,3,6,2,09,23,7,1,2,0,1,0,0,0,0
"POINT (8.796819413000041 53.086671213999999)",Unfall 167415 (2022) Kat:2, Licht: 0,167415,2,3,5,11,09,2,0,0,1,1,0,0,0,0
"POINT (8.814160805000030 53.055291384000000)",Unfall 167418 (2022) Kat:3, Licht: 0,167418,3,4,6,12,12,4,0,0,0,1,1,0,0,0
"POINT (8.794196843000069 53.074418260000101)",Unfall 167419 (2022) Kat:3, Licht: 0,167419,3,3,5,09,18,6,0,0,1,1,0,0,0,0
"POINT (8.827190776000069 53.072707622000102)",Unfall 167420 (2022) Kat:2, Licht: 2,167420,2,7,0,10,01,2,0,2,1,0,0,0,0,0
"POINT (8.791217020000030 53.091418755000099)",Unfall 167421 (2022) Kat:3, Licht: 0,167421,3,4,6,10,13,4,0,0,0,0,1,0,0,1
"POINT (8.878929688000030 53.078939155999997)",Unfall 167422 (2022) Kat:3, Licht: 2,167422,3,6,3,11,19,4,0,2,0,1,0,0,0,0
"POINT (8.786720388000051 53.100439300000097)",Unfall 167423 (2022) Kat:3, Licht: 0,167423,3,3,5,12,15,5,0,0,1,1,0,0,0,0
"POINT (8.792895181000061 53.073562844999998)",Unfall 167425 (2022) Kat:3, Licht: 0,167425,3,3,5,08,19,5,0,0,1,0,0,0,0,1
"POINT (8.862909028000050 53.071395684000002)",Unfall 167426 (2022) Kat:3, Licht: 0,167426,3,3,5,10,09,4,0,0,1,1,0,0,0,0
"POINT (8.826376441000040 53.072985781000099)",Unfall 167427 (2022) Kat:3, Licht: 0,167427,3,7,0,07,07,7,0,0,1,0,0,0,0,0
"POINT (8.943922264000040 53.037986138000100)",Unfall 167428 (2022) Kat:3, Licht: 0,167428,3,2,5,09,15,5,1,0,1,1,0,0,0,0
"POINT (8.796169968000070 53.067241109000101)",Unfall 167429 (2022) Kat:3, Licht: 0,167429,3,4,6,11,13,6,0,0,0,1,1,0,0,0
"POINT (8.797907481000040 53.073253659000002)",Unfall 167432 (2022) Kat:3, Licht: 0,167432,3,2,5,08,15,4,0,0,0,0,0,0,0,1
"POINT (8.731740119000049 53.041531701000103)",Unfall 167433 (2022) Kat:3, Licht: 1,167433,3,6,2,12,16,3,0,1,0,1,1,0,0,0
"POINT (8.712266130000049 53.135813118000002)",Unfall 167434 (2022) Kat:3, Licht: 0,167434,3,6,2,10,09,5,0,0,0,1,0,0,1,0
"POINT (8.793788518000040 53.074460171000098)",Unfall 167438 (2022) Kat:3, Licht: 0,167438,3,6,2,08,19,5,0,0,0,1,0,0,0,0
"POINT (8.818121232000070 53.072402789000101)",Unfall 167440 (2022) Kat:3, Licht: 0,167440,3,6,3,10,12,7,1,0,1,1,0,0,0,0
"POINT (8.738124675000050 53.137879295000097)",Unfall 167442 (2022) Kat:3, Licht: 0,167442,3,7,2,07,09,5,1,0,0,1,0,0,0,0
"POINT (8.809462194000050 53.063213734000001)",Unfall 167443 (2022) Kat:3, Licht: 0,167443,3,4,6,09,16,2,0,0,1,0,1,0,0,0
"POINT (8.525740763000041 53.204165514000103)",Unfall 167444 (2022) Kat:3, Licht: 0,167444,3,7,0,11,11,1,0,0,0,1,0,0,0,0
"POINT (8.800750310000071 53.102246627000099)",Unfall 167448 (2022) Kat:3, Licht: 2,167448,3,6,3,11,17,3,1,2,0,1,0,0,0,0
"POINT (8.774926780000040 53.062390585999999)",Unfall 167449 (2022) Kat:3, Licht: 2,167449,3,6,3,10,22,5,1,2,1,1,0,0,0,0
"POINT (8.885397717000050 53.058022549999997)",Unfall 167450 (2022) Kat:3, Licht: 0,167450,3,1,0,12,12,3,2,0,1,0,0,0,0,0
"POINT (8.870194766000051 53.097134324000102)",Unfall 167451 (2022) Kat:3, Licht: 0,167451,3,7,6,08,17,3,0,0,1,0,1,0,0,0
"POINT (8.791283731000020 53.091616367000000)",Unfall 167452 (2022) Kat:3, Licht: 0,167452,3,3,5,09,13,5,0,0,1,1,0,0,0,0
"POINT (8.828291902000050 53.072365219000098)",Unfall 167455 (2022) Kat:3, Licht: 2,167455,3,7,0,12,17,2,1,2,0,0,1,0,0,1
"POINT (8.950490746000071 53.058804617000099)",Unfall 167456 (2022) Kat:3, Licht: 0,167456,3,6,2,10,13,1,0,0,0,1,0,0,0,0
"POINT (8.895841791000070 53.117416714999997)",Unfall 167457 (2022) Kat:3, Licht: 2,167457,3,6,2,11,17,4,0,2,0,1,0,0,0,0
"POINT (8.823611138000050 53.078169531000100)",Unfall 167460 (2022) Kat:3, Licht: 0,167460,3,3,5,08,16,3,0,0,1,1,0,0,0,0
"POINT (8.900060184000040 53.059336001000098)",Unfall 167461 (2022) Kat:3, Licht: 0,167461,3,6,2,08,12,3,0,0,0,1,0,0,0,0
"POINT (8.733798807000030 53.058461201000100)",Unfall 167462 (2022) Kat:3, Licht: 0,167462,3,3,5,09,09,7,0,0,1,1,0,0,0,0
"POINT (8.833331631000020 53.070670726000102)",Unfall 167463 (2022) Kat:3, Licht: 0,167463,3,6,3,09,14,5,0,0,1,0,0,0,0,0
"POINT (8.837995085000051 53.067897152999997)",Unfall 167464 (2022) Kat:3, Licht: 0,167464,3,3,5,11,13,7,0,0,1,1,0,0,0,0
"POINT (8.831210491000039 53.071310101000101)",Unfall 167467 (2022) Kat:3, Licht: 0,167467,3,7,0,08,18,2,0,0,1,0,0,0,0,0
"POINT (8.624513977000049 53.177215434000097)",Unfall 167468 (2022) Kat:3, Licht: 0,167468,3,6,3,10,08,5,1,0,1,1,0,0,0,0
"POINT (8.811855204000040 53.073593250999998)",Unfall 167469 (2022) Kat:3, Licht: 0,167469,3,6,0,12,12,5,0,0,1,0,0,0,0,1
"POINT (8.859069769000030 53.089467321000001)",Unfall 167470 (2022) Kat:3, Licht: 2,167470,3,7,1,10,21,3,0,2,0,1,0,0,0,0
"POINT (8.874278294000019 53.066719487999997)",Unfall 167471 (2022) Kat:3, Licht: 0,167471,3,6,2,10,01,6,0,0,0,1,0,0,0,0
"POINT (8.882867797000070 53.074576109000098)",Unfall 167473 (2022) Kat:3, Licht: 2,167473,3,2,3,12,21,3,0,2,1,1,0,0,0,0
"POINT (8.755354199000070 53.119170543000102)",Unfall 167475 (2022) Kat:3, Licht: 0,167475,3,3,5,08,18,3,0,0,1,1,0,0,0,0
"POINT (8.781565764000050 53.101004474000000)",Unfall 167476 (2022) Kat:3, Licht: 2,167476,3,3,5,10,22,2,0,2,0,1,0,0,0,0
"POINT (8.688415696000050 53.169680657000100)",Unfall 167478 (2022) Kat:3, Licht: 0,167478,3,4,6,09,12,5,1,0,0,0,1,1,0,0
"POINT (8.882756130000081 53.057672258000103)",Unfall 167479 (2022) Kat:3, Licht: 1,167479,3,5,2,11,05,3,0,1,0,1,0,0,0,0
"POINT (8.875374506000069 53.066352816000098)",Unfall 167482 (2022) Kat:3, Licht: 0,167482,3,1,7,08,09,4,0,0,1,0,0,0,0,0
"POINT (8.777168578000040 53.106670435000098)",Unfall 167483 (2022) Kat:3, Licht: 0,167483,3,2,5,11,15,3,1,0,0,1,0,0,0,1
"POINT (8.813705712000059 53.090409573999999)",Unfall 167484 (2022) Kat:3, Licht: 0,167484,3,7,0,10,14,1,0,0,0,0,0,0,0,1
"POINT (8.622764817000069 53.169017642000000)",Unfall 167487 (2022) Kat:3, Licht: 0,167487,3,3,6,08,15,1,0,0,0,1,1,0,0,0
"POINT (8.883258394000050 53.074181605000000)",Unfall 167488 (2022) Kat:3, Licht: 0,167488,3,6,2,09,14,2,1,0,0,1,0,0,0,0
"POINT (8.923622024000050 53.060673469000101)",Unfall 167489 (2022) Kat:3, Licht: 2,167489,3,6,2,09,05,5,0,2,1,1,0,0,0,0
"POINT (8.852480132000039 53.073583085999999)",Unfall 167491 (2022) Kat:3, Licht: 0,167491,3,2,5,07,17,4,0,0,0,1,0,0,0,1
"POINT (8.893480239000040 53.071510733000103)",Unfall 167492 (2022) Kat:3, Licht: 0,167492,3,2,5,09,07,3,0,0,1,1,0,0,0,0
"POINT (8.894430635000051 53.054415341999999)",Unfall 167493 (2022) Kat:3, Licht: 0,167493,3,2,5,11,13,7,0,0,1,1,0,0,0,0
"POINT (8.847327400000040 53.079958644000001)",Unfall 167494 (2022) Kat:3, Licht: 0,167494,3,6,4,07,14,1,0,0,0,1,0,1,0,0
"POINT (8.813034807000070 53.081105194000003)",Unfall 167495 (2022) Kat:3, Licht: 0,167495,3,6,2,09,15,6,1,0,0,1,0,0,1,0
"POINT (8.796292685000029 53.082634487000099)",Unfall 167496 (2022) Kat:2, Licht: 0,167496,2,4,6,11,15,5,0,0,1,0,1,0,0,0
"POINT (8.859428652000080 53.100484623000099)",Unfall 167499 (2022) Kat:3, Licht: 0,167499,3,3,5,08,16,4,0,0,1,0,0,0,0,1
"POINT (8.764209006000041 53.085894532000097)",Unfall 167500 (2022) Kat:3, Licht: 1,167500,3,3,5,11,17,3,1,1,1,1,0,0,0,0
"POINT (8.876533366000050 53.082463851999997)",Unfall 167501 (2022) Kat:3, Licht: 0,167501,3,6,2,10,17,7,0,0,0,1,0,0,0,0
"POINT (8.764094184000040 53.108329744000102)",Unfall 167503 (2022) Kat:3, Licht: 2,167503,3,6,2,12,19,1,0,2,0,1,0,0,0,0
"POINT (8.741403644000060 53.137970045000003)",Unfall 167505 (2022) Kat:2, Licht: 0,167505,2,2,3,09,17,2,0,0,1,0,0,0,1,0
"POINT (8.801634728000071 53.086681867999999)",Unfall 167506 (2022) Kat:3, Licht: 0,167506,3,7,0,09,18,6,0,0,1,0,0,0,0,0
"POINT (8.796978719000039 53.076399709000000)",Unfall 167508 (2022) Kat:3, Licht: 0,167508,3,3,5,07,14,5,1,0,1,0,0,0,0,1
"POINT (8.704669074000041 53.154769285999997)",Unfall 167509 (2022) Kat:3, Licht: 0,167509,3,4,6,09,07,2,0,0,1,0,1,0,0,0
"POINT (8.900760244000031 53.033044402000002)",Unfall 167510 (2022) Kat:3, Licht: 0,167510,3,6,2,11,13,6,0,0,0,1,0,0,0,0
"POINT (8.844165388000020 53.075392983000000)",Unfall 167514 (2022) Kat:3, Licht: 0,167514,3,3,5,11,11,5,1,0,0,1,0,0,0,0
"POINT (8.863410053000051 53.062886226000003)",Unfall 167515 (2022) Kat:3, Licht: 0,167515,3,7,6,10,16,5,0,0,0,1,1,0,0,0
"POINT (8.831091362000050 53.068694440999998)",Unfall 167516 (2022) Kat:3, Licht: 0,167516,3,6,3,08,12,7,0,0,0,1,0,0,0,0
"POINT (8.702047712000020 53.167707894000003)",Unfall 167517 (2022) Kat:3, Licht: 0,167517,3,2,6,09,19,4,0,0,0,1,1,0,0,0
"POINT (8.854016417000031 53.025963752000102)",Unfall 167518 (2022) Kat:2, Licht: 2,167518,2,2,5,09,21,2,1,2,0,1,0,0,0,0
"POINT (8.872379420000071 53.104843979000101)",Unfall 167522 (2022) Kat:3, Licht: 0,167522,3,5,1,10,15,6,0,0,1,1,0,0,0,0
"POINT (8.877034474000030 53.080923922000103)",Unfall 167523 (2022) Kat:3, Licht: 2,167523,3,3,5,10,19,4,0,2,1,1,0,0,0,0
"POINT (8.702220590000019 53.168914885000000)",Unfall 167524 (2022) Kat:3, Licht: 0,167524,3,5,3,11,15,3,0,0,0,1,0,0,0,0
"POINT (8.567542029000039 53.194389204000103)",Unfall 167528 (2022) Kat:3, Licht: 2,167528,3,3,5,08,23,6,0,2,0,1,0,0,0,0
"POINT (8.736548104000059 53.142234741999999)",Unfall 167529 (2022) Kat:3, Licht: 0,167529,3,1,9,09,19,2,0,0,0,1,0,0,0,0
"POINT (8.796724696000069 53.064478256000001)",Unfall 167530 (2022) Kat:3, Licht: 0,167530,3,4,6,09,13,5,0,0,0,1,1,0,0,0
"POINT (8.773737594000069 53.080846936999997)",Unfall 167531 (2022) Kat:2, Licht: 2,167531,2,4,6,11,22,7,0,2,0,1,1,0,0,0
"POINT (8.804132755000071 53.072401639000098)",Unfall 167534 (2022) Kat:3, Licht: 0,167534,3,6,2,08,11,3,0,0,0,1,0,1,0,0
"POINT (8.876514548000049 53.081035149000101)",Unfall 167535 (2022) Kat:3, Licht: 2,167535,3,3,5,12,16,1,0,2,1,1,0,0,0,0
"POINT (8.815061237000069 53.082079782000100)",Unfall 167536 (2022) Kat:2, Licht: 2,167536,2,4,6,10,18,4,0,2,1,0,1,0,0,0
"POINT (8.862435207000029 53.065462122000000)",Unfall 167540 (2022) Kat:3, Licht: 0,167540,3,7,0,08,19,6,0,0,0,0,1,0,0,1
"POINT (8.587221978000059 53.182693936000099)",Unfall 167543 (2022) Kat:3, Licht: 2,167543,3,3,5,07,23,7,0,2,0,1,0,0,0,0
"POINT (8.796006817000031 53.089619959000103)",Unfall 167544 (2022) Kat:3, Licht: 0,167544,3,6,2,09,10,4,1,0,0,1,0,0,1,0
"POINT (8.872981180000069 53.084758291000099)",Unfall 167550 (2022) Kat:3, Licht: 0,167550,3,3,5,10,14,3,0,0,1,1,0,0,0,0
"POINT (8.951501485000049 53.065229441000000)",Unfall 167552 (2022) Kat:3, Licht: 0,167552,3,4,6,12,10,5,0,0,0,0,1,0,0,1
"POINT (8.684857194000070 53.116194862000000)",Unfall 167553 (2022) Kat:3, Licht: 0,167553,3,3,5,08,12,7,0,0,0,1,0,0,0,0
"POINT (8.779986776000040 53.088475559000102)",Unfall 167554 (2022) Kat:2, Licht: 0,167554,2,4,6,09,07,5,0,0,1,0,1,0,0,0
"POINT (8.685279242000041 53.176125039000098)",Unfall 167555 (2022) Kat:3, Licht: 0,167555,3,1,7,09,16,2,1,0,0,1,0,0,0,0
"POINT (8.797725828000070 53.082221580000102)",Unfall 167557 (2022) Kat:2, Licht: 0,167557,2,1,0,09,17,1,0,0,1,0,0,0,0,0
"POINT (8.952489138000031 53.057835152999999)",Unfall 167558 (2022) Kat:3, Licht: 0,167558,3,3,5,10,17,6,0,0,0,1,0,0,0,0
"POINT (8.868036057000040 53.091204558000101)",Unfall 167559 (2022) Kat:3, Licht: 0,167559,3,2,5,11,09,5,0,0,1,1,0,0,0,0
"POINT (8.628814198000040 53.168783777999998)",Unfall 167562 (2022) Kat:3, Licht: 0,167562,3,4,6,08,12,3,0,0,1,0,1,0,0,0
"POINT (8.785259537000060 53.088825631000098)",Unfall 167563 (2022) Kat:3, Licht: 2,167563,3,3,5,11,17,3,0,2,0,1,0,0,0,0
"POINT (8.549647774000050 53.193559808000003)",Unfall 167564 (2022) Kat:3, Licht: 0,167564,3,3,5,10,15,4,0,0,1,1,0,0,0,0
"POINT (8.710297317000030 53.094467020000103)",Unfall 167565 (2022) Kat:2, Licht: 0,167565,2,3,5,08,14,2,0,0,0,1,0,0,0,1
"POINT (8.865294645000059 53.069590474999998)",Unfall 167567 (2022) Kat:3, Licht: 0,167567,3,3,5,09,17,4,0,0,0,1,0,0,0,0
"POINT (8.783639843000060 53.103786200000101)",Unfall 167570 (2022) Kat:3, Licht: 1,167570,3,6,5,12,16,5,0,1,0,1,0,0,0,1
"POINT (8.765674170000070 53.112673258000001)",Unfall 167572 (2022) Kat:3, Licht: 0,167572,3,4,6,10,08,2,0,0,0,1,1,0,0,0
"POINT (8.740043059000071 53.051401358000099)",Unfall 167573 (2022) Kat:3, Licht: 0,167573,3,3,5,10,13,4,0,0,1,1,0,0,0,0
"POINT (8.869738957000040 53.098562962000102)",Unfall 167574 (2022) Kat:3, Licht: 0,167574,3,2,5,11,12,3,0,0,1,1,0,0,0,0
"POINT (8.837989896000069 53.076736164000103)",Unfall 167575 (2022) Kat:3, Licht: 0,167575,3,6,0,12,13,5,1,0,0,1,0,0,0,1
"POINT (8.842435250000049 53.088766388000103)",Unfall 167581 (2022) Kat:3, Licht: 2,167581,3,3,5,11,16,1,1,2,1,0,0,0,0,0
"POINT (8.731030605000059 53.040893175000100)",Unfall 167584 (2022) Kat:3, Licht: 0,167584,3,7,1,09,14,5,0,0,1,1,0,0,0,0
"POINT (8.817910986000070 53.052744909000097)",Unfall 167585 (2022) Kat:3, Licht: 0,167585,3,3,5,09,16,2,1,0,1,1,0,0,0,0
"POINT (8.738315688000061 53.137543556000097)",Unfall 167588 (2022) Kat:3, Licht: 0,167588,3,6,3,12,13,6,0,0,0,0,0,0,0,1
"POINT (8.946282238000039 53.039353047000098)",Unfall 167590 (2022) Kat:3, Licht: 1,167590,3,3,5,10,18,5,0,1,0,1,0,1,0,0
"POINT (8.868766561000029 53.074230356999998)",Unfall 167591 (2022) Kat:3, Licht: 0,167591,3,7,0,11,07,3,1,0,1,0,0,0,0,0
"POINT (8.625549184000020 53.181295767000101)",Unfall 167592 (2022) Kat:3, Licht: 0,167592,3,3,5,12,14,6,0,0,0,1,0,0,0,0
"POINT (8.752872511000019 53.119220713000097)",Unfall 167595 (2022) Kat:3, Licht: 2,167595,3,7,8,07,00,1,0,2,0,1,0,0,0,0
"POINT (8.892143395000060 53.079419523000098)",Unfall 167596 (2022) Kat:3, Licht: 1,167596,3,7,0,09,06,2,0,1,0,1,0,0,0,0
"POINT (8.915211320000029 53.135679633999999)",Unfall 167597 (2022) Kat:3, Licht: 1,167597,3,7,1,09,07,5,0,1,1,0,0,0,0,1
"POINT (8.776309146000070 53.104602436000100)",Unfall 167598 (2022) Kat:3, Licht: 0,167598,3,7,1,11,09,4,1,0,1,1,0,0,0,0
"POINT (8.812615375000060 53.098242814999999)",Unfall 167601 (2022) Kat:3, Licht: 0,167601,3,1,0,08,19,1,0,0,1,0,0,0,0,0
"POINT (8.803934715000031 53.077886707000097)",Unfall 167602 (2022) Kat:3, Licht: 1,167602,3,4,6,12,17,6,0,1,0,0,1,0,0,1
"POINT (8.826940230000050 53.072786749000002)",Unfall 167605 (2022) Kat:3, Licht: 1,167605,3,1,0,12,15,2,2,1,0,0,0,0,0,1
"POINT (8.906567416000030 53.059522835999999)",Unfall 167607 (2022) Kat:2, Licht: 0,167607,2,1,5,08,13,4,0,0,1,0,0,0,0,1
"POINT (8.880990352000030 53.085862204000101)",Unfall 167608 (2022) Kat:3, Licht: 1,167608,3,7,0,09,18,5,0,1,0,0,1,0,0,1
"POINT (8.827144510000039 53.072722521000102)",Unfall 167610 (2022) Kat:3, Licht: 0,167610,3,7,0,07,15,6,0,0,1,0,0,0,0,0
"POINT (8.720269528000070 53.043877195999997)",Unfall 167611 (2022) Kat:3, Licht: 0,167611,3,2,5,09,09,6,0,0,1,1,0,0,0,0
"POINT (8.850213053000060 53.065573856000100)",Unfall 167612 (2022) Kat:3, Licht: 0,167612,3,3,5,11,15,6,0,0,1,1,0,0,0,0
"POINT (8.811059366000050 53.081644861000001)",Unfall 167615 (2022) Kat:3, Licht: 0,167615,3,6,3,08,16,5,0,0,0,1,0,1,0,0
"POINT (8.892376180000040 53.079335200000102)",Unfall 167616 (2022) Kat:3, Licht: 2,167616,3,2,5,11,18,7,1,2,1,1,0,0,0,0
"POINT (8.791487929000031 53.064988329000101)",Unfall 167617 (2022) Kat:3, Licht: 0,167617,3,2,3,10,11,6,0,0,1,1,0,0,0,0
"POINT (8.701945688000020 53.167709299000101)",Unfall 167620 (2022) Kat:3, Licht: 0,167620,3,6,2,08,18,3,0,0,1,1,0,0,0,0
"POINT (8.941639219000020 53.060418524000099)",Unfall 167621 (2022) Kat:3, Licht: 0,167621,3,2,3,09,10,4,0,0,0,1,0,1,0,0
"POINT (8.597481028000059 53.184837258000101)",Unfall 167622 (2022) Kat:3, Licht: 0,167622,3,3,5,09,18,2,1,0,0,1,0,0,0,0
"POINT (8.849613665000049 53.071328655000102)",Unfall 167625 (2022) Kat:3, Licht: 0,167625,3,5,1,09,07,6,0,0,1,1,0,0,0,0
"POINT (8.627674190000050 53.170193207000104)",Unfall 167626 (2022) Kat:3, Licht: 2,167626,3,3,5,11,19,2,1,2,0,1,0,0,0,0
"POINT (8.752823341000070 53.117697165999999)",Unfall 167629 (2022) Kat:2, Licht: 0,167629,2,6,3,08,15,4,0,0,0,1,0,1,0,0
"POINT (8.823591507000060 53.071798804000103)",Unfall 167630 (2022) Kat:2, Licht: 0,167630,2,6,2,11,11,4,1,0,1,1,0,0,0,0
"POINT (8.753893372000050 53.120301711000103)",Unfall 167631 (2022) Kat:3, Licht: 0,167631,3,3,5,10,17,4,0,0,0,1,0,0,0,0
"POINT (8.808036320000040 53.059467278000099)",Unfall 167632 (2022) Kat:3, Licht: 0,167632,3,3,5,08,07,2,1,0,1,1,0,0,0,0
"POINT (8.776599084000051 53.096699344000100)",Unfall 167633 (2022) Kat:3, Licht: 0,167633,3,6,4,09,12,3,0,0,1,0,0,0,0,0
"POINT (8.740716022000070 53.137803605000002)",Unfall 167634 (2022) Kat:3, Licht: 2,167634,3,6,3,09,20,1,0,2,0,1,0,0,0,0
"POINT (8.633263215000060 53.179434157999999)",Unfall 167635 (2022) Kat:2, Licht: 0,167635,2,7,0,11,12,1,0,0,1,0,0,0,0,0
"POINT (8.807380671000031 53.082160363000099)",Unfall 167638 (2022) Kat:3, Licht: 2,167638,3,6,2,12,03,7,0,2,0,1,0,0,0,0
"POINT (8.853024990000049 53.104418989000102)",Unfall 167639 (2022) Kat:3, Licht: 0,167639,3,6,2,09,11,6,0,0,0,1,0,0,0,0
"POINT (8.865698721000060 53.071753667000102)",Unfall 167640 (2022) Kat:3, Licht: 0,167640,3,3,5,10,10,4,0,0,1,1,0,0,0,0
"POINT (8.926744978000039 53.038394138000100)",Unfall 167642 (2022) Kat:2, Licht: 0,167642,2,7,8,10,14,1,0,0,0,0,0,1,0,0
"POINT (8.792904617000030 53.073569131000099)",Unfall 167643 (2022) Kat:3, Licht: 2,167643,3,3,5,12,20,6,1,2,1,1,0,0,0,0
"POINT (8.842897519000079 53.092069250000101)",Unfall 167645 (2022) Kat:3, Licht: 0,167645,3,6,4,08,13,5,0,0,1,1,0,0,0,0
"POINT (8.778628157000069 53.108346165000100)",Unfall 167646 (2022) Kat:3, Licht: 0,167646,3,7,0,07,13,2,0,0,1,1,0,0,0,0
"POINT (8.914396334000060 53.059806455999997)",Unfall 167648 (2022) Kat:3, Licht: 0,167648,3,2,5,11,11,3,0,0,1,0,0,0,1,0
"POINT (8.800286384000060 53.078365718999997)",Unfall 167651 (2022) Kat:3, Licht: 0,167651,3,7,0,08,17,3,0,0,0,0,1,0,0,1
"POINT (8.798039476000040 53.090568647000097)",Unfall 167652 (2022) Kat:3, Licht: 0,167652,3,6,2,12,13,5,0,0,0,1,0,0,0,0
"POINT (8.559438347000031 53.201244232000100)",Unfall 167653 (2022) Kat:2, Licht: 0,167653,2,7,8,10,12,5,0,0,0,1,0,0,0,0
"POINT (8.853978563000060 53.105857686000000)",Unfall 167655 (2022) Kat:3, Licht: 2,167655,3,7,6,12,02,4,1,2,0,0,1,0,0,1
"POINT (8.572111647000041 53.187744432000002)",Unfall 167658 (2022) Kat:3, Licht: 0,167658,3,1,0,09,17,5,1,0,1,0,0,0,0,0
"POINT (8.891371786000040 53.096909811000003)",Unfall 167661 (2022) Kat:3, Licht: 0,167661,3,6,0,09,08,6,0,0,1,0,0,0,0,1
"POINT (8.618964261000031 53.180124909000000)",Unfall 167662 (2022) Kat:3, Licht: 0,167662,3,3,5,11,13,5,0,0,0,1,0,0,0,0
"POINT (8.813716579000072 53.117440619000035)",Unfall 22438 (2023) Kat:2, Licht: 0,22438,2,1,9,12,11,6,1,0,0,1,0,0,0,0
"POINT (8.710959663000040 53.178504366000027)",Unfall 22440 (2023) Kat:3, Licht: 2,22440,3,1,9,12,00,6,1,2,0,1,0,0,0,0
"POINT (8.900876500000038 53.086251889000039)",Unfall 22441 (2023) Kat:3, Licht: 0,22441,3,6,2,12,14,7,1,0,0,1,0,0,0,0
"POINT (8.912205035000056 53.080338488000052)",Unfall 22443 (2023) Kat:3, Licht: 2,22443,3,6,2,12,16,6,0,2,0,1,0,0,0,0
"POINT (8.942950748000044 53.027430248000030)",Unfall 22444 (2023) Kat:3, Licht: 0,22444,3,7,2,12,09,3,0,0,0,0,0,0,1,0
"POINT (8.914820482000039 53.079693833000078)",Unfall 22446 (2023) Kat:3, Licht: 0,22446,3,6,2,12,15,6,1,0,0,1,0,0,0,0
"POINT (8.913179329000059 53.080066363000071)",Unfall 22449 (2023) Kat:3, Licht: 1,22449,3,6,2,11,15,5,0,1,0,1,0,0,0,0
"POINT (8.782318112000041 53.066827776000082)",Unfall 22451 (2023) Kat:3, Licht: 0,22451,3,3,5,11,15,3,0,0,0,1,0,1,0,0
"POINT (8.692917519000048 53.173612944000070)",Unfall 22452 (2023) Kat:3, Licht: 0,22452,3,6,2,11,12,2,1,0,0,1,0,0,0,1
"POINT (8.886795601000074 53.038189584000065)",Unfall 22453 (2023) Kat:3, Licht: 2,22453,3,6,3,11,06,2,1,2,0,1,0,0,1,1
"POINT (8.718372421000026 53.050883919000057)",Unfall 22454 (2023) Kat:3, Licht: 2,22454,3,6,2,11,01,7,1,2,0,1,0,0,0,0
"POINT (8.885719792000032 53.039755734000039)",Unfall 22455 (2023) Kat:3, Licht: 2,22455,3,1,9,11,22,6,1,2,0,1,0,0,0,0
"POINT (8.857255260000045 53.031110426000055)",Unfall 22457 (2023) Kat:3, Licht: 2,22457,3,1,9,11,17,1,1,2,0,1,0,0,0,0
"POINT (8.914342848000047 53.079789616000028)",Unfall 22458 (2023) Kat:3, Licht: 1,22458,3,6,2,11,07,5,1,1,0,1,0,0,0,0
"POINT (8.863395869000044 53.030939105000073)",Unfall 22459 (2023) Kat:2, Licht: 1,22459,2,6,2,11,07,1,1,1,0,1,0,0,0,0
"POINT (8.802303635000044 53.053716550000047)",Unfall 22460 (2023) Kat:3, Licht: 2,22460,3,6,2,11,04,7,1,2,0,1,0,0,0,0
"POINT (8.968238901000063 53.058305708000034)",Unfall 22461 (2023) Kat:3, Licht: 1,22461,3,6,2,11,16,7,1,1,0,1,0,0,1,1
"POINT (8.691958248000049 53.173553763000029)",Unfall 22463 (2023) Kat:3, Licht: 0,22463,3,6,2,11,12,4,1,0,0,1,0,0,0,0