WKT,Name,OBJECTID,UKATEGORIE,UTYP1,UART,UMONAT,USTUNDE,UWOCHENTAG,STRZUSTAND,ULICHTVERH,ISTRAD,ISTPKW,ISTFUSS,ISTKRAD,ISTGKFZ,ISTSONSTIG
"POINT (8.752461346000075 53.055584300000078)",Unfall 22464 (2023) Kat:3, Licht: 2,22464,3,6,3,11,20,4,1,2,0,1,0,0,0,0
"POINT (8.741936142000043 53.140226918000053)",Unfall 22466 (2023) Kat:3, Licht: 0,22466,3,6,3,11,15,7,0,0,0,1,0,0,0,1
"POINT (8.864170946000058 53.031264177000082)",Unfall 22467 (2023) Kat:2, Licht: 2,22467,2,6,2,11,18,6,0,2,0,0,0,0,1,0
"POINT (8.717155230000060 53.171330723000040)",Unfall 22468 (2023) Kat:3, Licht: 0,22468,3,6,2,11,16,5,0,0,0,1,0,0,0,0
"POINT (8.805475828000056 53.052459627000076)",Unfall 22469 (2023) Kat:3, Licht: 0,22469,3,6,2,10,11,7,0,0,0,1,0,0,0,0
"POINT (8.716959940000038 53.171780655000077)",Unfall 22470 (2023) Kat:3, Licht: 2,22470,3,6,3,10,17,6,1,2,0,1,0,0,0,0
"POINT (8.879495225000028 53.037188660000027)",Unfall 22471 (2023) Kat:3, Licht: 0,22471,3,3,5,10,08,5,1,0,0,1,0,0,1,0
"POINT (8.798197884000047 53.055885223000075)",Unfall 22472 (2023) Kat:3, Licht: 2,22472,3,6,2,10,19,6,1,2,0,1,0,0,0,0
"POINT (8.855340827000020 53.027524442000072)",Unfall 22473 (2023) Kat:3, Licht: 0,22473,3,6,2,10,17,4,0,0,0,1,0,0,0,0
"POINT (8.889484831000061 53.039207760000068)",Unfall 22474 (2023) Kat:3, Licht: 2,22474,3,6,3,10,03,2,1,2,0,1,0,0,1,0
"POINT (8.693269033000036 53.173646124000072)",Unfall 22476 (2023) Kat:3, Licht: 0,22476,3,6,2,10,11,7,1,0,0,1,0,0,0,0
"POINT (8.711115825000036 53.179291522000028)",Unfall 22478 (2023) Kat:3, Licht: 0,22478,3,3,5,10,10,5,1,0,0,1,0,0,0,0
"POINT (8.793310444000042 53.093182660000082)",Unfall 22479 (2023) Kat:3, Licht: 0,22479,3,3,5,10,12,5,1,0,1,1,0,0,0,0
"POINT (8.869005592000065 53.033510196000066)",Unfall 22480 (2023) Kat:3, Licht: 0,22480,3,6,3,10,14,4,0,0,0,1,0,0,1,0
"POINT (8.860235648000071 53.027011522000066)",Unfall 22481 (2023) Kat:2, Licht: 0,22481,2,6,3,10,13,4,0,0,0,1,0,0,1,0
"POINT (8.563571615000058 53.194029211000043)",Unfall 22482 (2023) Kat:3, Licht: 2,22482,3,1,9,10,22,3,1,2,0,1,0,0,0,0
"POINT (8.881619159000024 53.102750538000066)",Unfall 22483 (2023) Kat:3, Licht: 0,22483,3,6,2,09,12,6,0,0,0,1,0,0,0,0
"POINT (8.870313254000052 53.108753127000057)",Unfall 22484 (2023) Kat:3, Licht: 0,22484,3,6,2,09,13,6,0,0,0,1,0,0,1,0
"POINT (8.879975197000022 53.037288445000058)",Unfall 22485 (2023) Kat:3, Licht: 0,22485,3,3,5,09,12,5,0,0,0,1,0,0,1,0
"POINT (8.946661301000063 53.078488655000058)",Unfall 22486 (2023) Kat:3, Licht: 0,22486,3,6,2,09,17,4,0,0,0,1,0,0,0,0
"POINT (8.942502578000074 53.078801762000069)",Unfall 22487 (2023) Kat:3, Licht: 2,22487,3,7,9,09,04,1,0,2,0,1,0,0,1,0
"POINT (8.783655964000047 53.071672528000079)",Unfall 22488 (2023) Kat:3, Licht: 0,22488,3,6,3,09,13,5,0,0,0,1,0,0,1,0
"POINT (8.827286870000023 53.116100106000033)",Unfall 22489 (2023) Kat:2, Licht: 0,22489,2,6,2,09,07,4,0,0,0,1,0,0,0,0
"POINT (8.821002196000052 53.023677200000066)",Unfall 22490 (2023) Kat:3, Licht: 0,22490,3,6,2,09,13,4,0,0,0,0,0,0,1,0
"POINT (8.813270922000072 53.117849396000054)",Unfall 22491 (2023) Kat:2, Licht: 0,22491,2,1,8,09,18,5,0,0,0,0,0,1,0,0
"POINT (8.621082165000075 53.180624731000080)",Unfall 22492 (2023) Kat:3, Licht: 0,22492,3,3,5,09,14,3,0,0,0,1,0,0,0,1
"POINT (8.697292163000043 53.173793363000073)",Unfall 22493 (2023) Kat:3, Licht: 0,22493,3,6,2,09,15,2,0,0,0,1,0,0,0,0
"POINT (8.737780857000075 53.142929302000027)",Unfall 22494 (2023) Kat:3, Licht: 0,22494,3,6,3,09,16,6,0,0,0,1,0,0,0,0
"POINT (8.725556084000061 53.153133481000054)",Unfall 22496 (2023) Kat:3, Licht: 2,22496,3,6,3,09,03,1,0,2,0,1,0,0,0,0
"POINT (8.864100541000028 53.031092464000039)",Unfall 22497 (2023) Kat:3, Licht: 0,22497,3,6,2,09,17,1,0,0,0,1,0,0,0,0
"POINT (8.773445059000039 53.068902137000066)",Unfall 22499 (2023) Kat:3, Licht: 0,22499,3,7,0,08,10,5,0,0,0,0,0,1,0,0
"POINT (8.681440031000022 53.172977072000037)",Unfall 22500 (2023) Kat:2, Licht: 1,22500,2,2,3,08,20,4,0,1,0,1,0,0,0,0
"POINT (8.693145729000037 53.173586619000048)",Unfall 22501 (2023) Kat:3, Licht: 0,22501,3,6,2,08,17,2,0,0,0,1,0,0,0,0
"POINT (8.756573612000068 53.076063269000031)",Unfall 22504 (2023) Kat:3, Licht: 2,22504,3,1,9,08,21,6,0,2,0,1,0,0,0,0
"POINT (8.854497965000064 53.027351097000064)",Unfall 22506 (2023) Kat:2, Licht: 0,22506,2,6,2,08,09,5,0,0,0,0,0,0,1,1
"POINT (8.716471898000066 53.172369850000052)",Unfall 22508 (2023) Kat:3, Licht: 0,22508,3,6,2,08,15,3,0,0,0,1,0,0,0,0
"POINT (8.834683862000077 53.115850708000039)",Unfall 22509 (2023) Kat:3, Licht: 0,22509,3,1,3,08,12,7,1,0,0,1,0,0,0,0
"POINT (8.875503500000036 53.036033832000044)",Unfall 22510 (2023) Kat:3, Licht: 0,22510,3,6,2,08,15,6,0,0,0,1,0,0,0,0
"POINT (8.845009234000031 53.038932906000070)",Unfall 22512 (2023) Kat:3, Licht: 0,22512,3,7,0,08,11,4,0,0,0,1,0,0,0,0
"POINT (8.716340057000025 53.173062393000066)",Unfall 22513 (2023) Kat:3, Licht: 0,22513,3,6,2,08,15,4,0,0,0,1,0,0,0,0
"POINT (8.747876752000025 53.053687418000038)",Unfall 22514 (2023) Kat:3, Licht: 0,22514,3,6,3,08,12,3,0,0,0,1,0,0,1,0
"POINT (8.716701864000072 53.172348228000033)",Unfall 22515 (2023) Kat:3, Licht: 0,22515,3,6,2,07,15,2,1,0,0,1,0,0,0,0
"POINT (8.751996713000040 53.055462744000067)",Unfall 22516 (2023) Kat:3, Licht: 1,22516,3,7,9,07,16,5,1,1,0,1,0,0,0,0
"POINT (8.773689132000072 53.069670535000057)",Unfall 22518 (2023) Kat:3, Licht: 2,22518,3,1,9,07,02,1,1,2,0,1,0,0,0,0
"POINT (8.812702653000031 53.037279957000067)",Unfall 22519 (2023) Kat:3, Licht: 2,22519,3,6,3,07,02,1,1,2,0,1,0,0,0,0
"POINT (8.854573892000076 53.027382573000068)",Unfall 22520 (2023) Kat:3, Licht: 0,22520,3,6,2,07,14,6,0,0,0,1,0,0,0,0
"POINT (8.866331019000029 53.032379561000027)",Unfall 22521 (2023) Kat:3, Licht: 0,22521,3,6,2,07,17,6,0,0,0,1,0,0,0,1
"POINT (8.855603286000076 53.027635287000066)",Unfall 22522 (2023) Kat:3, Licht: 0,22522,3,1,9,07,19,5,1,0,0,1,0,0,0,1
"POINT (8.693587919000038 53.173667146000071)",Unfall 22525 (2023) Kat:3, Licht: 0,22525,3,6,2,07,18,5,1,0,0,1,0,0,0,0
"POINT (8.776051980000034 53.067616033000036)",Unfall 22526 (2023) Kat:3, Licht: 2,22526,3,1,8,07,01,4,1,2,0,0,0,1,0,0
"POINT (8.874247174000061 53.035430193000082)",Unfall 22527 (2023) Kat:3, Licht: 0,22527,3,6,2,07,15,4,0,0,0,1,0,0,0,0
"POINT (8.819273511000063 53.048277634000044)",Unfall 22529 (2023) Kat:3, Licht: 0,22529,3,6,2,07,16,7,0,0,0,1,0,0,0,1
"POINT (8.751122300000077 53.135387451000042)",Unfall 22531 (2023) Kat:3, Licht: 0,22531,3,6,2,07,05,1,0,0,0,1,0,0,0,0
"POINT (8.858929714000055 53.028981265000027)",Unfall 22532 (2023) Kat:3, Licht: 0,22532,3,7,8,07,19,7,1,0,0,1,0,0,0,0
"POINT (8.618817971000055 53.180536359000030)",Unfall 22533 (2023) Kat:3, Licht: 0,22533,3,3,5,06,12,6,0,0,1,0,0,0,0,1
"POINT (8.690529880000042 53.173450608000053)",Unfall 22535 (2023) Kat:3, Licht: 0,22535,3,6,2,06,14,4,0,0,0,1,0,0,0,0
"POINT (8.714723500000048 53.176460980000058)",Unfall 22536 (2023) Kat:3, Licht: 0,22536,3,6,2,06,14,4,0,0,0,1,0,0,0,0
"POINT (8.793834712000034 53.058703636000075)",Unfall 22537 (2023) Kat:3, Licht: 0,22537,3,6,2,06,19,3,0,0,0,1,0,0,0,0
"POINT (8.692236120000075 53.173664455000051)",Unfall 22538 (2023) Kat:3, Licht: 0,22538,3,6,2,06,08,3,0,0,0,1,0,0,0,0
"POINT (8.745678447000046 53.053304227000069)",Unfall 22539 (2023) Kat:2, Licht: 1,22539,2,6,4,06,21,7,0,1,0,1,0,0,0,0
"POINT (8.867524656000057 53.032886345000065)",Unfall 22540 (2023) Kat:3, Licht: 0,22540,3,6,2,06,06,4,0,0,0,1,0,0,0,1
"POINT (8.872642839000036 53.034829780000052)",Unfall 22541 (2023) Kat:3, Licht: 0,22541,3,6,2,06,15,3,0,0,0,1,0,0,1,0
"POINT (8.715499199000021 53.175020929000027)",Unfall 22542 (2023) Kat:3, Licht: 0,22542,3,6,2,06,18,3,0,0,0,1,0,0,0,0
"POINT (8.717986228000029 53.169423029000029)",Unfall 22543 (2023) Kat:3, Licht: 0,22543,3,6,2,06,16,2,0,0,0,1,0,0,0,0
"POINT (8.731397748000063 53.148889995000047)",Unfall 22544 (2023) Kat:3, Licht: 0,22544,3,1,2,06,07,6,0,0,0,1,0,0,0,0
"POINT (8.874998331000029 53.035689495000042)",Unfall 22546 (2023) Kat:3, Licht: 0,22546,3,6,2,06,10,5,0,0,0,1,0,0,0,0
"POINT (8.776556721000077 53.065141658000073)",Unfall 22548 (2023) Kat:3, Licht: 0,22548,3,6,3,06,16,5,0,0,0,1,0,0,0,1
"POINT (8.888270268000042 53.038522435000061)",Unfall 22549 (2023) Kat:3, Licht: 0,22549,3,2,3,06,09,4,0,0,0,1,0,0,1,0
"POINT (8.810520004000068 53.033880953000050)",Unfall 22550 (2023) Kat:3, Licht: 0,22550,3,1,7,06,07,3,0,0,1,0,0,0,0,0
"POINT (8.716501042000061 53.172754617000066)",Unfall 22551 (2023) Kat:3, Licht: 0,22551,3,6,2,06,14,3,0,0,0,1,0,0,0,0
"POINT (8.812118073000022 53.036380480000048)",Unfall 22552 (2023) Kat:3, Licht: 0,22552,3,5,1,06,17,6,0,0,0,1,0,1,0,0
"POINT (8.681409333000033 53.172999138000080)",Unfall 22553 (2023) Kat:3, Licht: 0,22553,3,6,2,06,12,5,0,0,0,1,0,0,0,0
"POINT (8.720918730000051 53.162532294000073)",Unfall 22554 (2023) Kat:3, Licht: 0,22554,3,6,2,05,16,6,0,0,0,1,0,0,0,0
"POINT (8.813058760000047 53.116577478000067)",Unfall 22555 (2023) Kat:2, Licht: 0,22555,2,6,2,05,17,5,0,0,0,1,0,0,0,0
"POINT (8.793732627000054 53.092489757000067)",Unfall 22556 (2023) Kat:3, Licht: 0,22556,3,6,2,05,15,4,0,0,0,1,0,0,1,0
"POINT (8.790663057000074 53.080231673000071)",Unfall 22557 (2023) Kat:3, Licht: 0,22557,3,6,3,05,12,2,0,0,0,1,0,0,1,0
"POINT (8.886588638000035 53.096066851000046)",Unfall 22558 (2023) Kat:3, Licht: 0,22558,3,6,3,05,14,2,0,0,0,1,0,0,1,0
"POINT (8.819841523000036 53.116342496000073)",Unfall 22559 (2023) Kat:3, Licht: 0,22559,3,6,2,05,07,3,0,0,0,1,0,0,0,0
"POINT (8.721122917000059 53.162063347000071)",Unfall 22560 (2023) Kat:3, Licht: 0,22560,3,6,2,05,14,2,0,0,0,1,0,0,0,1
"POINT (8.738025453000034 53.145366741000032)",Unfall 22561 (2023) Kat:3, Licht: 1,22561,3,6,2,05,20,1,0,1,0,1,0,1,0,0
"POINT (8.695740603000047 53.173804559000075)",Unfall 22562 (2023) Kat:3, Licht: 0,22562,3,6,2,05,14,7,0,0,0,1,0,0,0,0
"POINT (8.795086229000049 53.085413279000079)",Unfall 22563 (2023) Kat:3, Licht: 0,22563,3,6,3,09,11,3,0,0,0,1,0,0,1,0
"POINT (8.727796603000058 53.145029125000065)",Unfall 22564 (2023) Kat:2, Licht: 0,22564,2,6,3,05,13,4,0,0,0,1,0,0,1,0
"POINT (8.695571445000041 53.173793763000049)",Unfall 22565 (2023) Kat:3, Licht: 0,22565,3,6,2,05,10,4,1,0,0,1,0,0,0,0
"POINT (8.716150929000037 53.173412396000060)",Unfall 22567 (2023) Kat:3, Licht: 0,22567,3,1,9,05,09,3,0,0,0,1,0,0,0,0
"POINT (8.889513821000037 53.039476864000051)",Unfall 22568 (2023) Kat:3, Licht: 0,22568,3,1,9,05,20,2,0,0,0,0,0,1,0,0
"POINT (8.808344983000040 53.051548755000056)",Unfall 22569 (2023) Kat:3, Licht: 0,22569,3,6,3,04,18,7,0,0,0,1,0,0,0,0
"POINT (8.797087732000023 53.086917332000041)",Unfall 22570 (2023) Kat:3, Licht: 0,22570,3,6,2,04,16,5,0,0,0,1,0,0,1,0
"POINT (8.796459269000025 53.119313468000030)",Unfall 22571 (2023) Kat:3, Licht: 0,22571,3,6,2,04,07,3,0,0,0,1,0,0,0,0
"POINT (8.829483611000057 53.023632182000028)",Unfall 22572 (2023) Kat:3, Licht: 0,22572,3,6,2,04,15,2,1,0,0,0,0,0,1,0
"POINT (8.906818265000027 53.081937214000050)",Unfall 22573 (2023) Kat:3, Licht: 0,22573,3,1,9,04,16,2,1,0,0,1,0,0,0,0
"POINT (8.686175001000038 53.173318681000069)",Unfall 22574 (2023) Kat:3, Licht: 0,22574,3,3,5,04,09,4,0,0,1,1,0,0,0,0
"POINT (8.806817152000065 53.110232786000040)",Unfall 22575 (2023) Kat:3, Licht: 0,22575,3,6,2,04,16,2,0,0,0,1,0,0,0,0
"POINT (8.697359312000060 53.173907861000032)",Unfall 22576 (2023) Kat:3, Licht: 0,22576,3,6,3,04,14,2,1,0,0,1,0,0,1,0
"POINT (8.821053841000037 53.116307474000052)",Unfall 22577 (2023) Kat:3, Licht: 0,22577,3,6,2,03,07,3,1,0,0,1,0,0,0,0
"POINT (8.797835592000069 53.054658710000069)",Unfall 22578 (2023) Kat:3, Licht: 0,22578,3,6,2,03,15,7,0,0,0,1,0,0,0,0
"POINT (8.696653097000024 53.173862795000048)",Unfall 22579 (2023) Kat:3, Licht: 0,22579,3,6,3,03,12,3,1,0,0,1,0,0,1,0
"POINT (8.720119594000039 53.163853130000064)",Unfall 22581 (2023) Kat:3, Licht: 0,22581,3,6,0,03,16,2,0,0,0,1,0,0,1,0
"POINT (8.792169034000040 53.056298627000047)",Unfall 22582 (2023) Kat:3, Licht: 0,22582,3,1,9,03,16,1,1,0,0,1,0,0,0,0
"POINT (8.790788939000038 53.060837914000047)",Unfall 22583 (2023) Kat:3, Licht: 0,22583,3,3,5,03,16,6,1,0,0,1,0,0,0,0
"POINT (8.940313814000035 53.078961010000057)",Unfall 22584 (2023) Kat:2, Licht: 2,22584,2,1,8,02,05,2,0,2,0,1,0,0,0,0
"POINT (8.751000168000076 53.054977210000061)",Unfall 22585 (2023) Kat:3, Licht: 1,22585,3,6,2,02,17,2,0,1,0,1,0,0,0,1
"POINT (8.798451250000028 53.118904381000050)",Unfall 22586 (2023) Kat:3, Licht: 0,22586,3,6,2,02,08,2,0,0,0,1,0,0,0,0
"POINT (8.867804522000029 53.033002821000082)",Unfall 22587 (2023) Kat:3, Licht: 0,22587,3,6,2,02,15,6,1,0,0,1,0,0,0,0
"POINT (8.711354223000058 53.179309666000051)",Unfall 22588 (2023) Kat:3, Licht: 0,22588,3,6,2,02,07,6,1,0,0,1,0,0,0,0
"POINT (8.721312408000074 53.141807214000039)",Unfall 22589 (2023) Kat:3, Licht: 0,22589,3,6,2,02,09,5,1,0,0,0,0,0,1,1
"POINT (8.692589531000067 53.173599347000049)",Unfall 22590 (2023) Kat:3, Licht: 0,22590,3,6,2,02,08,3,1,0,0,1,0,0,1,0
"POINT (8.864457088000051 53.031384842000080)",Unfall 22591 (2023) Kat:3, Licht: 0,22591,3,6,2,02,08,3,1,0,0,1,0,0,0,0
"POINT (8.776443330000063 53.069237231000045)",Unfall 22592 (2023) Kat:3, Licht: 0,22592,3,6,2,02,07,3,1,0,0,0,0,0,1,0
"POINT (8.787248857000066 53.121416890000035)",Unfall 22593 (2023) Kat:2, Licht: 0,22593,2,1,8,02,11,6,0,0,0,1,0,0,1,0
"POINT (8.782792467000036 53.071057117000066)",Unfall 22594 (2023) Kat:3, Licht: 0,22594,3,6,3,02,15,5,0,0,0,1,0,0,0,0
"POINT (8.795707948000029 53.090109490000032)",Unfall 22595 (2023) Kat:3, Licht: 0,22595,3,6,2,02,16,4,0,0,0,1,0,0,0,0
"POINT (8.691264948000025 53.196590546000039)",Unfall 22596 (2023) Kat:3, Licht: 2,22596,3,7,9,02,03,1,0,2,0,1,0,0,0,0
"POINT (8.529082253000070 53.197931529000073)",Unfall 22597 (2023) Kat:3, Licht: 2,22597,3,6,2,02,05,4,1,2,0,1,0,0,0,0
"POINT (8.716953438000075 53.171795635000080)",Unfall 22598 (2023) Kat:3, Licht: 0,22598,3,6,2,02,15,3,0,0,0,1,0,0,0,0
"POINT (8.963455354000075 53.069529270000032)",Unfall 22599 (2023) Kat:3, Licht: 0,22599,3,6,2,02,07,3,0,0,0,1,0,0,0,0
"POINT (8.715575258000058 53.174872187000062)",Unfall 22600 (2023) Kat:3, Licht: 2,22600,3,6,2,02,17,2,0,2,0,1,0,0,0,0
"POINT (8.720497729000044 53.163531873000068)",Unfall 22601 (2023) Kat:3, Licht: 2,22601,3,7,8,02,05,2,2,2,0,0,0,1,0,0
"POINT (8.584358069000075 53.184039347000066)",Unfall 22602 (2023) Kat:3, Licht: 0,22602,3,7,8,02,10,5,0,0,0,1,0,0,0,0
"POINT (8.737716069000044 53.143196326000066)",Unfall 22603 (2023) Kat:3, Licht: 0,22603,3,6,2,02,14,4,1,0,0,1,0,0,0,0
"POINT (8.798499491000030 53.055712623000034)",Unfall 22604 (2023) Kat:3, Licht: 0,22604,3,6,4,02,12,4,1,0,0,1,0,0,0,0
"POINT (8.809682337000027 53.111912472000029)",Unfall 22605 (2023) Kat:3, Licht: 2,22605,3,6,2,01,06,5,1,2,0,1,0,0,1,0
"POINT (8.788027006000050 53.062803198000040)",Unfall 22606 (2023) Kat:3, Licht: 0,22606,3,2,3,01,13,3,0,0,0,1,0,0,0,1
"POINT (8.796736599000042 53.099857421000081)",Unfall 22607 (2023) Kat:3, Licht: 0,22607,3,6,3,01,09,2,0,0,0,1,0,0,1,0
"POINT (8.929391594000037 53.029501787000072)",Unfall 22608 (2023) Kat:3, Licht: 0,22608,3,6,2,01,08,4,0,0,0,1,0,0,0,0
"POINT (8.720661354000072 53.163137043000063)",Unfall 22609 (2023) Kat:3, Licht: 1,22609,3,6,2,01,07,3,0,1,0,1,0,0,0,0
"POINT (8.720860735000031 53.162666160000072)",Unfall 22610 (2023) Kat:3, Licht: 1,22610,3,6,2,01,07,3,1,1,0,1,0,0,1,0
"POINT (8.880127633000029 53.037160341000060)",Unfall 22612 (2023) Kat:3, Licht: 2,22612,3,6,2,01,07,6,0,2,0,1,0,0,1,0
"POINT (8.724423869000077 53.154481719000046)",Unfall 22613 (2023) Kat:3, Licht: 0,22613,3,1,8,01,08,4,1,0,0,1,0,0,0,0
"POINT (8.716911778000053 53.171891615000050)",Unfall 22614 (2023) Kat:3, Licht: 0,22614,3,6,2,05,13,4,1,0,0,1,0,0,0,0
"POINT (8.595142761000034 53.181312750000075)",Unfall 22660 (2023) Kat:3, Licht: 0,22660,3,6,2,05,11,2,0,0,0,1,0,0,0,0
"POINT (8.884664898000040 53.039010684000061)",Unfall 22681 (2023) Kat:3, Licht: 0,22681,3,6,3,10,16,2,1,0,0,1,0,0,0,0
"POINT (8.854448822000052 53.027140797000072)",Unfall 22730 (2023) Kat:3, Licht: 0,22730,3,6,2,05,13,2,0,0,0,1,0,0,0,0
"POINT (8.807578074000048 53.110652984000069)",Unfall 22804 (2023) Kat:3, Licht: 0,22804,3,6,3,10,08,4,0,0,0,1,0,0,1,0
"POINT (8.792523750000043 53.059609719000036)",Unfall 22816 (2023) Kat:3, Licht: 2,22816,3,6,2,11,07,3,1,2,0,1,0,0,0,0
"POINT (8.614790654000046 53.180802444000051)",Unfall 22841 (2023) Kat:3, Licht: 0,22841,3,6,2,05,08,4,1,0,0,1,0,0,0,0
"POINT (8.716830909000066 53.171542621000071)",Unfall 22847 (2023) Kat:3, Licht: 0,22847,3,6,3,08,14,3,0,0,0,1,0,0,1,0
"POINT (8.779037660000029 53.068657671000039)",Unfall 22895 (2023) Kat:3, Licht: 0,22895,3,6,1,08,10,6,0,0,0,1,0,0,0,0
"POINT (8.696701605000044 53.173865891000048)",Unfall 23067 (2023) Kat:3, Licht: 0,23067,3,6,2,07,16,5,0,0,0,1,0,0,0,0
"POINT (8.584507764000023 53.183904309000070)",Unfall 23118 (2023) Kat:3, Licht: 1,23118,3,6,8,11,16,7,1,1,0,0,0,0,0,1
"POINT (8.795059090000052 53.096561991000044)",Unfall 23195 (2023) Kat:3, Licht: 0,23195,3,6,2,04,14,6,0,0,0,1,0,0,0,0
"POINT (8.773214005000057 53.068149764000054)",Unfall 23200 (2023) Kat:3, Licht: 0,23200,3,1,8,06,15,3,0,0,0,0,0,1,0,0
"POINT (8.867048263000072 53.032480077000059)",Unfall 23230 (2023) Kat:3, Licht: 0,23230,3,6,2,04,15,3,0,0,0,1,0,0,0,0
"POINT (8.640030815000046 53.174892152000041)",Unfall 23290 (2023) Kat:3, Licht: 2,23290,3,6,2,12,06,5,0,2,0,1,0,0,0,0
"POINT (8.816742376000036 53.044516572000077)",Unfall 23308 (2023) Kat:3, Licht: 0,23308,3,6,2,03,18,2,1,0,0,1,0,0,0,0
"POINT (8.808828268000070 53.051400123000064)",Unfall 23347 (2023) Kat:3, Licht: 0,23347,3,7,9,05,16,3,0,0,0,1,0,0,0,0
"POINT (8.776674436000064 53.069240399000080)",Unfall 23378 (2023) Kat:3, Licht: 0,23378,3,6,2,06,15,2,0,0,0,1,0,0,0,0
"POINT (8.811553064000066 53.115524994000054)",Unfall 23391 (2023) Kat:3, Licht: 0,23391,3,6,2,05,12,6,0,0,0,1,0,0,0,0
"POINT (8.691284379000024 53.173505100000057)",Unfall 23417 (2023) Kat:3, Licht: 0,23417,3,6,2,05,11,6,0,0,0,1,0,0,0,0
"POINT (8.797258280000051 53.086794166000061)",Unfall 23457 (2023) Kat:3, Licht: 0,23457,3,6,3,05,19,6,0,0,0,1,0,0,1,0
"POINT (8.865630073000034 53.032083893000049)",Unfall 23459 (2023) Kat:3, Licht: 2,23459,3,6,2,12,17,3,1,2,0,1,0,0,0,0
"POINT (8.736090088000026 53.145503821000034)",Unfall 23481 (2023) Kat:3, Licht: 0,23481,3,1,9,10,10,7,1,0,0,0,0,1,0,0
"POINT (8.795788833000074 53.099049881000042)",Unfall 23613 (2023) Kat:3, Licht: 0,23613,3,6,3,10,15,3,0,0,0,1,0,0,0,0
"POINT (8.732255227000053 53.148632004000035)",Unfall 23619 (2023) Kat:3, Licht: 0,23619,3,1,3,02,13,4,1,0,0,1,0,0,0,0
"POINT (8.854042755000023 53.027331091000065)",Unfall 23628 (2023) Kat:3, Licht: 0,23628,3,6,2,07,13,6,1,0,0,1,0,0,0,0
"POINT (8.795602979000023 53.090084614000034)",Unfall 23637 (2023) Kat:3, Licht: 0,23637,3,6,2,06,13,7,0,0,0,1,0,0,0,0
"POINT (8.869595093000044 53.033566214000075)",Unfall 23716 (2023) Kat:3, Licht: 0,23716,3,6,2,07,11,2,0,0,0,1,0,0,0,0
"POINT (8.550701505000063 53.197507927000061)",Unfall 23744 (2023) Kat:3, Licht: 0,23744,3,3,5,06,13,2,0,0,0,1,0,0,1,0
"POINT (8.781103996000070 53.123489971000026)",Unfall 23755 (2023) Kat:3, Licht: 0,23755,3,6,2,09,15,6,0,0,0,1,0,0,0,0
"POINT (8.896047821000025 53.038839612000061)",Unfall 23765 (2023) Kat:3, Licht: 2,23765,3,7,7,01,18,3,0,2,0,1,0,0,1,0
"POINT (8.795654271000046 53.098451956000076)",Unfall 23776 (2023) Kat:3, Licht: 0,23776,3,6,3,09,16,5,0,0,0,1,0,0,1,0
"POINT (8.865842748000034 53.110563360000071)",Unfall 23896 (2023) Kat:2, Licht: 2,23896,2,1,9,09,21,4,0,2,0,0,0,1,0,0
"POINT (8.818826508000029 53.048159799000075)",Unfall 23953 (2023) Kat:2, Licht: 0,23953,2,6,4,06,17,3,0,0,1,0,0,0,0,0
"POINT (8.752367684000035 53.055644028000074)",Unfall 23967 (2023) Kat:3, Licht: 0,23967,3,6,2,07,19,7,1,0,0,1,0,0,0,0
"POINT (8.803061392000075 53.106910890000051)",Unfall 24012 (2023) Kat:3, Licht: 2,24012,3,7,2,10,05,4,0,2,0,1,0,0,0,0
"POINT (8.809838408000076 53.051090636000026)",Unfall 24111 (2023) Kat:3, Licht: 0,24111,3,6,2,02,14,2,0,0,0,1,0,1,0,0
"POINT (8.737401914000031 53.079303929000048)",Unfall 24140 (2023) Kat:2, Licht: 0,24140,2,6,2,09,14,6,0,0,0,1,0,0,0,0
"POINT (8.923629122000023 53.078966594000065)",Unfall 24167 (2023) Kat:3, Licht: 2,24167,3,6,2,11,17,6,1,2,0,1,0,0,0,0
"POINT (8.871363565000024 53.034507574000031)",Unfall 24339 (2023) Kat:3, Licht: 0,24339,3,6,3,10,16,5,0,0,0,1,0,0,1,0
"POINT (8.790138401000036 53.079536064000081)",Unfall 24340 (2023) Kat:3, Licht: 0,24340,3,6,3,09,09,2,0,0,0,1,0,0,1,0
"POINT (8.779938127000037 53.068525131000058)",Unfall 24348 (2023) Kat:3, Licht: 2,24348,3,6,2,11,20,7,1,2,0,1,0,0,0,0
"POINT (8.798123080000039 53.055928151000046)",Unfall 24356 (2023) Kat:3, Licht: 0,24356,3,3,5,02,12,3,0,0,1,0,0,0,1,0
"POINT (8.778141446000063 53.066845795000063)",Unfall 24365 (2023) Kat:3, Licht: 2,24365,3,1,8,09,21,1,0,2,0,1,0,0,0,0
"POINT (8.692921189000060 53.173733844000026)",Unfall 24397 (2023) Kat:3, Licht: 0,24397,3,6,2,08,13,5,0,0,0,1,0,0,0,0
"POINT (8.790676910000059 53.120642115000066)",Unfall 24401 (2023) Kat:3, Licht: 2,24401,3,6,2,01,23,1,1,2,0,1,0,0,0,0
"POINT (8.884532600000057 53.038526891000060)",Unfall 24424 (2023) Kat:3, Licht: 2,24424,3,1,9,11,17,2,1,2,0,1,0,0,0,0
"POINT (8.964145603000077 53.068140067000058)",Unfall 24496 (2023) Kat:3, Licht: 2,24496,3,1,9,11,06,2,1,2,0,1,0,0,0,0
"POINT (8.794322725000029 53.091743959000041)",Unfall 24526 (2023) Kat:3, Licht: 0,24526,3,6,2,08,14,1,0,0,0,1,0,0,0,0
"POINT (8.815333449000036 53.041912102000026)",Unfall 24528 (2023) Kat:3, Licht: 0,24528,3,6,2,09,17,6,1,0,0,1,0,0,0,1
"POINT (8.790038410000022 53.120627833000071)",Unfall 24540 (2023) Kat:3, Licht: 0,24540,3,6,0,04,08,5,0,0,0,1,0,0,1,0
"POINT (8.717787399000031 53.169874867000033)",Unfall 24582 (2023) Kat:3, Licht: 0,24582,3,6,2,10,14,6,0,0,0,1,0,0,0,0