WKT,Name,OBJECTID,UKATEGORIE,UTYP1,UART,UMONAT,USTUNDE,UWOCHENTAG,STRZUSTAND,ULICHTVERH,ISTRAD,ISTPKW,ISTFUSS,ISTKRAD,ISTGKFZ,ISTSONSTIG
"POINT (8.877758912000047 53.105592027000057)",Unfall 24585 (2023) Kat:3, Licht: 0,24585,3,6,2,09,11,3,0,0,0,1,0,0,0,0
"POINT (8.809916118000046 53.033033422000074)",Unfall 24764 (2023) Kat:3, Licht: 0,24764,3,6,4,08,19,2,0,0,1,0,0,0,0,1
"POINT (8.618697170000075 53.180724202000079)",Unfall 24785 (2023) Kat:2, Licht: 0,24785,2,6,4,12,09,4,1,0,0,1,0,0,1,1
"POINT (8.735687182000049 53.144603030000042)",Unfall 24977 (2023) Kat:3, Licht: 0,24977,3,6,2,05,20,3,0,0,0,1,0,0,1,0
"POINT (8.794049628000039 53.093618434000064)",Unfall 25065 (2023) Kat:3, Licht: 0,25065,3,6,2,02,07,4,0,0,0,1,0,0,0,0
"POINT (8.914190905000055 53.035890179000035)",Unfall 25207 (2023) Kat:3, Licht: 0,25207,3,6,2,03,15,5,0,0,0,1,0,0,0,0
"POINT (8.778551304000075 53.067309672000079)",Unfall 25333 (2023) Kat:3, Licht: 0,25333,3,6,2,06,17,6,0,0,0,1,0,0,0,0
"POINT (8.796558851000043 53.099741962000053)",Unfall 25375 (2023) Kat:3, Licht: 2,25375,3,7,0,11,01,6,0,2,0,1,0,0,0,0
"POINT (8.859362936000025 53.029223342000080)",Unfall 25403 (2023) Kat:2, Licht: 0,25403,2,6,2,08,14,4,1,0,0,0,0,0,1,0
"POINT (8.785119217000045 53.064958726000043)",Unfall 25462 (2023) Kat:3, Licht: 0,25462,3,6,2,06,01,1,0,0,0,1,0,0,0,0
"POINT (8.716578806000030 53.095722659000046)",Unfall 167862 (2023) Kat:3, Licht: 0,167862,3,6,2,05,08,5,0,0,0,1,0,0,0,1
"POINT (8.584612025000069 53.181379086000049)",Unfall 167863 (2023) Kat:3, Licht: 0,167863,3,2,5,05,08,5,0,0,1,1,0,0,0,0
"POINT (8.870891953000068 53.091284342000051)",Unfall 167864 (2023) Kat:3, Licht: 0,167864,3,1,0,05,10,5,0,0,1,0,0,0,0,0
"POINT (8.903766886000028 53.124618922000082)",Unfall 167865 (2023) Kat:3, Licht: 0,167865,3,5,1,05,17,5,0,0,1,1,0,0,0,0
"POINT (8.809437501000048 53.083601491000081)",Unfall 167866 (2023) Kat:3, Licht: 0,167866,3,3,5,05,08,4,0,0,1,1,0,0,0,0
"POINT (8.582041115000038 53.214675050000039)",Unfall 167867 (2023) Kat:3, Licht: 0,167867,3,1,0,05,17,4,0,0,0,0,0,0,0,1
"POINT (8.634376554000028 53.163423410000064)",Unfall 167868 (2023) Kat:3, Licht: 0,167868,3,6,3,05,16,4,0,0,1,1,0,0,0,0
"POINT (8.961211290000051 53.057382135000069)",Unfall 167869 (2023) Kat:3, Licht: 1,167869,3,6,3,05,20,4,0,1,0,1,1,0,0,0
"POINT (8.703274745000044 53.098587606000081)",Unfall 167870 (2023) Kat:2, Licht: 2,167870,2,3,5,05,22,4,0,2,0,1,0,0,0,1
"POINT (8.818421925000052 53.046915264000063)",Unfall 167871 (2023) Kat:3, Licht: 0,167871,3,6,2,05,13,4,0,0,0,1,0,0,0,0
"POINT (8.690938535000043 53.175870480000071)",Unfall 167874 (2023) Kat:3, Licht: 0,167874,3,3,5,05,08,3,1,0,0,1,0,0,0,0
"POINT (8.803763124000056 53.076606684000069)",Unfall 167875 (2023) Kat:2, Licht: 0,167875,2,7,0,05,11,3,0,0,0,0,0,1,0,0
"POINT (8.855113072000051 53.081715261000056)",Unfall 167876 (2023) Kat:2, Licht: 0,167876,2,4,6,05,08,3,0,0,0,0,1,0,0,1
"POINT (8.710445643000071 53.149520541000072)",Unfall 167877 (2023) Kat:3, Licht: 0,167877,3,3,5,05,08,3,1,0,0,1,0,0,0,0
"POINT (8.728930272000071 53.039041216000044)",Unfall 167878 (2023) Kat:3, Licht: 0,167878,3,3,5,05,18,3,0,0,0,1,0,0,0,0
"POINT (8.791461976000051 53.064972303000047)",Unfall 167879 (2023) Kat:3, Licht: 0,167879,3,2,5,05,17,3,0,0,1,1,0,0,0,0
"POINT (8.816484080000066 53.083703291000063)",Unfall 167880 (2023) Kat:2, Licht: 1,167880,2,1,0,05,05,3,1,1,1,0,0,0,0,0
"POINT (8.959626923000030 53.039219470000035)",Unfall 167881 (2023) Kat:3, Licht: 0,167881,3,2,2,05,07,3,1,0,0,0,0,0,1,0
"POINT (8.574383455000032 53.181426810000062)",Unfall 167882 (2023) Kat:3, Licht: 0,167882,3,3,5,05,10,3,1,0,1,1,0,0,0,0
"POINT (8.806113341000071 53.073309226000049)",Unfall 167883 (2023) Kat:3, Licht: 0,167883,3,6,4,05,07,3,0,0,1,0,0,0,0,0
"POINT (8.823513088000027 53.044108276000031)",Unfall 167886 (2023) Kat:3, Licht: 0,167886,3,3,5,05,15,2,0,0,1,1,0,0,0,0
"POINT (8.803378588000044 53.075402399000041)",Unfall 167887 (2023) Kat:3, Licht: 0,167887,3,7,1,05,15,2,0,0,1,1,0,0,0,0
"POINT (8.808806356000048 53.074180878000050)",Unfall 167888 (2023) Kat:3, Licht: 1,167888,3,6,3,05,20,2,0,1,1,1,0,0,0,0
"POINT (8.807450611000036 53.082421814000043)",Unfall 167889 (2023) Kat:3, Licht: 0,167889,3,3,5,05,15,1,0,0,1,1,0,0,0,0
"POINT (8.793692055000065 53.066397410000036)",Unfall 167890 (2023) Kat:3, Licht: 0,167890,3,2,4,05,15,1,0,0,0,1,0,0,0,0
"POINT (8.793954384000074 53.074459284000056)",Unfall 167891 (2023) Kat:3, Licht: 0,167891,3,6,2,05,14,1,0,0,0,1,0,0,0,0
"POINT (8.810653243000047 53.120312296000066)",Unfall 167892 (2023) Kat:3, Licht: 0,167892,3,6,2,05,10,1,0,0,1,1,0,0,0,0
"POINT (8.793892516000028 53.091783382000074)",Unfall 167893 (2023) Kat:3, Licht: 0,167893,3,3,5,05,11,7,0,0,1,1,0,0,0,0
"POINT (8.697563585000069 53.173789718000080)",Unfall 167894 (2023) Kat:3, Licht: 0,167894,3,3,5,05,14,7,0,0,0,1,0,0,0,0
"POINT (8.878666309000039 53.079202073000033)",Unfall 167895 (2023) Kat:3, Licht: 0,167895,3,4,6,05,17,7,0,0,0,1,1,0,0,0
"POINT (8.827786172000060 53.072522089000074)",Unfall 167896 (2023) Kat:3, Licht: 0,167896,3,1,0,05,15,7,0,0,1,0,0,0,0,1
"POINT (8.820746656000040 53.086257029000080)",Unfall 167897 (2023) Kat:3, Licht: 0,167897,3,6,2,05,12,7,0,0,0,1,0,0,0,0
"POINT (8.836948229000029 53.099267043000054)",Unfall 167898 (2023) Kat:3, Licht: 0,167898,3,1,0,05,11,7,0,0,0,0,0,1,0,0
"POINT (8.770751613000073 53.094417890000045)",Unfall 167899 (2023) Kat:2, Licht: 0,167899,2,7,0,05,14,7,0,0,1,0,0,0,0,0
"POINT (8.823532354000065 53.078121992000035)",Unfall 167900 (2023) Kat:3, Licht: 0,167900,3,6,6,05,18,7,0,0,1,0,1,0,0,0
"POINT (8.792358874000058 53.082822634000081)",Unfall 167903 (2023) Kat:3, Licht: 0,167903,3,3,0,05,13,6,0,0,0,0,0,0,0,1
"POINT (8.627612243000044 53.171109685000033)",Unfall 167904 (2023) Kat:3, Licht: 0,167904,3,6,2,05,10,6,0,0,0,1,0,0,0,0
"POINT (8.775566437000066 53.060475855000050)",Unfall 167905 (2023) Kat:3, Licht: 0,167905,3,3,5,05,13,6,0,0,0,1,0,0,0,0
"POINT (8.802855822000026 53.101374001000067)",Unfall 167906 (2023) Kat:3, Licht: 0,167906,3,3,5,05,16,6,0,0,0,1,0,0,0,0
"POINT (8.924907279000024 53.038303768000048)",Unfall 167907 (2023) Kat:3, Licht: 0,167907,3,3,5,05,18,5,0,0,1,1,0,0,0,0
"POINT (8.850572318000047 53.116081572000041)",Unfall 167908 (2023) Kat:3, Licht: 0,167908,3,6,4,05,16,5,0,0,1,0,0,0,0,0
"POINT (8.735144833000049 53.043982943000060)",Unfall 167909 (2023) Kat:2, Licht: 0,167909,2,5,1,05,16,5,0,0,0,1,0,1,0,0
"POINT (8.812807520000035 53.067681326000070)",Unfall 167910 (2023) Kat:3, Licht: 2,167910,3,4,6,05,19,5,0,2,1,0,1,0,0,0
"POINT (8.924049632000049 53.038012046000063)",Unfall 167911 (2023) Kat:3, Licht: 2,167911,3,7,0,05,22,5,0,2,0,1,0,0,0,0
"POINT (8.811743392000039 53.089565336000078)",Unfall 167912 (2023) Kat:2, Licht: 0,167912,2,6,4,05,16,5,0,0,0,1,0,0,0,0
"POINT (8.848850719000040 53.067882628000064)",Unfall 167913 (2023) Kat:3, Licht: 0,167913,3,2,0,05,14,5,0,0,1,1,0,0,0,0
"POINT (8.625909224000054 53.170482928000069)",Unfall 167914 (2023) Kat:3, Licht: 0,167914,3,3,5,05,18,4,0,0,0,1,0,0,0,1
"POINT (8.899097249000022 53.043857514000081)",Unfall 167915 (2023) Kat:3, Licht: 0,167915,3,4,6,05,14,4,0,0,0,0,1,0,0,1
"POINT (8.705466687000069 53.138436251000030)",Unfall 167916 (2023) Kat:3, Licht: 0,167916,3,3,5,05,13,4,0,0,0,1,0,0,0,0
"POINT (8.858238289000042 53.048814129000050)",Unfall 167917 (2023) Kat:3, Licht: 0,167917,3,3,5,05,13,4,0,0,1,0,0,0,0,0
"POINT (8.647807444000023 53.168702036000070)",Unfall 167918 (2023) Kat:3, Licht: 0,167918,3,2,5,05,11,4,0,0,0,1,0,1,0,0
"POINT (8.783817016000057 53.101761518000046)",Unfall 167919 (2023) Kat:3, Licht: 0,167919,3,2,5,05,07,4,0,0,1,0,0,0,0,1
"POINT (8.859245990000034 53.068938248000052)",Unfall 167920 (2023) Kat:3, Licht: 0,167920,3,3,5,05,14,4,0,0,1,1,0,0,0,0
"POINT (8.573452394000071 53.194614559000058)",Unfall 167924 (2023) Kat:3, Licht: 0,167924,3,6,2,05,16,3,0,0,0,1,0,1,0,0
"POINT (8.821705651000059 53.082042288000082)",Unfall 167925 (2023) Kat:3, Licht: 0,167925,3,5,1,05,11,3,0,0,1,1,0,0,0,0
"POINT (8.619075012000053 53.180504343000052)",Unfall 167926 (2023) Kat:3, Licht: 0,167926,3,3,5,05,09,3,1,0,1,1,0,0,0,0
"POINT (8.786707158000070 53.100454359000082)",Unfall 167927 (2023) Kat:2, Licht: 0,167927,2,7,0,05,16,3,0,0,1,0,0,0,0,0
"POINT (8.624432922000040 53.177167041000075)",Unfall 167928 (2023) Kat:3, Licht: 0,167928,3,2,5,05,08,3,0,0,1,1,0,0,0,0
"POINT (8.825083412000026 53.084198496000056)",Unfall 167929 (2023) Kat:3, Licht: 0,167929,3,2,5,05,07,3,0,0,1,1,0,0,0,0
"POINT (8.793633612000065 53.066405894000070)",Unfall 167930 (2023) Kat:3, Licht: 0,167930,3,4,6,05,07,3,0,0,0,1,1,0,0,0
"POINT (8.804270603000020 53.080724572000065)",Unfall 167931 (2023) Kat:3, Licht: 1,167931,3,6,2,05,21,3,0,1,0,1,0,0,0,0
"POINT (8.581989203000035 53.202302423000049)",Unfall 167932 (2023) Kat:3, Licht: 1,167932,3,4,0,05,05,2,0,1,0,1,1,0,0,0
"POINT (8.762586826000074 53.086447909000071)",Unfall 167933 (2023) Kat:3, Licht: 0,167933,3,5,1,05,17,2,0,0,1,1,0,0,0,0
"POINT (8.950466736000067 53.056021654000062)",Unfall 167934 (2023) Kat:3, Licht: 0,167934,3,6,4,05,17,2,0,0,1,1,0,0,0,0
"POINT (8.783932528000037 53.103600711000070)",Unfall 167935 (2023) Kat:3, Licht: 0,167935,3,2,5,05,09,2,0,0,1,1,0,0,0,0
"POINT (8.778222361000076 53.094780299000035)",Unfall 167936 (2023) Kat:3, Licht: 0,167936,3,6,2,05,13,2,0,0,0,1,0,0,0,0
"POINT (8.855949475000045 53.103499014000079)",Unfall 167937 (2023) Kat:2, Licht: 0,167937,2,2,5,05,15,7,0,0,0,1,0,0,0,1
"POINT (8.831256384000028 53.081182561000048)",Unfall 167938 (2023) Kat:3, Licht: 0,167938,3,2,5,05,17,2,0,0,1,0,0,0,0,1
"POINT (8.614219775000038 53.176227162000032)",Unfall 167939 (2023) Kat:3, Licht: 0,167939,3,6,2,05,11,2,0,0,0,1,0,0,0,0
"POINT (8.792965628000047 53.059289434000050)",Unfall 167940 (2023) Kat:3, Licht: 0,167940,3,6,2,05,18,2,0,0,0,1,0,0,0,0
"POINT (8.824462785000037 53.084404189000054)",Unfall 167941 (2023) Kat:3, Licht: 0,167941,3,3,5,05,14,2,0,0,1,1,0,0,0,0
"POINT (8.807128329000022 53.083668522000039)",Unfall 167942 (2023) Kat:3, Licht: 0,167942,3,1,4,05,18,2,0,0,1,0,0,0,0,0
"POINT (8.843311924000034 53.083617163000042)",Unfall 167944 (2023) Kat:3, Licht: 0,167944,3,6,4,05,11,1,0,0,1,0,0,0,0,0
"POINT (8.827765713000076 53.083035199000051)",Unfall 167945 (2023) Kat:3, Licht: 0,167945,3,3,5,05,18,1,0,0,1,0,0,0,0,0
"POINT (8.815017227000055 53.082019656000057)",Unfall 167946 (2023) Kat:3, Licht: 0,167946,3,7,0,05,19,1,1,0,0,0,0,1,0,0
"POINT (8.804706386000021 53.083857897000030)",Unfall 167947 (2023) Kat:3, Licht: 0,167947,3,4,6,05,19,7,0,0,1,0,1,0,0,0
"POINT (8.812528562000068 53.081163616000026)",Unfall 167948 (2023) Kat:3, Licht: 0,167948,3,2,5,05,14,7,0,0,1,1,0,0,0,0
"POINT (8.740706825000075 53.052694137000060)",Unfall 167949 (2023) Kat:2, Licht: 0,167949,2,3,5,05,09,7,0,0,1,1,0,0,0,0
"POINT (8.803559323000059 53.080105415000048)",Unfall 167950 (2023) Kat:3, Licht: 0,167950,3,6,2,05,17,7,0,0,0,1,0,0,0,0
"POINT (8.649319163000030 53.173857847000079)",Unfall 167953 (2023) Kat:3, Licht: 0,167953,3,6,2,05,00,6,0,0,0,1,0,0,0,0
"POINT (8.885558901000024 53.110083230000043)",Unfall 167954 (2023) Kat:2, Licht: 0,167954,2,3,5,05,19,6,0,0,0,1,0,0,0,1
"POINT (8.832893274000071 53.069845045000079)",Unfall 167957 (2023) Kat:3, Licht: 0,167957,3,7,1,05,15,5,0,0,1,1,0,0,0,0
"POINT (8.821475508000049 53.075129019000030)",Unfall 167958 (2023) Kat:3, Licht: 0,167958,3,7,0,05,09,5,0,0,0,1,0,0,0,0
"POINT (8.607402298000068 53.184490014000062)",Unfall 167959 (2023) Kat:3, Licht: 0,167959,3,3,5,05,14,5,1,0,0,1,0,1,0,0
"POINT (8.625148855000020 53.174153360000048)",Unfall 167960 (2023) Kat:3, Licht: 0,167960,3,3,5,05,07,5,0,0,1,1,0,0,0,0
"POINT (8.808133937000036 53.059503702000029)",Unfall 167961 (2023) Kat:3, Licht: 0,167961,3,6,2,05,16,5,1,0,0,1,0,0,0,0
"POINT (8.685280544000022 53.176217310000027)",Unfall 167962 (2023) Kat:3, Licht: 0,167962,3,2,4,05,08,5,0,0,1,1,0,0,0,0
"POINT (8.825126037000075 53.084174812000072)",Unfall 167963 (2023) Kat:3, Licht: 0,167963,3,3,5,05,12,5,0,0,1,1,0,0,0,0
"POINT (8.797083871000041 53.079162980000035)",Unfall 167964 (2023) Kat:3, Licht: 0,167964,3,5,1,05,15,5,0,0,1,1,0,0,0,0
"POINT (8.948526055000059 53.070576456000026)",Unfall 167965 (2023) Kat:3, Licht: 0,167965,3,4,6,05,16,5,1,0,1,0,1,0,0,0
"POINT (8.791407980000031 53.072507532000031)",Unfall 167967 (2023) Kat:3, Licht: 0,167967,3,3,5,05,08,4,1,0,1,0,0,0,0,0
"POINT (8.847838014000047 53.066044274000035)",Unfall 167968 (2023) Kat:3, Licht: 0,167968,3,2,5,05,14,4,1,0,1,1,0,0,0,0
"POINT (8.579256610000073 53.210623177000059)",Unfall 167969 (2023) Kat:3, Licht: 0,167969,3,6,2,05,08,4,1,0,0,1,0,0,0,1
"POINT (8.792619078000030 53.068925472000046)",Unfall 167970 (2023) Kat:3, Licht: 0,167970,3,6,2,05,16,4,0,0,1,1,0,0,0,0
"POINT (8.542280234000032 53.190056960000049)",Unfall 167971 (2023) Kat:2, Licht: 0,167971,2,3,5,05,17,4,0,0,1,1,0,0,0,0
"POINT (8.773773980000044 53.095293403000028)",Unfall 167972 (2023) Kat:3, Licht: 0,167972,3,1,9,05,19,4,0,0,0,1,0,0,0,0
"POINT (8.703259721000052 53.161920198000075)",Unfall 167973 (2023) Kat:3, Licht: 0,167973,3,7,0,05,13,4,0,0,1,0,0,0,0,0
"POINT (8.897410864000051 53.058586404000039)",Unfall 167974 (2023) Kat:3, Licht: 2,167974,3,3,5,05,23,4,0,2,1,1,0,0,0,0
"POINT (8.870618131000072 53.096064361000060)",Unfall 167975 (2023) Kat:3, Licht: 0,167975,3,2,6,05,07,4,1,0,0,1,1,0,0,1
"POINT (8.877074303000029 53.065792197000064)",Unfall 167976 (2023) Kat:3, Licht: 0,167976,3,7,1,05,17,4,0,0,1,1,0,0,0,0
"POINT (8.771536636000064 53.092518690000077)",Unfall 167977 (2023) Kat:3, Licht: 0,167977,3,2,0,05,17,4,0,0,0,1,0,0,0,1
"POINT (8.807294293000041 53.082354533000057)",Unfall 167978 (2023) Kat:3, Licht: 0,167978,3,3,4,05,15,4,0,0,0,1,0,0,0,1
"POINT (8.802456156000062 53.092351696000037)",Unfall 167981 (2023) Kat:3, Licht: 0,167981,3,6,4,05,19,3,0,0,0,1,0,0,0,1
"POINT (8.854527370000028 53.066998929000079)",Unfall 167982 (2023) Kat:3, Licht: 0,167982,3,6,3,05,12,3,0,0,1,0,0,0,0,0
"POINT (8.943645776000039 53.038007169000082)",Unfall 167983 (2023) Kat:3, Licht: 0,167983,3,2,5,05,12,3,0,0,1,1,0,0,0,0
"POINT (8.951126753000040 53.057890673000031)",Unfall 167986 (2023) Kat:3, Licht: 0,167986,3,6,2,05,15,2,0,0,0,1,0,0,0,1
"POINT (8.836758744000065 53.099276536000048)",Unfall 167987 (2023) Kat:3, Licht: 0,167987,3,2,2,05,17,2,0,0,0,1,0,0,0,0
"POINT (8.702924103000043 53.162920407000058)",Unfall 167988 (2023) Kat:3, Licht: 0,167988,3,4,6,05,17,2,0,0,0,1,1,0,0,0
"POINT (8.574880068000027 53.192632478000064)",Unfall 167989 (2023) Kat:3, Licht: 0,167989,3,3,5,05,10,2,0,0,0,1,0,0,0,1
"POINT (8.817364319000035 53.080750132000048)",Unfall 167990 (2023) Kat:3, Licht: 0,167990,3,4,6,05,07,2,0,0,1,0,1,0,0,0
"POINT (8.634096172000056 53.182686557000068)",Unfall 167991 (2023) Kat:3, Licht: 0,167991,3,2,5,05,09,2,0,0,0,1,0,0,0,1
"POINT (8.720188876000066 53.056727026000033)",Unfall 167992 (2023) Kat:3, Licht: 0,167992,3,2,5,05,08,2,0,0,0,1,0,1,0,0
"POINT (8.825168371000075 53.084332074000031)",Unfall 167993 (2023) Kat:3, Licht: 0,167993,3,2,5,05,19,1,0,0,1,0,0,0,0,0
"POINT (8.781014826000046 53.100840677000065)",Unfall 167994 (2023) Kat:3, Licht: 0,167994,3,7,0,05,13,1,0,0,0,0,1,0,0,1
"POINT (8.885526791000075 53.110050909000051)",Unfall 167995 (2023) Kat:2, Licht: 0,167995,2,3,5,05,12,1,0,0,0,1,0,0,0,0
"POINT (8.800559903000021 53.078554583000027)",Unfall 167996 (2023) Kat:3, Licht: 0,167996,3,2,5,05,15,1,0,0,1,1,0,0,0,0
"POINT (8.813788366000040 53.055553450000048)",Unfall 167997 (2023) Kat:3, Licht: 0,167997,3,5,1,05,08,1,0,0,0,1,0,0,0,0
"POINT (8.811807423000062 53.080477143000053)",Unfall 167998 (2023) Kat:3, Licht: 0,167998,3,7,0,05,11,7,0,0,0,0,0,0,0,1
"POINT (8.806569978000027 53.064970230000029)",Unfall 167999 (2023) Kat:3, Licht: 0,167999,3,3,5,05,19,7,0,0,1,1,0,0,0,0
"POINT (8.840870574000064 53.098389136000037)",Unfall 168000 (2023) Kat:3, Licht: 0,168000,3,4,6,05,10,7,0,0,0,1,1,0,0,0
"POINT (8.919807481000021 53.045703711000044)",Unfall 168001 (2023) Kat:3, Licht: 0,168001,3,3,5,05,08,7,0,0,1,1,0,0,0,0
"POINT (8.624929800000075 53.178916317000073)",Unfall 168002 (2023) Kat:3, Licht: 0,168002,3,4,6,05,15,7,0,0,1,0,1,0,0,0
"POINT (8.801659891000043 53.069770061000042)",Unfall 168005 (2023) Kat:3, Licht: 0,168005,3,3,5,05,08,6,0,0,1,1,0,0,0,0
"POINT (8.884087586000021 53.050384040000040)",Unfall 168006 (2023) Kat:3, Licht: 0,168006,3,6,2,05,11,6,0,0,0,1,0,0,0,0
"POINT (8.786874994000073 53.071803793000072)",Unfall 168007 (2023) Kat:3, Licht: 0,168007,3,2,5,05,18,6,1,0,1,1,0,0,0,0
"POINT (8.894091174000039 53.050652060000061)",Unfall 168008 (2023) Kat:2, Licht: 1,168008,2,3,5,05,19,6,1,1,0,1,0,0,0,1
"POINT (8.797696256000052 53.107590870000081)",Unfall 168009 (2023) Kat:3, Licht: 0,168009,3,7,0,05,07,6,0,0,0,1,0,0,1,0
"POINT (8.752737339000021 53.121442398000056)",Unfall 168010 (2023) Kat:3, Licht: 0,168010,3,7,0,05,14,6,0,0,0,0,1,0,0,1
"POINT (8.719554447000064 53.057638544000042)",Unfall 168011 (2023) Kat:3, Licht: 0,168011,3,3,5,05,14,6,0,0,1,1,0,0,0,0
"POINT (8.704210505000049 53.159793354000044)",Unfall 168015 (2023) Kat:3, Licht: 0,168015,3,7,0,05,19,5,0,0,0,0,0,0,0,1
"POINT (8.788871025000049 53.071234767000078)",Unfall 168016 (2023) Kat:3, Licht: 0,168016,3,5,1,05,18,5,0,0,1,1,0,0,0,0
"POINT (8.627118501000041 53.183807545000036)",Unfall 168018 (2023) Kat:3, Licht: 0,168018,3,5,1,05,18,4,0,0,0,1,0,0,0,0
"POINT (8.808092040000076 53.099711295000077)",Unfall 168019 (2023) Kat:3, Licht: 0,168019,3,3,5,05,19,4,0,0,1,0,0,0,0,1
"POINT (8.877973750000024 53.082548759000076)",Unfall 168020 (2023) Kat:3, Licht: 0,168020,3,3,5,05,15,4,0,0,1,1,0,0,0,0
"POINT (8.587237103000064 53.182697555000061)",Unfall 168021 (2023) Kat:3, Licht: 0,168021,3,3,5,05,11,4,0,0,0,1,0,0,0,0
"POINT (8.803532435000022 53.066789313000072)",Unfall 168024 (2023) Kat:3, Licht: 0,168024,3,6,2,05,14,3,0,0,1,0,0,1,0,0
"POINT (8.936964230000058 53.091061685000057)",Unfall 168025 (2023) Kat:3, Licht: 0,168025,3,7,0,05,14,3,0,0,1,0,0,0,0,1
"POINT (8.772448646000043 53.093683288000079)",Unfall 168026 (2023) Kat:3, Licht: 0,168026,3,6,3,05,13,3,0,0,0,1,0,0,1,0
"POINT (8.807032313000036 53.097900408000044)",Unfall 168027 (2023) Kat:3, Licht: 0,168027,3,6,4,05,15,3,0,0,1,0,0,0,0,0
"POINT (8.793253961000062 53.092672654000069)",Unfall 168028 (2023) Kat:3, Licht: 2,168028,3,3,5,05,21,3,0,2,0,1,0,0,0,0
"POINT (8.753900983000051 53.120426281000050)",Unfall 168029 (2023) Kat:3, Licht: 0,168029,3,7,0,05,18,2,0,0,0,0,0,1,0,0
"POINT (8.809296239000048 53.077814328000045)",Unfall 168030 (2023) Kat:2, Licht: 2,168030,2,7,0,05,01,2,0,2,1,0,0,0,0,0
"POINT (8.811781037000060 53.083152466000058)",Unfall 168031 (2023) Kat:3, Licht: 0,168031,3,7,6,05,14,2,0,0,0,1,1,0,0,0
"POINT (8.768735614000036 53.079756104000069)",Unfall 168032 (2023) Kat:3, Licht: 0,168032,3,3,5,05,18,2,0,0,0,1,0,0,0,0
"POINT (8.841410050000036 53.035435685000039)",Unfall 168033 (2023) Kat:2, Licht: 0,168033,2,2,5,05,14,2,0,0,1,1,0,0,0,0
"POINT (8.759078500000044 53.116116400000067)",Unfall 168034 (2023) Kat:3, Licht: 0,168034,3,2,5,04,15,1,0,0,0,1,1,0,0,0
"POINT (8.703434735000030 53.160859329000061)",Unfall 168038 (2023) Kat:3, Licht: 0,168038,3,4,6,04,15,7,0,0,0,0,1,1,0,0
"POINT (8.822547595000060 53.075209590000043)",Unfall 168039 (2023) Kat:3, Licht: 2,168039,3,3,5,04,22,7,0,2,0,1,0,0,0,0
"POINT (8.587294140000040 53.182710845000031)",Unfall 168040 (2023) Kat:2, Licht: 0,168040,2,3,5,04,17,7,0,0,0,1,0,1,0,0
"POINT (8.857153043000039 53.122543306000068)",Unfall 168041 (2023) Kat:3, Licht: 0,168041,3,7,0,04,16,7,0,0,1,0,1,0,0,0
"POINT (8.627436567000075 53.185571868000068)",Unfall 168042 (2023) Kat:2, Licht: 0,168042,2,3,5,05,11,7,0,0,0,1,0,1,0,0
"POINT (8.860949676000075 53.099701482000057)",Unfall 168043 (2023) Kat:3, Licht: 2,168043,3,6,3,04,14,7,0,2,0,1,0,0,0,0
"POINT (8.790012054000044 53.096783007000056)",Unfall 168046 (2023) Kat:3, Licht: 0,168046,3,2,5,04,16,6,0,0,1,0,0,0,0,1
"POINT (8.819112808000057 53.080279369000039)",Unfall 168047 (2023) Kat:2, Licht: 2,168047,2,2,4,04,21,6,1,2,1,1,0,0,0,0
"POINT (8.849531759000058 53.085248606000050)",Unfall 168048 (2023) Kat:3, Licht: 0,168048,3,7,6,04,06,6,0,0,0,0,1,0,0,1
"POINT (8.798113432000036 53.066246008000064)",Unfall 168049 (2023) Kat:3, Licht: 0,168049,3,7,1,04,19,6,1,0,1,1,0,0,0,0
"POINT (8.742473070000074 53.062917116000051)",Unfall 168050 (2023) Kat:3, Licht: 0,168050,3,6,3,04,18,6,1,0,1,1,0,0,0,0
"POINT (8.953196627000068 53.066514916000074)",Unfall 168051 (2023) Kat:3, Licht: 0,168051,3,7,0,04,13,6,0,0,0,0,0,0,0,1
"POINT (8.718095622000021 53.133832903000041)",Unfall 168052 (2023) Kat:3, Licht: 0,168052,3,7,0,04,13,6,1,0,0,0,0,1,0,1
"POINT (8.779644625000060 53.105715209000039)",Unfall 168053 (2023) Kat:3, Licht: 2,168053,3,7,0,04,20,6,1,2,0,0,0,1,0,0
"POINT (8.818145105000042 53.077733442000067)",Unfall 168055 (2023) Kat:2, Licht: 0,168055,2,3,5,04,06,5,0,0,1,1,0,0,0,0
"POINT (8.883972799000048 53.078952234000042)",Unfall 168056 (2023) Kat:3, Licht: 0,168056,3,7,6,04,17,5,0,0,1,0,1,0,0,0
"POINT (8.807875655000032 53.059691927000074)",Unfall 168057 (2023) Kat:3, Licht: 0,168057,3,6,3,04,17,5,0,0,1,1,0,0,0,0
"POINT (8.740855058000022 53.051912584000036)",Unfall 168058 (2023) Kat:3, Licht: 0,168058,3,3,5,04,10,5,0,0,0,1,0,0,0,0
"POINT (8.576800057000071 53.204489970000054)",Unfall 168059 (2023) Kat:3, Licht: 0,168059,3,6,9,04,05,5,0,0,0,1,0,0,0,0
"POINT (8.814960796000037 53.056225576000031)",Unfall 168060 (2023) Kat:3, Licht: 0,168060,3,3,5,04,07,5,0,0,0,1,0,1,0,0
"POINT (8.894819993000056 53.059788953000066)",Unfall 168061 (2023) Kat:2, Licht: 0,168061,2,3,5,04,15,5,0,0,1,0,0,0,0,1
"POINT (8.772121285000026 53.094643778000034)",Unfall 168062 (2023) Kat:3, Licht: 0,168062,3,3,5,05,07,4,0,0,1,1,0,0,0,0