WKT,Name,OBJECTID,UKATEGORIE,UTYP1,UART,UMONAT,USTUNDE,UWOCHENTAG,STRZUSTAND,ULICHTVERH,ISTRAD,ISTPKW,ISTFUSS,ISTKRAD,ISTGKFZ,ISTSONSTIG
"POINT (8.870420921000061 53.063993813000081)",Unfall 168063 (2023) Kat:3, Licht: 0,168063,3,6,2,04,17,5,0,0,0,1,0,0,0,0
"POINT (8.870605644000022 53.091350726000030)",Unfall 168065 (2023) Kat:3, Licht: 0,168065,3,2,5,04,08,4,0,0,1,1,0,0,0,0
"POINT (8.715841964000049 53.177221411000062)",Unfall 168066 (2023) Kat:2, Licht: 0,168066,2,7,2,04,13,4,0,0,0,1,0,0,0,0
"POINT (8.760743609000031 53.051602727000045)",Unfall 168067 (2023) Kat:3, Licht: 2,168067,3,1,9,04,22,4,0,2,0,1,0,0,0,0
"POINT (8.868637756000055 53.104319685000064)",Unfall 168068 (2023) Kat:3, Licht: 0,168068,3,6,4,04,06,4,0,0,1,0,0,0,0,1
"POINT (8.807300235000071 53.064541395000049)",Unfall 168069 (2023) Kat:3, Licht: 0,168069,3,5,1,04,13,4,0,0,1,1,0,0,0,0
"POINT (8.888543286000072 53.086126969000077)",Unfall 168072 (2023) Kat:3, Licht: 0,168072,3,7,2,04,14,3,0,0,0,1,0,0,0,0
"POINT (8.806580858000075 53.087253910000072)",Unfall 168073 (2023) Kat:3, Licht: 0,168073,3,3,5,05,18,5,0,0,1,0,0,0,0,0
"POINT (8.880961974000058 53.054308549000041)",Unfall 168074 (2023) Kat:3, Licht: 0,168074,3,3,5,04,16,3,0,0,0,1,0,0,0,1
"POINT (8.802527440000063 53.084757205000074)",Unfall 168075 (2023) Kat:3, Licht: 0,168075,3,4,6,04,13,3,0,0,0,0,1,0,0,1
"POINT (8.859037275000048 53.084442036000041)",Unfall 168076 (2023) Kat:3, Licht: 0,168076,3,3,5,04,11,3,0,0,1,1,0,0,0,0
"POINT (8.812590484000054 53.098213531000056)",Unfall 168077 (2023) Kat:3, Licht: 0,168077,3,6,2,04,16,3,0,0,1,1,0,0,0,0
"POINT (8.885200606000069 53.062282709000044)",Unfall 168078 (2023) Kat:3, Licht: 0,168078,3,7,0,04,15,3,0,0,0,0,0,0,0,1
"POINT (8.823306322000064 53.078095674000053)",Unfall 168079 (2023) Kat:3, Licht: 0,168079,3,2,5,04,13,3,1,0,1,1,0,0,0,0
"POINT (8.836040329000070 53.071543821000034)",Unfall 168081 (2023) Kat:3, Licht: 0,168081,3,3,5,04,13,2,1,0,0,1,0,0,0,0
"POINT (8.627951061000033 53.171902346000081)",Unfall 168082 (2023) Kat:3, Licht: 0,168082,3,1,0,05,13,2,0,0,0,0,0,1,0,0
"POINT (8.801996264000024 53.105034513000078)",Unfall 168083 (2023) Kat:3, Licht: 0,168083,3,3,5,04,06,2,0,0,0,1,0,0,0,0
"POINT (8.835580907000065 53.073785924000049)",Unfall 168084 (2023) Kat:3, Licht: 0,168084,3,6,2,04,19,2,0,0,1,1,0,0,0,0
"POINT (8.776572884000075 53.079468854000027)",Unfall 168085 (2023) Kat:3, Licht: 2,168085,3,7,1,04,21,2,1,2,0,1,0,0,0,0
"POINT (8.808478246000050 53.051556821000077)",Unfall 168086 (2023) Kat:3, Licht: 2,168086,3,6,2,04,20,1,1,2,0,1,0,0,0,0
"POINT (8.871250284000041 53.098906115000034)",Unfall 168087 (2023) Kat:3, Licht: 0,168087,3,6,4,04,06,1,0,0,1,1,0,0,0,0
"POINT (8.831930072000034 53.071074857000042)",Unfall 168088 (2023) Kat:3, Licht: 0,168088,3,1,1,04,12,7,0,0,1,1,0,0,0,0
"POINT (8.870919909000065 53.087524197000050)",Unfall 168089 (2023) Kat:3, Licht: 0,168089,3,3,5,04,14,7,0,0,1,1,0,0,0,0
"POINT (8.626232983000023 53.183870945000081)",Unfall 168091 (2023) Kat:3, Licht: 2,168091,3,3,5,04,23,6,0,2,0,1,0,0,0,0
"POINT (8.824463040000069 53.084406236000063)",Unfall 168092 (2023) Kat:3, Licht: 0,168092,3,3,5,04,16,6,0,0,0,1,0,0,0,1
"POINT (8.743090430000052 53.129810335000059)",Unfall 168093 (2023) Kat:2, Licht: 0,168093,2,3,5,04,09,6,0,0,0,1,0,0,0,0
"POINT (8.688851812000053 53.169597198000076)",Unfall 168094 (2023) Kat:3, Licht: 2,168094,3,7,0,04,23,6,0,2,1,0,0,0,0,0
"POINT (8.848729458000037 53.067996702000073)",Unfall 168095 (2023) Kat:3, Licht: 2,168095,3,7,0,04,23,6,0,2,1,0,0,0,0,0
"POINT (8.903043280000077 53.046381979000046)",Unfall 168096 (2023) Kat:2, Licht: 0,168096,2,4,6,04,07,6,0,0,0,1,1,0,0,0
"POINT (8.550645515000042 53.197511183000074)",Unfall 168097 (2023) Kat:3, Licht: 0,168097,3,2,5,04,07,6,0,0,0,1,0,0,1,0
"POINT (8.801598634000072 53.078748179000058)",Unfall 168098 (2023) Kat:3, Licht: 0,168098,3,4,6,04,11,5,0,0,0,0,1,0,0,1
"POINT (8.889310678000072 53.079161549000048)",Unfall 168099 (2023) Kat:3, Licht: 0,168099,3,3,5,04,11,5,1,0,1,1,0,0,0,0
"POINT (8.902404825000076 53.082217376000074)",Unfall 168100 (2023) Kat:3, Licht: 0,168100,3,1,9,04,07,5,0,0,0,1,0,0,0,0
"POINT (8.825139705000026 53.084494653000036)",Unfall 168101 (2023) Kat:3, Licht: 1,168101,3,2,5,04,06,5,0,1,1,1,0,0,0,0
"POINT (8.761683901000026 53.109758874000079)",Unfall 168103 (2023) Kat:2, Licht: 0,168103,2,4,6,04,08,6,0,0,0,0,1,0,0,1
"POINT (8.819173791000026 53.080267972000058)",Unfall 168106 (2023) Kat:3, Licht: 0,168106,3,2,5,04,14,4,0,0,1,1,0,0,0,0
"POINT (8.850863241000070 53.105043453000064)",Unfall 168107 (2023) Kat:3, Licht: 0,168107,3,4,6,04,15,4,0,0,0,1,1,0,0,0
"POINT (8.863828489000070 53.071244459000070)",Unfall 168108 (2023) Kat:3, Licht: 0,168108,3,6,2,04,15,4,0,0,0,1,0,0,0,0
"POINT (8.785095973000068 53.061032329000057)",Unfall 168109 (2023) Kat:3, Licht: 0,168109,3,4,6,04,07,4,0,0,1,0,1,0,0,0
"POINT (8.778917876000037 53.094438403000026)",Unfall 168112 (2023) Kat:3, Licht: 0,168112,3,7,0,04,16,3,1,0,0,0,1,0,0,1
"POINT (8.704773338000052 53.154305171000033)",Unfall 168113 (2023) Kat:3, Licht: 0,168113,3,7,6,04,17,3,0,0,0,1,1,0,0,0
"POINT (8.740756001000022 53.052655322000078)",Unfall 168114 (2023) Kat:3, Licht: 0,168114,3,2,0,04,07,3,0,0,1,1,0,0,0,0
"POINT (8.813437966000038 53.090338050000071)",Unfall 168115 (2023) Kat:3, Licht: 0,168115,3,2,5,04,11,3,0,0,1,1,0,0,0,0
"POINT (8.783636519000027 53.056082230000072)",Unfall 168116 (2023) Kat:3, Licht: 0,168116,3,4,6,04,07,3,0,0,0,1,1,1,0,0
"POINT (8.837292449000074 53.076885133000076)",Unfall 168117 (2023) Kat:3, Licht: 0,168117,3,2,5,04,18,3,0,0,1,1,0,0,0,0
"POINT (8.824399118000031 53.084424693000074)",Unfall 168118 (2023) Kat:3, Licht: 0,168118,3,3,5,04,09,3,0,0,1,1,0,0,0,0
"POINT (8.774990982000077 53.062430011000060)",Unfall 168119 (2023) Kat:3, Licht: 0,168119,3,6,4,04,15,3,0,0,1,0,0,0,0,0
"POINT (8.954046883000046 53.055211294000060)",Unfall 168120 (2023) Kat:3, Licht: 0,168120,3,4,6,04,12,3,0,0,0,1,1,0,0,0
"POINT (8.878797982000037 53.122826743000076)",Unfall 168121 (2023) Kat:3, Licht: 0,168121,3,6,3,04,15,3,0,0,1,0,0,0,0,0
"POINT (8.843759588000069 53.097649316000059)",Unfall 168122 (2023) Kat:3, Licht: 0,168122,3,6,2,04,17,3,0,0,0,1,0,0,0,0
"POINT (8.808986105000031 53.063525702000049)",Unfall 168123 (2023) Kat:3, Licht: 0,168123,3,5,1,04,08,3,0,0,1,1,0,0,0,0
"POINT (8.577355850000060 53.205330663000041)",Unfall 168126 (2023) Kat:3, Licht: 2,168126,3,2,5,04,22,1,0,2,0,1,0,0,0,0
"POINT (8.781936253000026 53.058654920000038)",Unfall 168127 (2023) Kat:2, Licht: 2,168127,2,5,1,04,21,1,0,2,1,1,0,0,0,0
"POINT (8.774628379000035 53.080313450000062)",Unfall 168128 (2023) Kat:3, Licht: 2,168128,3,3,5,04,21,7,0,2,0,1,0,1,0,0
"POINT (8.817916641000068 53.052720990000068)",Unfall 168129 (2023) Kat:3, Licht: 0,168129,3,3,5,04,19,7,0,0,1,0,0,0,0,1
"POINT (8.754780937000021 53.119763148000061)",Unfall 168130 (2023) Kat:3, Licht: 0,168130,3,3,5,04,18,7,0,0,1,1,0,0,0,0
"POINT (8.862487526000052 53.099284230000080)",Unfall 168132 (2023) Kat:3, Licht: 0,168132,3,3,5,05,15,4,0,0,1,1,0,0,0,0
"POINT (8.799479934000033 53.083977126000036)",Unfall 168133 (2023) Kat:3, Licht: 0,168133,3,7,0,04,12,6,0,0,0,0,0,0,0,1
"POINT (8.831252182000071 53.081304608000039)",Unfall 168134 (2023) Kat:3, Licht: 0,168134,3,3,5,04,07,6,0,0,1,1,0,0,0,0
"POINT (8.786453292000033 53.095439627000076)",Unfall 168135 (2023) Kat:3, Licht: 0,168135,3,2,0,04,00,6,0,0,1,0,0,0,0,1
"POINT (8.856974995000030 53.103092525000079)",Unfall 168136 (2023) Kat:3, Licht: 0,168136,3,6,1,04,13,6,0,0,0,0,0,1,0,1
"POINT (8.804795539000054 53.076541324000061)",Unfall 168137 (2023) Kat:3, Licht: 0,168137,3,7,6,04,17,6,0,0,0,1,1,0,0,0
"POINT (8.915236087000039 53.071277738000049)",Unfall 168139 (2023) Kat:3, Licht: 0,168139,3,4,6,04,18,5,1,0,1,0,1,0,0,0
"POINT (8.935718311000073 53.038346457000046)",Unfall 168140 (2023) Kat:3, Licht: 0,168140,3,3,5,04,14,5,1,0,1,0,0,0,0,0
"POINT (8.934360283000046 53.069272942000055)",Unfall 168141 (2023) Kat:3, Licht: 0,168141,3,2,5,04,14,5,1,0,1,1,0,0,0,0
"POINT (8.788985004000040 53.073125431000051)",Unfall 168142 (2023) Kat:3, Licht: 0,168142,3,3,5,04,12,5,0,0,1,0,0,0,0,1
"POINT (8.765930513000058 53.074087350000070)",Unfall 168143 (2023) Kat:3, Licht: 0,168143,3,1,0,04,17,4,1,0,0,1,0,0,0,0
"POINT (8.872906068000077 53.100628468000082)",Unfall 168144 (2023) Kat:3, Licht: 0,168144,3,6,2,04,16,4,1,0,0,1,0,0,0,0
"POINT (8.774485075000030 53.062196255000060)",Unfall 168145 (2023) Kat:3, Licht: 0,168145,3,6,2,04,17,4,1,0,0,1,0,0,0,0
"POINT (8.776017126000056 53.064724599000044)",Unfall 168146 (2023) Kat:3, Licht: 0,168146,3,6,2,04,12,4,1,0,0,1,0,0,1,0
"POINT (8.770494790000043 53.114001404000078)",Unfall 168147 (2023) Kat:3, Licht: 0,168147,3,3,5,04,15,4,1,0,0,1,0,0,0,0
"POINT (8.857793659000038 53.066570812000066)",Unfall 168148 (2023) Kat:2, Licht: 0,168148,2,7,0,04,07,4,0,0,1,0,0,0,0,0
"POINT (8.919358035000073 53.059598252000058)",Unfall 168149 (2023) Kat:3, Licht: 0,168149,3,2,5,04,12,4,1,0,0,1,0,0,0,1
"POINT (8.817988315000036 53.087660205000077)",Unfall 168150 (2023) Kat:3, Licht: 0,168150,3,2,4,04,12,4,1,0,1,1,0,0,0,0
"POINT (8.878496986000073 53.061006821000035)",Unfall 168151 (2023) Kat:3, Licht: 0,168151,3,3,5,04,11,4,1,0,1,1,0,0,0,0
"POINT (8.816959865000058 53.078568316000030)",Unfall 168153 (2023) Kat:3, Licht: 2,168153,3,3,5,04,23,3,0,2,1,1,0,0,0,0
"POINT (8.786718283000027 53.074422762000040)",Unfall 168154 (2023) Kat:3, Licht: 0,168154,3,3,5,04,18,3,0,0,0,1,0,0,0,0
"POINT (8.816549507000047 53.080879230000050)",Unfall 168155 (2023) Kat:3, Licht: 0,168155,3,6,2,04,14,3,1,0,0,1,0,0,0,0
"POINT (8.705102160000024 53.137891061000062)",Unfall 168156 (2023) Kat:2, Licht: 1,168156,2,3,5,04,07,3,1,1,0,1,0,0,1,0
"POINT (8.776023021000071 53.107344272000034)",Unfall 168157 (2023) Kat:3, Licht: 0,168157,3,6,2,04,17,3,1,0,0,1,0,0,0,0
"POINT (8.616469985000037 53.172905646000061)",Unfall 168158 (2023) Kat:3, Licht: 0,168158,3,7,6,04,16,3,1,0,0,1,1,0,0,0
"POINT (8.810701704000053 53.071973474000060)",Unfall 168159 (2023) Kat:3, Licht: 0,168159,3,6,2,04,14,3,1,0,0,1,0,0,0,1
"POINT (8.835480457000074 53.077830787000039)",Unfall 168160 (2023) Kat:3, Licht: 0,168160,3,5,1,04,16,3,0,0,0,1,0,0,0,0
"POINT (8.870601730000033 53.094520902000056)",Unfall 168161 (2023) Kat:3, Licht: 0,168161,3,6,2,04,17,3,0,0,0,1,0,0,0,0
"POINT (8.931659157000070 53.041595824000069)",Unfall 168162 (2023) Kat:3, Licht: 2,168162,3,5,1,04,01,2,0,2,0,1,0,0,0,1
"POINT (8.927653298000052 53.072684369000058)",Unfall 168163 (2023) Kat:3, Licht: 0,168163,3,1,0,04,16,2,0,0,0,1,0,0,0,0
"POINT (8.807842647000030 53.072601682000027)",Unfall 168164 (2023) Kat:3, Licht: 0,168164,3,2,3,04,12,1,0,0,0,1,0,0,0,0
"POINT (8.807567897000069 53.099725653000064)",Unfall 168165 (2023) Kat:3, Licht: 0,168165,3,3,5,04,13,1,0,0,0,1,0,0,0,0
"POINT (8.898940357000072 53.120568124000044)",Unfall 168166 (2023) Kat:3, Licht: 0,168166,3,7,9,04,13,1,0,0,0,0,0,1,0,0
"POINT (8.796643120000056 53.073677529000065)",Unfall 168167 (2023) Kat:3, Licht: 0,168167,3,3,5,04,16,1,0,0,0,1,0,0,0,0
"POINT (8.524054413000044 53.202903729000070)",Unfall 168170 (2023) Kat:3, Licht: 0,168170,3,7,0,04,14,7,0,0,1,0,0,0,0,1
"POINT (8.807727659000022 53.081909825000082)",Unfall 168171 (2023) Kat:3, Licht: 0,168171,3,4,6,04,14,7,0,0,0,1,1,0,0,0
"POINT (8.809478047000027 53.088540015000035)",Unfall 168172 (2023) Kat:3, Licht: 0,168172,3,7,6,04,12,7,0,0,0,0,1,0,0,1
"POINT (8.742013500000041 53.116910586000074)",Unfall 168173 (2023) Kat:3, Licht: 2,168173,3,1,9,04,02,6,0,2,0,1,0,0,0,0
"POINT (8.801649808000036 53.064059352000072)",Unfall 168174 (2023) Kat:2, Licht: 2,168174,2,7,0,04,01,6,0,2,0,0,0,0,0,1
"POINT (8.943892596000069 53.037988394000081)",Unfall 168175 (2023) Kat:2, Licht: 0,168175,2,7,0,04,19,6,0,0,1,0,0,0,0,0
"POINT (8.509264766000058 53.219659371000034)",Unfall 168176 (2023) Kat:2, Licht: 2,168176,2,6,4,04,21,6,0,2,0,1,0,0,0,1
"POINT (8.831085166000037 53.072716858000035)",Unfall 168177 (2023) Kat:3, Licht: 0,168177,3,7,6,04,14,5,0,0,0,1,1,0,0,0
"POINT (8.821879642000056 53.095616054000061)",Unfall 168178 (2023) Kat:3, Licht: 0,168178,3,7,4,04,08,5,0,0,1,1,0,0,0,0
"POINT (8.856786033000049 53.072111380000081)",Unfall 168179 (2023) Kat:3, Licht: 0,168179,3,6,2,04,15,5,0,0,0,1,0,0,0,0
"POINT (8.896964697000044 53.118223852000028)",Unfall 168180 (2023) Kat:3, Licht: 0,168180,3,2,5,05,16,5,1,0,1,1,0,0,0,0
"POINT (8.859454852000056 53.100446230000045)",Unfall 168182 (2023) Kat:3, Licht: 0,168182,3,3,5,04,12,4,0,0,1,0,0,0,0,1
"POINT (8.736143430000027 53.044775848000029)",Unfall 168183 (2023) Kat:3, Licht: 2,168183,3,2,5,04,23,4,0,2,0,1,0,1,0,0
"POINT (8.866391358000044 53.063818090000041)",Unfall 168184 (2023) Kat:3, Licht: 0,168184,3,7,1,05,08,2,0,0,1,1,0,0,0,0
"POINT (8.861242462000064 53.078872183000044)",Unfall 168185 (2023) Kat:3, Licht: 0,168185,3,7,0,04,13,4,0,0,0,0,1,0,0,1
"POINT (8.950486342000033 53.058727480000073)",Unfall 168186 (2023) Kat:3, Licht: 0,168186,3,7,8,04,19,4,0,0,0,1,0,0,0,0
"POINT (8.739494218000061 53.048808655000073)",Unfall 168189 (2023) Kat:3, Licht: 0,168189,3,7,0,04,08,3,0,0,0,0,0,0,0,1
"POINT (8.856554628000026 53.071353098000031)",Unfall 168190 (2023) Kat:3, Licht: 0,168190,3,6,2,04,11,3,0,0,0,1,0,0,0,0
"POINT (8.601851699000065 53.184696019000057)",Unfall 168191 (2023) Kat:3, Licht: 0,168191,3,7,6,04,16,3,0,0,0,1,1,0,0,0
"POINT (8.942960630000073 53.086895832000039)",Unfall 168192 (2023) Kat:3, Licht: 2,168192,3,3,5,04,20,3,0,2,0,1,0,0,0,1
"POINT (8.795250764000059 53.055962725000029)",Unfall 168193 (2023) Kat:3, Licht: 0,168193,3,7,1,04,18,3,0,0,0,1,0,0,0,0
"POINT (8.888833578000060 53.110247738000055)",Unfall 168194 (2023) Kat:3, Licht: 0,168194,3,5,2,04,14,3,0,0,0,1,0,0,0,0
"POINT (8.848306197000056 53.051279510000029)",Unfall 168195 (2023) Kat:2, Licht: 0,168195,2,7,0,04,12,2,0,0,1,0,0,0,0,0
"POINT (8.759307450000051 53.077408219000063)",Unfall 168196 (2023) Kat:3, Licht: 0,168196,3,7,0,04,09,2,0,0,1,1,0,0,0,0
"POINT (8.761242143000061 53.123319262000052)",Unfall 168197 (2023) Kat:3, Licht: 0,168197,3,3,5,04,17,2,0,0,1,1,0,0,0,0
"POINT (8.796504702000050 53.071129358000064)",Unfall 168198 (2023) Kat:3, Licht: 0,168198,3,4,6,04,13,2,0,0,0,1,1,0,0,0
"POINT (8.942010118000042 53.038075950000064)",Unfall 168199 (2023) Kat:3, Licht: 0,168199,3,6,2,04,17,2,0,0,0,1,0,0,0,0
"POINT (8.584516212000040 53.181435462000081)",Unfall 168200 (2023) Kat:3, Licht: 0,168200,3,3,5,04,13,2,0,0,1,1,0,0,0,0
"POINT (8.803054346000067 53.067077176000055)",Unfall 168201 (2023) Kat:3, Licht: 0,168201,3,5,1,04,18,2,0,0,1,1,0,0,0,0
"POINT (8.740340373000038 53.054516637000063)",Unfall 168202 (2023) Kat:3, Licht: 1,168202,3,6,2,04,06,2,0,1,0,1,0,0,0,1
"POINT (8.798301857000070 53.101293822000059)",Unfall 168203 (2023) Kat:3, Licht: 0,168203,3,6,2,04,17,1,0,0,0,1,0,0,0,0
"POINT (8.842490573000021 53.067081496000071)",Unfall 168204 (2023) Kat:3, Licht: 0,168204,3,7,0,04,16,1,0,0,1,0,0,0,0,0
"POINT (8.809658780000063 53.082649475000039)",Unfall 168205 (2023) Kat:3, Licht: 2,168205,3,3,5,04,23,1,0,2,0,1,0,0,0,0
"POINT (8.785297842000034 53.102080794000074)",Unfall 168206 (2023) Kat:3, Licht: 0,168206,3,3,5,04,17,7,1,0,0,1,0,0,0,1
"POINT (8.756691439000065 53.110613571000044)",Unfall 168207 (2023) Kat:3, Licht: 2,168207,3,1,9,04,00,7,1,2,0,1,0,0,0,0
"POINT (8.879339744000049 53.085808028000031)",Unfall 168208 (2023) Kat:3, Licht: 0,168208,3,6,3,04,15,7,0,0,1,0,0,0,0,0
"POINT (8.686107271000026 53.171075786000074)",Unfall 168209 (2023) Kat:3, Licht: 0,168209,3,6,2,04,13,7,1,0,0,1,0,0,0,0
"POINT (8.762784739000040 53.116121409000073)",Unfall 168210 (2023) Kat:3, Licht: 0,168210,3,3,5,03,15,6,0,0,1,1,0,0,0,0
"POINT (8.601686115000064 53.177409875000080)",Unfall 168211 (2023) Kat:2, Licht: 2,168211,2,2,5,03,05,6,0,2,0,0,0,1,0,1
"POINT (8.855782382000029 53.103552339000032)",Unfall 168212 (2023) Kat:3, Licht: 0,168212,3,7,2,04,07,4,0,0,0,1,0,0,0,0
"POINT (8.578490901000066 53.207135533000042)",Unfall 168213 (2023) Kat:3, Licht: 0,168213,3,3,5,03,12,6,0,0,1,1,0,0,0,0
"POINT (8.695384177000051 53.142622102000075)",Unfall 168214 (2023) Kat:2, Licht: 1,168214,2,3,6,03,06,6,0,1,0,1,1,0,0,0
"POINT (8.741719145000047 53.049671702000069)",Unfall 168216 (2023) Kat:1, Licht: 1,168216,1,3,6,03,19,5,1,1,0,1,1,0,0,0
"POINT (8.806340649000049 53.084438713000054)",Unfall 168217 (2023) Kat:3, Licht: 0,168217,3,3,5,03,18,5,0,0,1,1,0,0,0,0
"POINT (8.931687628000077 53.062200070000074)",Unfall 168218 (2023) Kat:3, Licht: 0,168218,3,2,5,03,16,5,0,0,0,1,0,0,0,0
"POINT (8.872948368000038 53.063005394000072)",Unfall 168219 (2023) Kat:3, Licht: 0,168219,3,6,1,03,14,5,0,0,0,1,0,0,1,0
"POINT (8.852459843000076 53.058652175000077)",Unfall 168220 (2023) Kat:3, Licht: 0,168220,3,6,2,03,17,5,1,0,0,1,0,0,0,0
"POINT (8.740812111000025 53.053073474000030)",Unfall 168221 (2023) Kat:3, Licht: 2,168221,3,6,2,03,21,5,1,2,0,1,0,0,0,0
"POINT (8.859365926000066 53.070686586000079)",Unfall 168225 (2023) Kat:2, Licht: 0,168225,2,6,3,03,12,4,0,0,1,0,0,0,0,0
"POINT (8.811361534000071 53.074706852000077)",Unfall 168226 (2023) Kat:2, Licht: 0,168226,2,7,6,03,12,4,0,0,0,1,1,0,0,0
"POINT (8.848052555000038 53.068111411000075)",Unfall 168227 (2023) Kat:3, Licht: 0,168227,3,7,7,03,12,4,0,0,1,0,0,0,0,1
"POINT (8.891077577000033 53.076225636000061)",Unfall 168228 (2023) Kat:3, Licht: 0,168228,3,3,5,03,17,4,0,0,1,1,0,0,0,0
"POINT (8.889984541000047 53.082838899000080)",Unfall 168229 (2023) Kat:3, Licht: 0,168229,3,6,2,03,14,4,0,0,0,1,0,0,0,0
"POINT (8.863784078000037 53.071258721000049)",Unfall 168230 (2023) Kat:3, Licht: 0,168230,3,3,5,03,15,4,0,0,1,1,0,0,0,0
"POINT (8.868938689000061 53.074031999000056)",Unfall 168232 (2023) Kat:3, Licht: 0,168232,3,2,3,03,16,3,0,0,0,1,0,0,0,1
"POINT (8.836494102000074 53.083284523000032)",Unfall 168233 (2023) Kat:3, Licht: 0,168233,3,6,2,03,11,2,1,0,1,1,0,0,0,0
"POINT (8.734093054000027 53.058584453000037)",Unfall 168234 (2023) Kat:3, Licht: 0,168234,3,3,5,03,16,2,1,0,1,1,0,0,0,0
"POINT (8.738852927000039 53.048302411000066)",Unfall 168235 (2023) Kat:3, Licht: 0,168235,3,4,6,03,08,2,0,0,1,0,1,0,0,0
"POINT (8.862948711000058 53.090330206000033)",Unfall 168236 (2023) Kat:3, Licht: 0,168236,3,7,0,03,07,2,1,0,1,0,0,0,0,0
"POINT (8.808272054000042 53.094630822000056)",Unfall 168237 (2023) Kat:2, Licht: 0,168237,2,4,6,03,11,2,1,0,0,1,1,0,0,0
"POINT (8.809264663000022 53.074669640000081)",Unfall 168238 (2023) Kat:3, Licht: 0,168238,3,7,0,03,13,2,0,0,1,0,0,0,0,0
"POINT (8.739205015000039 53.117283973000042)",Unfall 168240 (2023) Kat:3, Licht: 2,168240,3,7,1,03,00,1,1,2,0,1,0,0,0,0
"POINT (8.930533245000049 53.059042759000079)",Unfall 168241 (2023) Kat:3, Licht: 0,168241,3,2,3,03,16,1,0,0,1,1,0,0,0,0
"POINT (8.724906741000041 53.038727004000066)",Unfall 168242 (2023) Kat:3, Licht: 2,168242,3,4,6,03,00,1,1,2,0,1,1,0,0,0
"POINT (8.751391478000073 53.120456731000047)",Unfall 168243 (2023) Kat:3, Licht: 2,168243,3,6,3,03,05,1,0,2,1,1,0,0,0,0
"POINT (8.821316409000076 53.075473128000056)",Unfall 168244 (2023) Kat:3, Licht: 0,168244,3,6,2,03,09,7,1,0,1,0,0,0,0,0
"POINT (8.825086306000060 53.084196888000065)",Unfall 168245 (2023) Kat:3, Licht: 0,168245,3,3,5,03,18,7,1,0,0,1,0,0,0,1
"POINT (8.799057351000044 53.069422035000059)",Unfall 168247 (2023) Kat:2, Licht: 0,168247,2,7,0,03,10,6,0,0,0,0,0,0,0,1
"POINT (8.865192617000048 53.023188588000039)",Unfall 168248 (2023) Kat:3, Licht: 0,168248,3,2,0,03,08,6,1,0,1,0,0,0,0,0
"POINT (8.798437623000041 53.077365085000054)",Unfall 168249 (2023) Kat:3, Licht: 0,168249,3,6,3,03,13,6,0,0,0,1,0,0,0,1
"POINT (8.898962094000069 53.127466450000043)",Unfall 168250 (2023) Kat:3, Licht: 0,168250,3,6,2,03,13,6,0,0,0,1,0,0,0,0
"POINT (8.702141713000060 53.168116008000027)",Unfall 168251 (2023) Kat:3, Licht: 0,168251,3,6,2,03,18,6,0,0,0,1,0,0,0,0
"POINT (8.782444891000068 53.087155188000054)",Unfall 168252 (2023) Kat:3, Licht: 0,168252,3,6,2,03,17,6,0,0,0,1,0,0,0,0
"POINT (8.709898791000057 53.179013557000076)",Unfall 168253 (2023) Kat:3, Licht: 0,168253,3,6,2,03,15,6,0,0,0,1,0,0,0,0
"POINT (8.813045803000023 53.080978864000031)",Unfall 168254 (2023) Kat:3, Licht: 2,168254,3,2,3,03,20,6,0,2,0,1,0,0,0,1
"POINT (8.785712592000039 53.102718074000052)",Unfall 168255 (2023) Kat:3, Licht: 0,168255,3,2,3,03,16,6,0,0,1,1,0,0,0,0
"POINT (8.715449694000029 53.135292226000047)",Unfall 168256 (2023) Kat:2, Licht: 0,168256,2,7,9,03,08,5,1,0,0,1,0,0,0,0
"POINT (8.887950986000021 53.109065934000057)",Unfall 168257 (2023) Kat:3, Licht: 0,168257,3,3,6,03,14,5,1,0,1,0,1,0,0,0
"POINT (8.892633422000074 53.079430883000043)",Unfall 168258 (2023) Kat:2, Licht: 0,168258,2,4,6,03,14,5,1,0,0,1,1,0,0,0
"POINT (8.607396110000025 53.184477077000054)",Unfall 168259 (2023) Kat:3, Licht: 0,168259,3,3,5,03,08,5,1,0,1,1,0,0,0,0
"POINT (8.800698975000046 53.078650036000056)",Unfall 168260 (2023) Kat:3, Licht: 0,168260,3,4,6,03,14,5,0,0,0,1,1,0,0,0
"POINT (8.800389407000068 53.071981714000060)",Unfall 168261 (2023) Kat:2, Licht: 0,168261,2,2,3,03,15,5,1,0,1,0,0,0,0,0
"POINT (8.840608740000050 53.104524094000055)",Unfall 168262 (2023) Kat:3, Licht: 0,168262,3,3,5,04,16,5,0,0,1,1,0,0,0,0
"POINT (8.886139129000071 53.079017897000028)",Unfall 168263 (2023) Kat:3, Licht: 0,168263,3,6,2,03,16,5,0,0,0,1,0,0,0,0
"POINT (8.885832837000066 53.109821690000047)",Unfall 168264 (2023) Kat:3, Licht: 0,168264,3,6,2,03,11,5,1,0,0,1,0,0,0,0
"POINT (8.905875730000048 53.090703013000052)",Unfall 168265 (2023) Kat:3, Licht: 1,168265,3,2,5,03,19,4,0,1,1,0,0,1,0,0
"POINT (8.839369637000061 53.067408545000035)",Unfall 168266 (2023) Kat:3, Licht: 0,168266,3,6,6,03,09,4,0,0,0,1,1,0,0,0
"POINT (8.818242422000026 53.098066034000055)",Unfall 168267 (2023) Kat:3, Licht: 1,168267,3,7,7,03,20,4,0,1,1,0,0,0,0,0