WKT,Name,OBJECTID,UKATEGORIE,UTYP1,UART,UMONAT,USTUNDE,UWOCHENTAG,STRZUSTAND,ULICHTVERH,ISTRAD,ISTPKW,ISTFUSS,ISTKRAD,ISTGKFZ,ISTSONSTIG
"POINT (8.804762523000022 53.080963206000035)",Unfall 168268 (2023) Kat:3, Licht: 2,168268,3,7,0,03,22,1,0,2,1,0,0,0,0,0
"POINT (8.818101923000029 53.077725111000063)",Unfall 168269 (2023) Kat:3, Licht: 0,168269,3,3,5,03,13,7,0,0,1,1,0,0,0,0
"POINT (8.791648707000036 53.082733960000041)",Unfall 168270 (2023) Kat:3, Licht: 1,168270,3,1,8,03,19,7,0,1,1,1,0,0,0,0
"POINT (8.846732612000039 53.092649585000061)",Unfall 168271 (2023) Kat:3, Licht: 0,168271,3,4,6,03,07,6,0,0,1,0,1,0,0,0
"POINT (8.844190758000025 53.075348419000079)",Unfall 168272 (2023) Kat:3, Licht: 0,168272,3,3,5,03,07,6,0,0,1,1,0,0,0,0
"POINT (8.850152412000057 53.085278449000043)",Unfall 168274 (2023) Kat:3, Licht: 0,168274,3,6,2,03,13,5,0,0,0,1,0,0,0,0
"POINT (8.794523092000077 53.061189044000059)",Unfall 168276 (2023) Kat:3, Licht: 0,168276,3,7,1,03,15,4,0,0,1,1,0,0,0,0
"POINT (8.789548338000031 53.097148160000074)",Unfall 168277 (2023) Kat:3, Licht: 1,168277,3,7,1,03,05,4,0,1,1,1,0,0,0,0
"POINT (8.887976130000027 53.058367289000046)",Unfall 168278 (2023) Kat:2, Licht: 2,168278,2,6,0,03,21,4,0,2,0,0,0,1,0,0
"POINT (8.822838460000071 53.075686725000082)",Unfall 168279 (2023) Kat:2, Licht: 0,168279,2,4,6,03,07,3,0,0,0,1,1,0,0,0
"POINT (8.853302620000022 53.064308319000077)",Unfall 168280 (2023) Kat:3, Licht: 2,168280,3,6,4,03,05,3,1,2,1,0,0,0,0,0
"POINT (8.814342243000056 53.039683083000057)",Unfall 168281 (2023) Kat:3, Licht: 2,168281,3,6,2,03,19,3,1,2,0,1,0,0,0,0
"POINT (8.627156422000041 53.166784151000059)",Unfall 168282 (2023) Kat:3, Licht: 0,168282,3,3,6,03,12,3,0,0,0,1,1,0,0,0
"POINT (8.812430623000068 53.080906146000075)",Unfall 168283 (2023) Kat:3, Licht: 2,168283,3,7,4,03,19,3,1,2,0,1,0,0,0,0
"POINT (8.822786294000025 53.078546346000053)",Unfall 168287 (2023) Kat:3, Licht: 0,168287,3,7,0,03,12,2,0,0,0,0,0,0,0,1
"POINT (8.807526728000028 53.059945900000059)",Unfall 168288 (2023) Kat:3, Licht: 0,168288,3,7,0,03,16,2,0,0,1,1,0,0,0,0
"POINT (8.751674483000045 53.084762791000060)",Unfall 168289 (2023) Kat:2, Licht: 0,168289,2,3,5,03,16,2,0,0,0,1,0,0,0,1
"POINT (8.820462468000073 53.027379672000052)",Unfall 168290 (2023) Kat:3, Licht: 2,168290,3,6,2,03,19,1,1,2,0,1,0,0,0,0
"POINT (8.850144670000077 53.065517393000050)",Unfall 168291 (2023) Kat:3, Licht: 2,168291,3,6,3,03,20,1,1,2,1,0,0,0,0,0
"POINT (8.808573740000043 53.083080993000067)",Unfall 168292 (2023) Kat:3, Licht: 0,168292,3,2,5,03,07,1,1,0,0,1,0,0,0,1
"POINT (8.889246097000068 53.110677791000057)",Unfall 168296 (2023) Kat:3, Licht: 2,168296,3,6,3,03,18,7,1,2,0,1,0,0,0,0
"POINT (8.610105026000042 53.184423587000026)",Unfall 168297 (2023) Kat:3, Licht: 2,168297,3,1,4,03,22,7,2,2,0,1,0,0,0,0
"POINT (8.853441427000064 53.064912629000048)",Unfall 168298 (2023) Kat:3, Licht: 0,168298,3,3,5,03,17,7,0,0,1,1,0,0,0,0
"POINT (8.749263932000076 53.124456568000028)",Unfall 168299 (2023) Kat:3, Licht: 0,168299,3,5,1,03,07,7,2,0,0,1,1,0,0,0
"POINT (8.665407360000074 53.164273537000042)",Unfall 168301 (2023) Kat:3, Licht: 2,168301,3,1,8,03,06,6,2,2,0,1,0,0,0,0
"POINT (8.958205320000047 53.046678846000077)",Unfall 168302 (2023) Kat:3, Licht: 0,168302,3,6,2,03,14,5,0,0,0,1,0,0,1,0
"POINT (8.820249683000043 53.081071092000059)",Unfall 168303 (2023) Kat:3, Licht: 2,168303,3,7,4,03,18,5,0,2,0,0,1,0,0,1
"POINT (8.856480154000053 53.088712907000058)",Unfall 168304 (2023) Kat:3, Licht: 0,168304,3,3,5,03,15,5,0,0,1,1,0,0,0,0
"POINT (8.891353558000048 53.098528435000048)",Unfall 168305 (2023) Kat:3, Licht: 1,168305,3,6,2,03,17,4,0,1,1,1,0,0,0,0
"POINT (8.825557753000055 53.078931468000064)",Unfall 168306 (2023) Kat:3, Licht: 0,168306,3,6,2,03,12,4,0,0,0,1,0,0,0,0
"POINT (8.943643150000071 53.066581446000043)",Unfall 168307 (2023) Kat:3, Licht: 0,168307,3,4,6,03,14,3,0,0,0,0,1,0,0,1
"POINT (8.836985386000038 53.099258969000061)",Unfall 168308 (2023) Kat:3, Licht: 0,168308,3,3,5,03,08,3,0,0,1,1,0,0,0,0
"POINT (8.806033953000053 53.076789209000026)",Unfall 168309 (2023) Kat:3, Licht: 0,168309,3,7,0,03,15,3,0,0,0,0,1,0,0,1
"POINT (8.737222063000047 53.056935870000075)",Unfall 168310 (2023) Kat:2, Licht: 2,168310,2,3,5,03,21,3,0,2,0,1,0,0,0,0
"POINT (8.847105095000074 53.086974335000036)",Unfall 168311 (2023) Kat:3, Licht: 0,168311,3,3,5,03,16,3,0,0,1,1,0,0,0,0
"POINT (8.880361649000065 53.082444563000081)",Unfall 168312 (2023) Kat:3, Licht: 0,168312,3,3,5,03,08,3,1,0,1,1,0,0,0,0
"POINT (8.898263443000076 53.102738771000077)",Unfall 168313 (2023) Kat:3, Licht: 0,168313,3,4,6,03,15,3,0,0,1,0,1,0,0,0
"POINT (8.801341103000027 53.071480333000068)",Unfall 168314 (2023) Kat:3, Licht: 0,168314,3,2,5,03,13,3,0,0,1,1,0,0,0,0
"POINT (8.823788670000056 53.077594990000080)",Unfall 168315 (2023) Kat:3, Licht: 0,168315,3,5,1,03,14,3,0,0,0,1,0,0,0,0
"POINT (8.778980110000020 53.105936457000041)",Unfall 168318 (2023) Kat:3, Licht: 0,168318,3,6,2,03,09,2,1,0,0,1,0,0,0,0
"POINT (8.774172060000069 53.095437508000032)",Unfall 168319 (2023) Kat:3, Licht: 2,168319,3,3,5,03,19,2,0,2,1,1,0,0,0,0
"POINT (8.750298328000042 53.123538596000060)",Unfall 168320 (2023) Kat:3, Licht: 0,168320,3,6,2,03,11,2,0,0,0,1,0,0,0,0
"POINT (8.877369778000059 53.080568068000048)",Unfall 168321 (2023) Kat:3, Licht: 0,168321,3,3,5,03,07,2,1,0,1,1,0,0,0,0
"POINT (8.887709467000036 53.081488319000073)",Unfall 168322 (2023) Kat:2, Licht: 1,168322,2,1,0,03,06,2,2,1,1,0,0,0,0,0
"POINT (8.825087816000064 53.084196049000070)",Unfall 168323 (2023) Kat:3, Licht: 0,168323,3,3,5,03,10,2,1,0,1,1,0,0,0,0
"POINT (8.786706684000023 53.074406598000053)",Unfall 168324 (2023) Kat:3, Licht: 2,168324,3,6,2,03,19,2,0,2,0,1,0,0,0,0
"POINT (8.906508779000035 53.052417277000075)",Unfall 168325 (2023) Kat:3, Licht: 0,168325,3,7,0,03,12,2,0,0,1,0,0,0,0,0
"POINT (8.607847240000069 53.176044453000031)",Unfall 168326 (2023) Kat:3, Licht: 2,168326,3,7,6,03,03,1,0,2,0,0,1,0,0,1
"POINT (8.756991742000025 53.114496978000034)",Unfall 168327 (2023) Kat:3, Licht: 0,168327,3,3,5,03,10,7,1,0,1,1,0,0,0,0
"POINT (8.929919392000045 53.071261138000068)",Unfall 168328 (2023) Kat:2, Licht: 0,168328,2,7,9,03,13,7,0,0,0,1,0,0,0,0
"POINT (8.892387308000025 53.081351083000072)",Unfall 168329 (2023) Kat:3, Licht: 0,168329,3,3,5,03,11,6,0,0,1,1,0,0,0,0
"POINT (8.789345084000047 53.096823728000061)",Unfall 168330 (2023) Kat:3, Licht: 0,168330,3,6,2,03,16,6,0,0,0,1,0,0,0,0
"POINT (8.775506635000056 53.107587194000075)",Unfall 168331 (2023) Kat:3, Licht: 0,168331,3,7,0,03,07,6,0,0,0,0,0,0,0,1
"POINT (8.625546139000051 53.181282390000035)",Unfall 168334 (2023) Kat:3, Licht: 2,168334,3,3,5,03,18,5,0,2,0,1,0,0,0,0
"POINT (8.809145819000037 53.078045797000073)",Unfall 168335 (2023) Kat:3, Licht: 0,168335,3,7,0,03,12,5,0,0,0,0,0,0,0,1
"POINT (8.796824069000024 53.080912908000073)",Unfall 168336 (2023) Kat:3, Licht: 0,168336,3,7,0,03,13,5,0,0,0,0,1,0,0,1
"POINT (8.819643450000058 53.079900626000040)",Unfall 168337 (2023) Kat:3, Licht: 1,168337,3,6,3,03,18,4,0,1,0,1,0,0,0,0
"POINT (8.730923492000045 53.137900769000055)",Unfall 168338 (2023) Kat:3, Licht: 2,168338,3,6,2,03,03,4,0,2,1,0,0,0,0,0
"POINT (8.610484901000063 53.184417451000058)",Unfall 168339 (2023) Kat:3, Licht: 0,168339,3,5,1,03,12,4,0,0,0,1,0,0,0,0
"POINT (8.865418715000033 53.071681939000030)",Unfall 168340 (2023) Kat:3, Licht: 0,168340,3,2,5,03,16,4,0,0,1,1,0,0,0,0
"POINT (8.875399635000065 53.061873499000058)",Unfall 168341 (2023) Kat:3, Licht: 0,168341,3,2,3,03,07,4,0,0,1,1,0,0,0,0
"POINT (8.625437133000048 53.181338132000064)",Unfall 168342 (2023) Kat:3, Licht: 0,168342,3,3,0,02,09,3,0,0,1,1,0,0,0,0
"POINT (8.827388934000055 53.078391364000026)",Unfall 168343 (2023) Kat:3, Licht: 0,168343,3,3,5,02,08,3,0,0,1,1,0,0,0,0
"POINT (8.793700333000061 53.066402787000072)",Unfall 168344 (2023) Kat:3, Licht: 0,168344,3,2,5,02,09,3,0,0,1,1,0,0,0,0
"POINT (8.943283422000036 53.066575407000073)",Unfall 168345 (2023) Kat:3, Licht: 0,168345,3,3,5,02,08,3,0,0,0,1,0,0,0,0
"POINT (8.685799453000072 53.167828267000061)",Unfall 168346 (2023) Kat:3, Licht: 0,168346,3,3,5,02,15,3,0,0,1,1,0,0,0,0
"POINT (8.715764393000029 53.054183616000046)",Unfall 168348 (2023) Kat:3, Licht: 2,168348,3,3,5,02,06,2,0,2,0,1,0,0,0,0
"POINT (8.807438562000073 53.082414519000054)",Unfall 168349 (2023) Kat:3, Licht: 0,168349,3,3,5,02,15,2,0,0,1,1,0,0,0,0
"POINT (8.814663758000052 53.097688041000026)",Unfall 168350 (2023) Kat:3, Licht: 0,168350,3,6,2,02,15,2,0,0,0,1,0,0,0,0
"POINT (8.750727480000023 53.054846162000047)",Unfall 168351 (2023) Kat:3, Licht: 0,168351,3,6,2,02,17,2,0,0,0,1,0,0,0,0
"POINT (8.828469825000070 53.087856341000077)",Unfall 168353 (2023) Kat:3, Licht: 1,168353,3,4,6,02,18,1,0,1,1,0,1,0,0,0
"POINT (8.816864238000051 53.078619684000046)",Unfall 168354 (2023) Kat:3, Licht: 2,168354,3,7,0,02,06,1,1,2,0,0,0,0,0,1
"POINT (8.843435591000059 53.089320153000074)",Unfall 168356 (2023) Kat:3, Licht: 0,168356,3,5,1,03,16,3,0,0,1,1,0,0,0,0
"POINT (8.578679992000048 53.208303822000062)",Unfall 168357 (2023) Kat:3, Licht: 0,168357,3,6,2,02,13,7,0,0,0,1,0,0,0,0
"POINT (8.575251299000058 53.202082693000079)",Unfall 168358 (2023) Kat:3, Licht: 0,168358,3,6,2,02,13,7,0,0,0,1,0,0,0,0
"POINT (8.557468116000052 53.189573072000030)",Unfall 168362 (2023) Kat:3, Licht: 0,168362,3,3,5,04,12,4,1,0,0,1,0,0,0,0
"POINT (8.923711621000052 53.098556567000060)",Unfall 168364 (2023) Kat:3, Licht: 2,168364,3,7,0,02,12,5,1,2,0,0,1,0,0,1
"POINT (8.918187415000034 53.038990168000055)",Unfall 168365 (2023) Kat:3, Licht: 0,168365,3,3,6,02,14,5,1,0,0,1,1,0,0,0
"POINT (8.555872570000076 53.185729255000069)",Unfall 168366 (2023) Kat:3, Licht: 0,168366,3,7,0,02,11,5,1,0,0,0,0,0,0,1
"POINT (8.784877208000069 53.053206926000030)",Unfall 168367 (2023) Kat:3, Licht: 0,168367,3,3,5,04,18,6,0,0,0,1,0,0,0,0
"POINT (8.914536868000027 53.094258193000030)",Unfall 168368 (2023) Kat:3, Licht: 0,168368,3,7,1,02,09,5,1,0,0,1,0,0,0,0
"POINT (8.736469923000072 53.041075251000052)",Unfall 168369 (2023) Kat:3, Licht: 0,168369,3,4,6,02,16,5,1,0,1,0,1,0,0,0
"POINT (8.904316294000068 53.096830069000077)",Unfall 168370 (2023) Kat:3, Licht: 1,168370,3,6,4,02,18,5,1,1,0,1,0,0,0,1
"POINT (8.880952317000038 53.076691023000080)",Unfall 168371 (2023) Kat:3, Licht: 2,168371,3,3,5,02,19,5,1,2,0,1,0,0,0,0
"POINT (8.785373692000064 53.070921544000043)",Unfall 168374 (2023) Kat:3, Licht: 0,168374,3,2,5,02,18,4,0,0,1,1,0,0,0,0
"POINT (8.784877212000026 53.089052341000070)",Unfall 168375 (2023) Kat:3, Licht: 0,168375,3,3,5,02,16,4,0,0,1,1,0,0,0,0
"POINT (8.878667182000072 53.079106390000049)",Unfall 168379 (2023) Kat:3, Licht: 0,168379,3,6,2,02,13,3,1,0,0,1,0,0,0,1
"POINT (8.964189318000024 53.062313424000081)",Unfall 168380 (2023) Kat:3, Licht: 2,168380,3,3,5,02,20,3,0,2,0,1,0,0,0,0
"POINT (8.964193131000059 53.062313114000062)",Unfall 168381 (2023) Kat:3, Licht: 2,168381,3,3,5,02,20,3,1,2,0,1,0,0,0,0
"POINT (8.738768159000074 53.132959053000036)",Unfall 168382 (2023) Kat:3, Licht: 0,168382,3,1,0,02,12,3,0,0,1,0,0,0,0,0
"POINT (8.809199014000058 53.031722249000040)",Unfall 168383 (2023) Kat:3, Licht: 0,168383,3,3,5,02,12,3,0,0,0,1,0,0,0,0
"POINT (8.850533750000068 53.071173613000042)",Unfall 168384 (2023) Kat:2, Licht: 0,168384,2,6,2,02,11,3,1,0,0,1,0,0,0,0
"POINT (8.882628553000075 53.057483852000075)",Unfall 168385 (2023) Kat:3, Licht: 0,168385,3,2,5,02,13,2,0,0,0,1,0,0,0,0
"POINT (8.882598918000042 53.057591927000033)",Unfall 168386 (2023) Kat:3, Licht: 1,168386,3,3,5,02,19,2,0,1,0,1,0,0,0,0
"POINT (8.872394668000027 53.067312022000067)",Unfall 168387 (2023) Kat:2, Licht: 0,168387,2,2,5,02,13,2,0,0,1,1,0,0,0,0
"POINT (8.760995091000041 53.099125207000043)",Unfall 168388 (2023) Kat:3, Licht: 0,168388,3,3,5,02,07,2,0,0,0,1,0,0,0,0
"POINT (8.854122234000045 53.073299403000078)",Unfall 168391 (2023) Kat:2, Licht: 0,168391,2,6,2,02,13,1,0,0,0,1,0,1,0,0
"POINT (8.756360287000064 53.118417500000078)",Unfall 168392 (2023) Kat:3, Licht: 2,168392,3,3,5,02,22,7,1,2,1,1,0,0,0,0
"POINT (8.801522099000067 53.071327359000065)",Unfall 168393 (2023) Kat:3, Licht: 2,168393,3,1,9,02,22,7,1,2,1,0,0,0,0,0
"POINT (8.882765402000075 53.074679526000068)",Unfall 168394 (2023) Kat:3, Licht: 2,168394,3,2,5,02,18,7,0,2,1,1,0,0,0,0
"POINT (8.850508874000070 53.041513911000038)",Unfall 168397 (2023) Kat:3, Licht: 0,168397,3,2,5,02,13,6,0,0,0,1,0,0,0,0
"POINT (8.783202248000066 53.108389924000051)",Unfall 168398 (2023) Kat:3, Licht: 0,168398,3,7,0,02,10,5,0,0,1,0,0,0,0,0
"POINT (8.799134506000030 53.063060204000067)",Unfall 168399 (2023) Kat:3, Licht: 0,168399,3,3,0,02,15,5,1,0,0,1,0,0,0,0
"POINT (8.824431970000035 53.084489330000054)",Unfall 168400 (2023) Kat:3, Licht: 2,168400,3,3,5,02,07,5,0,2,1,1,0,0,0,0
"POINT (8.784516934000067 53.072411167000041)",Unfall 168403 (2023) Kat:3, Licht: 0,168403,3,6,3,02,14,4,0,0,0,1,0,0,1,1
"POINT (8.843456556000035 53.081082852000065)",Unfall 168404 (2023) Kat:3, Licht: 0,168404,3,6,2,02,07,4,0,0,0,1,0,0,0,0
"POINT (8.852040995000038 53.083690009000065)",Unfall 168405 (2023) Kat:3, Licht: 0,168405,3,7,0,02,17,4,0,0,1,0,1,0,0,0
"POINT (8.877050356000041 53.080907066000066)",Unfall 168406 (2023) Kat:3, Licht: 1,168406,3,3,5,02,07,4,0,1,1,1,0,0,0,0
"POINT (8.617510852000066 53.192212749000078)",Unfall 168407 (2023) Kat:2, Licht: 0,168407,2,1,9,02,13,4,0,0,0,1,0,0,0,0
"POINT (8.829840919000048 53.083447876000037)",Unfall 168409 (2023) Kat:3, Licht: 0,168409,3,7,1,02,16,3,0,0,1,1,0,0,0,0
"POINT (8.808547181000051 53.083139338000080)",Unfall 168410 (2023) Kat:3, Licht: 2,168410,3,2,5,02,19,3,0,2,0,1,0,0,0,0
"POINT (8.810959031000039 53.071709410000039)",Unfall 168411 (2023) Kat:3, Licht: 0,168411,3,4,6,02,13,3,0,0,0,1,1,0,0,0
"POINT (8.618837019000068 53.178071866000039)",Unfall 168413 (2023) Kat:3, Licht: 0,168413,3,7,0,02,14,2,0,0,0,0,0,0,0,1
"POINT (8.739474996000069 53.136386706000053)",Unfall 168414 (2023) Kat:3, Licht: 0,168414,3,4,6,02,08,2,0,0,0,0,1,0,0,1
"POINT (8.803274049000038 53.066943354000045)",Unfall 168415 (2023) Kat:3, Licht: 0,168415,3,5,1,02,12,2,1,0,1,1,0,0,0,0
"POINT (8.901491161000024 53.076910022000050)",Unfall 168416 (2023) Kat:2, Licht: 0,168416,2,4,6,02,16,2,0,0,0,1,1,0,0,0
"POINT (8.829240636000065 53.085330889000033)",Unfall 168417 (2023) Kat:3, Licht: 0,168417,3,6,2,02,11,2,0,0,1,1,0,0,0,0
"POINT (8.783805033000021 53.098500828000056)",Unfall 168418 (2023) Kat:3, Licht: 0,168418,3,3,5,02,10,2,0,0,1,1,0,0,0,0
"POINT (8.880246743000043 53.071925147000059)",Unfall 168419 (2023) Kat:2, Licht: 0,168419,2,3,5,02,12,2,1,0,1,1,0,0,0,0
"POINT (8.696633023000061 53.175275384000031)",Unfall 168420 (2023) Kat:3, Licht: 2,168420,3,3,5,02,21,2,0,2,1,0,0,0,0,1
"POINT (8.809949493000033 53.083237146000045)",Unfall 168423 (2023) Kat:3, Licht: 2,168423,3,3,6,02,18,7,0,2,0,1,1,0,0,0
"POINT (8.832288771000037 53.070959086000073)",Unfall 168424 (2023) Kat:3, Licht: 2,168424,3,1,0,02,21,7,1,2,1,0,0,0,0,0
"POINT (8.842512845000044 53.067077671000050)",Unfall 168425 (2023) Kat:3, Licht: 2,168425,3,4,6,02,18,7,1,2,0,1,1,0,0,0
"POINT (8.933420970000043 53.069499674000042)",Unfall 168426 (2023) Kat:3, Licht: 0,168426,3,6,2,02,14,7,0,0,0,1,0,0,0,0
"POINT (8.562291184000060 53.192226777000030)",Unfall 168427 (2023) Kat:3, Licht: 0,168427,3,2,5,02,13,7,1,0,0,1,0,0,0,0
"POINT (8.877324191000071 53.101343457000041)",Unfall 168428 (2023) Kat:3, Licht: 0,168428,3,6,2,02,11,7,0,0,0,1,0,0,0,0
"POINT (8.784345208000047 53.103080357000067)",Unfall 168429 (2023) Kat:3, Licht: 0,168429,3,6,2,03,12,6,1,0,0,1,0,1,0,0
"POINT (8.802508997000075 53.091538649000029)",Unfall 168433 (2023) Kat:3, Licht: 0,168433,3,7,6,02,16,6,0,0,0,1,1,0,0,0
"POINT (8.848448630000064 53.085210900000050)",Unfall 168434 (2023) Kat:3, Licht: 0,168434,3,3,5,02,16,6,0,0,0,1,0,0,0,0
"POINT (8.941541640000025 53.059977702000026)",Unfall 168435 (2023) Kat:3, Licht: 0,168435,3,2,5,02,11,6,0,0,0,1,0,1,0,0
"POINT (8.887664778000044 53.109047423000050)",Unfall 168436 (2023) Kat:3, Licht: 0,168436,3,6,2,02,09,6,0,0,0,1,0,0,0,0
"POINT (8.786527948000071 53.088027941000064)",Unfall 168438 (2023) Kat:3, Licht: 0,168438,3,2,3,02,07,5,0,0,1,1,0,0,0,0
"POINT (8.640870323000058 53.165923454000051)",Unfall 168439 (2023) Kat:3, Licht: 2,168439,3,1,1,02,18,5,0,2,0,1,0,0,0,0
"POINT (8.684305374000076 53.173891154000046)",Unfall 168440 (2023) Kat:3, Licht: 0,168440,3,7,0,02,11,5,0,0,0,1,0,0,0,1
"POINT (8.807530948000021 53.082308213000033)",Unfall 168441 (2023) Kat:3, Licht: 0,168441,3,4,6,02,10,5,0,0,1,0,1,0,0,0
"POINT (8.752539251000030 53.121604412000067)",Unfall 168442 (2023) Kat:3, Licht: 0,168442,3,4,6,05,15,2,1,0,0,1,1,0,0,0
"POINT (8.862068846000057 53.071660326000028)",Unfall 168443 (2023) Kat:3, Licht: 0,168443,3,2,5,02,12,4,0,0,1,1,0,0,0,0
"POINT (8.861673625000037 53.099273570000037)",Unfall 168444 (2023) Kat:3, Licht: 0,168444,3,2,5,02,08,4,0,0,1,1,0,0,0,0
"POINT (8.848567602000060 53.050465056000064)",Unfall 168445 (2023) Kat:3, Licht: 0,168445,3,3,5,03,12,4,0,0,0,1,0,0,0,0
"POINT (8.825154703000067 53.084507549000080)",Unfall 168447 (2023) Kat:3, Licht: 2,168447,3,2,5,02,22,4,0,2,1,1,0,0,0,0
"POINT (8.811334952000038 53.076037027000041)",Unfall 168448 (2023) Kat:3, Licht: 0,168448,3,2,5,03,13,6,0,0,0,1,0,0,0,1
"POINT (8.841042440000024 53.072549750000064)",Unfall 168449 (2023) Kat:2, Licht: 0,168449,2,7,0,02,09,4,0,0,1,0,0,0,0,1
"POINT (8.815731766000056 53.051432571000078)",Unfall 168450 (2023) Kat:3, Licht: 0,168450,3,4,6,02,12,4,0,0,0,1,1,0,0,0
"POINT (8.807617079000067 53.082521633000056)",Unfall 168451 (2023) Kat:3, Licht: 0,168451,3,6,2,02,14,4,0,0,0,1,0,0,0,0
"POINT (8.932861841000033 53.065421418000028)",Unfall 168452 (2023) Kat:3, Licht: 2,168452,3,5,6,02,17,4,0,2,0,1,1,0,0,0
"POINT (8.798324489000038 53.063612232000082)",Unfall 168453 (2023) Kat:3, Licht: 0,168453,3,6,2,02,11,4,0,0,1,1,0,0,0,0
"POINT (8.795662207000021 53.056171330000041)",Unfall 168454 (2023) Kat:3, Licht: 1,168454,3,3,5,02,06,4,0,1,1,1,0,0,0,0
"POINT (8.848479116000021 53.047831432000066)",Unfall 168455 (2023) Kat:3, Licht: 0,168455,3,3,5,02,11,4,0,0,0,1,0,0,0,0
"POINT (8.833565787000055 53.094415367000067)",Unfall 168456 (2023) Kat:2, Licht: 0,168456,2,2,5,02,11,4,0,0,1,1,0,0,0,0
"POINT (8.792792365000025 53.069093545000044)",Unfall 168459 (2023) Kat:3, Licht: 1,168459,3,3,5,02,08,3,1,1,1,1,0,0,0,0
"POINT (8.929264332000059 53.071770257000026)",Unfall 168460 (2023) Kat:3, Licht: 0,168460,3,3,5,02,14,3,0,0,0,1,0,0,0,0
"POINT (8.763695691000066 53.111421430000064)",Unfall 168461 (2023) Kat:3, Licht: 0,168461,3,6,4,02,11,3,0,0,1,1,0,0,0,0
"POINT (8.565121966000049 53.193361691000064)",Unfall 168462 (2023) Kat:3, Licht: 0,168462,3,4,6,02,16,3,0,0,0,1,1,0,0,0
"POINT (8.713045596000029 53.143610639000030)",Unfall 168463 (2023) Kat:3, Licht: 0,168463,3,6,2,02,11,3,0,0,0,1,0,0,0,0
"POINT (8.778824234000069 53.106082177000076)",Unfall 168464 (2023) Kat:3, Licht: 2,168464,3,4,6,02,23,3,2,2,1,0,1,0,0,0
"POINT (8.933570480000071 53.092752381000082)",Unfall 168466 (2023) Kat:3, Licht: 0,168466,3,2,5,02,15,2,0,0,0,1,0,1,0,0
"POINT (8.723121028000037 53.083724390000043)",Unfall 168467 (2023) Kat:3, Licht: 0,168467,3,6,2,02,12,2,0,0,0,0,0,0,1,0
"POINT (8.723129835000066 53.083721581000077)",Unfall 168468 (2023) Kat:3, Licht: 0,168468,3,6,2,02,12,2,0,0,0,0,0,0,1,0
"POINT (8.795168044000036 53.085468136000031)",Unfall 168469 (2023) Kat:3, Licht: 2,168469,3,6,3,02,18,2,0,2,0,1,0,0,1,0
"POINT (8.740710724000053 53.053045684000040)",Unfall 168470 (2023) Kat:3, Licht: 0,168470,3,3,5,04,13,7,0,0,0,1,0,0,0,0
"POINT (8.741021952000040 53.052639916000032)",Unfall 168471 (2023) Kat:3, Licht: 2,168471,3,6,2,02,17,2,1,2,0,1,0,0,0,0
"POINT (8.538099680000073 53.200272067000071)",Unfall 168472 (2023) Kat:3, Licht: 2,168472,3,6,2,02,19,2,1,2,0,1,0,0,0,1
"POINT (8.963350323000043 53.057710237000038)",Unfall 168473 (2023) Kat:2, Licht: 2,168473,2,4,6,02,19,2,0,2,0,1,1,0,0,0
"POINT (8.875156509000021 53.082429016000049)",Unfall 168474 (2023) Kat:3, Licht: 2,168474,3,6,3,02,01,2,1,2,0,1,0,0,0,0
"POINT (8.852497678000077 53.073600693000060)",Unfall 168475 (2023) Kat:3, Licht: 0,168475,3,2,5,02,14,2,0,0,1,1,0,0,0,0
"POINT (8.812849999000036 53.073371433000034)",Unfall 168477 (2023) Kat:3, Licht: 0,168477,3,2,0,02,12,7,0,0,0,1,0,0,0,1
"POINT (8.815616154000054 53.054175409000038)",Unfall 168478 (2023) Kat:2, Licht: 2,168478,2,7,7,02,07,7,0,2,1,0,0,0,0,0
"POINT (8.931793432000063 53.062529941000037)",Unfall 168479 (2023) Kat:3, Licht: 0,168479,3,7,0,02,09,7,0,0,0,0,0,0,0,1
"POINT (8.793450596000071 53.103122930000040)",Unfall 168480 (2023) Kat:3, Licht: 0,168480,3,6,2,02,13,7,0,0,0,1,0,0,0,0
"POINT (8.755735750000042 53.124911713000074)",Unfall 168481 (2023) Kat:3, Licht: 0,168481,3,3,5,02,12,7,0,0,1,1,0,0,0,0
"POINT (8.685281455000052 53.171091836000073)",Unfall 168482 (2023) Kat:3, Licht: 2,168482,3,6,2,02,18,7,0,2,0,1,0,0,0,0
"POINT (8.698334019000072 53.168322724000063)",Unfall 168483 (2023) Kat:3, Licht: 2,168483,3,4,6,02,06,7,0,2,0,1,1,0,0,0
"POINT (8.811452946000031 53.075675045000082)",Unfall 168484 (2023) Kat:3, Licht: 0,168484,3,6,0,02,19,6,0,0,0,1,0,0,0,1
"POINT (8.757913954000060 53.058532441000068)",Unfall 168485 (2023) Kat:3, Licht: 0,168485,3,3,5,02,11,6,0,0,0,1,0,0,0,0
"POINT (8.809327424000060 53.082554494000078)",Unfall 168486 (2023) Kat:3, Licht: 0,168486,3,6,3,02,10,6,0,0,0,1,0,0,0,0
"POINT (8.824597892000043 53.068912534000049)",Unfall 168487 (2023) Kat:3, Licht: 0,168487,3,6,2,02,14,6,1,0,0,1,0,0,0,0
"POINT (8.790747087000057 53.095669234000070)",Unfall 168488 (2023) Kat:3, Licht: 0,168488,3,3,5,05,13,5,0,0,0,1,0,0,0,0
"POINT (8.804663471000026 53.085772648000045)",Unfall 168492 (2023) Kat:3, Licht: 2,168492,3,3,5,02,18,5,1,2,1,1,0,0,0,0