WKT,Name,OBJECTID,UKATEGORIE,UTYP1,UART,UMONAT,USTUNDE,UWOCHENTAG,STRZUSTAND,ULICHTVERH,ISTRAD,ISTPKW,ISTFUSS,ISTKRAD,ISTGKFZ,ISTSONSTIG
"POINT (8.870590221000043 53.091048166000064)",Unfall 168493 (2023) Kat:3, Licht: 0,168493,3,3,5,02,16,5,0,0,1,1,0,0,0,0
"POINT (8.797921814000063 53.083635185000048)",Unfall 168494 (2023) Kat:3, Licht: 0,168494,3,6,2,02,13,5,0,0,0,1,0,0,0,0
"POINT (8.791735755000047 53.085562004000053)",Unfall 168495 (2023) Kat:3, Licht: 0,168495,3,6,3,02,12,5,0,0,0,1,0,0,1,0
"POINT (8.896702438000034 53.118362938000075)",Unfall 168496 (2023) Kat:2, Licht: 0,168496,2,3,5,02,09,5,1,0,1,0,0,0,1,0
"POINT (8.733745835000036 53.131661637000036)",Unfall 168497 (2023) Kat:3, Licht: 2,168497,3,7,0,02,20,5,1,2,0,1,0,0,0,0
"POINT (8.892801613000074 53.079433358000074)",Unfall 168498 (2023) Kat:3, Licht: 0,168498,3,6,2,02,15,5,0,0,0,1,0,0,0,0
"POINT (8.739523630000065 53.136223914000027)",Unfall 168499 (2023) Kat:3, Licht: 2,168499,3,3,6,02,19,5,1,2,0,1,1,0,0,0
"POINT (8.844185599000070 53.075336327000059)",Unfall 168500 (2023) Kat:3, Licht: 2,168500,3,2,5,02,19,5,1,2,0,1,0,0,0,0
"POINT (8.932889700000032 53.065499990000035)",Unfall 168501 (2023) Kat:3, Licht: 0,168501,3,5,1,02,14,4,1,0,0,1,0,0,0,0
"POINT (8.908749218000025 53.059689476000074)",Unfall 168502 (2023) Kat:3, Licht: 0,168502,3,6,2,02,13,4,1,0,0,1,0,0,0,0
"POINT (8.830949699000030 53.085796938000044)",Unfall 168503 (2023) Kat:3, Licht: 0,168503,3,6,0,02,11,4,1,0,1,1,0,0,0,0
"POINT (8.891692893000027 53.049431086000027)",Unfall 168504 (2023) Kat:3, Licht: 2,168504,3,6,2,02,21,4,1,2,0,1,0,0,0,0
"POINT (8.893214208000074 53.060243288000038)",Unfall 168507 (2023) Kat:3, Licht: 0,168507,3,4,6,01,13,3,1,0,0,0,1,0,0,1
"POINT (8.854894069000068 53.102464722000036)",Unfall 168508 (2023) Kat:3, Licht: 0,168508,3,3,5,01,15,3,1,0,1,1,0,0,0,0
"POINT (8.824429375000022 53.084257563000051)",Unfall 168509 (2023) Kat:3, Licht: 2,168509,3,3,5,01,06,3,1,2,1,1,0,0,0,0
"POINT (8.876526792000050 53.081039122000050)",Unfall 168510 (2023) Kat:3, Licht: 2,168510,3,3,5,01,19,3,0,2,1,1,0,0,0,0
"POINT (8.796402937000039 53.086969614000054)",Unfall 168511 (2023) Kat:2, Licht: 0,168511,2,2,3,01,13,3,1,0,0,1,0,0,0,1
"POINT (8.686084571000038 53.173313335000046)",Unfall 168512 (2023) Kat:3, Licht: 0,168512,3,3,5,01,12,3,1,0,1,1,0,0,0,0
"POINT (8.869866327000068 53.097118381000030)",Unfall 168513 (2023) Kat:3, Licht: 0,168513,3,2,5,01,18,2,1,0,0,1,0,0,0,1
"POINT (8.737320637000039 53.056844064000074)",Unfall 168515 (2023) Kat:3, Licht: 2,168515,3,7,1,01,01,1,0,2,0,1,0,0,0,0
"POINT (8.846718847000034 53.092676079000057)",Unfall 168516 (2023) Kat:3, Licht: 0,168516,3,6,2,01,11,7,0,0,0,1,0,0,0,0
"POINT (8.824134955000034 53.068926633000046)",Unfall 168517 (2023) Kat:3, Licht: 0,168517,3,2,3,01,09,7,0,0,1,1,0,0,0,0
"POINT (8.841285693000032 53.069275230000073)",Unfall 168518 (2023) Kat:3, Licht: 1,168518,3,2,0,01,18,7,0,1,0,1,0,0,0,1
"POINT (8.551376191000031 53.197905267000067)",Unfall 168519 (2023) Kat:3, Licht: 2,168519,3,2,5,01,18,7,0,2,0,1,0,0,0,0
"POINT (8.805928230000063 53.076842645000056)",Unfall 168520 (2023) Kat:3, Licht: 0,168520,3,7,0,01,16,7,0,0,0,0,1,0,0,1
"POINT (8.788824912000052 53.063302984000075)",Unfall 168522 (2023) Kat:3, Licht: 1,168522,3,4,6,01,07,6,1,1,1,0,1,0,0,0
"POINT (8.946830544000022 53.076271047000034)",Unfall 168523 (2023) Kat:3, Licht: 0,168523,3,7,9,01,10,6,1,0,0,1,1,0,0,0
"POINT (8.742401505000032 53.130394393000074)",Unfall 168524 (2023) Kat:3, Licht: 0,168524,3,6,2,01,11,6,0,0,0,1,0,0,0,0
"POINT (8.822545786000035 53.078649524000070)",Unfall 168525 (2023) Kat:3, Licht: 0,168525,3,4,6,01,11,6,0,0,0,0,1,0,0,1
"POINT (8.890497717000073 53.110369749000029)",Unfall 168526 (2023) Kat:3, Licht: 0,168526,3,2,5,01,12,6,1,0,0,0,0,1,0,1
"POINT (8.825134145000050 53.084369405000075)",Unfall 168527 (2023) Kat:3, Licht: 0,168527,3,3,5,01,11,6,0,0,0,1,0,0,0,1
"POINT (8.872442594000063 53.063276730000041)",Unfall 168530 (2023) Kat:1, Licht: 0,168530,1,4,6,01,11,5,1,0,0,0,1,0,1,0
"POINT (8.740813814000035 53.053073778000055)",Unfall 168531 (2023) Kat:3, Licht: 2,168531,3,7,5,01,19,5,1,2,1,1,0,0,0,0
"POINT (8.807904308000047 53.072571724000056)",Unfall 168532 (2023) Kat:3, Licht: 2,168532,3,6,3,02,22,6,1,2,0,1,0,0,0,0
"POINT (8.881257550000043 53.058767989000046)",Unfall 168533 (2023) Kat:3, Licht: 1,168533,3,1,2,01,05,5,2,1,0,1,0,0,0,1
"POINT (8.909525254000073 53.039647373000037)",Unfall 168534 (2023) Kat:3, Licht: 2,168534,3,1,9,01,18,5,1,2,0,1,0,0,0,0
"POINT (8.854431641000076 53.082020015000069)",Unfall 168535 (2023) Kat:3, Licht: 2,168535,3,6,4,01,11,5,1,2,1,0,0,0,0,0
"POINT (8.569167066000034 53.181198618000053)",Unfall 168536 (2023) Kat:3, Licht: 2,168536,3,4,6,01,19,5,0,2,0,1,1,0,0,0
"POINT (8.920279591000053 53.099814931000026)",Unfall 168537 (2023) Kat:3, Licht: 0,168537,3,4,6,01,08,5,1,0,0,0,1,0,0,1
"POINT (8.661009475000071 53.175086815000043)",Unfall 168538 (2023) Kat:3, Licht: 2,168538,3,2,5,01,17,5,0,2,0,1,0,1,0,0
"POINT (8.896041039000067 53.056725880000045)",Unfall 168539 (2023) Kat:3, Licht: 0,168539,3,6,4,01,14,5,0,0,0,1,0,0,0,0
"POINT (8.723031133000063 53.138240215000053)",Unfall 168540 (2023) Kat:2, Licht: 2,168540,2,7,0,01,04,5,2,2,1,0,0,0,0,0
"POINT (8.810638496000024 53.071801368000081)",Unfall 168541 (2023) Kat:3, Licht: 0,168541,3,2,5,05,15,4,0,0,1,1,0,0,0,0
"POINT (8.740149220000035 53.051413887000081)",Unfall 168544 (2023) Kat:3, Licht: 0,168544,3,3,5,01,14,4,0,0,0,1,0,0,0,0
"POINT (8.567611505000059 53.194133435000026)",Unfall 168545 (2023) Kat:3, Licht: 2,168545,3,2,5,01,21,4,0,2,1,1,0,0,0,0
"POINT (8.831658375000075 53.076556572000072)",Unfall 168546 (2023) Kat:3, Licht: 0,168546,3,3,5,01,14,4,0,0,1,1,0,0,0,0
"POINT (8.693363702000056 53.178231289000053)",Unfall 168547 (2023) Kat:3, Licht: 0,168547,3,7,0,01,09,3,0,0,0,0,0,1,0,0
"POINT (8.788578294000047 53.093988827000032)",Unfall 168548 (2023) Kat:3, Licht: 0,168548,3,7,0,01,13,3,0,0,0,1,0,0,0,1
"POINT (8.776464282000063 53.096914817000027)",Unfall 168549 (2023) Kat:3, Licht: 2,168549,3,3,5,01,05,3,0,2,1,1,0,0,0,0
"POINT (8.913699266000037 53.062670716000071)",Unfall 168550 (2023) Kat:3, Licht: 2,168550,3,7,0,01,06,3,0,2,0,1,0,0,0,0
"POINT (8.913279982000063 53.065303337000046)",Unfall 168551 (2023) Kat:3, Licht: 2,168551,3,4,6,01,06,3,0,2,0,1,1,0,0,0
"POINT (8.923660887000040 53.098575334000031)",Unfall 168552 (2023) Kat:3, Licht: 2,168552,3,2,6,01,18,3,0,2,0,1,1,0,0,0
"POINT (8.807564011000068 53.099699543000042)",Unfall 168553 (2023) Kat:3, Licht: 0,168553,3,7,0,01,14,2,0,0,1,0,0,0,0,0
"POINT (8.835090967000042 53.086790624000059)",Unfall 168554 (2023) Kat:2, Licht: 0,168554,2,2,5,01,14,2,0,0,1,1,0,0,0,0
"POINT (8.874169587000040 53.101295690000029)",Unfall 168555 (2023) Kat:2, Licht: 2,168555,2,2,6,01,17,1,0,2,0,1,1,0,0,0
"POINT (8.932471683000074 53.058914410000057)",Unfall 168556 (2023) Kat:3, Licht: 2,168556,3,6,2,01,17,7,0,2,0,1,0,0,0,0
"POINT (8.804614784000023 53.082014874000038)",Unfall 168557 (2023) Kat:3, Licht: 0,168557,3,3,5,01,12,7,0,0,0,1,0,0,0,0
"POINT (8.949378596000031 53.074242922000053)",Unfall 168558 (2023) Kat:3, Licht: 0,168558,3,3,5,01,13,7,0,0,0,1,0,0,0,0
"POINT (8.830417510000075 53.085667958000045)",Unfall 168559 (2023) Kat:3, Licht: 0,168559,3,2,5,05,14,2,0,0,0,1,0,1,0,0
"POINT (8.737135843000033 53.079753595000057)",Unfall 168560 (2023) Kat:2, Licht: 0,168560,2,3,5,01,08,7,0,0,0,1,0,0,1,0
"POINT (8.801269645000048 53.086839068000074)",Unfall 168561 (2023) Kat:3, Licht: 2,168561,3,3,5,01,20,6,0,2,1,0,0,1,0,0
"POINT (8.833386190000056 53.081739518000063)",Unfall 168562 (2023) Kat:3, Licht: 0,168562,3,3,5,01,12,6,0,0,1,1,0,0,0,0
"POINT (8.870171815000049 53.097005951000028)",Unfall 168563 (2023) Kat:2, Licht: 0,168563,2,4,6,01,10,6,0,0,0,1,1,0,0,0
"POINT (8.825104389000046 53.084186840000029)",Unfall 168564 (2023) Kat:3, Licht: 0,168564,3,3,5,01,13,6,0,0,1,1,0,0,0,0
"POINT (8.870736968000074 53.091213121000067)",Unfall 168565 (2023) Kat:3, Licht: 0,168565,3,6,2,01,10,6,0,0,0,1,0,0,0,1
"POINT (8.803208844000039 53.072229832000062)",Unfall 168566 (2023) Kat:3, Licht: 0,168566,3,3,5,01,14,6,0,0,1,1,0,0,0,0
"POINT (8.805844180000065 53.061134747000040)",Unfall 168569 (2023) Kat:2, Licht: 0,168569,2,4,6,01,15,5,1,0,0,0,1,0,0,1
"POINT (8.945966805000069 53.068524095000043)",Unfall 168571 (2023) Kat:3, Licht: 0,168571,3,4,6,01,15,4,0,0,0,1,1,0,0,0
"POINT (8.686122341000043 53.172994390000042)",Unfall 168572 (2023) Kat:2, Licht: 0,168572,2,2,6,01,12,4,0,0,0,1,1,0,0,0
"POINT (8.788381428000037 53.069389897000065)",Unfall 168573 (2023) Kat:3, Licht: 2,168573,3,6,3,01,18,4,1,2,1,1,0,0,0,0
"POINT (8.825104389000046 53.084186840000029)",Unfall 168574 (2023) Kat:3, Licht: 0,168574,3,3,5,05,19,4,0,0,1,1,0,0,0,0
"POINT (8.782625824000036 53.067115094000030)",Unfall 168575 (2023) Kat:3, Licht: 2,168575,3,1,8,01,22,4,0,2,0,1,0,0,0,0
"POINT (8.825034441000071 53.084584865000068)",Unfall 168576 (2023) Kat:3, Licht: 0,168576,3,3,5,01,09,4,0,0,1,1,0,0,0,0
"POINT (8.810932104000074 53.073917712000082)",Unfall 168578 (2023) Kat:3, Licht: 0,168578,3,7,0,01,09,3,0,0,1,0,0,0,0,1
"POINT (8.899633963000042 53.121041165000065)",Unfall 168579 (2023) Kat:3, Licht: 0,168579,3,3,5,01,15,3,0,0,0,1,0,0,0,1
"POINT (8.750542619000043 53.112210643000026)",Unfall 168580 (2023) Kat:2, Licht: 1,168580,2,4,6,01,16,3,0,1,0,0,1,0,1,0
"POINT (8.904422255000043 53.047388895000040)",Unfall 168581 (2023) Kat:3, Licht: 0,168581,3,5,1,01,13,3,0,0,1,1,0,0,0,0
"POINT (8.948681784000030 53.063704555000072)",Unfall 168582 (2023) Kat:3, Licht: 0,168582,3,4,6,01,11,3,0,0,0,1,1,0,0,0
"POINT (8.843850279000037 53.074550229000067)",Unfall 168583 (2023) Kat:3, Licht: 0,168583,3,3,5,01,08,3,1,0,1,1,0,0,0,0
"POINT (8.774213416000066 53.101460708000047)",Unfall 168584 (2023) Kat:3, Licht: 0,168584,3,7,1,01,09,2,1,0,0,1,0,0,1,0
"POINT (8.815143900000066 53.077080545000058)",Unfall 168585 (2023) Kat:3, Licht: 0,168585,3,3,5,01,12,2,0,0,1,1,0,0,0,0
"POINT (8.883910030000038 53.079095146000043)",Unfall 168586 (2023) Kat:3, Licht: 2,168586,3,3,5,01,17,2,1,2,1,1,0,0,0,0
"POINT (8.837117825000064 53.082601384000043)",Unfall 168587 (2023) Kat:3, Licht: 2,168587,3,3,5,01,21,2,0,2,1,1,0,0,0,0
"POINT (8.808934944000043 53.063556240000082)",Unfall 168588 (2023) Kat:3, Licht: 1,168588,3,6,3,01,15,1,1,1,1,1,0,0,0,0
"POINT (8.772555224000030 53.109126192000076)",Unfall 168589 (2023) Kat:3, Licht: 0,168589,3,2,3,01,16,7,1,0,0,1,0,0,0,1
"POINT (8.793729824000025 53.066361118000032)",Unfall 168590 (2023) Kat:3, Licht: 0,168590,3,4,6,01,13,7,1,0,0,1,1,0,0,0
"POINT (8.520708452000065 53.206378687000040)",Unfall 168591 (2023) Kat:1, Licht: 2,168591,1,4,6,01,20,7,1,2,0,0,1,0,0,1
"POINT (8.781236664000062 53.093147334000037)",Unfall 168592 (2023) Kat:3, Licht: 0,168592,3,3,5,01,11,7,1,0,0,1,0,0,0,0
"POINT (8.627556775000073 53.170226152000055)",Unfall 168593 (2023) Kat:3, Licht: 0,168593,3,2,5,01,12,7,1,0,1,1,0,0,0,0
"POINT (8.889451877000056 53.082526598000072)",Unfall 168594 (2023) Kat:3, Licht: 0,168594,3,7,0,01,13,7,1,0,0,0,0,0,0,1
"POINT (8.808250411000074 53.094646917000034)",Unfall 168595 (2023) Kat:3, Licht: 0,168595,3,7,0,01,12,7,1,0,0,0,0,0,0,1
"POINT (8.790461383000036 53.086271575000069)",Unfall 168598 (2023) Kat:2, Licht: 0,168598,2,6,2,01,13,6,1,0,0,1,0,0,1,1
"POINT (8.601090861000046 53.184727096000074)",Unfall 168599 (2023) Kat:3, Licht: 2,168599,3,4,6,01,17,6,1,2,0,1,1,0,0,0
"POINT (8.820840543000031 53.048798697000052)",Unfall 168600 (2023) Kat:3, Licht: 0,168600,3,2,5,01,13,6,0,0,1,1,0,0,0,0
"POINT (8.562088078000045 53.192380874000037)",Unfall 168601 (2023) Kat:3, Licht: 2,168601,3,3,5,01,06,6,1,2,0,1,0,0,0,0
"POINT (8.838041198000042 53.082669709000072)",Unfall 168605 (2023) Kat:3, Licht: 1,168605,3,2,3,01,16,5,1,1,0,1,0,0,0,1
"POINT (8.627869743000076 53.171708747000082)",Unfall 168606 (2023) Kat:3, Licht: 0,168606,3,6,2,04,17,6,1,0,0,1,0,0,0,0
"POINT (8.879672847000052 53.112546715000065)",Unfall 168607 (2023) Kat:3, Licht: 2,168607,3,2,5,01,17,5,1,2,1,1,0,0,0,0
"POINT (8.887396874000046 53.050612759000046)",Unfall 168608 (2023) Kat:2, Licht: 2,168608,2,2,5,01,05,5,1,2,1,1,0,0,0,0
"POINT (8.878821950000031 53.079109899000059)",Unfall 168609 (2023) Kat:3, Licht: 2,168609,3,6,3,01,19,5,1,2,1,0,0,0,0,1
"POINT (8.825164061000066 53.084515595000028)",Unfall 168610 (2023) Kat:3, Licht: 1,168610,3,2,5,01,09,5,1,1,1,1,0,0,0,0
"POINT (8.945131111000023 53.058217253000066)",Unfall 168611 (2023) Kat:3, Licht: 1,168611,3,3,5,01,17,5,1,1,1,1,0,0,0,0
"POINT (8.775955659000033 53.098486970000067)",Unfall 168614 (2023) Kat:3, Licht: 2,168614,3,2,5,01,06,4,1,2,0,1,0,1,0,0
"POINT (8.813172661000067 53.050082805000045)",Unfall 168615 (2023) Kat:3, Licht: 0,168615,3,6,2,01,08,4,1,0,0,1,0,0,0,0
"POINT (8.715706315000034 53.135247309000079)",Unfall 168616 (2023) Kat:3, Licht: 0,168616,3,2,5,01,07,4,1,0,0,1,0,0,1,0
"POINT (8.714444162000063 53.180196713000043)",Unfall 168617 (2023) Kat:2, Licht: 1,168617,2,2,6,01,07,4,1,1,0,1,1,0,0,0
"POINT (8.819651538000073 53.049834942000075)",Unfall 168620 (2023) Kat:3, Licht: 2,168620,3,2,4,01,21,3,1,2,0,1,0,0,0,0
"POINT (8.937734461000048 53.068674720000047)",Unfall 168621 (2023) Kat:3, Licht: 0,168621,3,3,5,01,08,3,1,0,0,1,0,0,0,0
"POINT (8.835587516000032 53.077114035000079)",Unfall 168622 (2023) Kat:2, Licht: 0,168622,2,7,0,01,12,6,0,0,0,0,0,0,0,1
"POINT (8.728661729000066 53.038869638000051)",Unfall 168623 (2023) Kat:3, Licht: 0,168623,3,6,2,01,15,3,0,0,0,1,0,0,0,0
"POINT (8.808250679000025 53.094646718000035)",Unfall 168628 (2023) Kat:3, Licht: 2,168628,3,2,5,01,04,2,1,2,0,1,0,0,0,1
"POINT (8.715559521000046 53.135364665000054)",Unfall 168629 (2023) Kat:3, Licht: 2,168629,3,6,3,01,06,2,1,2,0,1,0,0,1,0
"POINT (8.705468656000050 53.138439434000077)",Unfall 168630 (2023) Kat:2, Licht: 0,168630,2,3,5,01,14,2,1,0,0,1,0,0,0,0
"POINT (8.857474307000075 53.089026962000048)",Unfall 168631 (2023) Kat:3, Licht: 0,168631,3,6,3,01,08,2,1,0,1,1,0,0,0,0
"POINT (8.634837081000057 53.173114275000046)",Unfall 168632 (2023) Kat:3, Licht: 2,168632,3,5,1,01,03,2,1,2,0,1,0,0,0,0
"POINT (8.946284557000070 53.090596076000054)",Unfall 168634 (2023) Kat:3, Licht: 2,168634,3,4,6,01,06,1,0,2,0,1,1,0,0,0
"POINT (8.854414393000070 53.066946625000071)",Unfall 168635 (2023) Kat:3, Licht: 2,168635,3,2,5,01,19,7,0,2,0,1,0,0,0,0
"POINT (8.832001492000074 53.077516442000046)",Unfall 168636 (2023) Kat:3, Licht: 2,168636,3,3,5,01,17,7,0,2,1,1,0,0,0,0
"POINT (8.802422218000061 53.085983265000039)",Unfall 168637 (2023) Kat:3, Licht: 2,168637,3,4,6,01,04,7,1,2,0,1,1,0,0,0
"POINT (8.774753896000050 53.077055797000071)",Unfall 168638 (2023) Kat:3, Licht: 2,168638,3,7,6,03,19,4,0,2,0,1,1,0,0,0
"POINT (8.571826850000036 53.196127266000076)",Unfall 168639 (2023) Kat:2, Licht: 2,168639,2,3,5,01,21,7,0,2,0,1,0,0,0,0
"POINT (8.729542368000068 53.040444463000028)",Unfall 168640 (2023) Kat:1, Licht: 2,168640,1,7,6,01,19,7,0,2,0,1,1,0,0,0
"POINT (8.787313427000072 53.094912933000046)",Unfall 168641 (2023) Kat:3, Licht: 0,168641,3,3,5,01,11,7,0,0,1,1,0,0,0,0
"POINT (8.739897804000066 53.051191190000054)",Unfall 168642 (2023) Kat:3, Licht: 2,168642,3,4,6,01,17,7,0,2,0,1,1,0,0,0
"POINT (8.791584376000060 53.103128684000069)",Unfall 168644 (2023) Kat:3, Licht: 0,168644,3,4,6,01,14,6,0,0,1,0,1,0,0,0
"POINT (8.876799517000052 53.065883282000073)",Unfall 168645 (2023) Kat:2, Licht: 2,168645,2,4,6,01,18,6,0,2,0,0,1,0,0,1
"POINT (8.563961690000042 53.202733781000063)",Unfall 168646 (2023) Kat:3, Licht: 2,168646,3,6,4,01,07,6,1,2,0,1,0,0,0,0
"POINT (8.733796908000045 53.058406316000060)",Unfall 168647 (2023) Kat:3, Licht: 1,168647,3,3,5,01,16,6,0,1,1,1,0,0,0,0
"POINT (8.819469467000033 53.027637554000080)",Unfall 168648 (2023) Kat:3, Licht: 0,168648,3,6,2,05,08,6,0,0,0,1,0,0,0,0
"POINT (8.622563426000056 53.168634242000053)",Unfall 168649 (2023) Kat:3, Licht: 2,168649,3,7,0,01,23,6,1,2,0,1,0,0,0,0
"POINT (8.587415852000049 53.182658222000043)",Unfall 168650 (2023) Kat:3, Licht: 0,168650,3,3,5,01,15,5,0,0,0,1,0,0,0,0
"POINT (8.884080159000064 53.050423217000059)",Unfall 168651 (2023) Kat:3, Licht: 0,168651,3,6,2,01,12,5,0,0,0,1,0,0,0,0
"POINT (8.814239428000064 53.100707383000042)",Unfall 168652 (2023) Kat:2, Licht: 0,168652,2,2,5,01,12,5,0,0,1,1,0,0,0,0
"POINT (8.808248054000046 53.094648670000026)",Unfall 168653 (2023) Kat:3, Licht: 0,168653,3,3,5,01,12,5,0,0,1,1,0,0,0,0
"POINT (8.858044801000062 53.072509156000081)",Unfall 168655 (2023) Kat:3, Licht: 0,168655,3,5,1,01,10,4,1,0,0,0,0,0,0,1
"POINT (8.751221383000029 53.082307063000030)",Unfall 168656 (2023) Kat:2, Licht: 0,168656,2,3,5,03,13,5,0,0,1,1,0,0,0,0
"POINT (8.636490840000022 53.190414698000041)",Unfall 168657 (2023) Kat:3, Licht: 0,168657,3,4,6,01,13,4,1,0,0,1,1,0,0,0
"POINT (8.959623326000042 53.039155340000036)",Unfall 168658 (2023) Kat:3, Licht: 0,168658,3,2,3,01,15,4,1,0,1,0,0,0,0,1
"POINT (8.843384814000046 53.073447923000060)",Unfall 168659 (2023) Kat:2, Licht: 0,168659,2,7,6,01,14,4,1,0,0,1,1,0,0,0
"POINT (8.754625396000051 53.124076446000061)",Unfall 168660 (2023) Kat:3, Licht: 2,168660,3,2,5,01,16,4,1,2,0,1,0,1,0,0
"POINT (8.863378228000045 53.068400646000043)",Unfall 168661 (2023) Kat:3, Licht: 0,168661,3,3,5,01,07,3,1,0,1,1,0,0,0,0
"POINT (8.828865964000045 53.033613422000030)",Unfall 168662 (2023) Kat:3, Licht: 0,168662,3,6,0,01,16,3,1,0,1,1,0,0,0,0
"POINT (8.824431970000035 53.084489330000054)",Unfall 168663 (2023) Kat:3, Licht: 0,168663,3,3,5,03,10,4,0,0,1,1,0,0,0,0
"POINT (8.848107622000043 53.050539247000074)",Unfall 168664 (2023) Kat:3, Licht: 2,168664,3,2,6,01,18,3,0,2,0,1,1,0,0,0
"POINT (8.819888063000064 53.049437494000074)",Unfall 168665 (2023) Kat:3, Licht: 0,168665,3,7,0,01,09,3,1,0,0,0,0,1,0,0
"POINT (8.808031858000049 53.072479740000063)",Unfall 168666 (2023) Kat:3, Licht: 2,168666,3,6,3,01,16,3,0,2,1,0,0,0,0,0
"POINT (8.754774134000058 53.112526715000058)",Unfall 168669 (2023) Kat:3, Licht: 2,168669,3,2,6,01,18,2,1,2,0,1,1,0,0,0
"POINT (8.802209076000054 53.078611504000037)",Unfall 168670 (2023) Kat:3, Licht: 0,168670,3,4,6,01,15,2,0,0,0,0,1,0,0,1
"POINT (8.770772613000076 53.078474728000060)",Unfall 168671 (2023) Kat:3, Licht: 2,168671,3,6,3,01,17,1,0,2,0,0,0,0,0,1
"POINT (8.812994964000040 53.080953865000026)",Unfall 168672 (2023) Kat:3, Licht: 0,168672,3,7,0,01,09,1,0,0,1,0,0,0,0,0
"POINT (8.682673686000044 53.173901497000031)",Unfall 168687 (2023) Kat:3, Licht: 0,168687,3,7,0,01,08,3,0,0,0,0,0,0,0,1
"POINT (8.848858654000026 53.067974824000032)",Unfall 168710 (2023) Kat:3, Licht: 0,168710,3,2,5,02,14,3,0,0,1,1,0,0,0,0
"POINT (8.846746840000037 53.092662747000077)",Unfall 168714 (2023) Kat:3, Licht: 0,168714,3,3,6,03,14,4,0,0,1,0,1,0,0,0
"POINT (8.808872864000023 53.074794764000046)",Unfall 168752 (2023) Kat:3, Licht: 0,168752,3,7,0,05,09,4,1,0,0,0,0,0,0,1
"POINT (8.755502120000074 53.081283687000052)",Unfall 168772 (2023) Kat:2, Licht: 0,168772,2,3,5,01,13,4,0,0,1,1,0,0,0,0
"POINT (8.858241594000049 53.102861458000064)",Unfall 168784 (2023) Kat:3, Licht: 0,168784,3,3,5,05,15,4,0,0,0,1,0,0,0,0
"POINT (8.886723006000068 53.051529582000057)",Unfall 168808 (2023) Kat:3, Licht: 0,168808,3,6,3,05,10,6,0,0,1,1,0,0,0,0
"POINT (8.856525804000057 53.089867281000068)",Unfall 168828 (2023) Kat:3, Licht: 0,168828,3,2,5,05,10,7,0,0,1,1,0,0,0,0
"POINT (8.735236723000071 53.044694071000038)",Unfall 168855 (2023) Kat:3, Licht: 0,168855,3,3,5,05,17,4,0,0,1,1,0,0,0,0
"POINT (8.810605770000052 53.080083275000050)",Unfall 168870 (2023) Kat:3, Licht: 0,168870,3,3,5,05,07,2,0,0,1,0,0,0,0,0
"POINT (8.890902621000066 53.108865138000056)",Unfall 168871 (2023) Kat:3, Licht: 0,168871,3,3,5,04,15,2,1,0,1,1,0,0,0,0
"POINT (8.822624842000039 53.078615056000046)",Unfall 168932 (2023) Kat:3, Licht: 2,168932,3,3,5,03,21,3,1,2,0,1,0,0,0,1
"POINT (8.898606611000048 53.119841565000058)",Unfall 168943 (2023) Kat:3, Licht: 0,168943,3,2,5,01,08,6,0,0,1,1,0,0,0,0
"POINT (8.872786843000029 53.077508270000067)",Unfall 168947 (2023) Kat:1, Licht: 2,168947,1,6,4,03,01,7,0,2,1,1,0,0,0,0
"POINT (8.619555953000031 53.184063653000067)",Unfall 168979 (2023) Kat:2, Licht: 0,168979,2,7,0,05,15,5,0,0,0,0,0,0,0,1
"POINT (8.792929129000072 53.059268864000046)",Unfall 168981 (2023) Kat:3, Licht: 0,168981,3,6,2,01,13,2,1,0,0,1,0,0,0,0
"POINT (8.862536754000075 53.063051745000053)",Unfall 168982 (2023) Kat:3, Licht: 2,168982,3,6,2,01,23,4,1,2,0,1,0,0,0,0
"POINT (8.773642788000075 53.110843432000081)",Unfall 168983 (2023) Kat:3, Licht: 0,168983,3,3,5,01,08,3,0,0,1,1,0,0,0,0
"POINT (8.765052003000051 53.085189060000062)",Unfall 168988 (2023) Kat:3, Licht: 1,168988,3,2,5,03,07,2,1,1,1,1,0,0,0,0
"POINT (8.706357291000074 53.175249686000029)",Unfall 168993 (2023) Kat:3, Licht: 0,168993,3,4,6,01,10,4,0,0,0,1,1,0,0,0
"POINT (8.849909680000053 53.105275429000073)",Unfall 168999 (2023) Kat:1, Licht: 1,168999,1,4,6,01,07,3,0,1,0,1,1,0,0,0
"POINT (8.769757321000043 53.094954295000036)",Unfall 169009 (2023) Kat:3, Licht: 0,169009,3,1,8,04,12,4,0,0,1,0,0,0,0,0
"POINT (8.797161881000022 53.102801150000062)",Unfall 169019 (2023) Kat:3, Licht: 0,169019,3,3,5,03,08,3,1,0,1,1,0,0,0,0
"POINT (8.642356794000023 53.169024982000053)",Unfall 169047 (2023) Kat:3, Licht: 1,169047,3,4,6,11,07,2,1,1,0,1,1,0,0,0
"POINT (8.594288768000069 53.179057349000061)",Unfall 169049 (2023) Kat:3, Licht: 2,169049,3,3,5,11,20,1,1,2,0,1,0,0,0,0
"POINT (8.750195539000060 53.123629542000060)",Unfall 169050 (2023) Kat:3, Licht: 2,169050,3,3,5,11,19,1,1,2,0,1,0,0,0,0
"POINT (8.873638679000067 53.101282665000042)",Unfall 169053 (2023) Kat:3, Licht: 0,169053,3,3,5,11,08,7,1,0,1,1,0,0,0,0