WKT,Name,OBJECTID,UKATEGORIE,UTYP1,UART,UMONAT,USTUNDE,UWOCHENTAG,STRZUSTAND,ULICHTVERH,ISTRAD,ISTPKW,ISTFUSS,ISTKRAD,ISTGKFZ,ISTSONSTIG
"POINT (8.886332998000057 53.071479866000061)",Unfall 169054 (2023) Kat:2, Licht: 0,169054,2,3,5,11,14,7,1,0,1,1,0,0,0,0
"POINT (8.878837929000042 53.061059240000077)",Unfall 169055 (2023) Kat:3, Licht: 2,169055,3,1,8,11,21,7,1,2,0,1,0,0,0,0
"POINT (8.805906178000043 53.073461266000038)",Unfall 169056 (2023) Kat:2, Licht: 0,169056,2,4,6,11,13,7,0,0,0,1,1,0,0,0
"POINT (8.808490915000050 53.082962264000059)",Unfall 169059 (2023) Kat:3, Licht: 0,169059,3,2,0,11,11,6,0,0,0,1,0,0,0,1
"POINT (8.853545766000025 53.064889871000048)",Unfall 169060 (2023) Kat:3, Licht: 2,169060,3,6,2,11,05,6,1,2,0,1,0,0,0,0
"POINT (8.886937421000027 53.108071219000067)",Unfall 169061 (2023) Kat:3, Licht: 0,169061,3,6,2,11,14,6,0,0,0,1,0,0,0,0
"POINT (8.758009490000063 53.058169843000030)",Unfall 169062 (2023) Kat:3, Licht: 2,169062,3,3,5,11,07,6,1,2,1,1,0,0,0,0
"POINT (8.827094202000069 53.072738722000054)",Unfall 169063 (2023) Kat:3, Licht: 0,169063,3,6,2,11,15,6,1,0,1,1,0,0,0,0
"POINT (8.619074847000036 53.180502395000076)",Unfall 169064 (2023) Kat:2, Licht: 0,169064,2,3,5,11,12,6,0,0,1,1,0,0,0,0
"POINT (8.858356021000077 53.080502290000027)",Unfall 169065 (2023) Kat:3, Licht: 2,169065,3,7,2,11,17,6,1,2,0,1,0,0,0,0
"POINT (8.877650955000036 53.080271835000076)",Unfall 169066 (2023) Kat:3, Licht: 0,169066,3,6,2,11,11,5,1,0,0,1,0,0,1,0
"POINT (8.823206587000072 53.072989699000061)",Unfall 169067 (2023) Kat:3, Licht: 0,169067,3,6,3,11,11,5,0,0,1,0,0,0,0,1
"POINT (8.877639468000041 53.082525430000032)",Unfall 169068 (2023) Kat:3, Licht: 0,169068,3,2,5,11,10,5,1,0,1,1,0,0,0,0
"POINT (8.850008232000050 53.094729782000059)",Unfall 169069 (2023) Kat:3, Licht: 2,169069,3,2,0,11,18,5,0,2,1,0,0,0,0,0
"POINT (8.769633838000061 53.110407830000042)",Unfall 169070 (2023) Kat:2, Licht: 0,169070,2,2,5,11,08,5,1,0,1,1,0,0,0,0
"POINT (8.841402693000020 53.105369770000038)",Unfall 169071 (2023) Kat:3, Licht: 0,169071,3,2,3,11,09,5,1,0,1,1,0,0,0,0
"POINT (8.736005001000024 53.044618966000030)",Unfall 169072 (2023) Kat:3, Licht: 0,169072,3,7,0,11,12,5,0,0,0,0,0,0,0,1
"POINT (8.566413806000071 53.189654556000050)",Unfall 169075 (2023) Kat:3, Licht: 2,169075,3,3,5,11,21,4,1,2,0,1,0,0,0,0
"POINT (8.781870841000057 53.110440032000042)",Unfall 169076 (2023) Kat:3, Licht: 0,169076,3,6,6,11,08,4,0,0,0,1,1,0,0,0
"POINT (8.710477232000073 53.149656170000071)",Unfall 169077 (2023) Kat:3, Licht: 0,169077,3,5,1,11,15,4,1,0,0,1,0,0,0,0
"POINT (8.941019857000072 53.058404018000033)",Unfall 169078 (2023) Kat:3, Licht: 0,169078,3,2,3,11,14,4,0,0,1,1,0,0,0,0
"POINT (8.910706540000035 53.078443700000037)",Unfall 169079 (2023) Kat:3, Licht: 0,169079,3,4,6,11,07,4,1,0,0,1,1,0,0,0
"POINT (8.728000427000040 53.038215374000060)",Unfall 169080 (2023) Kat:3, Licht: 0,169080,3,2,5,11,12,4,1,0,0,1,0,0,0,0
"POINT (8.761076998000021 53.114829937000081)",Unfall 169081 (2023) Kat:3, Licht: 2,169081,3,6,3,11,19,3,0,2,0,1,0,0,0,1
"POINT (8.586386172000061 53.180592847000071)",Unfall 169082 (2023) Kat:3, Licht: 2,169082,3,6,4,11,17,3,1,2,0,1,0,0,0,1
"POINT (8.774157763000062 53.095433937000053)",Unfall 169083 (2023) Kat:3, Licht: 0,169083,3,3,5,11,09,3,0,0,1,1,0,0,0,0
"POINT (8.619270059000030 53.182137147000049)",Unfall 169084 (2023) Kat:3, Licht: 0,169084,3,3,5,11,13,3,0,0,1,0,0,0,0,1
"POINT (8.718762580000032 53.133234884000046)",Unfall 169085 (2023) Kat:3, Licht: 0,169085,3,6,2,11,10,3,0,0,0,1,0,0,1,0
"POINT (8.854623259000050 53.082354751000082)",Unfall 169086 (2023) Kat:3, Licht: 0,169086,3,3,5,11,09,3,0,0,1,1,0,0,0,0
"POINT (8.690866515000039 53.168678521000061)",Unfall 169087 (2023) Kat:3, Licht: 0,169087,3,7,0,11,08,3,0,0,0,1,0,1,0,0
"POINT (8.820181298000023 53.084112157000050)",Unfall 169088 (2023) Kat:3, Licht: 2,169088,3,7,0,11,21,3,1,2,1,0,0,0,0,0
"POINT (8.797020578000058 53.076427163000062)",Unfall 169090 (2023) Kat:3, Licht: 1,169090,3,3,5,11,17,2,0,1,0,1,0,0,0,1
"POINT (8.882646042000033 53.074681205000047)",Unfall 169091 (2023) Kat:3, Licht: 0,169091,3,3,5,11,13,2,0,0,0,1,0,0,0,0
"POINT (8.747010619000037 53.157567597000082)",Unfall 169092 (2023) Kat:3, Licht: 2,169092,3,7,7,11,19,2,1,2,0,1,0,0,0,0
"POINT (8.862600488000055 53.067652943000041)",Unfall 169093 (2023) Kat:3, Licht: 2,169093,3,4,6,11,06,2,1,2,0,1,1,0,0,0
"POINT (8.718523986000037 53.045818483000062)",Unfall 169094 (2023) Kat:3, Licht: 2,169094,3,3,5,11,05,2,1,2,0,1,0,0,0,0
"POINT (8.786384949000023 53.087872746000073)",Unfall 169095 (2023) Kat:3, Licht: 2,169095,3,3,5,11,21,1,1,2,0,1,0,0,0,0
"POINT (8.921163085000046 53.052303312000049)",Unfall 169096 (2023) Kat:3, Licht: 2,169096,3,5,1,11,17,1,1,2,0,1,0,0,1,0
"POINT (8.571041574000049 53.181267618000049)",Unfall 169097 (2023) Kat:3, Licht: 1,169097,3,3,0,11,17,7,1,1,1,1,0,0,0,0
"POINT (8.813575164000042 53.080654519000063)",Unfall 169098 (2023) Kat:3, Licht: 2,169098,3,6,2,11,18,7,1,2,0,1,0,0,0,0
"POINT (8.931466351000040 53.042223834000026)",Unfall 169099 (2023) Kat:2, Licht: 2,169099,2,5,1,11,22,7,1,2,0,1,0,0,0,0
"POINT (8.943480617000034 53.066460685000038)",Unfall 169100 (2023) Kat:2, Licht: 2,169100,2,2,5,11,19,7,1,2,1,1,0,0,0,0
"POINT (8.805714367000064 53.073354130000041)",Unfall 169101 (2023) Kat:3, Licht: 2,169101,3,7,0,11,22,7,1,2,1,0,0,0,0,0
"POINT (8.769868158000065 53.103838932000031)",Unfall 169104 (2023) Kat:3, Licht: 0,169104,3,6,2,11,14,6,0,0,0,1,1,0,0,0
"POINT (8.619074156000067 53.180494217000046)",Unfall 169105 (2023) Kat:3, Licht: 0,169105,3,3,5,11,11,6,0,0,1,1,0,0,0,0
"POINT (8.788486471000056 53.076961557000061)",Unfall 169106 (2023) Kat:3, Licht: 1,169106,3,6,2,11,06,6,0,1,0,1,0,0,0,0
"POINT (8.825008303000061 53.075107515000070)",Unfall 169107 (2023) Kat:3, Licht: 1,169107,3,5,1,11,16,6,0,1,1,1,0,0,0,0
"POINT (8.588889179000034 53.183081488000028)",Unfall 169108 (2023) Kat:3, Licht: 0,169108,3,2,5,11,14,6,0,0,1,1,0,0,0,0
"POINT (8.824805498000046 53.084582427000043)",Unfall 169109 (2023) Kat:2, Licht: 0,169109,2,2,5,11,13,6,0,0,1,0,0,0,1,0
"POINT (8.802350432000026 53.084837646000040)",Unfall 169111 (2023) Kat:2, Licht: 2,169111,2,7,0,11,18,5,0,2,1,0,0,0,0,0
"POINT (8.849337394000031 53.068825067000034)",Unfall 169112 (2023) Kat:3, Licht: 0,169112,3,6,2,11,15,5,0,0,1,1,0,0,0,0
"POINT (8.790303889000029 53.086335694000070)",Unfall 169113 (2023) Kat:3, Licht: 2,169113,3,3,5,11,13,5,0,2,1,1,0,0,0,0
"POINT (8.866023791000032 53.097604955000065)",Unfall 169114 (2023) Kat:3, Licht: 0,169114,3,6,2,11,08,5,0,0,1,1,0,0,0,0
"POINT (8.899292378000041 53.079155255000046)",Unfall 169115 (2023) Kat:3, Licht: 1,169115,3,6,2,11,06,5,0,1,0,1,0,0,1,0
"POINT (8.742632352000044 53.053282369000044)",Unfall 169116 (2023) Kat:3, Licht: 2,169116,3,2,5,11,17,5,0,2,1,1,0,0,0,0
"POINT (8.784913431000064 53.060535726000069)",Unfall 169117 (2023) Kat:3, Licht: 1,169117,3,6,3,11,16,5,0,1,1,0,0,0,0,0
"POINT (8.822860090000063 53.073994258000027)",Unfall 169118 (2023) Kat:3, Licht: 0,169118,3,7,0,11,10,4,1,0,0,1,0,0,0,1
"POINT (8.702453431000038 53.169933259000061)",Unfall 169119 (2023) Kat:3, Licht: 0,169119,3,7,0,11,14,4,1,0,1,0,0,0,0,0
"POINT (8.863844809000057 53.071391441000060)",Unfall 169120 (2023) Kat:3, Licht: 0,169120,3,2,5,11,11,4,1,0,1,1,0,0,0,0
"POINT (8.796473126000024 53.082648136000046)",Unfall 169124 (2023) Kat:3, Licht: 0,169124,3,2,5,11,08,4,0,0,0,0,0,1,0,0
"POINT (8.826505487000077 53.079331664000051)",Unfall 169125 (2023) Kat:3, Licht: 1,169125,3,3,5,10,15,3,1,1,1,1,0,0,0,0
"POINT (8.815598809000051 53.054191113000059)",Unfall 169127 (2023) Kat:3, Licht: 2,169127,3,5,1,10,01,2,1,2,0,1,0,0,0,0
"POINT (8.711828493000041 53.056229293000058)",Unfall 169128 (2023) Kat:3, Licht: 0,169128,3,4,6,10,16,2,0,0,1,0,1,0,0,0
"POINT (8.834515540000041 53.082035146000067)",Unfall 169129 (2023) Kat:3, Licht: 0,169129,3,6,2,10,12,2,0,0,0,1,0,0,0,1
"POINT (8.788218985000071 53.098701312000060)",Unfall 169130 (2023) Kat:3, Licht: 0,169130,3,5,1,10,14,2,0,0,0,1,0,0,0,1
"POINT (8.869535660000054 53.064217031000055)",Unfall 169131 (2023) Kat:3, Licht: 2,169131,3,1,9,10,01,2,1,2,0,1,0,0,0,0
"POINT (8.633664631000045 53.191290406000064)",Unfall 169132 (2023) Kat:3, Licht: 2,169132,3,5,1,10,03,2,1,2,0,1,0,0,0,1
"POINT (8.813581361000047 53.090373681000074)",Unfall 169133 (2023) Kat:3, Licht: 2,169133,3,3,5,10,05,1,0,2,1,1,0,0,0,0
"POINT (8.880364284000052 53.082375818000060)",Unfall 169134 (2023) Kat:3, Licht: 0,169134,3,3,5,10,10,1,0,0,1,1,0,0,0,0
"POINT (8.858257931000026 53.089105965000044)",Unfall 169135 (2023) Kat:3, Licht: 2,169135,3,7,0,10,01,7,1,2,0,0,0,0,0,1
"POINT (8.800464708000050 53.078794526000081)",Unfall 169136 (2023) Kat:3, Licht: 2,169136,3,1,0,10,20,7,1,2,1,0,0,0,0,0
"POINT (8.738118880000059 53.134535409000080)",Unfall 169137 (2023) Kat:3, Licht: 2,169137,3,7,9,10,01,7,1,2,0,1,0,0,0,0
"POINT (8.829293506000056 53.072002865000059)",Unfall 169138 (2023) Kat:3, Licht: 0,169138,3,7,0,10,14,7,1,0,0,0,0,0,0,1
"POINT (8.816365277000045 53.097214184000052)",Unfall 169139 (2023) Kat:3, Licht: 0,169139,3,6,3,10,11,7,0,0,1,1,0,0,0,0
"POINT (8.878939445000071 53.078929015000028)",Unfall 169140 (2023) Kat:3, Licht: 2,169140,3,2,5,10,21,7,0,2,0,1,0,0,0,0
"POINT (8.738029966000056 53.145150840000042)",Unfall 169141 (2023) Kat:3, Licht: 0,169141,3,1,9,10,16,6,1,0,1,1,0,0,0,0
"POINT (8.818888443000048 53.111713198000075)",Unfall 169142 (2023) Kat:3, Licht: 0,169142,3,3,5,10,08,6,1,0,1,1,0,0,0,0
"POINT (8.765366506000021 53.084962305000033)",Unfall 169143 (2023) Kat:3, Licht: 0,169143,3,5,0,10,08,6,1,0,1,1,0,0,0,0
"POINT (8.571704240000031 53.189873143000057)",Unfall 169144 (2023) Kat:2, Licht: 0,169144,2,3,5,10,17,6,1,0,1,1,0,0,0,0
"POINT (8.865076422000072 53.023235713000076)",Unfall 169145 (2023) Kat:3, Licht: 0,169145,3,6,2,10,17,5,0,0,0,1,0,0,0,0
"POINT (8.521245395000051 53.205131829000038)",Unfall 169146 (2023) Kat:2, Licht: 0,169146,2,7,6,10,13,5,0,0,1,0,1,0,0,0
"POINT (8.849872245000029 53.094719246000068)",Unfall 169147 (2023) Kat:1, Licht: 0,169147,1,7,0,10,11,5,1,0,0,0,0,0,0,1
"POINT (8.817687528000022 53.052636021000069)",Unfall 169148 (2023) Kat:3, Licht: 0,169148,3,2,5,10,15,5,1,0,1,1,0,0,0,0
"POINT (8.830379973000049 53.085658586000079)",Unfall 169149 (2023) Kat:3, Licht: 0,169149,3,3,5,10,12,5,0,0,0,1,0,0,0,1
"POINT (8.727461706000042 53.037294230000043)",Unfall 169150 (2023) Kat:3, Licht: 0,169150,3,3,5,10,15,5,0,0,0,1,0,0,0,0
"POINT (8.803775081000026 53.090062125000031)",Unfall 169152 (2023) Kat:3, Licht: 0,169152,3,7,1,10,18,4,0,0,1,1,0,0,0,0
"POINT (8.920181650000075 53.044358580000051)",Unfall 169153 (2023) Kat:3, Licht: 0,169153,3,3,5,10,09,4,1,0,0,1,0,0,0,0
"POINT (8.763464222000039 53.100906993000081)",Unfall 169154 (2023) Kat:3, Licht: 0,169154,3,3,5,10,11,4,0,0,1,1,0,0,0,0
"POINT (8.774380003000033 53.058492405000038)",Unfall 169155 (2023) Kat:3, Licht: 0,169155,3,6,0,10,16,4,0,0,0,1,0,0,0,0
"POINT (8.772577732000059 53.081489554000029)",Unfall 169156 (2023) Kat:3, Licht: 0,169156,3,6,4,10,09,4,0,0,1,0,0,0,0,0
"POINT (8.802523892000067 53.101510680000047)",Unfall 169157 (2023) Kat:3, Licht: 0,169157,3,3,5,10,12,4,1,0,1,1,0,0,0,0
"POINT (8.788754439000058 53.093586470000048)",Unfall 169158 (2023) Kat:3, Licht: 0,169158,3,7,0,10,17,3,0,0,0,0,0,0,0,1
"POINT (8.848699169000042 53.103054731000043)",Unfall 169159 (2023) Kat:3, Licht: 0,169159,3,3,5,10,09,3,1,0,1,1,0,0,0,0
"POINT (8.718881851000049 53.056657463000079)",Unfall 169160 (2023) Kat:3, Licht: 0,169160,3,3,5,10,15,3,0,0,0,1,0,1,0,0
"POINT (8.775751167000067 53.098879843000077)",Unfall 169163 (2023) Kat:3, Licht: 0,169163,3,7,0,10,09,2,0,0,0,0,0,0,0,1
"POINT (8.800674104000052 53.105270365000081)",Unfall 169164 (2023) Kat:3, Licht: 0,169164,3,3,5,10,17,2,0,0,0,1,0,0,0,0
"POINT (8.785565067000050 53.090711519000081)",Unfall 169165 (2023) Kat:3, Licht: 0,169165,3,5,1,10,17,2,0,0,1,1,0,0,0,0
"POINT (8.857326597000053 53.070149518000051)",Unfall 169166 (2023) Kat:3, Licht: 0,169166,3,4,0,10,17,2,1,0,1,0,1,0,0,0
"POINT (8.861782042000073 53.099206005000042)",Unfall 169167 (2023) Kat:3, Licht: 1,169167,3,6,4,10,18,2,0,1,1,0,0,0,0,0
"POINT (8.901162850000048 53.089454913000054)",Unfall 169168 (2023) Kat:3, Licht: 0,169168,3,3,5,10,16,2,0,0,1,1,0,0,0,0
"POINT (8.761994214000026 53.060126135000075)",Unfall 169169 (2023) Kat:3, Licht: 0,169169,3,7,0,10,08,2,0,0,1,0,0,0,0,1
"POINT (8.778596844000049 53.094786188000057)",Unfall 169171 (2023) Kat:3, Licht: 0,169171,3,6,2,10,14,7,0,0,0,1,0,0,0,0
"POINT (8.731533705000061 53.041347151000082)",Unfall 169172 (2023) Kat:3, Licht: 0,169172,3,6,2,10,11,7,0,0,0,1,0,0,0,0
"POINT (8.777179343000057 53.106633249000026)",Unfall 169173 (2023) Kat:3, Licht: 2,169173,3,2,5,10,19,7,0,2,0,1,0,0,0,1
"POINT (8.797769244000051 53.117366010000069)",Unfall 169174 (2023) Kat:2, Licht: 0,169174,2,3,5,10,13,7,1,0,0,1,0,1,0,0
"POINT (8.963704540000037 53.057534987000054)",Unfall 169175 (2023) Kat:3, Licht: 0,169175,3,2,3,10,13,7,1,0,0,1,0,0,0,0
"POINT (8.806340215000034 53.084392966000053)",Unfall 169176 (2023) Kat:3, Licht: 2,169176,3,3,5,10,04,7,0,2,1,1,0,0,0,0
"POINT (8.859815347000051 53.078650734000064)",Unfall 169177 (2023) Kat:3, Licht: 0,169177,3,7,0,10,17,6,1,0,1,0,0,0,0,0
"POINT (8.790820937000035 53.085919812000043)",Unfall 169178 (2023) Kat:3, Licht: 0,169178,3,3,5,10,13,6,1,0,1,0,0,1,0,0
"POINT (8.809920109000075 53.077034634000029)",Unfall 169179 (2023) Kat:3, Licht: 0,169179,3,2,6,10,12,6,1,0,0,1,1,0,0,0
"POINT (8.791597230000036 53.090950277000047)",Unfall 169180 (2023) Kat:3, Licht: 0,169180,3,7,0,10,12,6,0,0,0,1,0,0,0,1
"POINT (8.794702924000035 53.082720006000045)",Unfall 169182 (2023) Kat:3, Licht: 0,169182,3,6,2,10,17,5,1,0,0,1,0,0,0,0
"POINT (8.867401856000072 53.063423138000076)",Unfall 169183 (2023) Kat:3, Licht: 1,169183,3,2,6,10,07,5,1,1,0,0,1,0,0,1
"POINT (8.841199040000049 53.035529773000064)",Unfall 169184 (2023) Kat:3, Licht: 2,169184,3,2,5,10,19,5,1,2,0,1,1,0,0,0
"POINT (8.794035085000075 53.074313145000076)",Unfall 169185 (2023) Kat:3, Licht: 0,169185,3,6,1,10,15,5,0,0,0,1,0,0,0,0
"POINT (8.802838379000036 53.101381183000058)",Unfall 169186 (2023) Kat:3, Licht: 2,169186,3,3,5,10,05,5,1,2,1,1,0,0,0,0
"POINT (8.796997992000058 53.076439340000036)",Unfall 169187 (2023) Kat:3, Licht: 0,169187,3,3,5,10,12,5,1,0,0,1,0,0,0,1
"POINT (8.805910003000065 53.081291045000057)",Unfall 169188 (2023) Kat:3, Licht: 2,169188,3,2,5,10,18,5,1,2,0,1,0,0,0,1
"POINT (8.781312761000038 53.091858839000054)",Unfall 169189 (2023) Kat:3, Licht: 0,169189,3,6,3,10,15,4,0,0,0,1,0,0,1,0
"POINT (8.822149457000023 53.085576303000039)",Unfall 169190 (2023) Kat:3, Licht: 2,169190,3,2,5,10,22,4,1,2,0,1,0,1,0,0
"POINT (8.820203462000052 53.084115544000042)",Unfall 169191 (2023) Kat:2, Licht: 0,169191,2,1,0,10,12,4,0,0,1,0,0,0,0,0
"POINT (8.714176631000043 53.180270537000069)",Unfall 169192 (2023) Kat:3, Licht: 1,169192,3,3,5,10,18,4,0,1,0,1,0,0,0,0
"POINT (8.815222127000027 53.082251357000075)",Unfall 169193 (2023) Kat:3, Licht: 0,169193,3,6,3,10,16,4,0,0,0,1,0,0,0,1
"POINT (8.855720630000064 53.069606302000068)",Unfall 169195 (2023) Kat:3, Licht: 0,169195,3,2,5,10,10,3,0,0,1,0,0,0,0,1
"POINT (8.804579353000065 53.085812009000051)",Unfall 169196 (2023) Kat:3, Licht: 1,169196,3,3,5,10,18,3,0,1,1,1,0,0,0,0
"POINT (8.554829201000075 53.192548204000047)",Unfall 169197 (2023) Kat:3, Licht: 0,169197,3,2,2,10,11,3,0,0,0,1,0,0,0,0
"POINT (8.874771996000050 53.101280172000031)",Unfall 169198 (2023) Kat:3, Licht: 0,169198,3,3,5,10,11,3,0,0,1,1,0,0,0,0
"POINT (8.739284530000020 53.059798930000056)",Unfall 169199 (2023) Kat:3, Licht: 0,169199,3,3,5,10,15,3,0,0,1,1,0,0,0,0
"POINT (8.795150358000058 53.090616271000044)",Unfall 169200 (2023) Kat:3, Licht: 0,169200,3,7,2,10,17,3,0,0,0,1,0,0,0,1
"POINT (8.859407205000025 53.102752930000065)",Unfall 169201 (2023) Kat:3, Licht: 0,169201,3,2,5,10,17,3,0,0,1,1,0,0,0,0
"POINT (8.813642938000044 53.090349060000051)",Unfall 169202 (2023) Kat:3, Licht: 0,169202,3,2,5,10,16,3,0,0,1,1,0,0,0,0
"POINT (8.648137356000063 53.171808443000032)",Unfall 169204 (2023) Kat:3, Licht: 0,169204,3,6,2,10,10,2,0,0,0,1,0,0,0,0
"POINT (8.774255892000042 53.101463964000061)",Unfall 169205 (2023) Kat:3, Licht: 0,169205,3,2,5,10,12,2,1,0,1,1,0,0,0,0
"POINT (8.773783996000077 53.061946072000069)",Unfall 169206 (2023) Kat:3, Licht: 0,169206,3,6,3,10,12,2,0,0,0,1,0,0,0,0
"POINT (8.892902140000047 53.060347228000069)",Unfall 169207 (2023) Kat:3, Licht: 1,169207,3,7,0,10,16,2,0,1,1,1,0,0,0,0
"POINT (8.823431884000058 53.084957635000080)",Unfall 169208 (2023) Kat:3, Licht: 1,169208,3,1,4,10,17,1,1,1,0,1,0,0,0,0
"POINT (8.799137700000074 53.074894271000062)",Unfall 169211 (2023) Kat:3, Licht: 2,169211,3,1,6,10,06,7,1,2,0,1,1,0,0,0
"POINT (8.825616522000075 53.078986539000027)",Unfall 169216 (2023) Kat:3, Licht: 2,169216,3,4,6,10,21,6,1,2,0,1,1,0,0,0
"POINT (8.797405854000033 53.087396599000044)",Unfall 169217 (2023) Kat:3, Licht: 2,169217,3,7,8,10,19,6,1,2,0,0,0,1,0,0
"POINT (8.893244153000069 53.060325763000037)",Unfall 169218 (2023) Kat:3, Licht: 0,169218,3,4,6,10,08,6,1,0,1,0,1,0,0,0
"POINT (8.917712182000059 53.071275588000049)",Unfall 169219 (2023) Kat:3, Licht: 1,169219,3,2,5,10,07,6,1,1,1,1,0,0,0,0
"POINT (8.785013254000035 53.102229840000064)",Unfall 169220 (2023) Kat:3, Licht: 0,169220,3,4,6,10,14,6,0,0,0,1,1,0,0,0
"POINT (8.723570743000039 53.076730537000060)",Unfall 169221 (2023) Kat:3, Licht: 0,169221,3,3,5,10,16,6,1,0,0,1,0,0,0,0
"POINT (8.777615731000026 53.095883472000082)",Unfall 169222 (2023) Kat:3, Licht: 1,169222,3,3,6,10,07,6,1,1,0,1,1,0,0,0
"POINT (8.914019260000032 53.059800639000059)",Unfall 169223 (2023) Kat:3, Licht: 0,169223,3,6,2,10,14,6,1,0,0,1,0,0,0,0
"POINT (8.786801801000024 53.074539148000042)",Unfall 169224 (2023) Kat:3, Licht: 2,169224,3,6,2,10,22,6,1,2,1,1,0,0,0,0
"POINT (8.822631001000047 53.075329904000057)",Unfall 169225 (2023) Kat:2, Licht: 2,169225,2,7,0,10,19,6,1,2,1,0,0,0,0,0
"POINT (8.790943738000067 53.095692938000070)",Unfall 169229 (2023) Kat:3, Licht: 0,169229,3,5,1,10,16,5,0,0,1,1,0,0,0,0
"POINT (8.806182379000063 53.081528152000033)",Unfall 169230 (2023) Kat:3, Licht: 0,169230,3,3,5,10,16,5,0,0,0,1,0,0,0,1
"POINT (8.786731187000044 53.100427007000064)",Unfall 169231 (2023) Kat:3, Licht: 0,169231,3,4,6,10,12,5,0,0,1,0,1,0,0,0
"POINT (8.801675702000068 53.080754313000057)",Unfall 169232 (2023) Kat:3, Licht: 0,169232,3,4,6,10,17,5,0,0,0,1,1,0,0,0
"POINT (8.800482481000074 53.078776810000079)",Unfall 169233 (2023) Kat:3, Licht: 0,169233,3,3,5,10,10,5,0,0,0,1,0,0,0,0
"POINT (8.794615269000076 53.091624387000081)",Unfall 169234 (2023) Kat:3, Licht: 0,169234,3,3,5,10,13,5,0,0,1,1,0,0,0,0
"POINT (8.808753551000052 53.074828841000055)",Unfall 169235 (2023) Kat:3, Licht: 0,169235,3,7,0,10,14,5,0,0,1,0,0,0,0,0
"POINT (8.809133292000070 53.078708111000026)",Unfall 169238 (2023) Kat:3, Licht: 2,169238,3,7,6,10,21,4,1,2,1,0,1,0,0,0
"POINT (8.619213503000026 53.181743156000039)",Unfall 169239 (2023) Kat:3, Licht: 0,169239,3,7,0,10,17,4,0,0,1,1,0,0,0,0
"POINT (8.833079978000058 53.039883945000042)",Unfall 169240 (2023) Kat:3, Licht: 2,169240,3,3,5,10,21,4,1,2,1,1,0,0,0,0
"POINT (8.896902675000035 53.059042531000046)",Unfall 169241 (2023) Kat:3, Licht: 2,169241,3,2,5,10,06,4,0,2,1,1,0,0,0,0
"POINT (8.819385507000050 53.048496689000046)",Unfall 169242 (2023) Kat:2, Licht: 0,169242,2,3,5,10,07,4,0,0,1,1,0,0,0,0
"POINT (8.788534538000022 53.069298264000054)",Unfall 169243 (2023) Kat:3, Licht: 0,169243,3,6,2,10,10,4,0,0,0,1,0,0,0,0
"POINT (8.806754456000021 53.089845245000049)",Unfall 169244 (2023) Kat:3, Licht: 2,169244,3,3,6,10,06,4,0,2,0,0,1,0,0,1
"POINT (8.891882984000063 53.081020401000046)",Unfall 169245 (2023) Kat:3, Licht: 0,169245,3,6,3,10,15,4,0,0,0,1,0,1,0,0
"POINT (8.781727016000048 53.068786107000051)",Unfall 169246 (2023) Kat:3, Licht: 0,169246,3,2,5,10,14,4,0,0,1,1,0,0,0,0
"POINT (8.579518491000044 53.183457988000043)",Unfall 169254 (2023) Kat:3, Licht: 0,169254,3,4,6,10,13,3,0,0,0,0,1,0,0,1
"POINT (8.792696015000047 53.064365452000061)",Unfall 169255 (2023) Kat:3, Licht: 0,169255,3,3,5,10,15,3,0,0,0,1,0,0,0,1
"POINT (8.941081959000030 53.060503079000057)",Unfall 169256 (2023) Kat:3, Licht: 0,169256,3,6,3,10,12,3,1,0,1,1,0,0,0,0
"POINT (8.884187121000025 53.052003727000056)",Unfall 169257 (2023) Kat:3, Licht: 2,169257,3,7,0,10,22,3,0,2,0,1,0,0,0,0
"POINT (8.812368405000029 53.080961565000052)",Unfall 169258 (2023) Kat:3, Licht: 0,169258,3,2,5,10,15,3,0,0,0,1,0,1,0,0
"POINT (8.758028627000044 53.058185537000043)",Unfall 169259 (2023) Kat:3, Licht: 0,169259,3,6,1,10,09,3,0,0,0,1,0,0,0,0
"POINT (8.789537999000061 53.063787454000078)",Unfall 169260 (2023) Kat:3, Licht: 0,169260,3,6,2,10,08,3,0,0,0,1,0,0,0,1
"POINT (8.882807916000047 53.109547036000038)",Unfall 169261 (2023) Kat:3, Licht: 0,169261,3,3,5,10,17,3,0,0,0,1,0,0,0,0
"POINT (8.767184830000076 53.111742189000040)",Unfall 169262 (2023) Kat:3, Licht: 0,169262,3,7,0,10,08,3,0,0,0,1,0,0,0,1
"POINT (8.812601076000021 53.080840570000078)",Unfall 169263 (2023) Kat:2, Licht: 1,169263,2,3,5,10,18,3,0,1,1,1,0,0,0,0
"POINT (8.893429514000047 53.047007820000033)",Unfall 169264 (2023) Kat:3, Licht: 0,169264,3,3,5,10,13,3,1,0,0,0,0,1,0,1
"POINT (8.884372117000055 53.051922032000050)",Unfall 169265 (2023) Kat:2, Licht: 2,169265,2,6,0,10,22,3,0,2,0,1,0,0,0,0
"POINT (8.843600107000043 53.089639742000031)",Unfall 169266 (2023) Kat:3, Licht: 0,169266,3,6,0,10,09,3,0,0,0,1,0,0,0,1
"POINT (8.756866506000051 53.114399335000030)",Unfall 169269 (2023) Kat:3, Licht: 0,169269,3,7,0,10,11,2,0,0,0,0,0,0,0,1
"POINT (8.871302300000025 53.063682163000067)",Unfall 169270 (2023) Kat:3, Licht: 0,169270,3,6,3,10,14,2,1,0,0,1,0,1,0,0