WKT,Name,OBJECTID,UKATEGORIE,UTYP1,UART,UMONAT,USTUNDE,UWOCHENTAG,STRZUSTAND,ULICHTVERH,ISTRAD,ISTPKW,ISTFUSS,ISTKRAD,ISTGKFZ,ISTSONSTIG
"POINT (8.668453307000050 53.174942976000068)",Unfall 169495 (2023) Kat:2, Licht: 0,169495,2,7,0,09,17,7,0,0,1,0,0,0,0,0
"POINT (8.755402084000025 53.061137805000044)",Unfall 169496 (2023) Kat:2, Licht: 0,169496,2,1,8,09,17,7,0,0,0,1,0,0,0,0
"POINT (8.854291186000069 53.082390539000073)",Unfall 169497 (2023) Kat:3, Licht: 0,169497,3,2,5,09,13,7,0,0,1,1,0,0,0,0
"POINT (8.794994911000060 53.084624206000058)",Unfall 169498 (2023) Kat:3, Licht: 0,169498,3,3,5,09,17,6,0,0,1,1,0,0,0,0
"POINT (8.776511364000044 53.098009665000063)",Unfall 169499 (2023) Kat:3, Licht: 0,169499,3,6,2,09,17,6,0,0,0,1,0,0,0,0
"POINT (8.823657648000051 53.078179951000038)",Unfall 169500 (2023) Kat:3, Licht: 0,169500,3,3,5,09,11,6,0,0,0,1,0,0,0,0
"POINT (8.878976834000071 53.078941732000033)",Unfall 169501 (2023) Kat:3, Licht: 0,169501,3,3,5,09,09,6,0,0,1,1,0,0,0,0
"POINT (8.582391720000032 53.180396006000080)",Unfall 169502 (2023) Kat:3, Licht: 0,169502,3,2,4,09,17,6,0,0,1,1,0,0,0,0
"POINT (8.959459385000059 53.040685891000066)",Unfall 169503 (2023) Kat:2, Licht: 0,169503,2,7,0,09,17,6,0,0,0,0,0,1,0,0
"POINT (8.828848715000049 53.041769473000045)",Unfall 169504 (2023) Kat:3, Licht: 0,169504,3,3,5,09,16,6,0,0,1,1,0,0,0,0
"POINT (8.696350427000027 53.168609643000082)",Unfall 169505 (2023) Kat:3, Licht: 0,169505,3,3,5,09,15,6,0,0,1,1,0,0,0,0
"POINT (8.877905440000063 53.070776282000054)",Unfall 169506 (2023) Kat:3, Licht: 0,169506,3,6,2,09,13,6,0,0,1,0,0,0,0,0
"POINT (8.880809267000075 53.071732062000081)",Unfall 169509 (2023) Kat:3, Licht: 0,169509,3,3,5,09,17,5,0,0,0,1,0,0,0,1
"POINT (8.797087381000040 53.094687089000047)",Unfall 169510 (2023) Kat:3, Licht: 0,169510,3,5,1,09,15,5,0,0,1,1,0,0,0,0
"POINT (8.934158632000049 53.069454295000071)",Unfall 169511 (2023) Kat:3, Licht: 0,169511,3,3,5,09,18,5,0,0,1,1,0,0,0,0
"POINT (8.801105631000041 53.078357604000075)",Unfall 169512 (2023) Kat:3, Licht: 0,169512,3,6,2,09,18,5,0,0,0,1,0,0,0,0
"POINT (8.787647521000054 53.087441830000046)",Unfall 169513 (2023) Kat:3, Licht: 0,169513,3,6,2,09,13,5,0,0,0,1,0,0,0,0
"POINT (8.863453278000065 53.091616351000027)",Unfall 169514 (2023) Kat:3, Licht: 2,169514,3,7,7,09,21,5,0,2,1,0,0,0,0,1
"POINT (8.942375735000041 53.066964245000065)",Unfall 169515 (2023) Kat:3, Licht: 0,169515,3,2,2,09,11,5,0,0,0,1,0,0,0,0
"POINT (8.878542246000052 53.078971560000070)",Unfall 169516 (2023) Kat:3, Licht: 0,169516,3,6,2,09,13,5,0,0,1,0,0,0,0,0
"POINT (8.635158182000055 53.167014237000046)",Unfall 169517 (2023) Kat:3, Licht: 0,169517,3,2,5,09,08,5,0,0,1,1,0,0,0,0
"POINT (8.855680173000053 53.103441317000033)",Unfall 169518 (2023) Kat:3, Licht: 0,169518,3,3,5,09,15,5,0,0,0,1,0,0,0,0
"POINT (8.619427054000028 53.183863687000041)",Unfall 169519 (2023) Kat:3, Licht: 0,169519,3,4,6,09,17,5,0,0,0,1,1,0,0,0
"POINT (8.886434321000024 53.086052421000034)",Unfall 169520 (2023) Kat:2, Licht: 0,169520,2,6,5,09,08,5,0,0,1,1,0,0,0,0
"POINT (8.856874328000060 53.073465410000040)",Unfall 169523 (2023) Kat:3, Licht: 0,169523,3,2,5,09,15,4,0,0,1,1,0,0,0,0
"POINT (8.812928287000034 53.101873063000028)",Unfall 169524 (2023) Kat:3, Licht: 0,169524,3,2,4,09,10,4,0,0,1,1,0,0,0,0
"POINT (8.612679364000030 53.188012866000065)",Unfall 169525 (2023) Kat:3, Licht: 0,169525,3,3,5,09,16,4,0,0,0,0,0,0,0,1
"POINT (8.879834618000075 53.112593594000032)",Unfall 169526 (2023) Kat:1, Licht: 0,169526,1,2,5,09,09,4,0,0,1,1,0,0,0,0
"POINT (8.741023898000037 53.052640359000065)",Unfall 169527 (2023) Kat:3, Licht: 0,169527,3,3,5,09,08,4,0,0,0,1,0,0,0,0
"POINT (8.844716113000061 53.033745955000029)",Unfall 169528 (2023) Kat:3, Licht: 0,169528,3,3,5,09,07,4,0,0,1,1,0,0,0,0
"POINT (8.771596453000029 53.101560829000050)",Unfall 169529 (2023) Kat:3, Licht: 0,169529,3,3,5,09,13,4,0,0,0,1,0,0,0,1
"POINT (8.795295355000064 53.065488491000053)",Unfall 169530 (2023) Kat:3, Licht: 0,169530,3,5,1,09,17,4,0,0,1,1,0,0,0,0
"POINT (8.584830979000060 53.181285744000036)",Unfall 169531 (2023) Kat:3, Licht: 0,169531,3,2,5,09,08,4,0,0,1,1,0,0,0,0
"POINT (8.748878364000063 53.124795969000047)",Unfall 169532 (2023) Kat:3, Licht: 0,169532,3,6,2,09,14,4,0,0,0,1,0,0,0,0
"POINT (8.782628086000045 53.087093728000070)",Unfall 169535 (2023) Kat:3, Licht: 2,169535,3,6,2,10,19,4,0,2,0,1,0,0,0,0
"POINT (8.719483931000070 53.173789919000058)",Unfall 169539 (2023) Kat:3, Licht: 0,169539,3,3,5,09,17,3,0,0,1,1,0,0,0,0
"POINT (8.807556499000043 53.082511204000070)",Unfall 169540 (2023) Kat:3, Licht: 0,169540,3,3,5,09,08,3,0,0,1,1,0,0,0,0
"POINT (8.803934805000040 53.072285052000041)",Unfall 169541 (2023) Kat:3, Licht: 0,169541,3,7,3,09,15,3,0,0,1,0,0,0,0,0
"POINT (8.796219077000046 53.084007243000030)",Unfall 169542 (2023) Kat:3, Licht: 0,169542,3,6,3,09,07,3,0,0,1,0,0,0,0,0
"POINT (8.789484046000041 53.078670281000029)",Unfall 169543 (2023) Kat:3, Licht: 0,169543,3,7,0,09,15,3,0,0,0,0,0,1,0,0
"POINT (8.788466790000030 53.073426840000081)",Unfall 169544 (2023) Kat:3, Licht: 0,169544,3,3,5,09,13,3,0,0,1,1,0,0,0,0
"POINT (8.876313862000075 53.080970027000035)",Unfall 169545 (2023) Kat:3, Licht: 0,169545,3,7,1,09,08,3,0,0,1,1,0,0,0,0
"POINT (8.951122229000021 53.062195739000060)",Unfall 169546 (2023) Kat:3, Licht: 0,169546,3,3,5,09,16,3,0,0,0,1,0,0,0,0
"POINT (8.923529545000065 53.092967515000055)",Unfall 169547 (2023) Kat:3, Licht: 0,169547,3,6,3,09,08,3,0,0,1,1,0,0,0,0
"POINT (8.797974656000065 53.090600560000041)",Unfall 169549 (2023) Kat:2, Licht: 0,169549,2,3,5,09,16,2,0,0,1,0,0,0,0,0
"POINT (8.808258616000046 53.094640816000037)",Unfall 169550 (2023) Kat:3, Licht: 0,169550,3,2,3,09,16,2,0,0,1,1,0,0,0,0
"POINT (8.819433998000022 53.048420652000061)",Unfall 169551 (2023) Kat:3, Licht: 1,169551,3,2,5,09,18,2,0,1,1,1,0,0,0,0
"POINT (8.704693085000031 53.154662410000071)",Unfall 169552 (2023) Kat:2, Licht: 0,169552,2,3,5,09,12,2,0,0,0,1,0,1,0,0
"POINT (8.646406118000073 53.161838154000066)",Unfall 169554 (2023) Kat:2, Licht: 0,169554,2,1,9,09,12,1,0,0,1,0,0,0,0,0
"POINT (8.794916590000071 53.091267187000028)",Unfall 169555 (2023) Kat:2, Licht: 0,169555,2,3,5,09,18,1,0,0,0,1,0,0,0,0
"POINT (8.739561946000038 53.125214763000031)",Unfall 169556 (2023) Kat:2, Licht: 2,169556,2,1,8,09,02,1,0,2,0,1,0,0,0,0
"POINT (8.798166439000056 53.060800158000063)",Unfall 169558 (2023) Kat:2, Licht: 0,169558,2,4,6,09,19,7,0,0,0,1,1,0,0,0
"POINT (8.852807905000077 53.068903095000053)",Unfall 169560 (2023) Kat:3, Licht: 0,169560,3,3,5,09,13,6,0,0,1,1,0,0,0,0
"POINT (8.800550931000032 53.078787278000050)",Unfall 169561 (2023) Kat:3, Licht: 0,169561,3,6,4,09,17,6,0,0,1,0,0,0,0,0
"POINT (8.775742542000046 53.079206506000048)",Unfall 169562 (2023) Kat:3, Licht: 0,169562,3,7,6,09,07,6,0,0,0,1,1,0,0,0
"POINT (8.896705849000057 53.044815432000064)",Unfall 169563 (2023) Kat:3, Licht: 0,169563,3,6,2,09,06,6,0,0,0,1,0,0,0,1
"POINT (8.612386245000039 53.175063986000055)",Unfall 169564 (2023) Kat:3, Licht: 0,169564,3,2,5,09,08,6,0,0,1,1,0,0,0,0
"POINT (8.703369263000070 53.161163486000078)",Unfall 169565 (2023) Kat:3, Licht: 0,169565,3,6,2,09,14,6,0,0,0,1,0,0,0,0
"POINT (8.567451515000073 53.194346745000075)",Unfall 169567 (2023) Kat:3, Licht: 0,169567,3,3,5,08,20,5,0,0,1,1,0,0,0,0
"POINT (8.805919145000075 53.077986913000075)",Unfall 169568 (2023) Kat:3, Licht: 0,169568,3,4,6,08,11,5,0,0,0,1,1,0,0,0
"POINT (8.807910079000067 53.074223638000035)",Unfall 169569 (2023) Kat:3, Licht: 0,169569,3,7,0,08,17,5,1,0,0,0,1,0,0,1
"POINT (8.782501265000064 53.066984812000044)",Unfall 169570 (2023) Kat:3, Licht: 0,169570,3,2,5,08,10,5,0,0,1,0,0,0,0,1
"POINT (8.956521242000065 53.063322507000066)",Unfall 169571 (2023) Kat:3, Licht: 0,169571,3,7,9,08,16,5,1,0,0,1,0,0,0,0
"POINT (8.893329867000034 53.047074865000070)",Unfall 169572 (2023) Kat:3, Licht: 0,169572,3,6,2,08,17,4,1,0,0,1,0,0,0,1
"POINT (8.751977733000047 53.122063670000045)",Unfall 169573 (2023) Kat:3, Licht: 0,169573,3,2,5,08,14,4,0,0,1,1,0,0,0,0
"POINT (8.627371201000074 53.187795569000059)",Unfall 169574 (2023) Kat:2, Licht: 0,169574,2,3,5,08,11,4,0,0,0,1,0,1,0,0
"POINT (8.728652067000041 53.038873779000028)",Unfall 169575 (2023) Kat:3, Licht: 2,169575,3,3,5,08,22,4,0,2,1,1,0,0,0,0
"POINT (8.810303522000027 53.082040413000072)",Unfall 169576 (2023) Kat:3, Licht: 0,169576,3,6,3,08,17,4,0,0,0,1,0,0,0,0
"POINT (8.878392264000070 53.078906304000043)",Unfall 169577 (2023) Kat:3, Licht: 2,169577,3,4,6,08,22,4,0,2,0,1,1,0,0,0
"POINT (8.810982725000031 53.071702663000053)",Unfall 169580 (2023) Kat:3, Licht: 0,169580,3,3,5,08,07,3,0,0,1,0,0,0,0,0
"POINT (8.569948722000049 53.182173554000030)",Unfall 169581 (2023) Kat:3, Licht: 1,169581,3,3,5,08,19,3,0,1,0,1,0,0,0,1
"POINT (8.886163435000071 53.056620638000027)",Unfall 169582 (2023) Kat:3, Licht: 2,169582,3,4,6,11,21,4,1,2,0,1,1,0,0,0
"POINT (8.887729162000028 53.069380460000048)",Unfall 169583 (2023) Kat:3, Licht: 0,169583,3,4,6,08,15,3,0,0,0,1,1,0,0,0
"POINT (8.894545911000023 53.098393309000073)",Unfall 169584 (2023) Kat:2, Licht: 0,169584,2,7,3,08,13,3,0,0,1,0,0,0,0,0
"POINT (8.812378665000040 53.080956066000056)",Unfall 169588 (2023) Kat:2, Licht: 0,169588,2,2,5,08,09,2,0,0,1,1,0,0,0,0
"POINT (8.902002737000032 53.102551314000038)",Unfall 169589 (2023) Kat:3, Licht: 0,169589,3,4,6,08,13,2,0,0,0,1,1,0,0,0
"POINT (8.872358645000077 53.063038253000059)",Unfall 169590 (2023) Kat:3, Licht: 0,169590,3,3,5,08,14,2,0,0,1,0,0,0,0,1
"POINT (8.883916059000057 53.056365959000061)",Unfall 169591 (2023) Kat:3, Licht: 0,169591,3,3,5,08,11,2,0,0,0,1,0,0,0,1
"POINT (8.787354969000035 53.052024783000036)",Unfall 169592 (2023) Kat:3, Licht: 0,169592,3,4,6,08,08,2,0,0,0,1,1,0,0,0
"POINT (8.936203865000039 53.135837204000040)",Unfall 169593 (2023) Kat:3, Licht: 0,169593,3,6,3,08,15,2,0,0,1,1,0,0,0,0
"POINT (8.619011503000024 53.180123227000081)",Unfall 169594 (2023) Kat:3, Licht: 0,169594,3,2,3,08,08,2,0,0,1,1,0,0,0,0
"POINT (8.780115025000043 53.096374802000071)",Unfall 169595 (2023) Kat:3, Licht: 2,169595,3,7,0,08,02,2,0,2,1,0,0,0,0,0
"POINT (8.807631732000061 53.087709824000058)",Unfall 169596 (2023) Kat:3, Licht: 0,169596,3,6,4,08,10,1,0,0,1,0,0,0,0,0
"POINT (8.773317212000052 53.095090702000050)",Unfall 169597 (2023) Kat:3, Licht: 0,169597,3,4,6,08,14,1,0,0,0,1,0,0,0,1
"POINT (8.823213957000064 53.072968330000037)",Unfall 169598 (2023) Kat:3, Licht: 0,169598,3,7,0,08,12,1,1,0,0,0,0,1,0,1
"POINT (8.852232823000065 53.056802828000059)",Unfall 169599 (2023) Kat:3, Licht: 2,169599,3,7,0,08,20,1,0,2,1,0,0,0,0,0
"POINT (8.827182853000068 53.073003364000044)",Unfall 169600 (2023) Kat:2, Licht: 0,169600,2,1,0,08,18,1,0,0,1,0,0,0,0,0
"POINT (8.697257482000055 53.168491807000066)",Unfall 169601 (2023) Kat:3, Licht: 0,169601,3,3,5,08,11,1,1,0,0,1,0,0,0,0
"POINT (8.959198617000027 53.057416991000082)",Unfall 169605 (2023) Kat:3, Licht: 0,169605,3,6,2,08,14,6,0,0,0,1,0,0,0,0
"POINT (8.785484127000075 53.088717493000047)",Unfall 169606 (2023) Kat:3, Licht: 0,169606,3,6,2,08,11,6,0,0,0,1,0,0,0,0
"POINT (8.793579344000023 53.066434742000069)",Unfall 169607 (2023) Kat:2, Licht: 0,169607,2,7,6,08,11,6,0,0,0,0,1,1,0,0
"POINT (8.585519522000027 53.177199657000074)",Unfall 169608 (2023) Kat:2, Licht: 0,169608,2,6,3,08,18,6,1,0,1,1,0,0,0,0
"POINT (8.688408348000053 53.169675286000029)",Unfall 169609 (2023) Kat:3, Licht: 0,169609,3,4,6,08,08,6,0,0,0,1,1,0,0,0
"POINT (8.544409863000055 53.200191652000058)",Unfall 169610 (2023) Kat:3, Licht: 2,169610,3,7,7,08,23,6,1,2,0,1,0,0,0,0
"POINT (8.576103490000037 53.200073397000040)",Unfall 169612 (2023) Kat:3, Licht: 0,169612,3,3,5,08,14,5,0,0,0,1,0,0,0,0
"POINT (8.818113174000075 53.046774959000061)",Unfall 169613 (2023) Kat:3, Licht: 0,169613,3,2,4,09,18,6,1,0,1,1,0,0,0,0
"POINT (8.689577211000028 53.169384786000080)",Unfall 169614 (2023) Kat:3, Licht: 0,169614,3,6,3,08,17,5,0,0,1,1,0,0,0,0
"POINT (8.808556675000034 53.082920589000082)",Unfall 169615 (2023) Kat:3, Licht: 0,169615,3,6,3,08,12,5,0,0,0,1,0,0,0,0
"POINT (8.731069567000077 53.054098776000046)",Unfall 169616 (2023) Kat:3, Licht: 0,169616,3,7,0,08,17,5,0,0,0,0,0,1,0,0
"POINT (8.830726746000039 53.071480175000033)",Unfall 169619 (2023) Kat:3, Licht: 2,169619,3,2,0,08,22,4,0,2,1,1,0,0,0,0
"POINT (8.752589069000067 53.116252788000054)",Unfall 169620 (2023) Kat:3, Licht: 0,169620,3,1,3,08,06,4,0,0,0,1,0,1,0,1
"POINT (8.806489928000076 53.065017596000075)",Unfall 169621 (2023) Kat:3, Licht: 0,169621,3,4,6,08,14,4,0,0,0,1,1,0,0,0
"POINT (8.584698903000060 53.215458040000044)",Unfall 169622 (2023) Kat:3, Licht: 0,169622,3,3,5,08,10,4,0,0,0,1,0,0,0,0
"POINT (8.747564899000054 53.125940939000031)",Unfall 169623 (2023) Kat:3, Licht: 0,169623,3,7,0,08,10,4,0,0,0,0,0,0,0,1
"POINT (8.847991778000051 53.093538243000069)",Unfall 169624 (2023) Kat:3, Licht: 0,169624,3,5,1,08,13,4,0,0,1,1,0,0,0,0
"POINT (8.801221067000029 53.071698970000057)",Unfall 169625 (2023) Kat:3, Licht: 0,169625,3,6,3,08,16,4,0,0,1,0,0,0,0,0
"POINT (8.800554169000065 53.078550623000069)",Unfall 169626 (2023) Kat:3, Licht: 0,169626,3,4,6,08,18,4,0,0,1,0,1,0,0,0
"POINT (8.831340265000051 53.081263918000047)",Unfall 169627 (2023) Kat:3, Licht: 0,169627,3,2,5,08,15,4,0,0,1,0,0,0,1,0
"POINT (8.632063463000065 53.191772128000082)",Unfall 169628 (2023) Kat:3, Licht: 0,169628,3,3,5,08,14,4,0,0,1,0,0,0,0,1
"POINT (8.909259412000040 53.059661852000033)",Unfall 169629 (2023) Kat:2, Licht: 2,169629,2,3,5,08,21,4,0,2,0,1,0,1,0,0
"POINT (8.864385445000039 53.071147548000056)",Unfall 169630 (2023) Kat:2, Licht: 0,169630,2,3,5,08,18,4,0,0,1,1,0,0,0,0
"POINT (8.667093282000053 53.175221546000046)",Unfall 169632 (2023) Kat:3, Licht: 0,169632,3,6,2,08,08,3,0,0,0,1,0,0,0,0
"POINT (8.863808083000038 53.068683939000039)",Unfall 169633 (2023) Kat:3, Licht: 0,169633,3,2,5,08,13,3,0,0,1,1,0,0,0,0
"POINT (8.788804656000025 53.093543880000027)",Unfall 169634 (2023) Kat:3, Licht: 0,169634,3,7,0,08,13,3,0,0,0,0,1,0,0,1
"POINT (8.687344350000046 53.178939573000036)",Unfall 169635 (2023) Kat:3, Licht: 0,169635,3,5,1,08,15,3,0,0,1,1,0,0,0,0
"POINT (8.780035474000044 53.105577285000038)",Unfall 169640 (2023) Kat:3, Licht: 0,169640,3,7,0,08,16,2,0,0,0,0,0,0,0,1
"POINT (8.824181656000064 53.070301410000070)",Unfall 169641 (2023) Kat:2, Licht: 0,169641,2,3,5,08,11,2,0,0,1,1,0,0,0,0
"POINT (8.788179050000053 53.076494072000060)",Unfall 169642 (2023) Kat:3, Licht: 0,169642,3,3,5,08,19,2,0,0,0,1,0,0,0,0
"POINT (8.819593064000060 53.080492980000031)",Unfall 169643 (2023) Kat:3, Licht: 0,169643,3,6,4,08,11,2,0,0,1,0,0,0,0,1
"POINT (8.623381518000031 53.173541835000037)",Unfall 169644 (2023) Kat:3, Licht: 0,169644,3,2,4,08,13,2,0,0,1,1,0,0,0,0
"POINT (8.871639025000036 53.091760237000074)",Unfall 169645 (2023) Kat:3, Licht: 0,169645,3,6,2,08,08,2,0,0,0,1,0,0,0,0
"POINT (8.806765859000052 53.065620817000081)",Unfall 169646 (2023) Kat:3, Licht: 0,169646,3,6,3,08,13,2,0,0,1,0,0,0,0,0
"POINT (8.863661979000028 53.090333617000056)",Unfall 169647 (2023) Kat:3, Licht: 0,169647,3,6,4,08,17,2,0,0,1,1,0,0,0,0
"POINT (8.815733782000052 53.030933874000027)",Unfall 169648 (2023) Kat:3, Licht: 0,169648,3,3,5,08,09,2,0,0,1,1,0,0,0,0
"POINT (8.954643212000065 53.057577105000064)",Unfall 169650 (2023) Kat:3, Licht: 0,169650,3,2,5,08,10,1,0,0,1,1,0,0,0,0
"POINT (8.936217317000057 53.091333599000052)",Unfall 169652 (2023) Kat:3, Licht: 0,169652,3,6,3,08,13,7,0,0,1,1,0,0,0,0
"POINT (8.879133712000055 53.085801263000064)",Unfall 169653 (2023) Kat:2, Licht: 0,169653,2,3,5,08,08,7,0,0,1,0,0,0,0,1
"POINT (8.702132666000068 53.168027509000069)",Unfall 169654 (2023) Kat:3, Licht: 0,169654,3,3,5,08,14,7,0,0,0,1,0,0,0,1
"POINT (8.795212568000068 53.073219538000046)",Unfall 169655 (2023) Kat:3, Licht: 0,169655,3,3,5,08,17,7,1,0,1,1,0,0,0,0
"POINT (8.804557492000072 53.075339770000028)",Unfall 169656 (2023) Kat:3, Licht: 2,169656,3,4,6,08,02,7,0,2,0,0,1,0,0,1
"POINT (8.799887828000067 53.070438246000037)",Unfall 169657 (2023) Kat:2, Licht: 0,169657,2,3,5,08,13,7,0,0,1,1,0,0,0,0
"POINT (8.851703201000021 53.080112436000036)",Unfall 169658 (2023) Kat:3, Licht: 0,169658,3,7,0,08,12,7,0,0,1,0,0,0,0,0
"POINT (8.769436621000068 53.110719772000039)",Unfall 169659 (2023) Kat:2, Licht: 1,169659,2,4,6,08,20,7,1,1,0,1,1,0,0,0
"POINT (8.817825997000057 53.069865105000076)",Unfall 169660 (2023) Kat:2, Licht: 2,169660,2,7,9,08,23,6,0,2,1,0,0,0,0,0
"POINT (8.801341103000027 53.071480333000068)",Unfall 169661 (2023) Kat:2, Licht: 2,169661,2,2,3,08,21,6,0,2,1,1,0,0,0,0
"POINT (8.708159516000023 53.164475535000065)",Unfall 169662 (2023) Kat:3, Licht: 0,169662,3,6,2,08,14,6,0,0,0,1,0,0,0,0
"POINT (8.704299327000058 53.156057569000041)",Unfall 169663 (2023) Kat:2, Licht: 0,169663,2,2,5,09,14,4,0,0,1,1,0,0,0,0
"POINT (8.732343395000044 53.058281823000073)",Unfall 169664 (2023) Kat:3, Licht: 0,169664,3,3,5,08,12,6,0,0,1,1,0,0,0,0
"POINT (8.796949997000070 53.076465219000056)",Unfall 169665 (2023) Kat:3, Licht: 0,169665,3,2,3,08,13,6,0,0,1,1,0,0,0,0
"POINT (8.710728807000066 53.168219464000060)",Unfall 169666 (2023) Kat:3, Licht: 0,169666,3,5,1,08,13,6,0,0,0,1,0,1,0,0
"POINT (8.796997781000073 53.076439455000070)",Unfall 169667 (2023) Kat:3, Licht: 0,169667,3,3,0,08,19,6,0,0,0,1,0,0,0,1
"POINT (8.803201256000023 53.085837794000042)",Unfall 169672 (2023) Kat:3, Licht: 2,169672,3,6,2,08,22,5,0,2,0,1,0,1,0,0
"POINT (8.818513399000039 53.027927803000068)",Unfall 169673 (2023) Kat:3, Licht: 0,169673,3,6,4,08,19,5,0,0,1,0,0,0,0,0
"POINT (8.904340824000030 53.043721818000051)",Unfall 169674 (2023) Kat:3, Licht: 0,169674,3,7,0,08,12,5,0,0,1,0,0,0,0,0
"POINT (8.870618562000061 53.095145585000068)",Unfall 169675 (2023) Kat:3, Licht: 0,169675,3,6,2,08,14,5,0,0,0,1,0,0,0,0
"POINT (8.758387014000050 53.115619900000070)",Unfall 169676 (2023) Kat:3, Licht: 0,169676,3,4,6,08,14,4,0,0,0,1,1,0,0,0
"POINT (8.793520399000045 53.074534940000035)",Unfall 169677 (2023) Kat:3, Licht: 0,169677,3,7,0,08,18,4,0,0,0,0,0,0,0,1
"POINT (8.757890261000057 53.058521965000068)",Unfall 169678 (2023) Kat:3, Licht: 0,169678,3,6,1,08,16,4,0,0,1,1,0,0,0,0
"POINT (8.792027374000043 53.090337990000080)",Unfall 169679 (2023) Kat:3, Licht: 0,169679,3,4,6,09,16,6,0,0,0,1,1,0,0,0
"POINT (8.960954842000035 53.050137670000026)",Unfall 169680 (2023) Kat:3, Licht: 0,169680,3,6,1,08,17,4,0,0,0,1,0,0,0,1
"POINT (8.856618818000072 53.071384224000042)",Unfall 169684 (2023) Kat:3, Licht: 0,169684,3,3,5,08,16,3,0,0,1,1,0,0,0,0
"POINT (8.820801882000069 53.050765438000042)",Unfall 169685 (2023) Kat:3, Licht: 0,169685,3,6,4,08,14,3,0,0,0,1,0,0,0,0
"POINT (8.852503460000037 53.073606496000082)",Unfall 169686 (2023) Kat:2, Licht: 2,169686,2,7,0,08,09,3,1,2,0,0,0,1,0,0
"POINT (8.789986208000073 53.068484843000078)",Unfall 169687 (2023) Kat:3, Licht: 0,169687,3,5,1,08,11,3,0,0,1,1,0,0,0,0
"POINT (8.825048318000029 53.084653250000031)",Unfall 169688 (2023) Kat:3, Licht: 0,169688,3,3,5,08,19,3,0,0,1,1,0,0,0,0
"POINT (8.711424088000058 53.179365950000033)",Unfall 169689 (2023) Kat:3, Licht: 0,169689,3,5,2,08,08,3,0,0,0,1,0,0,0,0
"POINT (8.815094513000076 53.102123795000068)",Unfall 169690 (2023) Kat:3, Licht: 0,169690,3,1,2,08,07,3,0,0,1,1,0,0,0,0
"POINT (8.758286044000045 53.058696965000081)",Unfall 169693 (2023) Kat:3, Licht: 0,169693,3,6,2,08,14,2,0,0,0,1,0,0,0,0
"POINT (8.740724210000053 53.052680415000054)",Unfall 169694 (2023) Kat:3, Licht: 2,169694,3,3,5,08,00,2,0,2,0,1,0,0,0,0
"POINT (8.858094346000030 53.086211398000046)",Unfall 169695 (2023) Kat:3, Licht: 0,169695,3,6,3,08,16,2,0,0,1,0,0,0,0,0
"POINT (8.880963278000024 53.085861315000045)",Unfall 169696 (2023) Kat:3, Licht: 0,169696,3,3,5,08,13,2,0,0,0,1,0,0,0,1
"POINT (8.897139429000049 53.118200931000047)",Unfall 169697 (2023) Kat:3, Licht: 0,169697,3,6,2,08,19,2,0,0,0,1,0,0,0,0
"POINT (8.880153863000032 53.060604092000062)",Unfall 169698 (2023) Kat:3, Licht: 0,169698,3,6,3,08,19,2,0,0,0,1,0,1,0,0
"POINT (8.823813963000021 53.044086338000056)",Unfall 169699 (2023) Kat:3, Licht: 0,169699,3,3,5,08,17,2,0,0,1,0,0,0,0,0
"POINT (8.710391108000067 53.149864997000066)",Unfall 169700 (2023) Kat:2, Licht: 1,169700,2,7,0,08,22,2,0,1,0,0,0,1,0,0
"POINT (8.625604426000052 53.183862497000064)",Unfall 169701 (2023) Kat:3, Licht: 2,169701,3,7,0,08,00,1,0,2,0,1,0,0,0,0
"POINT (8.809195063000061 53.078860309000049)",Unfall 169702 (2023) Kat:3, Licht: 0,169702,3,2,5,08,11,1,0,0,0,1,0,0,0,1
"POINT (8.845966010000041 53.074996720000058)",Unfall 169703 (2023) Kat:2, Licht: 0,169703,2,1,0,08,17,1,0,0,0,1,1,0,0,0
"POINT (8.670511525000052 53.174525795000079)",Unfall 169704 (2023) Kat:3, Licht: 0,169704,3,3,5,08,19,1,0,0,0,1,0,1,0,0
"POINT (8.963896563000048 53.061490141000036)",Unfall 169705 (2023) Kat:3, Licht: 0,169705,3,4,6,09,10,4,1,0,0,1,1,0,0,0
"POINT (8.947315531000072 53.075818950000041)",Unfall 169706 (2023) Kat:3, Licht: 0,169706,3,6,2,08,18,1,0,0,0,1,0,0,1,0
"POINT (8.855706004000069 53.069578616000058)",Unfall 169708 (2023) Kat:3, Licht: 1,169708,3,2,4,08,20,7,0,1,0,1,0,1,0,0
"POINT (8.885288447000050 53.063044320000074)",Unfall 169709 (2023) Kat:3, Licht: 0,169709,3,4,6,08,13,7,0,0,0,1,1,0,0,0
"POINT (8.761265587000025 53.114922053000043)",Unfall 169710 (2023) Kat:3, Licht: 0,169710,3,6,3,08,12,7,1,0,0,1,0,0,0,1
"POINT (8.828217021000057 53.072389169000076)",Unfall 169712 (2023) Kat:3, Licht: 0,169712,3,4,0,08,15,6,0,0,1,0,1,0,0,0
"POINT (8.626215610000031 53.183809570000051)",Unfall 169713 (2023) Kat:3, Licht: 0,169713,3,2,0,08,11,6,0,0,0,1,0,0,0,0
"POINT (8.753574456000024 53.162492156000042)",Unfall 169714 (2023) Kat:3, Licht: 0,169714,3,6,3,08,12,6,0,0,1,0,0,0,0,1
"POINT (8.778066443000057 53.106420033000063)",Unfall 169715 (2023) Kat:3, Licht: 2,169715,3,1,0,08,00,6,0,2,0,0,0,0,0,1