WKT,Name,OBJECTID,UKATEGORIE,UTYP1,UART,UMONAT,USTUNDE,UWOCHENTAG,STRZUSTAND,ULICHTVERH,ISTRAD,ISTPKW,ISTFUSS,ISTKRAD,ISTGKFZ,ISTSONSTIG
"POINT (8.780468303000021 53.063597824000055)",Unfall 169716 (2023) Kat:3, Licht: 0,169716,3,3,5,08,19,6,0,0,0,1,0,0,0,0
"POINT (8.921569180000063 53.131758485000034)",Unfall 169717 (2023) Kat:3, Licht: 0,169717,3,6,3,09,19,4,0,0,1,1,0,0,0,0
"POINT (8.859796953000057 53.072145028000079)",Unfall 169718 (2023) Kat:3, Licht: 0,169718,3,7,6,08,18,6,0,0,0,1,1,0,0,0
"POINT (8.686569585000029 53.086718838000081)",Unfall 169719 (2023) Kat:2, Licht: 0,169719,2,6,4,08,15,6,0,0,0,1,0,0,0,0
"POINT (8.803806800000075 53.080106274000059)",Unfall 169720 (2023) Kat:2, Licht: 1,169720,2,1,0,08,19,6,0,1,1,0,0,0,0,0
"POINT (8.863843908000035 53.071239508000076)",Unfall 169721 (2023) Kat:3, Licht: 0,169721,3,3,5,08,13,6,0,0,1,1,0,0,0,0
"POINT (8.880578739000043 53.071993758000076)",Unfall 169722 (2023) Kat:3, Licht: 0,169722,3,3,5,08,13,6,0,0,1,1,0,0,0,0
"POINT (8.764223264000066 53.108354353000038)",Unfall 169725 (2023) Kat:3, Licht: 0,169725,3,6,2,08,11,5,0,0,0,1,0,0,1,0
"POINT (8.809357038000030 53.088485728000080)",Unfall 169727 (2023) Kat:3, Licht: 0,169727,3,3,5,08,19,5,0,0,0,1,0,0,0,0
"POINT (8.719469124000057 53.173805727000058)",Unfall 169728 (2023) Kat:3, Licht: 0,169728,3,2,2,08,14,5,0,0,0,1,0,0,0,0
"POINT (8.741801193000072 53.130925309000077)",Unfall 169730 (2023) Kat:3, Licht: 0,169730,3,4,6,08,09,4,0,0,1,0,1,0,0,0
"POINT (8.736150858000030 53.140666370000076)",Unfall 169731 (2023) Kat:3, Licht: 0,169731,3,2,3,08,19,4,0,0,1,1,0,0,0,0
"POINT (8.787514001000034 53.076184154000032)",Unfall 169732 (2023) Kat:3, Licht: 0,169732,3,2,3,08,18,4,0,0,0,1,0,0,0,0
"POINT (8.523845981000022 53.204520246000072)",Unfall 169735 (2023) Kat:3, Licht: 0,169735,3,6,2,08,12,3,1,0,0,1,0,0,0,1
"POINT (8.888319128000035 53.109711410000045)",Unfall 169736 (2023) Kat:3, Licht: 0,169736,3,3,5,08,15,3,0,0,1,0,0,0,0,1
"POINT (8.850118026000075 53.085275584000044)",Unfall 169737 (2023) Kat:3, Licht: 0,169737,3,2,5,08,07,3,0,0,1,1,0,0,0,0
"POINT (8.859617104000051 53.082683449000058)",Unfall 169738 (2023) Kat:3, Licht: 0,169738,3,3,5,08,14,3,0,0,1,1,0,0,0,0
"POINT (8.848411173000045 53.085087346000080)",Unfall 169740 (2023) Kat:2, Licht: 0,169740,2,4,0,08,08,2,0,0,1,0,1,0,0,0
"POINT (8.726684817000034 53.037509577000037)",Unfall 169741 (2023) Kat:3, Licht: 0,169741,3,7,1,08,13,2,0,0,0,1,0,0,0,0
"POINT (8.834043824000048 53.070519317000048)",Unfall 169742 (2023) Kat:3, Licht: 0,169742,3,5,1,10,13,1,0,0,1,1,0,0,0,0
"POINT (8.812524934000066 53.080843408000078)",Unfall 169743 (2023) Kat:3, Licht: 0,169743,3,6,2,08,15,2,0,0,0,1,0,1,0,0
"POINT (8.816310839000039 53.070848806000072)",Unfall 169744 (2023) Kat:3, Licht: 0,169744,3,5,1,08,19,2,1,0,1,1,0,0,0,0
"POINT (8.799240222000037 53.069908343000066)",Unfall 169745 (2023) Kat:3, Licht: 0,169745,3,7,0,08,14,2,0,0,0,0,0,0,0,1
"POINT (8.930671006000068 53.087518589000069)",Unfall 169746 (2023) Kat:3, Licht: 0,169746,3,6,2,08,14,1,0,0,0,1,0,0,0,0
"POINT (8.841115343000070 53.067327688000034)",Unfall 169747 (2023) Kat:3, Licht: 2,169747,3,7,0,08,03,1,1,2,1,0,0,0,0,0
"POINT (8.702389841000070 53.165706400000033)",Unfall 169748 (2023) Kat:3, Licht: 0,169748,3,1,2,08,13,6,0,0,0,1,0,0,0,0
"POINT (8.901401894000060 53.077478340000027)",Unfall 169749 (2023) Kat:2, Licht: 2,169749,2,5,1,08,01,1,1,2,0,1,1,0,0,0
"POINT (8.714712189000068 53.049229377000074)",Unfall 169750 (2023) Kat:3, Licht: 2,169750,3,6,2,08,22,1,0,2,0,1,0,0,0,0
"POINT (8.780133171000045 53.075944507000031)",Unfall 169751 (2023) Kat:3, Licht: 0,169751,3,5,1,08,17,7,0,0,1,1,0,0,0,0
"POINT (8.871657808000066 53.092054410000060)",Unfall 169754 (2023) Kat:3, Licht: 2,169754,3,7,8,08,23,6,0,2,0,0,0,1,0,0
"POINT (8.804618228000038 53.085793178000074)",Unfall 169756 (2023) Kat:3, Licht: 0,169756,3,3,5,08,14,5,0,0,1,1,0,0,0,0
"POINT (8.734730387000070 53.081752161000054)",Unfall 169757 (2023) Kat:2, Licht: 0,169757,2,3,5,08,20,5,0,0,0,1,0,0,0,0
"POINT (8.741883054000027 53.139407443000039)",Unfall 169759 (2023) Kat:3, Licht: 1,169759,3,1,8,08,21,4,1,1,0,1,0,0,0,0
"POINT (8.891922136000062 53.080520582000077)",Unfall 169760 (2023) Kat:3, Licht: 0,169760,3,7,0,08,15,4,1,0,0,1,0,0,1,0
"POINT (8.838013743000033 53.067893589000050)",Unfall 169761 (2023) Kat:3, Licht: 0,169761,3,3,3,08,15,4,1,0,1,1,0,0,0,0
"POINT (8.598293912000031 53.182382373000053)",Unfall 169762 (2023) Kat:3, Licht: 0,169762,3,3,5,08,16,4,1,0,0,1,0,0,0,0
"POINT (8.954608407000023 53.057634477000079)",Unfall 169763 (2023) Kat:3, Licht: 0,169763,3,2,5,08,12,4,1,0,0,1,1,0,0,0
"POINT (8.576191038000047 53.181465610000032)",Unfall 169764 (2023) Kat:3, Licht: 0,169764,3,6,0,08,13,4,1,0,0,0,0,0,0,1
"POINT (8.832775957000024 53.077469131000043)",Unfall 169765 (2023) Kat:3, Licht: 0,169765,3,3,0,08,18,4,0,0,1,1,0,0,0,0
"POINT (8.933226889000025 53.058861579000052)",Unfall 169766 (2023) Kat:3, Licht: 0,169766,3,6,2,08,14,4,1,0,0,1,0,0,0,0
"POINT (8.890434890000051 53.062735754000073)",Unfall 169770 (2023) Kat:3, Licht: 0,169770,3,6,2,08,19,3,1,0,0,1,0,0,0,1
"POINT (8.793943423000030 53.074253408000061)",Unfall 169771 (2023) Kat:3, Licht: 0,169771,3,6,2,08,15,3,1,0,0,1,0,0,0,0
"POINT (8.785480488000076 53.088677156000074)",Unfall 169772 (2023) Kat:3, Licht: 0,169772,3,6,2,10,16,7,1,0,0,1,0,0,0,0
"POINT (8.801364266000064 53.071487402000059)",Unfall 169774 (2023) Kat:3, Licht: 0,169774,3,3,5,08,13,3,0,0,0,1,0,0,0,1
"POINT (8.653738225000041 53.174286368000082)",Unfall 169775 (2023) Kat:3, Licht: 0,169775,3,2,3,08,12,3,1,0,1,0,0,0,0,1
"POINT (8.868494379000026 53.073575201000040)",Unfall 169776 (2023) Kat:3, Licht: 0,169776,3,6,2,08,14,3,1,0,0,1,0,0,0,0
"POINT (8.914259185000049 53.038979150000046)",Unfall 169777 (2023) Kat:3, Licht: 0,169777,3,2,5,08,16,3,1,0,1,0,0,0,0,0
"POINT (8.786623065000072 53.087968986000078)",Unfall 169778 (2023) Kat:3, Licht: 0,169778,3,6,2,08,17,7,0,0,0,1,0,0,0,0
"POINT (8.736512532000063 53.117639888000042)",Unfall 169782 (2023) Kat:3, Licht: 0,169782,3,7,0,07,11,2,1,0,1,0,0,0,0,0
"POINT (8.826182176000032 53.079171273000043)",Unfall 169783 (2023) Kat:3, Licht: 0,169783,3,3,5,07,17,2,1,0,0,1,0,0,0,1
"POINT (8.809965206000072 53.051051932000064)",Unfall 169784 (2023) Kat:3, Licht: 0,169784,3,6,2,09,09,2,0,0,0,1,0,0,0,0
"POINT (8.758627575000048 53.088292162000073)",Unfall 169785 (2023) Kat:3, Licht: 0,169785,3,7,1,07,18,2,1,0,0,1,0,0,0,0
"POINT (8.556402296000044 53.187369317000048)",Unfall 169786 (2023) Kat:3, Licht: 0,169786,3,1,1,07,18,2,1,0,0,1,0,0,0,1
"POINT (8.793516577000048 53.092707055000062)",Unfall 169787 (2023) Kat:3, Licht: 1,169787,3,3,5,07,20,2,1,1,0,1,0,0,0,0
"POINT (8.736363624000035 53.133695507000027)",Unfall 169788 (2023) Kat:3, Licht: 0,169788,3,2,5,10,11,2,0,0,1,1,0,0,0,0
"POINT (8.713861297000051 53.141651564000028)",Unfall 169789 (2023) Kat:3, Licht: 0,169789,3,2,3,07,14,2,1,0,1,1,0,0,0,0
"POINT (8.885450607000053 53.049760095000067)",Unfall 169790 (2023) Kat:3, Licht: 0,169790,3,6,2,07,15,2,1,0,0,1,0,0,0,1
"POINT (8.880479457000035 53.077219682000077)",Unfall 169791 (2023) Kat:3, Licht: 1,169791,3,3,5,07,18,2,1,1,0,1,0,1,0,0
"POINT (8.823719142000073 53.073005094000052)",Unfall 169793 (2023) Kat:3, Licht: 0,169793,3,6,2,07,02,1,0,0,0,1,0,0,0,0
"POINT (8.814392054000052 53.081645104000074)",Unfall 169794 (2023) Kat:3, Licht: 0,169794,3,3,5,07,19,1,0,0,1,1,0,0,0,0
"POINT (8.737914284000055 53.046731549000071)",Unfall 169795 (2023) Kat:3, Licht: 2,169795,3,6,3,07,23,1,0,2,0,1,0,1,0,0
"POINT (8.751214301000061 53.110975274000054)",Unfall 169796 (2023) Kat:3, Licht: 1,169796,3,4,6,07,18,7,1,1,0,1,1,0,0,0
"POINT (8.752748509000071 53.121433261000050)",Unfall 169797 (2023) Kat:3, Licht: 0,169797,3,2,3,07,17,7,1,0,0,1,0,1,0,0
"POINT (8.635659262000047 53.173189645000036)",Unfall 169798 (2023) Kat:3, Licht: 0,169798,3,7,0,07,18,7,1,0,0,0,0,1,0,0
"POINT (8.729807677000053 53.039836978000039)",Unfall 169799 (2023) Kat:3, Licht: 0,169799,3,6,1,07,15,7,0,0,0,1,0,0,0,0
"POINT (8.702253417000065 53.167695471000059)",Unfall 169800 (2023) Kat:3, Licht: 0,169800,3,2,3,07,13,7,0,0,1,1,0,0,0,0
"POINT (8.639458333000050 53.173195013000054)",Unfall 169801 (2023) Kat:3, Licht: 0,169801,3,6,2,07,15,6,0,0,0,1,0,0,0,0
"POINT (8.880673500000057 53.101679796000042)",Unfall 169802 (2023) Kat:3, Licht: 0,169802,3,2,5,07,11,6,1,0,0,1,0,0,1,0
"POINT (8.930305252000039 53.095179474000076)",Unfall 169803 (2023) Kat:3, Licht: 0,169803,3,7,0,11,13,6,0,0,1,0,0,0,0,0
"POINT (8.932472797000059 53.038844643000061)",Unfall 169804 (2023) Kat:3, Licht: 1,169804,3,3,5,07,05,6,1,1,1,1,0,0,0,0
"POINT (8.646915546000059 53.173518450000074)",Unfall 169805 (2023) Kat:3, Licht: 0,169805,3,3,5,07,13,6,1,0,0,1,0,1,0,0
"POINT (8.870116770000038 53.097081509000077)",Unfall 169806 (2023) Kat:3, Licht: 0,169806,3,6,2,07,17,6,1,0,0,1,0,0,0,0
"POINT (8.820144188000029 53.112005986000042)",Unfall 169807 (2023) Kat:2, Licht: 0,169807,2,3,5,07,12,6,1,0,0,1,0,0,0,0
"POINT (8.941788941000027 53.060392303000071)",Unfall 169808 (2023) Kat:3, Licht: 0,169808,3,3,5,07,11,6,1,0,0,1,0,1,0,0
"POINT (8.777601388000051 53.076374949000069)",Unfall 169809 (2023) Kat:3, Licht: 0,169809,3,3,5,07,19,6,0,0,0,1,0,0,0,0
"POINT (8.948686131000045 53.064857319000055)",Unfall 169810 (2023) Kat:3, Licht: 0,169810,3,3,5,07,16,5,1,0,0,1,0,0,0,1
"POINT (8.850042366000025 53.112039785000036)",Unfall 169811 (2023) Kat:3, Licht: 0,169811,3,6,2,07,09,5,1,0,0,1,0,0,1,0
"POINT (8.822846792000064 53.077975321000054)",Unfall 169812 (2023) Kat:3, Licht: 0,169812,3,6,3,07,12,5,1,0,0,1,0,0,0,0
"POINT (8.819100822000053 53.111843185000055)",Unfall 169813 (2023) Kat:3, Licht: 0,169813,3,3,5,07,15,4,1,0,1,1,0,0,0,0
"POINT (8.797061979000034 53.076404712000055)",Unfall 169814 (2023) Kat:3, Licht: 0,169814,3,2,5,07,08,4,0,0,0,1,0,0,0,1
"POINT (8.699748736000060 53.157842792000054)",Unfall 169815 (2023) Kat:2, Licht: 0,169815,2,7,0,07,15,4,1,0,0,0,0,0,0,1
"POINT (8.833104126000023 53.081666004000056)",Unfall 169816 (2023) Kat:3, Licht: 0,169816,3,6,2,07,18,4,0,0,0,1,0,0,0,0
"POINT (8.562281185000074 53.192234365000047)",Unfall 169817 (2023) Kat:3, Licht: 0,169817,3,2,5,07,13,4,0,0,0,1,0,0,0,0
"POINT (8.852815178000071 53.104669182000066)",Unfall 169818 (2023) Kat:3, Licht: 0,169818,3,3,5,07,12,4,0,0,1,0,0,0,0,1
"POINT (8.572409500000049 53.187098893000041)",Unfall 169820 (2023) Kat:3, Licht: 0,169820,3,3,5,08,15,3,0,0,1,0,0,1,0,0
"POINT (8.574772206000034 53.201483323000048)",Unfall 169821 (2023) Kat:3, Licht: 0,169821,3,7,6,07,16,3,0,0,1,0,1,0,0,0
"POINT (8.815352227000062 53.111296241000048)",Unfall 169822 (2023) Kat:3, Licht: 0,169822,3,7,0,10,16,4,0,0,0,1,0,0,0,0
"POINT (8.818529723000040 53.030657927000050)",Unfall 169823 (2023) Kat:3, Licht: 0,169823,3,5,1,07,13,3,0,0,0,0,0,1,0,1
"POINT (8.823997293000048 53.073025333000032)",Unfall 169824 (2023) Kat:3, Licht: 0,169824,3,5,1,07,17,3,0,0,1,1,0,0,0,0
"POINT (8.790589796000063 53.080132698000057)",Unfall 169828 (2023) Kat:3, Licht: 0,169828,3,7,2,07,08,2,0,0,0,1,0,0,1,0
"POINT (8.823565197000050 53.047899845000074)",Unfall 169829 (2023) Kat:3, Licht: 0,169829,3,7,7,07,16,2,0,0,1,0,0,0,0,1
"POINT (8.862085041000057 53.071656455000038)",Unfall 169830 (2023) Kat:3, Licht: 0,169830,3,3,5,07,12,2,0,0,1,1,0,0,0,0
"POINT (8.890917846000036 53.101352381000027)",Unfall 169831 (2023) Kat:2, Licht: 0,169831,2,3,5,07,15,2,0,0,0,1,0,1,0,0
"POINT (8.852717255000073 53.061188671000082)",Unfall 169832 (2023) Kat:2, Licht: 0,169832,2,6,4,07,14,2,0,0,0,1,0,0,0,0
"POINT (8.803334807000056 53.085588452000081)",Unfall 169833 (2023) Kat:2, Licht: 0,169833,2,1,0,07,10,1,1,0,0,0,0,1,0,0
"POINT (8.817359258000067 53.085535160000063)",Unfall 169834 (2023) Kat:3, Licht: 0,169834,3,7,0,07,09,1,0,0,1,0,0,0,0,0
"POINT (8.722568623000029 53.044121743000062)",Unfall 169835 (2023) Kat:3, Licht: 2,169835,3,1,0,07,00,1,1,2,0,0,0,0,0,1
"POINT (8.951469230000043 53.065130001000057)",Unfall 169836 (2023) Kat:3, Licht: 2,169836,3,7,0,07,00,1,0,2,0,0,0,0,0,1
"POINT (8.794640663000052 53.091594285000042)",Unfall 169837 (2023) Kat:3, Licht: 0,169837,3,6,2,07,16,7,1,0,0,1,0,0,0,0
"POINT (8.939039857000068 53.074684270000034)",Unfall 169838 (2023) Kat:3, Licht: 0,169838,3,7,0,07,16,7,1,0,0,0,0,0,0,1
"POINT (8.787529798000037 53.073967940000045)",Unfall 169839 (2023) Kat:3, Licht: 0,169839,3,6,3,11,08,4,1,0,1,1,0,0,0,0
"POINT (8.823513057000071 53.076766656000075)",Unfall 169840 (2023) Kat:3, Licht: 1,169840,3,1,0,07,21,7,1,1,0,0,0,1,0,0
"POINT (8.794698041000061 53.071820177000063)",Unfall 169841 (2023) Kat:3, Licht: 0,169841,3,6,4,07,13,7,0,0,1,1,0,0,0,0
"POINT (8.784151263000069 53.103416460000062)",Unfall 169842 (2023) Kat:2, Licht: 0,169842,2,7,0,07,19,7,1,0,0,1,0,0,0,0
"POINT (8.717675780000036 53.176044220000051)",Unfall 169844 (2023) Kat:3, Licht: 0,169844,3,3,5,07,13,6,0,0,0,1,0,0,0,0
"POINT (8.792931312000064 53.082790781000028)",Unfall 169846 (2023) Kat:3, Licht: 0,169846,3,6,2,07,14,6,0,0,0,1,0,0,1,0
"POINT (8.710956544000055 53.148364977000028)",Unfall 169848 (2023) Kat:3, Licht: 0,169848,3,2,5,07,18,5,1,0,0,1,0,0,0,0
"POINT (8.837407883000026 53.069930626000030)",Unfall 169849 (2023) Kat:3, Licht: 0,169849,3,7,1,07,10,5,0,0,0,1,0,0,0,1
"POINT (8.827641324000069 53.040211750000026)",Unfall 169850 (2023) Kat:2, Licht: 0,169850,2,3,5,07,13,5,0,0,1,1,0,0,0,0
"POINT (8.782995232000076 53.076481913000066)",Unfall 169851 (2023) Kat:3, Licht: 0,169851,3,2,3,07,07,5,0,0,1,0,0,0,1,0
"POINT (8.791071720000048 53.074463191000063)",Unfall 169852 (2023) Kat:3, Licht: 0,169852,3,3,0,07,19,5,1,0,0,1,0,0,0,1
"POINT (8.882238157000074 53.100977222000040)",Unfall 169853 (2023) Kat:2, Licht: 0,169853,2,7,0,07,15,5,0,0,1,0,0,0,0,0
"POINT (8.749053973000059 53.040733488000058)",Unfall 169854 (2023) Kat:3, Licht: 0,169854,3,4,6,07,18,4,1,0,0,1,1,0,0,0
"POINT (8.792823845000044 53.083351849000053)",Unfall 169855 (2023) Kat:3, Licht: 0,169855,3,6,3,07,15,4,1,0,0,1,0,0,1,0
"POINT (8.627947206000044 53.171883056000070)",Unfall 169856 (2023) Kat:3, Licht: 1,169856,3,3,5,07,21,4,0,1,1,1,0,0,0,0
"POINT (8.784216362000052 53.068673299000068)",Unfall 169857 (2023) Kat:3, Licht: 0,169857,3,4,6,07,17,4,0,0,0,1,1,0,0,0
"POINT (8.795627635000073 53.072281888000077)",Unfall 169859 (2023) Kat:3, Licht: 0,169859,3,6,4,07,13,3,0,0,1,1,0,0,0,0
"POINT (8.783619036000061 53.089823870000032)",Unfall 169860 (2023) Kat:3, Licht: 0,169860,3,6,2,07,13,3,0,0,0,1,0,0,1,0
"POINT (8.704541214000074 53.167306943000028)",Unfall 169861 (2023) Kat:3, Licht: 0,169861,3,3,5,07,16,3,0,0,0,1,0,1,0,0
"POINT (8.812647075000029 53.098282515000051)",Unfall 169862 (2023) Kat:2, Licht: 0,169862,2,4,6,07,18,3,0,0,0,0,1,0,0,1
"POINT (8.854054635000068 53.082533708000028)",Unfall 169863 (2023) Kat:3, Licht: 0,169863,3,2,5,07,09,3,0,0,1,1,0,0,0,0
"POINT (8.822607614000049 53.072895277000043)",Unfall 169865 (2023) Kat:3, Licht: 0,169865,3,7,0,07,15,2,0,0,1,0,0,0,0,0
"POINT (8.822830826000029 53.048125603000074)",Unfall 169866 (2023) Kat:2, Licht: 0,169866,2,3,5,07,11,2,0,0,1,0,0,0,1,0
"POINT (8.901002421000044 53.044085278000068)",Unfall 169867 (2023) Kat:3, Licht: 0,169867,3,6,4,07,17,2,0,0,1,0,0,0,0,1
"POINT (8.782214572000044 53.066821634000064)",Unfall 169868 (2023) Kat:3, Licht: 1,169868,3,3,5,07,05,2,0,1,0,1,0,0,0,0
"POINT (8.785204945000032 53.088806013000067)",Unfall 169870 (2023) Kat:2, Licht: 1,169870,2,3,6,07,21,7,0,1,0,1,1,0,0,0
"POINT (8.740288534000058 53.054551456000070)",Unfall 169871 (2023) Kat:3, Licht: 0,169871,3,6,2,07,17,7,0,0,0,1,0,0,0,0
"POINT (8.724504531000036 53.137445404000061)",Unfall 169872 (2023) Kat:3, Licht: 0,169872,3,3,5,07,11,7,0,0,0,1,0,0,0,0
"POINT (8.803540176000070 53.072065081000062)",Unfall 169873 (2023) Kat:2, Licht: 0,169873,2,3,5,07,15,7,0,0,1,0,0,0,0,0
"POINT (8.876073241000029 53.082344650000039)",Unfall 169874 (2023) Kat:3, Licht: 0,169874,3,3,5,07,10,7,0,0,1,1,0,0,0,0
"POINT (8.824075791000041 53.079230021000058)",Unfall 169877 (2023) Kat:3, Licht: 0,169877,3,5,0,07,10,6,0,0,1,1,0,0,0,0
"POINT (8.796562306000055 53.082633984000040)",Unfall 169878 (2023) Kat:3, Licht: 0,169878,3,2,5,07,07,6,0,0,1,1,0,0,0,0
"POINT (8.831020295000030 53.040898747000028)",Unfall 169880 (2023) Kat:3, Licht: 0,169880,3,2,5,07,11,6,0,0,0,1,0,0,0,1
"POINT (8.953779904000044 53.034096135000027)",Unfall 169881 (2023) Kat:3, Licht: 0,169881,3,2,0,08,06,2,0,0,1,1,0,0,0,0
"POINT (8.704392025000061 53.155674123000040)",Unfall 169882 (2023) Kat:3, Licht: 0,169882,3,3,5,07,16,6,0,0,1,1,0,0,0,0
"POINT (8.894211913000049 53.059996356000056)",Unfall 169883 (2023) Kat:3, Licht: 0,169883,3,1,8,07,11,6,0,0,0,1,0,0,0,0
"POINT (8.741089882000040 53.052668361000030)",Unfall 169884 (2023) Kat:3, Licht: 0,169884,3,3,5,07,15,6,0,0,0,1,0,0,0,0
"POINT (8.853333973000076 53.080553081000062)",Unfall 169885 (2023) Kat:3, Licht: 0,169885,3,2,5,07,15,6,0,0,1,1,0,0,0,0
"POINT (8.778747607000071 53.094621754000059)",Unfall 169886 (2023) Kat:3, Licht: 0,169886,3,6,2,07,12,6,0,0,0,1,0,0,1,0
"POINT (8.832720892000054 53.080609641000081)",Unfall 169887 (2023) Kat:3, Licht: 0,169887,3,7,0,08,13,4,0,0,1,0,0,0,0,0
"POINT (8.797796467000069 53.069000822000078)",Unfall 169890 (2023) Kat:2, Licht: 2,169890,2,6,4,07,23,5,1,2,1,0,0,0,0,0
"POINT (8.716771953000034 53.134492211000065)",Unfall 169891 (2023) Kat:3, Licht: 0,169891,3,6,2,07,13,5,1,0,0,1,0,1,0,0
"POINT (8.619008872000052 53.184084844000040)",Unfall 169892 (2023) Kat:3, Licht: 0,169892,3,3,5,07,12,5,0,0,0,1,0,1,0,0
"POINT (8.882337094000036 53.103382890000034)",Unfall 169893 (2023) Kat:3, Licht: 0,169893,3,6,4,07,16,4,0,0,1,0,0,0,0,0
"POINT (8.799575995000055 53.101793004000058)",Unfall 169894 (2023) Kat:3, Licht: 0,169894,3,6,2,07,17,4,1,0,0,1,0,0,0,1
"POINT (8.775790058000041 53.090543497000056)",Unfall 169895 (2023) Kat:3, Licht: 0,169895,3,2,5,07,20,4,1,0,0,1,0,1,0,0
"POINT (8.604622636000045 53.177344378000043)",Unfall 169896 (2023) Kat:2, Licht: 0,169896,2,3,5,07,15,4,0,0,1,1,0,0,0,0
"POINT (8.739856742000029 53.054832565000027)",Unfall 169897 (2023) Kat:3, Licht: 0,169897,3,1,4,08,14,3,0,0,0,1,0,0,0,0
"POINT (8.703416436000055 53.090729122000027)",Unfall 169898 (2023) Kat:3, Licht: 0,169898,3,6,4,07,08,4,0,0,0,1,0,0,1,1
"POINT (8.873906494000039 53.101274192000062)",Unfall 169899 (2023) Kat:2, Licht: 0,169899,2,6,2,07,18,4,1,0,0,1,0,0,0,0
"POINT (8.887994146000040 53.066735106000067)",Unfall 169901 (2023) Kat:2, Licht: 0,169901,2,6,3,07,08,3,0,0,1,0,0,0,0,0
"POINT (8.832925225000054 53.108450734000030)",Unfall 169902 (2023) Kat:2, Licht: 0,169902,2,3,5,07,17,3,0,0,1,0,0,0,0,0
"POINT (8.765549063000037 53.115957878000074)",Unfall 169903 (2023) Kat:3, Licht: 0,169903,3,3,5,07,12,3,0,0,0,1,0,0,0,0
"POINT (8.872685995000040 53.069823766000070)",Unfall 169904 (2023) Kat:3, Licht: 2,169904,3,5,1,11,06,5,1,2,1,1,0,0,0,0
"POINT (8.924387254000067 53.070155256000078)",Unfall 169905 (2023) Kat:3, Licht: 0,169905,3,7,1,07,11,3,0,0,1,1,0,0,0,0
"POINT (8.809318645000076 53.083452985000065)",Unfall 169906 (2023) Kat:3, Licht: 0,169906,3,3,5,07,16,3,0,0,1,0,0,0,0,1
"POINT (8.875861769000039 53.115929526000059)",Unfall 169907 (2023) Kat:2, Licht: 0,169907,2,7,0,07,16,3,0,0,0,1,0,1,0,0
"POINT (8.891632979000065 53.060884307000038)",Unfall 169908 (2023) Kat:3, Licht: 0,169908,3,6,3,07,12,3,0,0,1,1,0,0,0,0
"POINT (8.828425334000030 53.083167024000034)",Unfall 169909 (2023) Kat:3, Licht: 0,169909,3,5,1,07,12,3,0,0,1,1,0,0,0,0
"POINT (8.798456776000023 53.085533423000072)",Unfall 169911 (2023) Kat:3, Licht: 0,169911,3,7,0,07,12,2,0,0,1,0,0,0,0,0
"POINT (8.526226461000022 53.199756727000079)",Unfall 169912 (2023) Kat:2, Licht: 0,169912,2,3,5,07,15,2,0,0,0,1,0,0,0,0
"POINT (8.862946361000070 53.071385445000033)",Unfall 169913 (2023) Kat:3, Licht: 0,169913,3,2,5,07,13,2,0,0,1,1,0,0,0,0
"POINT (8.614930550000054 53.176540266000075)",Unfall 169914 (2023) Kat:3, Licht: 0,169914,3,3,5,07,14,2,0,0,1,0,0,0,0,1
"POINT (8.618813007000028 53.177872906000061)",Unfall 169915 (2023) Kat:3, Licht: 0,169915,3,4,6,07,17,2,0,0,0,1,1,0,0,0
"POINT (8.810241236000024 53.082349427000054)",Unfall 169916 (2023) Kat:3, Licht: 0,169916,3,4,6,07,15,1,0,0,1,0,1,0,0,0
"POINT (8.740308199000026 53.051495587000034)",Unfall 169917 (2023) Kat:3, Licht: 0,169917,3,7,0,07,19,1,0,0,1,0,0,0,0,0
"POINT (8.827017055000056 53.072763567000038)",Unfall 169918 (2023) Kat:3, Licht: 2,169918,3,6,4,07,02,1,0,2,1,1,0,0,0,0
"POINT (8.832107243000053 53.068703516000028)",Unfall 169919 (2023) Kat:3, Licht: 2,169919,3,6,4,07,03,1,0,2,1,0,0,0,0,0
"POINT (8.801841562000050 53.071429887000079)",Unfall 169920 (2023) Kat:3, Licht: 0,169920,3,7,0,07,06,1,0,0,0,0,0,1,0,0
"POINT (8.614172907000068 53.184279080000067)",Unfall 169923 (2023) Kat:3, Licht: 0,169923,3,7,0,07,09,7,0,0,0,0,0,0,0,1
"POINT (8.963770480000051 53.057539405000057)",Unfall 169924 (2023) Kat:3, Licht: 0,169924,3,6,2,07,11,7,0,0,0,1,0,0,0,0
"POINT (8.785018061000073 53.102231570000072)",Unfall 169925 (2023) Kat:3, Licht: 0,169925,3,6,2,07,12,7,0,0,0,1,0,0,0,0
"POINT (8.809356950000051 53.031672216000061)",Unfall 169926 (2023) Kat:3, Licht: 0,169926,3,6,2,10,11,6,1,0,0,1,0,0,0,0
"POINT (8.929445580000049 53.059076661000063)",Unfall 169927 (2023) Kat:3, Licht: 0,169927,3,6,2,09,15,4,0,0,0,1,0,1,0,0
"POINT (8.782104203000074 53.077325318000078)",Unfall 169928 (2023) Kat:3, Licht: 2,169928,3,6,4,07,23,7,0,2,1,0,0,0,0,0
"POINT (8.826557384000068 53.083479996000051)",Unfall 169930 (2023) Kat:3, Licht: 0,169930,3,3,5,07,20,6,0,0,1,1,0,0,0,0
"POINT (8.627218372000073 53.170299592000049)",Unfall 169931 (2023) Kat:3, Licht: 0,169931,3,3,5,07,18,6,0,0,0,1,0,0,0,1
"POINT (8.818723395000063 53.077809917000081)",Unfall 169932 (2023) Kat:3, Licht: 0,169932,3,3,5,07,17,6,0,0,1,1,0,0,0,0