WKT,Name,OBJECTID,UKATEGORIE,UTYP1,UART,UMONAT,USTUNDE,UWOCHENTAG,STRZUSTAND,ULICHTVERH,ISTRAD,ISTPKW,ISTFUSS,ISTKRAD,ISTGKFZ,ISTSONSTIG
"POINT (8.598813793000033 53.180918485000063)",Unfall 169933 (2023) Kat:3, Licht: 0,169933,3,5,1,07,09,6,0,0,1,1,0,0,0,0
"POINT (8.875818874000061 53.062753056000076)",Unfall 169934 (2023) Kat:3, Licht: 0,169934,3,3,5,07,12,6,0,0,1,1,0,0,0,0
"POINT (8.883355586000050 53.090438346000042)",Unfall 169935 (2023) Kat:3, Licht: 0,169935,3,7,0,07,13,6,0,0,0,0,0,0,0,1
"POINT (8.885934336000048 53.099780683000063)",Unfall 169936 (2023) Kat:3, Licht: 0,169936,3,2,5,07,08,6,0,0,0,1,0,0,0,1
"POINT (8.894424277000041 53.054416985000046)",Unfall 169937 (2023) Kat:3, Licht: 0,169937,3,2,5,07,19,6,0,0,0,1,0,1,0,0
"POINT (8.794809444000066 53.091394203000050)",Unfall 169938 (2023) Kat:3, Licht: 0,169938,3,6,2,07,13,6,0,0,0,1,0,0,0,0
"POINT (8.962813962000041 53.060175551000043)",Unfall 169939 (2023) Kat:3, Licht: 0,169939,3,3,5,07,18,6,0,0,1,1,0,0,0,0
"POINT (8.913506813000026 53.099196024000037)",Unfall 169940 (2023) Kat:3, Licht: 0,169940,3,5,1,07,11,6,0,0,1,1,0,0,0,0
"POINT (8.824934737000035 53.084189540000068)",Unfall 169944 (2023) Kat:3, Licht: 0,169944,3,2,5,07,10,5,0,0,1,1,0,0,0,0
"POINT (8.617440117000058 53.174852893000036)",Unfall 169945 (2023) Kat:2, Licht: 0,169945,2,2,2,07,09,5,0,0,0,1,0,0,0,1
"POINT (8.879223072000059 53.107930301000067)",Unfall 169946 (2023) Kat:3, Licht: 0,169946,3,2,4,07,16,5,0,0,0,1,0,0,0,0
"POINT (8.897207571000024 53.059094340000058)",Unfall 169947 (2023) Kat:3, Licht: 0,169947,3,3,5,07,12,5,0,0,0,1,0,0,0,0
"POINT (8.870933379000064 53.091287401000045)",Unfall 169948 (2023) Kat:3, Licht: 0,169948,3,3,5,07,13,5,0,0,0,1,0,0,0,0
"POINT (8.862955774000056 53.090194768000060)",Unfall 169956 (2023) Kat:3, Licht: 0,169956,3,2,0,07,09,4,1,0,1,1,0,0,0,0
"POINT (8.739439198000071 53.051515660000064)",Unfall 169957 (2023) Kat:3, Licht: 0,169957,3,4,6,07,18,4,0,0,0,1,1,0,0,0
"POINT (8.713844730000062 53.141684966000071)",Unfall 169958 (2023) Kat:3, Licht: 0,169958,3,2,3,07,13,4,0,0,1,1,0,0,0,0
"POINT (8.863122338000039 53.091134399000055)",Unfall 169959 (2023) Kat:3, Licht: 0,169959,3,5,1,07,09,4,1,0,0,1,0,0,0,0
"POINT (8.796637790000034 53.082506049000074)",Unfall 169960 (2023) Kat:3, Licht: 2,169960,3,2,5,08,00,1,0,2,1,1,0,0,0,0
"POINT (8.852926997000054 53.111359067000080)",Unfall 169961 (2023) Kat:3, Licht: 0,169961,3,7,1,07,08,4,0,0,0,1,0,0,1,0
"POINT (8.740503955000065 53.048754042000041)",Unfall 169962 (2023) Kat:3, Licht: 0,169962,3,7,0,07,17,4,0,0,0,0,1,0,0,1
"POINT (8.778772235000076 53.064659381000070)",Unfall 169963 (2023) Kat:3, Licht: 0,169963,3,6,3,07,17,4,0,0,1,0,0,0,0,1
"POINT (8.897185361000027 53.118714835000048)",Unfall 169964 (2023) Kat:3, Licht: 0,169964,3,4,6,07,16,4,0,0,0,0,1,0,0,1
"POINT (8.619173674000024 53.185973540000077)",Unfall 169966 (2023) Kat:3, Licht: 0,169966,3,6,4,07,18,3,0,0,1,0,0,0,0,1
"POINT (8.952131095000027 53.065524113000038)",Unfall 169967 (2023) Kat:3, Licht: 0,169967,3,7,6,07,14,3,0,0,0,0,1,0,0,1
"POINT (8.890533501000050 53.083514144000048)",Unfall 169968 (2023) Kat:3, Licht: 0,169968,3,3,5,07,11,3,0,0,1,1,0,0,0,0
"POINT (8.628303318000064 53.169328718000031)",Unfall 169969 (2023) Kat:3, Licht: 0,169969,3,4,6,07,20,3,0,0,0,1,1,0,0,0
"POINT (8.685824158000059 53.173930669000072)",Unfall 169970 (2023) Kat:3, Licht: 0,169970,3,5,1,10,15,2,0,0,1,0,0,0,0,1
"POINT (8.791158044000042 53.091546368000081)",Unfall 169971 (2023) Kat:3, Licht: 0,169971,3,2,5,07,13,3,0,0,1,0,0,0,1,0
"POINT (8.878975372000070 53.085566562000054)",Unfall 169972 (2023) Kat:3, Licht: 0,169972,3,6,2,07,08,3,0,0,1,0,0,0,0,0
"POINT (8.951218709000045 53.065116198000055)",Unfall 169973 (2023) Kat:3, Licht: 0,169973,3,7,0,07,12,3,0,0,1,0,0,0,0,0
"POINT (8.812927970000032 53.073975998000037)",Unfall 169976 (2023) Kat:3, Licht: 0,169976,3,7,0,07,09,2,1,0,1,0,0,0,0,0
"POINT (8.739141846000052 53.135203919000048)",Unfall 169977 (2023) Kat:3, Licht: 0,169977,3,3,5,07,17,2,0,0,1,1,0,0,0,0
"POINT (8.616054742000074 53.176310325000031)",Unfall 169978 (2023) Kat:3, Licht: 0,169978,3,3,5,07,16,2,0,0,0,1,0,0,0,0
"POINT (8.848581211000067 53.050511519000054)",Unfall 169979 (2023) Kat:3, Licht: 0,169979,3,3,5,07,20,2,0,0,0,1,0,0,0,0
"POINT (8.833329685000024 53.086367630000041)",Unfall 169980 (2023) Kat:3, Licht: 2,169980,3,2,5,10,18,3,1,2,1,0,0,0,0,0
"POINT (8.694815563000077 53.168814869000073)",Unfall 169981 (2023) Kat:3, Licht: 0,169981,3,6,2,07,16,2,0,0,0,1,0,0,1,0
"POINT (8.897864773000038 53.059328172000050)",Unfall 169982 (2023) Kat:3, Licht: 0,169982,3,2,5,07,06,2,0,0,1,1,0,0,0,0
"POINT (8.894393988000047 53.054424815000061)",Unfall 169983 (2023) Kat:3, Licht: 0,169983,3,4,6,07,08,2,0,0,0,1,1,0,0,0
"POINT (8.812033804000066 53.075692602000061)",Unfall 169985 (2023) Kat:3, Licht: 0,169985,3,7,8,07,11,1,0,0,0,1,0,0,0,0
"POINT (8.812548470000024 53.073386896000045)",Unfall 169986 (2023) Kat:3, Licht: 0,169986,3,1,0,07,07,1,0,0,0,0,0,0,0,1
"POINT (8.939889332000064 53.058494604000032)",Unfall 169987 (2023) Kat:3, Licht: 0,169987,3,6,2,07,16,1,0,0,0,1,0,0,0,0
"POINT (8.854481609000061 53.073223268000049)",Unfall 169992 (2023) Kat:3, Licht: 0,169992,3,6,2,07,13,7,1,0,0,1,0,0,0,0
"POINT (8.802999156000055 53.092660157000068)",Unfall 169993 (2023) Kat:3, Licht: 2,169993,3,6,4,07,22,7,0,2,1,0,0,0,0,0
"POINT (8.624471017000076 53.177169918000061)",Unfall 169994 (2023) Kat:3, Licht: 0,169994,3,3,5,07,05,7,0,0,0,1,0,0,0,0
"POINT (8.863289573000031 53.087372190000053)",Unfall 169995 (2023) Kat:3, Licht: 0,169995,3,5,1,07,11,7,1,0,1,1,0,0,0,0
"POINT (8.834146978000035 53.071599035000077)",Unfall 169997 (2023) Kat:3, Licht: 0,169997,3,2,4,06,15,6,0,0,0,1,0,1,0,0
"POINT (8.761868650000054 53.114613202000044)",Unfall 169998 (2023) Kat:2, Licht: 0,169998,2,4,6,06,10,6,0,0,0,1,1,0,0,1
"POINT (8.860940144000040 53.085794597000074)",Unfall 169999 (2023) Kat:3, Licht: 0,169999,3,7,0,06,15,6,0,0,0,1,1,0,0,0
"POINT (8.629236453000033 53.167923843000040)",Unfall 170000 (2023) Kat:3, Licht: 0,170000,3,2,6,06,13,6,0,0,0,0,1,0,0,1
"POINT (8.788546912000072 53.098323545000028)",Unfall 170001 (2023) Kat:3, Licht: 0,170001,3,7,0,06,13,6,0,0,0,0,0,0,0,1
"POINT (8.619349016000058 53.173247878000041)",Unfall 170002 (2023) Kat:3, Licht: 0,170002,3,4,6,06,09,5,0,0,0,1,1,0,0,0
"POINT (8.807227236000074 53.087537070000053)",Unfall 170003 (2023) Kat:3, Licht: 0,170003,3,3,5,06,20,5,1,0,1,1,0,0,0,0
"POINT (8.774196369000038 53.080620950000082)",Unfall 170004 (2023) Kat:3, Licht: 0,170004,3,4,6,09,17,2,0,0,1,0,1,0,0,0
"POINT (8.795864634000054 53.075504112000033)",Unfall 170005 (2023) Kat:3, Licht: 0,170005,3,4,6,06,17,5,1,0,1,0,1,0,0,0
"POINT (8.567892647000065 53.181637944000045)",Unfall 170006 (2023) Kat:3, Licht: 0,170006,3,4,6,06,12,5,0,0,0,1,1,0,0,0
"POINT (8.805873822000024 53.073445050000032)",Unfall 170008 (2023) Kat:3, Licht: 0,170008,3,6,4,06,13,4,0,0,1,0,0,0,0,0
"POINT (8.800231235000069 53.078587155000037)",Unfall 170009 (2023) Kat:2, Licht: 0,170009,2,6,2,06,10,4,0,0,0,1,0,1,0,0
"POINT (8.738802873000054 53.134976753000046)",Unfall 170010 (2023) Kat:3, Licht: 0,170010,3,7,2,06,14,4,0,0,0,1,0,0,0,0
"POINT (8.625549790000036 53.181298428000048)",Unfall 170011 (2023) Kat:3, Licht: 0,170011,3,2,5,06,13,4,0,0,0,1,0,0,0,0
"POINT (8.897275568000055 53.086032977000059)",Unfall 170012 (2023) Kat:3, Licht: 0,170012,3,7,0,06,17,4,0,0,1,0,0,0,0,1
"POINT (8.961489428000050 53.066795302000060)",Unfall 170013 (2023) Kat:3, Licht: 0,170013,3,4,6,06,19,4,0,0,1,0,1,0,0,0
"POINT (8.737760171000048 53.056434698000032)",Unfall 170018 (2023) Kat:3, Licht: 0,170018,3,2,5,09,17,5,0,0,1,1,0,0,0,0
"POINT (8.906152968000072 53.078481987000032)",Unfall 170019 (2023) Kat:3, Licht: 0,170019,3,4,6,06,17,3,1,0,0,1,1,0,0,0
"POINT (8.715292746000046 53.050682594000079)",Unfall 170020 (2023) Kat:3, Licht: 0,170020,3,2,5,06,09,3,0,0,1,1,0,0,0,0
"POINT (8.941135771000063 53.058436370000038)",Unfall 170021 (2023) Kat:3, Licht: 0,170021,3,7,0,06,10,3,0,0,1,0,0,0,0,0
"POINT (8.913311546000045 53.056902945000047)",Unfall 170022 (2023) Kat:3, Licht: 0,170022,3,7,1,06,20,3,0,0,1,1,0,0,0,0
"POINT (8.574374508000062 53.181360471000062)",Unfall 170023 (2023) Kat:3, Licht: 0,170023,3,7,5,06,11,3,1,0,1,1,0,0,0,0
"POINT (8.914153462000058 53.064840822000065)",Unfall 170024 (2023) Kat:3, Licht: 0,170024,3,6,2,06,14,2,0,0,0,1,0,0,0,0
"POINT (8.802760817000035 53.067260940000040)",Unfall 170025 (2023) Kat:3, Licht: 0,170025,3,5,1,06,11,2,1,0,1,1,0,0,0,0
"POINT (8.826978746000066 53.084825062000050)",Unfall 170026 (2023) Kat:3, Licht: 0,170026,3,7,9,06,10,2,1,0,1,1,0,0,0,0
"POINT (8.761485968000045 53.114809188000038)",Unfall 170029 (2023) Kat:3, Licht: 0,170029,3,3,5,06,17,1,0,0,0,1,0,0,0,1
"POINT (8.757921870000075 53.058535941000059)",Unfall 170030 (2023) Kat:3, Licht: 0,170030,3,3,5,06,12,1,0,0,0,1,0,1,0,0
"POINT (8.778558726000028 53.094671120000044)",Unfall 170031 (2023) Kat:3, Licht: 0,170031,3,2,2,06,15,1,0,0,0,1,0,0,0,0
"POINT (8.728003393000051 53.038218637000057)",Unfall 170032 (2023) Kat:3, Licht: 0,170032,3,3,5,06,14,1,0,0,1,1,0,0,0,0
"POINT (8.612511979000033 53.184328584000070)",Unfall 170035 (2023) Kat:3, Licht: 0,170035,3,4,6,06,15,5,0,0,0,1,1,0,0,0
"POINT (8.943476423000050 53.066492726000035)",Unfall 170036 (2023) Kat:2, Licht: 0,170036,2,3,5,06,13,7,0,0,1,1,0,0,0,0
"POINT (8.738902559000053 53.135047724000060)",Unfall 170037 (2023) Kat:3, Licht: 0,170037,3,6,4,06,16,7,0,0,1,0,1,0,0,0
"POINT (8.861177329000043 53.066615513000045)",Unfall 170038 (2023) Kat:3, Licht: 0,170038,3,7,2,06,15,7,0,0,0,1,0,1,0,0
"POINT (8.773970815000041 53.062051359000066)",Unfall 170039 (2023) Kat:3, Licht: 0,170039,3,2,5,06,13,7,0,0,1,1,0,0,0,0
"POINT (8.739613632000044 53.054985007000028)",Unfall 170043 (2023) Kat:3, Licht: 0,170043,3,1,2,06,07,6,1,0,0,1,0,0,0,0
"POINT (8.669866083000045 53.174619127000028)",Unfall 170044 (2023) Kat:3, Licht: 0,170044,3,2,5,06,11,6,1,0,1,1,0,0,0,0
"POINT (8.575911627000039 53.203113969000071)",Unfall 170045 (2023) Kat:3, Licht: 0,170045,3,2,5,06,20,6,0,0,1,1,0,0,0,0
"POINT (8.688419423000028 53.169683381000027)",Unfall 170046 (2023) Kat:3, Licht: 0,170046,3,2,6,06,08,6,1,0,0,1,1,0,0,0
"POINT (8.629567986000040 53.188433768000039)",Unfall 170047 (2023) Kat:2, Licht: 0,170047,2,7,0,06,11,6,1,0,0,1,1,0,0,0
"POINT (8.697556273000032 53.173803376000080)",Unfall 170048 (2023) Kat:3, Licht: 0,170048,3,3,5,06,13,6,0,0,0,1,0,0,0,0
"POINT (8.820481217000065 53.069373497000072)",Unfall 170050 (2023) Kat:3, Licht: 0,170050,3,6,3,06,16,5,0,0,1,1,0,0,0,0
"POINT (8.762197683000068 53.114333240000065)",Unfall 170051 (2023) Kat:3, Licht: 2,170051,3,4,6,09,20,1,0,2,1,0,1,0,0,0
"POINT (8.785143624000057 53.088558486000068)",Unfall 170052 (2023) Kat:3, Licht: 0,170052,3,2,5,06,11,5,0,0,1,0,0,0,1,0
"POINT (8.715374253000050 53.052609656000072)",Unfall 170053 (2023) Kat:3, Licht: 0,170053,3,7,0,06,10,5,0,0,0,1,0,0,0,1
"POINT (8.902701213000057 53.100135136000063)",Unfall 170054 (2023) Kat:3, Licht: 0,170054,3,7,3,06,11,5,0,0,1,1,0,0,0,0
"POINT (8.545297312000059 53.194188797000038)",Unfall 170055 (2023) Kat:2, Licht: 0,170055,2,4,6,06,08,5,0,0,0,1,1,0,0,0
"POINT (8.793758188000027 53.066349215000059)",Unfall 170056 (2023) Kat:3, Licht: 0,170056,3,3,5,06,15,5,0,0,1,1,0,0,0,0
"POINT (8.828513048000048 53.085191075000068)",Unfall 170057 (2023) Kat:2, Licht: 0,170057,2,7,1,06,13,5,0,0,1,1,0,0,0,0
"POINT (8.825454840000020 53.073022022000032)",Unfall 170058 (2023) Kat:3, Licht: 0,170058,3,7,1,06,08,5,0,0,1,1,0,0,0,0
"POINT (8.817965128000026 53.036513969000055)",Unfall 170062 (2023) Kat:3, Licht: 0,170062,3,7,0,06,17,4,0,0,0,0,1,0,0,1
"POINT (8.800679791000050 53.070917188000067)",Unfall 170063 (2023) Kat:3, Licht: 0,170063,3,7,0,06,13,4,0,0,1,0,0,0,0,0
"POINT (8.790853468000023 53.086138648000031)",Unfall 170064 (2023) Kat:3, Licht: 0,170064,3,3,5,06,18,4,0,0,1,1,0,0,0,0
"POINT (8.693579901000021 53.180069206000042)",Unfall 170065 (2023) Kat:3, Licht: 0,170065,3,1,0,06,19,4,0,0,0,0,0,1,0,0
"POINT (8.874197247000041 53.101437158000067)",Unfall 170066 (2023) Kat:3, Licht: 0,170066,3,6,2,06,19,4,0,0,0,1,0,0,0,0
"POINT (8.929887121000036 53.059052468000061)",Unfall 170067 (2023) Kat:3, Licht: 0,170067,3,4,6,06,12,4,0,0,0,1,1,0,0,0
"POINT (8.758647564000057 53.115834802000052)",Unfall 170068 (2023) Kat:3, Licht: 0,170068,3,6,2,06,07,4,0,0,1,1,0,0,0,0
"POINT (8.829662584000062 53.085479478000082)",Unfall 170069 (2023) Kat:3, Licht: 0,170069,3,5,0,06,13,4,0,0,1,0,0,0,1,0
"POINT (8.647067952000043 53.164841540000054)",Unfall 170073 (2023) Kat:3, Licht: 0,170073,3,3,5,06,15,3,0,0,1,1,0,0,0,0
"POINT (8.739806299000065 53.051033198000027)",Unfall 170074 (2023) Kat:3, Licht: 0,170074,3,7,1,10,13,1,0,0,0,1,0,0,0,0
"POINT (8.808811895000076 53.078394037000066)",Unfall 170075 (2023) Kat:3, Licht: 0,170075,3,6,4,06,10,3,1,0,0,0,0,0,0,1
"POINT (8.776478371000053 53.096922030000030)",Unfall 170076 (2023) Kat:3, Licht: 0,170076,3,3,5,06,08,3,0,0,0,1,0,0,0,0
"POINT (8.833691197000064 53.089496136000037)",Unfall 170077 (2023) Kat:3, Licht: 0,170077,3,7,0,06,11,3,0,0,1,0,0,0,0,0
"POINT (8.710124646000054 53.149904426000035)",Unfall 170078 (2023) Kat:3, Licht: 0,170078,3,6,3,06,16,3,0,0,1,1,0,0,0,0
"POINT (8.807593996000037 53.059896938000065)",Unfall 170079 (2023) Kat:2, Licht: 0,170079,2,1,0,06,10,3,1,0,1,0,0,0,0,0
"POINT (8.774034628000038 53.080668576000051)",Unfall 170080 (2023) Kat:3, Licht: 0,170080,3,3,5,06,10,3,0,0,1,1,0,0,0,0
"POINT (8.878355845000044 53.079081613000028)",Unfall 170081 (2023) Kat:3, Licht: 0,170081,3,2,5,06,10,3,1,0,1,1,0,0,0,0
"POINT (8.832134139000061 53.087538703000064)",Unfall 170082 (2023) Kat:2, Licht: 0,170082,2,7,0,06,10,3,1,0,1,0,0,0,0,0
"POINT (8.824686095000061 53.084647017000066)",Unfall 170088 (2023) Kat:3, Licht: 0,170088,3,3,5,06,07,2,0,0,1,1,0,0,0,0
"POINT (8.932113611000034 53.058922595000070)",Unfall 170089 (2023) Kat:3, Licht: 0,170089,3,6,2,06,10,2,0,0,0,1,0,0,0,0
"POINT (8.832702387000040 53.029746828000043)",Unfall 170090 (2023) Kat:3, Licht: 0,170090,3,4,6,06,14,2,0,0,0,1,1,0,0,0
"POINT (8.685360340000045 53.175240074000044)",Unfall 170091 (2023) Kat:3, Licht: 2,170091,3,2,5,06,20,2,0,2,0,1,0,0,0,0
"POINT (8.788195210000026 53.082047728000077)",Unfall 170092 (2023) Kat:3, Licht: 0,170092,3,3,5,06,15,2,0,0,1,0,0,0,0,0
"POINT (8.787879712000063 53.072385241000063)",Unfall 170093 (2023) Kat:3, Licht: 0,170093,3,3,5,06,08,2,0,0,1,1,0,0,0,0
"POINT (8.828856487000053 53.034268192000070)",Unfall 170094 (2023) Kat:2, Licht: 0,170094,2,3,5,06,09,2,0,0,1,1,0,0,0,0
"POINT (8.573484451000070 53.199312039000063)",Unfall 170095 (2023) Kat:3, Licht: 2,170095,3,1,1,06,23,2,0,2,1,1,0,0,0,0
"POINT (8.627027445000067 53.177640884000027)",Unfall 170096 (2023) Kat:3, Licht: 0,170096,3,6,2,06,13,2,0,0,1,1,0,0,0,0
"POINT (8.747937471000057 53.125614613000039)",Unfall 170097 (2023) Kat:3, Licht: 0,170097,3,6,2,06,16,1,0,0,0,1,0,1,0,0
"POINT (8.804007476000038 53.072327853000047)",Unfall 170098 (2023) Kat:3, Licht: 0,170098,3,6,4,06,14,1,0,0,1,0,0,1,0,0
"POINT (8.759800536000057 53.088091032000079)",Unfall 170099 (2023) Kat:3, Licht: 0,170099,3,4,6,06,18,1,0,0,1,0,1,0,0,0
"POINT (8.801184761000059 53.071482903000060)",Unfall 170100 (2023) Kat:3, Licht: 2,170100,3,2,5,06,00,1,0,2,0,1,0,0,0,1
"POINT (8.727660482000033 53.038327905000074)",Unfall 170103 (2023) Kat:3, Licht: 0,170103,3,6,4,06,15,7,0,0,0,1,0,0,0,1
"POINT (8.823093382000025 53.073317922000058)",Unfall 170104 (2023) Kat:3, Licht: 2,170104,3,7,0,11,02,1,0,2,1,0,0,0,0,0
"POINT (8.618588156000044 53.175829780000072)",Unfall 170105 (2023) Kat:2, Licht: 0,170105,2,6,4,06,19,7,0,0,1,0,0,0,0,1
"POINT (8.960738126000024 53.049118921000058)",Unfall 170107 (2023) Kat:2, Licht: 0,170107,2,1,2,06,18,6,0,0,0,1,0,1,0,0
"POINT (8.797138427000050 53.076344743000050)",Unfall 170108 (2023) Kat:3, Licht: 0,170108,3,4,6,06,16,6,0,0,1,0,1,0,0,0
"POINT (8.883674357000075 53.048415582000075)",Unfall 170109 (2023) Kat:3, Licht: 0,170109,3,6,0,06,17,6,0,0,1,0,0,0,1,0
"POINT (8.805223747000070 53.065768263000052)",Unfall 170110 (2023) Kat:3, Licht: 0,170110,3,5,1,06,15,6,0,0,1,1,0,0,0,0
"POINT (8.805670929000030 53.071543357000053)",Unfall 170111 (2023) Kat:3, Licht: 0,170111,3,7,1,06,19,6,0,0,1,1,0,0,0,0
"POINT (8.852288114000032 53.073686361000057)",Unfall 170112 (2023) Kat:2, Licht: 0,170112,2,4,6,06,10,6,0,0,0,0,1,0,0,1
"POINT (8.900777926000046 53.032943742000043)",Unfall 170115 (2023) Kat:3, Licht: 0,170115,3,2,5,06,13,5,0,0,1,0,0,0,0,1
"POINT (8.897684251000044 53.059000104000063)",Unfall 170117 (2023) Kat:3, Licht: 0,170117,3,7,0,06,08,5,0,0,1,1,0,0,0,0
"POINT (8.640611434000050 53.183583639000062)",Unfall 170118 (2023) Kat:3, Licht: 0,170118,3,3,5,06,07,5,0,0,1,1,0,0,0,0
"POINT (8.794235556000046 53.103171254000074)",Unfall 170119 (2023) Kat:3, Licht: 0,170119,3,6,2,06,08,5,0,0,0,1,0,0,0,0
"POINT (8.823798323000062 53.077864589000058)",Unfall 170120 (2023) Kat:3, Licht: 2,170120,3,7,0,06,00,5,0,2,1,0,0,0,0,0
"POINT (8.723827837000044 53.046196411000039)",Unfall 170121 (2023) Kat:3, Licht: 0,170121,3,3,5,06,17,5,0,0,1,1,0,0,0,0
"POINT (8.825080711000055 53.084199996000052)",Unfall 170122 (2023) Kat:3, Licht: 0,170122,3,3,5,06,09,5,0,0,1,1,0,0,0,0
"POINT (8.744728068000029 53.116560840000034)",Unfall 170123 (2023) Kat:1, Licht: 1,170123,1,1,8,06,21,5,0,1,0,0,0,1,0,0
"POINT (8.613348138000049 53.184309429000052)",Unfall 170125 (2023) Kat:3, Licht: 0,170125,3,4,6,06,12,5,0,0,0,1,1,0,0,0
"POINT (8.715010864000021 53.179459990000055)",Unfall 170126 (2023) Kat:3, Licht: 0,170126,3,4,6,06,15,5,0,0,0,1,1,0,0,0
"POINT (8.933729273000040 53.068014018000042)",Unfall 170127 (2023) Kat:3, Licht: 0,170127,3,3,5,06,15,5,0,0,1,1,0,0,0,0
"POINT (8.959293833000061 53.041588519000072)",Unfall 170128 (2023) Kat:2, Licht: 0,170128,2,3,5,06,14,5,0,0,1,1,0,0,0,0
"POINT (8.852718325000069 53.061193839000055)",Unfall 170131 (2023) Kat:3, Licht: 0,170131,3,6,2,06,10,4,0,0,0,1,0,0,0,0
"POINT (8.720267496000076 53.056731714000080)",Unfall 170132 (2023) Kat:3, Licht: 0,170132,3,6,2,06,14,4,0,0,0,1,0,0,0,0
"POINT (8.722178840000026 53.138744829000075)",Unfall 170133 (2023) Kat:3, Licht: 2,170133,3,6,4,10,07,5,1,2,1,0,0,0,0,0
"POINT (8.755222563000075 53.088465910000082)",Unfall 170134 (2023) Kat:3, Licht: 0,170134,3,3,5,06,13,4,0,0,0,1,0,0,0,1
"POINT (8.901971747000061 53.071611689000065)",Unfall 170135 (2023) Kat:2, Licht: 0,170135,2,2,5,06,17,4,0,0,1,1,0,0,0,0
"POINT (8.837379772000077 53.037848393000047)",Unfall 170139 (2023) Kat:3, Licht: 0,170139,3,3,5,10,12,3,1,0,0,1,0,0,0,0
"POINT (8.845431655000027 53.091067750000036)",Unfall 170141 (2023) Kat:3, Licht: 0,170141,3,3,5,06,15,3,0,0,1,1,0,0,0,0
"POINT (8.759583090000035 53.054586686000050)",Unfall 170142 (2023) Kat:3, Licht: 0,170142,3,3,0,06,10,3,0,0,1,1,0,0,0,0
"POINT (8.822600550000061 53.072894426000062)",Unfall 170143 (2023) Kat:3, Licht: 2,170143,3,7,0,09,20,5,0,2,1,0,0,0,0,0
"POINT (8.784331579000025 53.096435534000079)",Unfall 170144 (2023) Kat:3, Licht: 0,170144,3,3,5,06,08,3,0,0,1,1,0,0,0,0
"POINT (8.761750355000061 53.119937613000047)",Unfall 170145 (2023) Kat:3, Licht: 0,170145,3,3,5,06,14,3,0,0,0,1,0,0,0,0
"POINT (8.815985844000068 53.081095148000031)",Unfall 170146 (2023) Kat:3, Licht: 0,170146,3,7,6,06,15,3,0,0,0,1,1,0,0,0
"POINT (8.819083758000033 53.110238818000028)",Unfall 170147 (2023) Kat:3, Licht: 0,170147,3,6,4,06,07,3,0,0,0,0,0,0,1,0
"POINT (8.844165388000022 53.075392984000075)",Unfall 170148 (2023) Kat:3, Licht: 0,170148,3,3,5,06,07,3,0,0,1,0,0,0,0,1
"POINT (8.849473876000047 53.091522528000041)",Unfall 170149 (2023) Kat:3, Licht: 0,170149,3,5,1,06,08,3,0,0,1,1,0,0,0,0
"POINT (8.935741830000040 53.038345628000059)",Unfall 170150 (2023) Kat:3, Licht: 0,170150,3,4,6,06,15,3,0,0,0,1,1,0,0,0
"POINT (8.562507776000075 53.183169746000033)",Unfall 170151 (2023) Kat:3, Licht: 0,170151,3,4,6,06,08,3,0,0,0,1,1,0,0,0
"POINT (8.862529321000068 53.099279959000057)",Unfall 170152 (2023) Kat:3, Licht: 0,170152,3,3,5,06,15,3,0,0,1,1,0,0,0,0
"POINT (8.952794739000069 53.066026686000043)",Unfall 170157 (2023) Kat:3, Licht: 0,170157,3,3,5,06,11,2,0,0,1,1,0,0,0,0
"POINT (8.818357771000024 53.079956719000052)",Unfall 170158 (2023) Kat:3, Licht: 0,170158,3,5,1,06,12,2,0,0,1,1,0,0,0,0
"POINT (8.762685276000070 53.122428616000036)",Unfall 170159 (2023) Kat:3, Licht: 0,170159,3,3,5,10,17,1,0,0,0,1,0,0,0,0
"POINT (8.793117697000071 53.092863686000044)",Unfall 170160 (2023) Kat:3, Licht: 0,170160,3,6,2,06,11,2,0,0,0,1,0,0,1,0
"POINT (8.844140622000054 53.075398371000063)",Unfall 170161 (2023) Kat:3, Licht: 2,170161,3,7,9,06,01,2,0,2,0,1,0,0,0,0
"POINT (8.833363065000071 53.070662677000030)",Unfall 170162 (2023) Kat:3, Licht: 0,170162,3,3,5,06,17,2,0,0,1,0,0,0,0,1
"POINT (8.835506749000047 53.091319921000036)",Unfall 170163 (2023) Kat:3, Licht: 0,170163,3,3,5,06,14,2,0,0,0,1,0,0,0,0
"POINT (8.782869690000041 53.057107552000048)",Unfall 170164 (2023) Kat:3, Licht: 0,170164,3,3,5,06,17,2,0,0,1,1,0,0,0,0
"POINT (8.688408455000058 53.169675365000046)",Unfall 170165 (2023) Kat:3, Licht: 0,170165,3,4,6,06,17,2,0,0,0,1,1,0,0,0
"POINT (8.779475322000053 53.100024498000039)",Unfall 170166 (2023) Kat:3, Licht: 0,170166,3,1,8,06,20,1,0,0,1,0,0,0,0,0
"POINT (8.743074325000066 53.129823605000070)",Unfall 170167 (2023) Kat:3, Licht: 2,170167,3,6,4,06,02,7,0,2,0,1,0,0,0,0
"POINT (8.743161764000035 53.129751555000041)",Unfall 170168 (2023) Kat:3, Licht: 2,170168,3,4,6,06,02,7,0,2,0,1,0,0,0,1
"POINT (8.837396695000052 53.076865165000072)",Unfall 170169 (2023) Kat:3, Licht: 0,170169,3,6,2,06,14,7,0,0,0,1,0,0,0,0