WKT,Name,OBJECTID,UKATEGORIE,UTYP1,UART,UMONAT,USTUNDE,UWOCHENTAG,STRZUSTAND,ULICHTVERH,ISTRAD,ISTPKW,ISTFUSS,ISTKRAD,ISTGKFZ,ISTSONSTIG
"POINT (8.906821528000023 53.085864368000045)",Unfall 171204 (2023) Kat:3, Licht: 0,171204,3,7,6,12,08,3,1,0,0,1,1,0,0,0
"POINT (8.786205908000056 53.103026602000057)",Unfall 171205 (2023) Kat:3, Licht: 2,171205,3,2,5,12,19,3,1,2,1,1,0,0,0,0
"POINT (8.748286832000076 53.121193527000059)",Unfall 171206 (2023) Kat:2, Licht: 0,171206,2,7,1,12,07,3,1,0,0,1,0,0,0,0
"POINT (8.935043531000076 53.083556339000040)",Unfall 171207 (2023) Kat:2, Licht: 2,171207,2,3,5,12,16,3,1,2,1,1,0,0,0,0
"POINT (8.880352636000055 53.082409693000045)",Unfall 171209 (2023) Kat:3, Licht: 0,171209,3,3,5,12,10,2,0,0,1,0,0,0,1,0
"POINT (8.736632721000035 53.045309745000054)",Unfall 171210 (2023) Kat:3, Licht: 2,171210,3,4,6,12,16,2,0,2,0,1,1,0,0,0
"POINT (8.777871275000052 53.095109506000028)",Unfall 171211 (2023) Kat:3, Licht: 0,171211,3,3,5,12,11,2,0,0,1,1,0,0,0,0
"POINT (8.564355661000036 53.198111174000076)",Unfall 171212 (2023) Kat:3, Licht: 2,171212,3,5,1,12,20,1,1,2,0,1,0,0,0,0
"POINT (8.787002492000056 53.100118196000039)",Unfall 171214 (2023) Kat:3, Licht: 0,171214,3,4,6,12,10,7,0,0,0,1,1,0,0,0
"POINT (8.859453859000041 53.047211170000082)",Unfall 171217 (2023) Kat:3, Licht: 0,171217,3,6,3,12,18,6,1,0,1,0,0,0,0,1
"POINT (8.831124206000027 53.074999368000078)",Unfall 171218 (2023) Kat:3, Licht: 0,171218,3,4,6,12,12,6,0,0,1,0,1,0,0,0
"POINT (8.702172543000074 53.167534280000041)",Unfall 171219 (2023) Kat:3, Licht: 0,171219,3,7,0,12,13,6,0,0,0,0,0,0,0,1
"POINT (8.832545762000052 53.033507004000057)",Unfall 171220 (2023) Kat:3, Licht: 1,171220,3,4,6,12,16,6,0,1,0,1,1,0,0,0
"POINT (8.963530920000039 53.057420199000035)",Unfall 171222 (2023) Kat:3, Licht: 0,171222,3,6,3,12,14,6,0,0,0,1,0,0,1,0
"POINT (8.838797296000052 53.082225127000072)",Unfall 171223 (2023) Kat:3, Licht: 2,171223,3,6,1,12,07,6,0,2,0,1,0,0,0,0
"POINT (8.899518978000060 53.121086129000048)",Unfall 171224 (2023) Kat:3, Licht: 0,171224,3,2,5,12,10,6,1,0,0,1,0,0,0,1
"POINT (8.826693159000058 53.084758984000075)",Unfall 171227 (2023) Kat:3, Licht: 0,171227,3,4,6,12,12,5,0,0,0,0,1,0,0,1
"POINT (8.899049095000066 53.120682366000040)",Unfall 171228 (2023) Kat:3, Licht: 2,171228,3,3,5,12,15,5,0,2,0,1,0,0,0,0
"POINT (8.794038412000020 53.074394765000079)",Unfall 171229 (2023) Kat:3, Licht: 1,171229,3,6,3,12,14,5,0,1,0,1,0,0,0,1
"POINT (8.808563924000055 53.088112486000057)",Unfall 171230 (2023) Kat:3, Licht: 2,171230,3,2,5,12,22,5,1,2,0,1,0,0,0,1
"POINT (8.784104718000037 53.075618205000069)",Unfall 171231 (2023) Kat:3, Licht: 0,171231,3,3,5,12,15,5,0,0,1,1,0,0,0,0
"POINT (8.731454200000030 53.134044470000049)",Unfall 171232 (2023) Kat:3, Licht: 0,171232,3,7,0,12,13,5,0,0,0,1,1,0,0,0
"POINT (8.790626850000024 53.072115616000076)",Unfall 171233 (2023) Kat:3, Licht: 0,171233,3,4,6,12,14,5,0,0,0,1,1,0,0,0
"POINT (8.729094981000060 53.128706450000038)",Unfall 171234 (2023) Kat:3, Licht: 0,171234,3,6,2,12,09,5,0,0,0,1,0,0,1,0
"POINT (8.839973297000029 53.070682072000068)",Unfall 171236 (2023) Kat:3, Licht: 0,171236,3,4,6,12,13,5,0,0,0,1,1,0,0,0
"POINT (8.900408537000033 53.116122865000079)",Unfall 171237 (2023) Kat:3, Licht: 2,171237,3,7,0,12,07,5,0,2,1,1,0,0,0,0
"POINT (8.949821544000031 53.073941769000044)",Unfall 171240 (2023) Kat:3, Licht: 0,171240,3,3,5,12,11,4,0,0,1,1,0,0,0,0
"POINT (8.822111667000058 53.084309198000028)",Unfall 171241 (2023) Kat:3, Licht: 1,171241,3,6,3,12,07,4,0,1,1,0,0,0,0,1
"POINT (8.940809044000048 53.068477476000055)",Unfall 171242 (2023) Kat:3, Licht: 1,171242,3,7,6,12,08,4,1,1,0,1,1,0,0,0
"POINT (8.800990294000030 53.071308959000078)",Unfall 171243 (2023) Kat:3, Licht: 1,171243,3,2,0,12,16,3,0,1,1,1,0,0,0,0
"POINT (8.754311718000054 53.120073642000079)",Unfall 171244 (2023) Kat:3, Licht: 0,171244,3,6,2,12,14,3,0,0,0,1,0,0,0,0
"POINT (8.736235857000054 53.057804289000046)",Unfall 171246 (2023) Kat:3, Licht: 2,171246,3,3,5,12,16,3,0,2,1,1,0,0,0,0
"POINT (8.719419556000048 53.058007916000065)",Unfall 171247 (2023) Kat:3, Licht: 0,171247,3,7,6,12,12,3,0,0,0,1,1,0,0,0
"POINT (8.831750332000070 53.040508891000059)",Unfall 171248 (2023) Kat:3, Licht: 0,171248,3,3,5,12,11,3,0,0,0,1,0,0,0,0
"POINT (8.947142562000067 53.036824380000041)",Unfall 171253 (2023) Kat:3, Licht: 2,171253,3,2,5,12,07,2,1,2,1,0,0,0,0,1
"POINT (8.934418796000045 53.069307767000055)",Unfall 171254 (2023) Kat:3, Licht: 0,171254,3,3,5,12,07,2,1,0,1,1,0,0,0,0
"POINT (8.837676913000053 53.082678306000048)",Unfall 171255 (2023) Kat:3, Licht: 2,171255,3,4,0,12,17,2,1,2,0,0,1,0,0,1
"POINT (8.891794561000040 53.049361982000050)",Unfall 171256 (2023) Kat:3, Licht: 2,171256,3,3,0,12,16,2,1,2,0,1,1,0,0,0
"POINT (8.797151272000065 53.076335559000029)",Unfall 171257 (2023) Kat:3, Licht: 0,171257,3,2,5,12,09,2,1,0,1,1,0,0,0,0
"POINT (8.619073698000022 53.180488811000032)",Unfall 171258 (2023) Kat:3, Licht: 0,171258,3,4,6,12,14,2,0,0,0,1,1,0,0,0
"POINT (8.797918259000028 53.073335577000080)",Unfall 171259 (2023) Kat:3, Licht: 2,171259,3,3,5,12,17,2,1,2,1,0,0,0,0,1
"POINT (8.927861650000068 53.072609116000081)",Unfall 171260 (2023) Kat:3, Licht: 2,171260,3,2,6,12,16,2,1,2,0,1,1,0,0,0
"POINT (8.567944756000031 53.181621210000060)",Unfall 171261 (2023) Kat:3, Licht: 1,171261,3,7,1,12,16,2,1,1,0,1,1,0,0,0
"POINT (8.716063675000044 53.047789014000045)",Unfall 171262 (2023) Kat:3, Licht: 2,171262,3,3,5,12,17,2,1,2,0,1,0,0,0,0
"POINT (8.825094228000069 53.084266372000059)",Unfall 171263 (2023) Kat:3, Licht: 2,171263,3,3,5,12,17,2,1,2,1,1,0,0,0,0
"POINT (8.840863564000074 53.040489597000033)",Unfall 171266 (2023) Kat:3, Licht: 0,171266,3,3,5,12,11,1,1,0,0,1,0,0,0,0
"POINT (8.783257944000070 53.069737708000048)",Unfall 171267 (2023) Kat:3, Licht: 2,171267,3,3,5,12,03,1,1,2,0,1,0,0,0,0
"POINT (8.735779171000047 53.044270053000048)",Unfall 171269 (2023) Kat:2, Licht: 2,171269,2,7,6,12,19,7,1,2,0,1,1,0,0,0
"POINT (8.610236968000038 53.175504881000052)",Unfall 171270 (2023) Kat:3, Licht: 2,171270,3,2,6,12,17,7,1,2,0,1,1,0,0,0
"POINT (8.713284907000059 53.180829390000042)",Unfall 171271 (2023) Kat:3, Licht: 0,171271,3,7,6,12,14,7,0,0,1,0,1,0,0,0
"POINT (8.798287112000025 53.073183996000068)",Unfall 171272 (2023) Kat:3, Licht: 0,171272,3,6,3,12,15,7,0,0,0,1,0,0,0,1
"POINT (8.836971637000033 53.068069386000047)",Unfall 171273 (2023) Kat:3, Licht: 2,171273,3,4,6,12,18,7,1,2,0,1,1,0,0,0
"POINT (8.568148822000069 53.181555676000073)",Unfall 171274 (2023) Kat:3, Licht: 1,171274,3,3,5,12,17,7,1,1,0,1,0,0,0,0
"POINT (8.887664778000044 53.109047423000050)",Unfall 171279 (2023) Kat:3, Licht: 2,171279,3,6,2,12,17,6,1,2,0,1,0,0,0,0
"POINT (8.841136154000026 53.072560630000055)",Unfall 171280 (2023) Kat:3, Licht: 2,171280,3,7,0,12,19,6,0,2,1,0,0,0,0,0
"POINT (8.737916103000032 53.134407897000074)",Unfall 171281 (2023) Kat:3, Licht: 2,171281,3,3,5,12,18,6,1,2,0,1,0,0,0,1
"POINT (8.853582771000049 53.064882468000064)",Unfall 171282 (2023) Kat:3, Licht: 0,171282,3,3,4,12,09,6,2,0,0,1,0,0,0,1
"POINT (8.948210524000046 53.070360874000073)",Unfall 171284 (2023) Kat:3, Licht: 0,171284,3,4,6,12,14,5,1,0,0,1,1,0,0,0
"POINT (8.797058454000023 53.064475957000070)",Unfall 171285 (2023) Kat:3, Licht: 0,171285,3,6,2,12,14,5,0,0,0,0,0,0,0,1
"POINT (8.818318548000036 53.079941232000067)",Unfall 171288 (2023) Kat:3, Licht: 2,171288,3,3,5,12,19,4,1,2,1,0,0,0,0,0
"POINT (8.885411952000027 53.050049773000069)",Unfall 171289 (2023) Kat:3, Licht: 2,171289,3,6,2,12,18,4,1,2,0,1,0,0,0,1
"POINT (8.856904712000073 53.064210406000029)",Unfall 171290 (2023) Kat:3, Licht: 2,171290,3,6,2,12,17,3,0,2,0,1,0,0,0,0
"POINT (8.891696775000071 53.047794963000058)",Unfall 171291 (2023) Kat:2, Licht: 0,171291,2,4,6,12,11,4,1,0,0,1,1,0,0,0
"POINT (8.822984607000024 53.078462615000035)",Unfall 171292 (2023) Kat:3, Licht: 0,171292,3,7,0,12,13,4,1,0,0,0,0,0,0,1
"POINT (8.812218632000054 53.097776034000049)",Unfall 171293 (2023) Kat:3, Licht: 0,171293,3,5,1,12,14,4,2,0,1,0,0,0,0,1
"POINT (8.940500746000055 53.077533946000074)",Unfall 171296 (2023) Kat:3, Licht: 0,171296,3,3,5,12,13,3,2,0,1,1,0,0,0,0
"POINT (8.894544152000037 53.050864616000069)",Unfall 171297 (2023) Kat:3, Licht: 2,171297,3,4,6,12,17,3,1,2,0,1,1,0,0,0
"POINT (8.893595173000051 53.098348440000052)",Unfall 171298 (2023) Kat:3, Licht: 2,171298,3,6,2,12,20,3,1,2,0,1,0,0,0,1
"POINT (8.816421468000044 53.072405969000044)",Unfall 171300 (2023) Kat:3, Licht: 0,171300,3,7,0,12,11,2,1,0,0,0,1,0,0,1
"POINT (8.621003485000074 53.182049723000034)",Unfall 171301 (2023) Kat:3, Licht: 2,171301,3,7,0,12,20,5,1,2,0,0,0,0,0,1
"POINT (8.730651779000027 53.040552776000027)",Unfall 171302 (2023) Kat:3, Licht: 0,171302,3,5,1,12,13,2,1,0,0,1,0,0,0,0
"POINT (8.758778689000053 53.115938503000052)",Unfall 171303 (2023) Kat:3, Licht: 2,171303,3,6,3,12,22,2,0,2,0,1,0,0,0,1
"POINT (8.716039490000071 53.047826846000078)",Unfall 171305 (2023) Kat:3, Licht: 2,171305,3,2,5,12,21,2,1,2,0,1,0,0,0,0
"POINT (8.741169669000044 53.138305512000045)",Unfall 171308 (2023) Kat:3, Licht: 0,171308,3,6,2,12,11,1,1,0,0,1,0,0,0,0
"POINT (8.720926037000027 53.043091202000028)",Unfall 171309 (2023) Kat:3, Licht: 2,171309,3,7,1,12,19,1,2,2,0,1,0,0,0,0
"POINT (8.831131334000077 53.081360432000054)",Unfall 171311 (2023) Kat:3, Licht: 0,171311,3,6,2,12,08,7,2,0,0,1,0,0,0,0
"POINT (8.803759045000049 53.076612298000043)",Unfall 171312 (2023) Kat:3, Licht: 2,171312,3,6,2,12,19,7,2,2,0,1,0,0,0,0
"POINT (8.804680816000030 53.085764346000076)",Unfall 171313 (2023) Kat:3, Licht: 0,171313,3,4,6,12,15,7,1,0,0,1,1,0,0,0
"POINT (8.898544341000047 53.119920837000052)",Unfall 171314 (2023) Kat:3, Licht: 0,171314,3,6,2,12,09,7,2,0,0,1,0,0,0,0
"POINT (8.806729085000029 53.060461636000070)",Unfall 171315 (2023) Kat:3, Licht: 2,171315,3,3,4,12,18,7,1,2,0,1,0,0,0,0
"POINT (8.622127580000040 53.171430349000047)",Unfall 171316 (2023) Kat:3, Licht: 0,171316,3,7,0,12,10,7,0,0,0,0,0,0,0,1
"POINT (8.782988905000025 53.088109384000063)",Unfall 171317 (2023) Kat:2, Licht: 2,171317,2,7,0,12,06,6,0,2,1,0,0,0,0,0
"POINT (8.733816582000031 53.058476894000080)",Unfall 171318 (2023) Kat:3, Licht: 2,171318,3,6,2,12,21,6,0,2,0,1,0,0,0,0
"POINT (8.865046985000049 53.070833076000042)",Unfall 171320 (2023) Kat:3, Licht: 2,171320,3,7,0,11,07,5,2,2,0,0,0,1,0,0
"POINT (8.763365507000060 53.116623073000028)",Unfall 171321 (2023) Kat:3, Licht: 0,171321,3,3,5,11,11,5,0,0,1,1,0,0,0,0
"POINT (8.800600330000066 53.062003507000043)",Unfall 171322 (2023) Kat:2, Licht: 0,171322,2,4,6,11,13,5,0,0,0,1,1,0,0,0
"POINT (8.824210935000053 53.079201915000056)",Unfall 171324 (2023) Kat:3, Licht: 0,171324,3,4,6,11,11,5,2,0,1,0,1,0,0,0
"POINT (8.840018553000050 53.098598704000040)",Unfall 171325 (2023) Kat:2, Licht: 2,171325,2,3,5,11,17,5,0,2,0,1,1,0,0,0
"POINT (8.950433035000060 53.057934749000026)",Unfall 171326 (2023) Kat:2, Licht: 2,171326,2,2,5,11,17,5,1,2,0,1,0,0,0,0
"POINT (8.815181059000054 53.081226134000076)",Unfall 171327 (2023) Kat:3, Licht: 2,171327,3,3,5,11,16,4,0,2,1,1,0,0,0,0
"POINT (8.622873222000067 53.168824139000037)",Unfall 171330 (2023) Kat:3, Licht: 0,171330,3,3,5,11,08,3,0,0,1,0,0,0,0,0
"POINT (8.793317573000024 53.092776018000052)",Unfall 171331 (2023) Kat:3, Licht: 2,171331,3,3,5,11,20,3,1,2,0,1,0,0,0,0
"POINT (8.818758536000075 53.082559512000046)",Unfall 171332 (2023) Kat:3, Licht: 0,171332,3,3,5,11,12,3,0,0,1,1,0,0,0,0
"POINT (8.865251421000039 53.071639083000036)",Unfall 171333 (2023) Kat:3, Licht: 0,171333,3,2,5,11,13,3,2,0,1,1,0,0,0,0
"POINT (8.740192994000040 53.051436384000056)",Unfall 171335 (2023) Kat:3, Licht: 2,171335,3,7,0,11,06,2,1,2,0,0,0,0,0,1
"POINT (8.902821313000061 53.126742271000069)",Unfall 171336 (2023) Kat:3, Licht: 0,171336,3,4,6,11,11,2,1,0,0,1,1,0,0,0
"POINT (8.775535831000070 53.060493440000073)",Unfall 171337 (2023) Kat:3, Licht: 0,171337,3,3,5,11,08,2,1,0,0,1,0,0,0,0
"POINT (8.882669142000054 53.057453441000064)",Unfall 171338 (2023) Kat:3, Licht: 2,171338,3,3,5,11,05,2,1,2,0,1,0,1,0,0
"POINT (8.824923416000047 53.084566319000032)",Unfall 171339 (2023) Kat:3, Licht: 2,171339,3,3,5,11,18,2,1,2,1,1,0,0,0,0
"POINT (8.799557351000033 53.055027788000075)",Unfall 171340 (2023) Kat:3, Licht: 2,171340,3,3,5,11,05,2,1,2,0,1,0,0,0,0
"POINT (8.879569598000046 53.101359483000067)",Unfall 171341 (2023) Kat:3, Licht: 2,171341,3,3,5,11,17,2,1,2,0,1,0,0,0,1
"POINT (8.652482663000058 53.171250194000038)",Unfall 171343 (2023) Kat:2, Licht: 2,171343,2,4,6,11,18,7,1,2,0,1,1,0,0,0
"POINT (8.817084274000024 53.078782982000064)",Unfall 171344 (2023) Kat:3, Licht: 2,171344,3,6,3,11,06,7,1,2,0,1,0,0,0,0
"POINT (8.716583797000055 53.134542790000069)",Unfall 171346 (2023) Kat:3, Licht: 0,171346,3,6,2,11,10,7,1,0,0,1,0,0,0,0
"POINT (8.879881245000036 53.112531811000053)",Unfall 171347 (2023) Kat:3, Licht: 0,171347,3,6,2,11,15,7,0,0,0,1,0,0,0,1
"POINT (8.770269316000054 53.093140745000028)",Unfall 171350 (2023) Kat:3, Licht: 2,171350,3,4,6,11,18,6,1,2,0,1,1,0,0,0
"POINT (8.883668852000028 53.048444510000081)",Unfall 171351 (2023) Kat:3, Licht: 2,171351,3,3,5,11,17,6,1,2,0,1,0,0,0,0
"POINT (8.731019897000067 53.040883475000044)",Unfall 171352 (2023) Kat:3, Licht: 0,171352,3,3,5,11,11,6,0,0,1,1,0,0,0,0
"POINT (8.665400722000072 53.164299156000027)",Unfall 171353 (2023) Kat:2, Licht: 0,171353,2,3,5,11,12,6,1,0,1,0,0,0,0,1
"POINT (8.831497492000040 53.085971920000077)",Unfall 171354 (2023) Kat:3, Licht: 2,171354,3,3,5,11,17,6,1,2,1,1,0,0,0,0
"POINT (8.810527305000051 53.061936833000061)",Unfall 171355 (2023) Kat:3, Licht: 0,171355,3,4,6,11,14,6,1,0,0,1,1,0,0,0
"POINT (8.729098000000022 53.039189637000050)",Unfall 171356 (2023) Kat:3, Licht: 0,171356,3,6,2,11,13,6,1,0,0,1,0,0,0,0
"POINT (8.801990397000054 53.079362903000060)",Unfall 171357 (2023) Kat:3, Licht: 2,171357,3,3,5,11,16,6,1,2,1,1,0,0,0,0
"POINT (8.782350558000076 53.066901088000066)",Unfall 171358 (2023) Kat:2, Licht: 0,171358,2,2,5,11,14,6,1,0,0,1,0,0,0,0
"POINT (8.824479922000023 53.084307035000052)",Unfall 171359 (2023) Kat:3, Licht: 0,171359,3,3,5,11,12,6,1,0,1,1,0,0,0,0
"POINT (8.962503684000069 53.058770825000067)",Unfall 171360 (2023) Kat:2, Licht: 0,171360,2,7,0,11,14,6,1,0,1,0,0,0,0,0
"POINT (8.788864988000057 53.063278900000057)",Unfall 171361 (2023) Kat:3, Licht: 2,171361,3,2,5,11,17,6,1,2,1,0,0,0,0,1
"POINT (8.836699021000072 53.093543817000068)",Unfall 171362 (2023) Kat:3, Licht: 0,171362,3,3,5,11,15,6,1,0,0,1,0,0,0,1
"POINT (8.763553771000034 53.108978138000055)",Unfall 171363 (2023) Kat:3, Licht: 2,171363,3,4,6,11,19,6,1,2,0,1,1,0,0,0
"POINT (8.803245071000049 53.080160474000081)",Unfall 171367 (2023) Kat:3, Licht: 0,171367,3,4,6,11,12,5,0,0,1,0,1,0,0,0
"POINT (8.752221080000027 53.119714370000054)",Unfall 171368 (2023) Kat:3, Licht: 0,171368,3,2,5,11,14,5,1,0,0,1,0,0,0,0
"POINT (8.800484192000056 53.078747896000039)",Unfall 171369 (2023) Kat:3, Licht: 2,171369,3,3,5,11,18,5,1,2,1,1,0,0,0,0
"POINT (8.840010769000060 53.103689696000060)",Unfall 171370 (2023) Kat:3, Licht: 0,171370,3,3,5,11,13,5,1,0,1,1,0,0,0,0
"POINT (8.940145629000028 53.067838956000060)",Unfall 171371 (2023) Kat:3, Licht: 2,171371,3,3,5,11,05,5,1,2,0,1,0,1,0,0
"POINT (8.756311984000035 53.113962127000036)",Unfall 171372 (2023) Kat:3, Licht: 0,171372,3,3,5,11,15,5,1,0,1,1,0,0,0,0
"POINT (8.853973351000036 53.074752063000062)",Unfall 171373 (2023) Kat:3, Licht: 0,171373,3,4,6,11,15,5,1,0,0,0,0,0,1,1
"POINT (8.579128409000020 53.183346190000066)",Unfall 171374 (2023) Kat:2, Licht: 2,171374,2,4,6,11,16,5,1,2,0,1,1,0,0,0
"POINT (8.619270059000030 53.182137147000049)",Unfall 171375 (2023) Kat:3, Licht: 2,171375,3,6,1,11,19,5,1,2,0,1,0,1,0,0
"POINT (8.869648766000068 53.064262979000034)",Unfall 171376 (2023) Kat:3, Licht: 2,171376,3,6,2,11,20,5,1,2,0,1,0,0,0,0
"POINT (8.785823398000048 53.102810117000047)",Unfall 171377 (2023) Kat:2, Licht: 1,171377,2,3,5,11,15,5,1,1,0,1,1,0,0,0
"POINT (8.870035685000062 53.064988203000041)",Unfall 171378 (2023) Kat:3, Licht: 2,171378,3,3,5,11,16,5,1,2,1,1,0,0,0,0
"POINT (8.785095973000068 53.061032329000057)",Unfall 171381 (2023) Kat:3, Licht: 2,171381,3,6,2,11,18,4,1,2,0,1,0,0,0,0
"POINT (8.852509161000057 53.073612219000040)",Unfall 171382 (2023) Kat:3, Licht: 0,171382,3,6,2,11,09,4,0,0,0,1,0,0,0,0
"POINT (8.796222984000053 53.069071846000043)",Unfall 171383 (2023) Kat:3, Licht: 0,171383,3,7,0,11,10,4,1,0,1,0,0,0,0,0
"POINT (8.737980688000050 53.056229314000063)",Unfall 171384 (2023) Kat:2, Licht: 0,171384,2,3,5,11,11,4,0,0,0,1,0,0,0,0
"POINT (8.887165883000023 53.050854251000032)",Unfall 171385 (2023) Kat:3, Licht: 1,171385,3,6,1,11,05,4,1,1,0,1,0,0,0,1
"POINT (8.740657186000021 53.053005532000043)",Unfall 171386 (2023) Kat:3, Licht: 2,171386,3,3,5,11,20,3,1,2,1,1,0,0,0,0
"POINT (8.795219926000073 53.105236263000052)",Unfall 171388 (2023) Kat:3, Licht: 0,171388,3,6,4,11,16,3,0,0,0,1,0,0,0,1
"POINT (8.771530281000025 53.094115744000078)",Unfall 171389 (2023) Kat:3, Licht: 2,171389,3,3,5,11,06,3,0,2,1,1,0,0,0,0
"POINT (8.788106227000071 53.062914674000069)",Unfall 171390 (2023) Kat:3, Licht: 2,171390,3,2,5,11,07,3,1,2,1,1,0,0,0,0
"POINT (8.889096461000065 53.086022766000042)",Unfall 171392 (2023) Kat:3, Licht: 0,171392,3,3,5,11,15,3,1,0,1,1,0,0,0,0
"POINT (8.856560675000026 53.072783469000058)",Unfall 171393 (2023) Kat:3, Licht: 0,171393,3,2,5,11,12,3,1,0,1,1,0,0,0,0
"POINT (8.811204219000047 53.080107393000048)",Unfall 171394 (2023) Kat:3, Licht: 1,171394,3,2,5,11,07,3,1,1,1,1,0,0,0,0
"POINT (8.748831505000055 53.124900893000074)",Unfall 171396 (2023) Kat:3, Licht: 0,171396,3,2,5,11,09,2,1,0,1,1,0,0,0,0
"POINT (8.814153992000058 53.055296180000028)",Unfall 171397 (2023) Kat:3, Licht: 0,171397,3,7,0,11,14,2,1,0,0,0,0,0,0,1
"POINT (8.847653102000038 53.093196296000031)",Unfall 171398 (2023) Kat:3, Licht: 0,171398,3,6,3,11,11,2,1,0,0,1,0,0,0,1
"POINT (8.822853030000033 53.072924844000056)",Unfall 171400 (2023) Kat:3, Licht: 2,171400,3,7,0,11,07,2,1,2,1,0,0,0,0,0
"POINT (8.771472012000061 53.092546013000060)",Unfall 171401 (2023) Kat:3, Licht: 0,171401,3,2,5,11,11,2,1,0,0,0,0,0,1,1
"POINT (8.953106980000030 53.066394612000067)",Unfall 171402 (2023) Kat:3, Licht: 2,171402,3,2,5,12,21,7,1,2,0,1,0,0,0,1
"POINT (8.832701387000043 53.040100378000034)",Unfall 171406 (2023) Kat:3, Licht: 2,171406,3,6,2,11,17,1,1,2,0,1,0,0,0,0
"POINT (8.790365596000072 53.108954264000033)",Unfall 171407 (2023) Kat:3, Licht: 0,171407,3,1,0,11,10,1,1,0,1,0,0,0,0,0
"POINT (8.741739253000048 53.139823397000043)",Unfall 171409 (2023) Kat:3, Licht: 1,171409,3,6,4,11,16,7,1,1,0,1,0,0,0,0
"POINT (8.959249851000038 53.041828322000072)",Unfall 171410 (2023) Kat:3, Licht: 1,171410,3,2,5,11,17,7,1,1,1,1,0,0,0,0
"POINT (8.863951732000032 53.071255470000040)",Unfall 171411 (2023) Kat:3, Licht: 2,171411,3,1,8,11,22,7,1,2,0,1,0,0,0,0
"POINT (8.820463953000058 53.076876676000040)",Unfall 171414 (2023) Kat:3, Licht: 0,171414,3,7,0,11,13,6,1,0,1,0,0,0,0,1
"POINT (8.835754710000060 53.073963964000029)",Unfall 171415 (2023) Kat:3, Licht: 0,171415,3,3,5,11,14,6,0,0,1,1,0,0,0,0
"POINT (8.864456776000054 53.077153272000032)",Unfall 171416 (2023) Kat:3, Licht: 0,171416,3,6,3,11,08,6,0,0,1,0,0,0,0,0
"POINT (8.769326318000026 53.110775447000037)",Unfall 171417 (2023) Kat:3, Licht: 2,171417,3,6,2,11,16,6,1,2,0,1,0,0,0,1
"POINT (8.915596783000069 53.059810193000033)",Unfall 171418 (2023) Kat:3, Licht: 2,171418,3,3,5,11,21,6,1,2,1,1,0,0,0,0
"POINT (8.863680327000054 53.071171249000031)",Unfall 171419 (2023) Kat:3, Licht: 0,171419,3,3,5,11,08,6,0,0,1,1,0,0,0,0
"POINT (8.900946282000064 53.089372387000026)",Unfall 171420 (2023) Kat:3, Licht: 0,171420,3,3,5,11,14,6,0,0,1,1,0,0,0,0
"POINT (8.900968153000065 53.059250618000078)",Unfall 171421 (2023) Kat:3, Licht: 0,171421,3,3,5,11,11,6,0,0,0,1,0,1,0,0
"POINT (8.794972676000043 53.084610796000050)",Unfall 171423 (2023) Kat:3, Licht: 0,171423,3,7,2,11,12,5,0,0,1,1,0,0,0,0
"POINT (8.761887157000046 53.087378615000034)",Unfall 171424 (2023) Kat:3, Licht: 0,171424,3,5,1,11,12,5,0,0,1,1,0,0,0,0
"POINT (8.828588900000057 53.068803482000078)",Unfall 171425 (2023) Kat:3, Licht: 2,171425,3,6,3,11,21,5,0,2,0,1,0,1,0,0
"POINT (8.703842121000037 53.158786517000067)",Unfall 171426 (2023) Kat:3, Licht: 2,171426,3,6,2,11,17,5,0,2,0,1,0,1,0,0
"POINT (8.895958480000047 53.059480906000033)",Unfall 171427 (2023) Kat:3, Licht: 0,171427,3,3,5,11,14,5,0,0,0,1,0,0,0,0
"POINT (8.852467597000043 53.073570507000056)",Unfall 171428 (2023) Kat:3, Licht: 1,171428,3,7,1,11,07,4,1,1,0,1,0,0,0,0
"POINT (8.947912411000061 53.064120954000032)",Unfall 171429 (2023) Kat:3, Licht: 0,171429,3,6,2,11,14,4,1,0,0,1,0,0,0,0
"POINT (8.623437031000037 53.173585134000064)",Unfall 171431 (2023) Kat:3, Licht: 2,171431,3,3,5,11,18,4,1,2,0,0,0,0,0,1
"POINT (8.830289496000034 53.028668806000042)",Unfall 171434 (2023) Kat:2, Licht: 1,171434,2,3,5,11,07,4,0,1,1,1,0,0,0,0
"POINT (8.735951290000060 53.044800458000054)",Unfall 171437 (2023) Kat:3, Licht: 0,171437,3,7,0,12,09,3,2,0,0,1,0,0,0,0
"POINT (8.852696877000028 53.050525651000044)",Unfall 171440 (2023) Kat:3, Licht: 0,171440,3,6,3,11,16,3,1,0,1,1,0,0,0,0
"POINT (8.704964245000042 53.140953830000058)",Unfall 171441 (2023) Kat:2, Licht: 1,171441,2,3,5,11,16,3,1,1,0,1,0,0,0,1
"POINT (8.789536452000050 53.075939723000033)",Unfall 171442 (2023) Kat:3, Licht: 1,171442,3,6,2,11,17,3,0,1,0,1,0,0,0,0
"POINT (8.602099517000056 53.184685897000065)",Unfall 171443 (2023) Kat:3, Licht: 0,171443,3,7,0,11,07,3,1,0,0,1,0,0,0,0
"POINT (8.787353421000034 53.069964728000059)",Unfall 171444 (2023) Kat:3, Licht: 0,171444,3,3,6,11,09,3,1,0,0,1,1,0,0,0
"POINT (8.776510742000028 53.096897221000063)",Unfall 171446 (2023) Kat:3, Licht: 1,171446,3,2,5,11,07,3,1,1,0,1,0,0,0,0