WKT,Name,OBJECTID,UKATEGORIE,UTYP1,UART,UMONAT,USTUNDE,UWOCHENTAG,STRZUSTAND,ULICHTVERH,ISTRAD,ISTPKW,ISTFUSS,ISTKRAD,ISTGKFZ,ISTSONSTIG
"POINT (8.819348249000029 53.048445223000044)",Unfall 171447 (2023) Kat:3, Licht: 0,171447,3,3,5,11,08,3,1,0,0,1,0,0,0,1
"POINT (8.802637593000043 53.058493872000042)",Unfall 171448 (2023) Kat:3, Licht: 2,171448,3,4,6,11,06,3,1,2,0,1,1,0,0,0
"POINT (8.797770209000021 53.082207006000033)",Unfall 171450 (2023) Kat:3, Licht: 0,171450,3,6,2,11,13,2,1,0,0,1,0,0,0,0
"POINT (8.788954152000031 53.073143375000029)",Unfall 171451 (2023) Kat:3, Licht: 2,171451,3,4,6,11,19,2,1,2,0,1,1,0,0,0
"POINT (8.915608948000056 53.101352185000053)",Unfall 171452 (2023) Kat:3, Licht: 2,171452,3,6,3,11,20,2,1,2,1,1,0,0,0,0
"POINT (8.753874434000068 53.120292904000053)",Unfall 171453 (2023) Kat:2, Licht: 2,171453,2,7,6,11,18,2,1,2,0,1,1,0,0,0
"POINT (8.914583982000067 53.073248826000054)",Unfall 171454 (2023) Kat:3, Licht: 0,171454,3,7,1,11,10,2,0,0,0,1,0,0,0,1
"POINT (8.614244337000059 53.176241135000055)",Unfall 171456 (2023) Kat:3, Licht: 2,171456,3,2,5,11,21,2,1,2,0,1,0,0,0,0
"POINT (8.783207649000076 53.056064110000079)",Unfall 263657 (2023) Kat:3, Licht: 2,263657,3,3,5,01,22,2,1,2,1,1,0,0,0,0
"POINT (8.818040516000053 53.058957526000029)",Unfall 263658 (2023) Kat:2, Licht: 2,263658,2,7,0,01,17,2,1,2,1,0,0,0,0,0
"POINT (8.822591145000047 53.095358535000059)",Unfall 263659 (2023) Kat:3, Licht: 0,263659,3,7,6,02,14,7,0,0,1,0,1,0,0,0
"POINT (8.758911692000027 53.094092830000079)",Unfall 263660 (2023) Kat:3, Licht: 0,263660,3,6,6,04,17,1,0,0,1,0,1,0,0,0
"POINT (8.811941031000060 53.077324411000063)",Unfall 263662 (2023) Kat:3, Licht: 0,263662,3,6,4,05,19,5,0,0,1,0,0,0,0,0
"POINT (8.843566761000034 53.066626804000066)",Unfall 263663 (2023) Kat:3, Licht: 0,263663,3,4,6,05,19,7,0,0,1,0,1,0,0,0
"POINT (8.813084335000042 53.037642552000079)",Unfall 263664 (2023) Kat:3, Licht: 0,263664,3,1,0,05,15,5,1,0,1,0,0,0,0,0
"POINT (8.860569571000042 53.050042472000030)",Unfall 263665 (2023) Kat:3, Licht: 2,263665,3,7,0,05,22,1,0,2,1,0,0,0,0,0
"POINT (8.886158445000035 53.062825455000052)",Unfall 263666 (2023) Kat:3, Licht: 0,263666,3,3,5,05,09,3,0,0,1,1,0,0,0,0
"POINT (8.948785409000038 53.058079356000064)",Unfall 263668 (2023) Kat:3, Licht: 0,263668,3,5,1,05,13,4,0,0,1,1,0,0,0,0
"POINT (8.881453254000064 53.086066159000040)",Unfall 263669 (2023) Kat:3, Licht: 0,263669,3,4,6,05,08,6,0,0,1,0,1,0,0,0
"POINT (8.833655646000068 53.068129633000069)",Unfall 263670 (2023) Kat:3, Licht: 0,263670,3,6,2,06,07,6,0,0,1,0,0,0,0,0
"POINT (8.776657786000044 53.110956456000054)",Unfall 263671 (2023) Kat:3, Licht: 0,263671,3,2,5,06,13,4,0,0,1,1,0,0,0,0
"POINT (8.737859852000042 53.042856261000054)",Unfall 263672 (2023) Kat:3, Licht: 0,263672,3,5,1,06,13,4,0,0,1,0,0,0,0,1
"POINT (8.811639891000027 53.035389037000073)",Unfall 263673 (2023) Kat:3, Licht: 0,263673,3,7,0,06,07,3,1,0,1,0,0,0,0,0
"POINT (8.813454446000037 53.077009193000038)",Unfall 263674 (2023) Kat:3, Licht: 0,263674,3,6,4,06,20,4,0,0,1,0,0,0,0,0
"POINT (8.889574232000029 53.126297641000065)",Unfall 263675 (2023) Kat:2, Licht: 0,263675,2,3,5,06,16,7,0,0,1,0,0,0,0,0
"POINT (8.817371961000049 53.034675423000067)",Unfall 263676 (2023) Kat:3, Licht: 0,263676,3,7,6,06,19,1,0,0,1,0,1,0,0,0
"POINT (8.829466925000077 53.055794552000066)",Unfall 263677 (2023) Kat:3, Licht: 0,263677,3,3,5,06,18,2,0,0,1,0,0,0,0,1
"POINT (8.825345336000055 53.084176381000077)",Unfall 263678 (2023) Kat:2, Licht: 0,263678,2,2,5,07,11,1,0,0,1,1,0,0,0,0
"POINT (8.812744051000038 53.071332086000041)",Unfall 263679 (2023) Kat:3, Licht: 0,263679,3,7,7,07,07,2,0,0,1,0,0,0,0,0
"POINT (8.816187472000024 53.049386322000032)",Unfall 263680 (2023) Kat:3, Licht: 0,263680,3,3,5,07,17,4,0,0,1,1,0,0,0,0
"POINT (8.750317041000073 53.064487967000048)",Unfall 263681 (2023) Kat:3, Licht: 0,263681,3,7,0,08,16,1,0,0,1,0,0,0,0,0
"POINT (8.803058127000043 53.075452727000027)",Unfall 263682 (2023) Kat:3, Licht: 0,263682,3,7,6,08,16,2,0,0,1,0,1,0,0,0
"POINT (8.810872205000067 53.062094549000051)",Unfall 263683 (2023) Kat:3, Licht: 0,263683,3,3,5,08,15,6,0,0,1,0,0,0,0,0
"POINT (8.732640319000041 53.137246681000079)",Unfall 263684 (2023) Kat:3, Licht: 0,263684,3,1,0,08,16,7,0,0,1,0,0,0,0,1
"POINT (8.561569106000036 53.195216359000028)",Unfall 263686 (2023) Kat:2, Licht: 0,263686,2,6,4,08,15,5,1,0,1,0,0,0,0,0
"POINT (8.816106386000058 53.076668842000061)",Unfall 263687 (2023) Kat:3, Licht: 0,263687,3,6,4,09,13,2,0,0,1,0,0,0,0,0
"POINT (8.892472496000039 53.060695616000032)",Unfall 263688 (2023) Kat:2, Licht: 0,263688,2,6,3,09,07,2,0,0,1,0,0,0,0,0
"POINT (8.715286040000024 53.135740106000071)",Unfall 263689 (2023) Kat:3, Licht: 0,263689,3,7,0,09,15,5,0,0,1,0,0,0,0,0
"POINT (8.799647288000074 53.055245637000041)",Unfall 263690 (2023) Kat:3, Licht: 2,263690,3,6,4,09,20,7,0,2,1,0,1,0,0,0
"POINT (8.862325712000029 53.062987059000079)",Unfall 263691 (2023) Kat:3, Licht: 2,263691,3,1,3,09,21,2,1,2,1,0,0,0,0,0
"POINT (8.820414434000043 53.069247786000062)",Unfall 263693 (2023) Kat:3, Licht: 0,263693,3,6,3,09,08,4,0,0,1,0,0,0,0,0
"POINT (8.808193133000032 53.074909607000052)",Unfall 263695 (2023) Kat:3, Licht: 0,263695,3,3,5,09,12,7,0,0,1,1,0,0,0,0
"POINT (8.813606098000037 53.076988587000073)",Unfall 263696 (2023) Kat:3, Licht: 0,263696,3,7,0,10,17,5,0,0,1,0,0,0,0,0
"POINT (8.740542405000042 53.055560945000082)",Unfall 263697 (2023) Kat:3, Licht: 0,263697,3,3,5,12,08,5,1,0,1,1,0,0,0,0
"POINT (8.854211122000038 53.027410055000075)",Unfall 22695 (2024) Kat:3, Licht: 0,22695,3,6,3,12,09,7,0,0,0,1,0,0,0,0
"POINT (8.908548734000021 53.080368476000046)",Unfall 22697 (2024) Kat:2, Licht: 0,22697,2,1,8,12,12,2,1,0,0,0,0,1,0,0
"POINT (8.789560726000047 53.078775308000047)",Unfall 22698 (2024) Kat:3, Licht: 2,22698,3,6,2,12,18,7,1,2,0,1,0,0,0,0
"POINT (8.717709771000045 53.169504693000079)",Unfall 22700 (2024) Kat:3, Licht: 1,22700,3,6,2,12,07,5,1,1,0,1,0,0,0,0
"POINT (8.804244755000070 53.117651446000082)",Unfall 22701 (2024) Kat:3, Licht: 0,22701,3,6,2,12,07,4,1,0,0,1,0,0,0,0
"POINT (8.814488773000051 53.023689250000075)",Unfall 22702 (2024) Kat:3, Licht: 0,22702,3,6,2,12,08,2,1,0,0,1,0,0,0,1
"POINT (8.909023071000036 53.080357052000068)",Unfall 22703 (2024) Kat:3, Licht: 2,22703,3,1,9,12,16,2,1,2,0,1,0,0,0,0
"POINT (8.766419798000072 53.128692071000046)",Unfall 22705 (2024) Kat:3, Licht: 0,22705,3,6,2,12,08,2,1,0,0,1,0,0,0,0
"POINT (8.822938754000063 53.116375135000055)",Unfall 22706 (2024) Kat:3, Licht: 2,22706,3,1,9,12,05,7,1,2,0,1,0,0,0,0
"POINT (8.739706385000034 53.143523375000029)",Unfall 22707 (2024) Kat:3, Licht: 2,22707,3,1,9,12,23,7,1,2,0,1,0,0,0,0
"POINT (8.868284276000054 53.108776684000077)",Unfall 22709 (2024) Kat:3, Licht: 2,22709,3,1,9,11,20,7,1,2,0,1,0,0,0,0
"POINT (8.727119548000076 53.144711259000076)",Unfall 22711 (2024) Kat:3, Licht: 0,22711,3,6,3,11,10,3,0,0,0,1,0,0,1,0
"POINT (8.884491230000037 53.038186574000065)",Unfall 22712 (2024) Kat:3, Licht: 0,22712,3,6,2,11,15,3,0,0,0,1,0,0,1,0
"POINT (8.728943857000047 53.150223909000033)",Unfall 22713 (2024) Kat:3, Licht: 2,22713,3,1,8,11,03,1,1,2,0,1,0,0,0,0
"POINT (8.754415184000038 53.056725991000064)",Unfall 22714 (2024) Kat:3, Licht: 0,22714,3,6,3,11,10,3,2,0,0,1,0,0,1,0
"POINT (8.836300397000059 53.023653907000039)",Unfall 22715 (2024) Kat:1, Licht: 0,22715,1,7,8,11,09,3,2,0,0,1,0,0,0,0
"POINT (8.799184677000028 53.055320496000036)",Unfall 22716 (2024) Kat:3, Licht: 0,22716,3,6,2,11,13,6,0,0,0,1,0,0,0,0
"POINT (8.737815788000034 53.142900777000079)",Unfall 22717 (2024) Kat:3, Licht: 0,22717,3,6,2,11,08,6,0,0,0,1,0,0,0,0
"POINT (8.681613003000052 53.173092965000080)",Unfall 22718 (2024) Kat:3, Licht: 0,22718,3,6,2,11,15,5,0,0,0,1,0,0,0,0
"POINT (8.968506855000044 53.056213257000081)",Unfall 22720 (2024) Kat:3, Licht: 0,22720,3,1,9,11,15,1,0,0,0,1,0,0,0,0
"POINT (8.867051547000074 53.032689440000070)",Unfall 22721 (2024) Kat:2, Licht: 2,22721,2,6,3,11,21,1,0,2,0,1,0,0,0,1
"POINT (8.787408286000073 53.075614716000075)",Unfall 22722 (2024) Kat:3, Licht: 0,22722,3,6,2,11,14,7,0,0,0,1,0,0,0,0
"POINT (8.866264476000026 53.032156536000059)",Unfall 22723 (2024) Kat:3, Licht: 1,22723,3,6,2,11,05,3,0,1,0,1,0,0,0,0
"POINT (8.796512930000063 53.099697876000050)",Unfall 22724 (2024) Kat:3, Licht: 2,22724,3,6,2,11,20,7,0,2,0,1,0,0,0,0
"POINT (8.857150165000064 53.028094499000076)",Unfall 22725 (2024) Kat:3, Licht: 0,22725,3,6,2,11,12,6,0,0,0,1,0,0,0,0
"POINT (8.903674126000055 53.084709800000041)",Unfall 22726 (2024) Kat:3, Licht: 2,22726,3,6,2,11,19,6,1,2,0,1,0,0,0,0
"POINT (8.799873226000045 53.054931197000030)",Unfall 22727 (2024) Kat:3, Licht: 0,22727,3,6,2,10,09,2,1,0,0,1,0,0,0,0
"POINT (8.721123939000051 53.162060991000033)",Unfall 22729 (2024) Kat:3, Licht: 2,22729,3,6,3,10,06,2,0,2,0,1,0,0,0,0
"POINT (8.752487075000033 53.134742617000029)",Unfall 22730 (2024) Kat:3, Licht: 0,22730,3,6,2,10,15,5,0,0,0,1,0,0,0,0
"POINT (8.710833948000072 53.179036144000065)",Unfall 22731 (2024) Kat:3, Licht: 0,22731,3,6,2,10,09,4,0,0,0,1,0,0,0,1
"POINT (8.958040442000026 53.074803670000051)",Unfall 22732 (2024) Kat:3, Licht: 0,22732,3,6,2,10,07,2,0,0,0,1,0,0,0,0
"POINT (8.845552025000075 53.038286584000048)",Unfall 22733 (2024) Kat:2, Licht: 2,22733,2,4,6,10,06,1,1,2,0,1,1,0,0,0
"POINT (8.941418570000053 53.027462838000076)",Unfall 22735 (2024) Kat:3, Licht: 0,22735,3,6,2,10,15,4,0,0,0,1,0,0,0,0
"POINT (8.640470248000042 53.176484312000071)",Unfall 22737 (2024) Kat:3, Licht: 0,22737,3,1,9,10,13,6,1,0,0,1,0,0,0,0
"POINT (8.796842919000028 53.087056918000030)",Unfall 22739 (2024) Kat:3, Licht: 0,22739,3,6,2,10,16,5,0,0,0,1,0,0,0,0
"POINT (8.860958813000025 53.029741642000033)",Unfall 22740 (2024) Kat:3, Licht: 0,22740,3,6,2,10,15,3,0,0,0,0,0,0,1,1
"POINT (8.795693352000058 53.119466506000037)",Unfall 22741 (2024) Kat:3, Licht: 0,22741,3,6,2,10,09,1,0,0,0,1,0,0,0,0
"POINT (8.858668243000068 53.113698179000039)",Unfall 22742 (2024) Kat:3, Licht: 2,22742,3,6,3,10,05,3,1,2,0,1,0,0,0,1
"POINT (8.939627360000031 53.027563977000057)",Unfall 22743 (2024) Kat:3, Licht: 1,22743,3,6,3,09,18,2,0,1,0,1,0,0,1,0
"POINT (8.705502518000060 53.176589934000049)",Unfall 22744 (2024) Kat:3, Licht: 0,22744,3,6,2,09,12,2,0,0,0,1,0,0,0,0
"POINT (8.878824446000067 53.036999394000077)",Unfall 22745 (2024) Kat:3, Licht: 0,22745,3,6,2,09,13,2,0,0,0,1,0,0,0,0
"POINT (8.900111794000054 53.038786009000034)",Unfall 22747 (2024) Kat:3, Licht: 0,22747,3,6,2,09,14,2,0,0,0,1,0,0,0,1
"POINT (8.874612893000062 53.035559888000080)",Unfall 22748 (2024) Kat:3, Licht: 0,22748,3,6,2,09,18,7,0,0,0,1,0,0,0,0
"POINT (8.790720906000047 53.080542751000053)",Unfall 22749 (2024) Kat:3, Licht: 0,22749,3,6,2,09,15,6,0,0,0,1,0,0,0,0
"POINT (8.790839973000061 53.056995875000041)",Unfall 22750 (2024) Kat:3, Licht: 0,22750,3,1,9,09,15,6,0,0,0,0,0,1,0,0
"POINT (8.790729668000040 53.080554360000065)",Unfall 22752 (2024) Kat:3, Licht: 0,22752,3,6,3,09,18,3,0,0,0,1,0,0,1,0
"POINT (8.803459203000045 53.107973294000033)",Unfall 22753 (2024) Kat:3, Licht: 0,22753,3,6,2,09,15,3,0,0,0,1,0,0,0,0
"POINT (8.717631750000066 53.170233253000049)",Unfall 22754 (2024) Kat:3, Licht: 0,22754,3,6,2,09,16,3,0,0,0,1,0,0,0,0
"POINT (8.839063863000035 53.115702813000041)",Unfall 22755 (2024) Kat:2, Licht: 0,22755,2,6,3,09,12,1,0,0,0,1,0,0,0,0
"POINT (8.841074840000033 53.023851915000080)",Unfall 22756 (2024) Kat:3, Licht: 0,22756,3,6,2,09,12,6,0,0,0,1,0,1,0,0
"POINT (8.909210436000023 53.080569395000055)",Unfall 22758 (2024) Kat:3, Licht: 0,22758,3,1,9,09,11,4,1,0,0,1,0,0,0,0
"POINT (8.828261326000074 53.023266467000042)",Unfall 22761 (2024) Kat:3, Licht: 0,22761,3,5,1,08,14,5,0,0,0,1,0,0,1,0
"POINT (8.964648295000075 53.067002494000064)",Unfall 22762 (2024) Kat:3, Licht: 0,22762,3,6,3,08,14,7,0,0,0,1,0,0,0,0
"POINT (8.896686527000043 53.038952294000069)",Unfall 22763 (2024) Kat:3, Licht: 2,22763,3,6,2,08,02,5,0,2,0,1,0,0,1,0
"POINT (8.771174787000064 53.127117582000039)",Unfall 22764 (2024) Kat:2, Licht: 0,22764,2,6,2,08,11,4,0,0,0,1,0,0,1,0
"POINT (8.859395444000029 53.028155532000028)",Unfall 22765 (2024) Kat:3, Licht: 1,22765,3,7,9,08,20,2,1,1,0,0,0,1,0,1
"POINT (8.874054291000050 53.035548458000051)",Unfall 22766 (2024) Kat:3, Licht: 0,22766,3,6,2,08,11,5,0,0,0,1,0,0,0,0
"POINT (8.888442154000074 53.038370919000045)",Unfall 22767 (2024) Kat:3, Licht: 0,22767,3,1,0,08,07,4,1,0,0,0,0,1,0,0
"POINT (8.750181577000035 53.054498495000075)",Unfall 22768 (2024) Kat:3, Licht: 2,22768,3,1,0,08,20,3,0,2,0,0,0,1,0,0
"POINT (8.881141075000073 53.037399443000027)",Unfall 22769 (2024) Kat:3, Licht: 0,22769,3,6,3,08,06,2,0,0,0,1,0,0,0,0
"POINT (8.881141075000073 53.037399443000027)",Unfall 22770 (2024) Kat:3, Licht: 0,22770,3,6,3,08,06,2,0,0,0,1,0,0,0,0
"POINT (8.796751614000073 53.099869849000072)",Unfall 22772 (2024) Kat:3, Licht: 0,22772,3,6,2,08,10,7,0,0,0,0,0,1,0,1
"POINT (8.865309366000076 53.031730625000080)",Unfall 22773 (2024) Kat:3, Licht: 2,22773,3,3,5,08,04,6,0,2,0,1,0,0,1,0
"POINT (8.789621626000041 53.078858718000049)",Unfall 22774 (2024) Kat:2, Licht: 0,22774,2,3,3,08,15,2,0,0,0,1,0,0,1,0
"POINT (8.740582556000049 53.141492174000064)",Unfall 22776 (2024) Kat:2, Licht: 0,22776,2,7,0,08,14,5,0,0,0,1,0,0,0,0
"POINT (8.732957557000077 53.146796449000078)",Unfall 22777 (2024) Kat:3, Licht: 0,22777,3,6,3,07,16,1,0,0,0,1,0,0,0,0
"POINT (8.790089695000063 53.079684066000027)",Unfall 22778 (2024) Kat:3, Licht: 0,22778,3,6,2,07,13,7,0,0,0,1,0,0,0,0
"POINT (8.641711223000073 53.174869123000065)",Unfall 22779 (2024) Kat:3, Licht: 0,22779,3,6,2,07,16,5,0,0,0,1,0,0,0,0
"POINT (8.937537749000057 53.027819935000082)",Unfall 22781 (2024) Kat:3, Licht: 0,22781,3,6,2,07,15,6,0,0,0,1,0,0,0,1
"POINT (8.937537749000057 53.027819935000082)",Unfall 22782 (2024) Kat:3, Licht: 0,22782,3,6,2,07,15,6,0,0,0,1,0,0,0,1
"POINT (8.786175118000074 53.059820479000052)",Unfall 22783 (2024) Kat:3, Licht: 0,22783,3,6,3,07,18,4,0,0,0,1,0,0,1,0
"POINT (8.885530870000025 53.039650448000032)",Unfall 22784 (2024) Kat:3, Licht: 1,22784,3,1,8,07,05,4,1,1,0,1,0,0,0,0
"POINT (8.652830972000061 53.173302975000070)",Unfall 22786 (2024) Kat:3, Licht: 0,22786,3,3,5,07,08,3,1,0,0,1,0,0,0,0
"POINT (8.794661140000073 53.085019009000064)",Unfall 22787 (2024) Kat:3, Licht: 2,22787,3,6,2,07,23,4,0,2,0,1,0,0,0,0
"POINT (8.653524651000055 53.173179668000046)",Unfall 22788 (2024) Kat:3, Licht: 0,22788,3,3,5,07,17,3,0,0,0,1,0,0,0,1
"POINT (8.944339352000043 53.027432598000075)",Unfall 22791 (2024) Kat:3, Licht: 0,22791,3,6,2,07,08,2,0,0,0,1,0,0,0,0
"POINT (8.942892076000021 53.027278922000050)",Unfall 22792 (2024) Kat:3, Licht: 0,22792,3,6,2,07,16,2,1,0,0,1,0,0,0,0
"POINT (8.733739982000031 53.148577058000058)",Unfall 22793 (2024) Kat:3, Licht: 0,22793,3,1,9,06,15,5,0,0,0,1,0,0,0,0
"POINT (8.854370155000026 53.027298110000061)",Unfall 22794 (2024) Kat:1, Licht: 2,22794,1,7,9,06,00,5,0,2,0,1,0,0,0,0
"POINT (8.809772111000029 53.051110871000049)",Unfall 22795 (2024) Kat:3, Licht: 0,22795,3,6,2,06,12,2,0,0,0,1,0,0,0,0
"POINT (8.746634820000054 53.137517585000069)",Unfall 22796 (2024) Kat:3, Licht: 0,22796,3,6,2,06,15,5,0,0,0,1,0,0,0,0
"POINT (8.717521063000049 53.170488110000065)",Unfall 22797 (2024) Kat:3, Licht: 0,22797,3,6,2,06,19,3,1,0,0,1,0,0,0,0
"POINT (8.796470023000040 53.089047701000027)",Unfall 22798 (2024) Kat:3, Licht: 0,22798,3,6,2,06,14,3,1,0,0,1,0,0,0,0
"POINT (8.732826086000046 53.147584856000037)",Unfall 22799 (2024) Kat:3, Licht: 0,22799,3,6,2,06,16,3,1,0,0,1,0,0,0,0
"POINT (8.799852446000045 53.102412038000068)",Unfall 22800 (2024) Kat:3, Licht: 0,22800,3,6,2,06,11,7,1,0,0,1,0,0,0,0
"POINT (8.852027755000051 53.026377627000045)",Unfall 22801 (2024) Kat:3, Licht: 0,22801,3,6,2,06,12,3,1,0,0,0,0,0,1,0
"POINT (8.858719509000025 53.028951399000050)",Unfall 22802 (2024) Kat:3, Licht: 0,22802,3,6,2,06,16,3,0,0,0,1,0,0,0,0
"POINT (8.884670563000043 53.039039363000029)",Unfall 22803 (2024) Kat:3, Licht: 1,22803,3,1,3,06,21,2,0,1,0,1,0,1,0,0
"POINT (8.812660876000052 53.117727759000047)",Unfall 22804 (2024) Kat:2, Licht: 0,22804,2,1,9,06,20,1,0,0,0,1,0,0,0,0
"POINT (8.715861022000070 53.173869257000035)",Unfall 22805 (2024) Kat:2, Licht: 0,22805,2,7,9,05,14,4,1,0,0,0,0,0,0,1
"POINT (8.818713791000050 53.047575889000029)",Unfall 22806 (2024) Kat:3, Licht: 0,22806,3,4,6,05,15,4,1,0,0,1,1,0,0,0
"POINT (8.777971479000030 53.065776474000074)",Unfall 22808 (2024) Kat:3, Licht: 0,22808,3,6,3,05,12,6,0,0,0,1,0,1,0,0
"POINT (8.812783267000043 53.117854146000070)",Unfall 22809 (2024) Kat:3, Licht: 0,22809,3,6,3,05,17,6,0,0,0,1,0,0,0,0
"POINT (8.796134317000053 53.089601569000081)",Unfall 22814 (2024) Kat:3, Licht: 0,22814,3,6,2,05,15,3,0,0,0,1,0,0,0,0
"POINT (8.704101375000050 53.175656816000071)",Unfall 22815 (2024) Kat:3, Licht: 0,22815,3,6,2,05,11,1,0,0,0,1,0,0,0,0
"POINT (8.789233364000040 53.057679693000068)",Unfall 22816 (2024) Kat:3, Licht: 0,22816,3,6,3,05,18,1,0,0,0,1,0,1,0,0
"POINT (8.790443902000050 53.079934961000049)",Unfall 22819 (2024) Kat:3, Licht: 0,22819,3,6,3,05,13,5,0,0,0,1,0,0,1,0
"POINT (8.860272317000067 53.028086635000079)",Unfall 22820 (2024) Kat:2, Licht: 0,22820,2,1,9,05,19,4,0,0,0,0,0,1,0,0
"POINT (8.726999741000043 53.144655011000054)",Unfall 22821 (2024) Kat:3, Licht: 0,22821,3,6,2,04,11,4,0,0,0,1,0,0,0,1
"POINT (8.783226452000065 53.071420140000043)",Unfall 22822 (2024) Kat:3, Licht: 0,22822,3,6,2,04,07,2,0,0,0,1,0,0,0,0
"POINT (8.867734655000049 53.110044155000082)",Unfall 22823 (2024) Kat:3, Licht: 0,22823,3,6,2,04,14,6,0,0,0,1,0,0,0,0
"POINT (8.869637407000027 53.109049254000070)",Unfall 22824 (2024) Kat:3, Licht: 0,22824,3,6,2,04,15,6,1,0,0,1,0,0,0,1
"POINT (8.913589746000071 53.080030935000082)",Unfall 22825 (2024) Kat:3, Licht: 0,22825,3,6,2,04,15,6,0,0,0,1,0,0,0,0
"POINT (8.807753602000048 53.110845298000072)",Unfall 22826 (2024) Kat:3, Licht: 0,22826,3,6,2,04,17,4,0,0,0,1,0,0,0,0
"POINT (8.756630724000047 53.076282879000075)",Unfall 22827 (2024) Kat:3, Licht: 1,22827,3,3,5,04,04,3,0,1,0,1,0,0,0,0
"POINT (8.795702650000067 53.098568854000064)",Unfall 22828 (2024) Kat:3, Licht: 0,22828,3,6,3,04,09,3,0,0,0,1,0,0,1,0
"POINT (8.796282567000048 53.099314425000046)",Unfall 22829 (2024) Kat:3, Licht: 0,22829,3,6,3,04,07,3,0,0,0,1,0,0,1,0
"POINT (8.806244288000073 53.117247193000026)",Unfall 22830 (2024) Kat:2, Licht: 0,22830,2,6,2,04,14,5,0,0,0,1,0,0,0,0
"POINT (8.813407385000062 53.116940103000047)",Unfall 22831 (2024) Kat:3, Licht: 0,22831,3,1,9,04,09,4,0,0,0,0,0,0,1,0
"POINT (8.808950513000070 53.051362342000061)",Unfall 22832 (2024) Kat:3, Licht: 1,22832,3,3,5,04,06,2,0,1,1,1,0,0,0,0
"POINT (8.916322333000039 53.079406677000065)",Unfall 22833 (2024) Kat:3, Licht: 0,22833,3,6,2,04,08,4,0,0,0,1,0,0,0,0
"POINT (8.895766678000030 53.038848738000070)",Unfall 22834 (2024) Kat:3, Licht: 0,22834,3,6,2,04,10,3,0,0,0,1,0,0,0,0
"POINT (8.581288860000029 53.185512860000074)",Unfall 22835 (2024) Kat:3, Licht: 0,22835,3,6,4,03,12,5,0,0,0,1,0,0,0,0
"POINT (8.789712788000031 53.078983894000032)",Unfall 22836 (2024) Kat:2, Licht: 0,22836,2,6,2,03,14,5,1,0,0,1,0,0,0,1
"POINT (8.860350519000065 53.029484298000057)",Unfall 22837 (2024) Kat:3, Licht: 0,22837,3,3,5,03,17,3,0,0,0,1,0,0,1,0
"POINT (8.783744592000062 53.071606897000038)",Unfall 22838 (2024) Kat:3, Licht: 1,22838,3,6,2,03,05,7,0,1,0,1,0,0,0,0
"POINT (8.652112941000041 53.173456648000069)",Unfall 22839 (2024) Kat:3, Licht: 1,22839,3,6,2,03,18,7,0,1,0,1,0,0,0,0
"POINT (8.783483965000073 53.071456407000028)",Unfall 22840 (2024) Kat:2, Licht: 1,22840,2,7,8,03,18,5,0,1,0,0,0,1,0,0
"POINT (8.887702043000047 53.038605652000058)",Unfall 22841 (2024) Kat:3, Licht: 0,22841,3,6,3,03,09,6,0,0,0,1,0,0,1,0
"POINT (8.796812271000022 53.088624868000068)",Unfall 22842 (2024) Kat:3, Licht: 0,22842,3,6,2,03,12,6,0,0,0,1,0,0,0,0
"POINT (8.717835562000062 53.169763970000076)",Unfall 22844 (2024) Kat:2, Licht: 0,22844,2,6,2,05,16,2,0,0,0,1,0,0,0,0
"POINT (8.886145381000063 53.040242781000075)",Unfall 22845 (2024) Kat:3, Licht: 2,22845,3,7,8,03,19,3,1,2,0,1,0,0,0,0
"POINT (8.590375357000028 53.182490270000073)",Unfall 22846 (2024) Kat:3, Licht: 0,22846,3,6,2,03,14,3,1,0,0,1,0,0,0,0
"POINT (8.583610838000027 53.184309772000063)",Unfall 22847 (2024) Kat:2, Licht: 0,22847,2,6,4,02,14,2,0,0,0,1,0,0,0,0
"POINT (8.679240224000068 53.173026499000059)",Unfall 22848 (2024) Kat:3, Licht: 0,22848,3,6,2,02,16,2,1,0,0,1,0,0,0,1
"POINT (8.714769764000039 53.176382454000077)",Unfall 22849 (2024) Kat:3, Licht: 2,22849,3,6,3,02,17,1,1,2,0,1,0,0,0,0
"POINT (8.794848024000032 53.095873331000064)",Unfall 22851 (2024) Kat:3, Licht: 1,22851,3,6,2,02,17,5,1,1,0,1,0,0,0,1
"POINT (8.825003998000057 53.023665134000055)",Unfall 22852 (2024) Kat:3, Licht: 0,22852,3,6,3,02,10,5,1,0,0,0,0,0,1,0
"POINT (8.692975074000060 53.173626604000049)",Unfall 22853 (2024) Kat:3, Licht: 0,22853,3,6,2,02,15,5,1,0,0,1,0,0,0,0
"POINT (8.929181284000038 53.079018710000071)",Unfall 22854 (2024) Kat:3, Licht: 0,22854,3,6,2,02,12,4,0,0,0,1,0,0,0,0
"POINT (8.679383357000063 53.173106532000077)",Unfall 22855 (2024) Kat:3, Licht: 0,22855,3,6,2,02,13,3,0,0,0,1,0,0,0,0
"POINT (8.874163874000033 53.107068124000079)",Unfall 22856 (2024) Kat:3, Licht: 2,22856,3,7,9,02,21,1,1,2,0,1,0,0,0,0
"POINT (8.842645918000073 53.024367017000031)",Unfall 22857 (2024) Kat:3, Licht: 2,22857,3,7,9,02,05,1,0,2,0,1,0,0,0,0
"POINT (8.780626770000026 53.063609948000078)",Unfall 22858 (2024) Kat:3, Licht: 2,22858,3,1,9,02,17,5,1,2,0,1,0,0,0,1
"POINT (8.627319473000057 53.179806500000041)",Unfall 22859 (2024) Kat:3, Licht: 0,22859,3,6,4,02,09,3,1,0,0,1,0,0,0,0
"POINT (8.790122401000076 53.079515461000028)",Unfall 22860 (2024) Kat:3, Licht: 0,22860,3,6,3,02,09,2,1,0,0,1,0,0,1,0