WKT,Name,OBJECTID,UKATEGORIE,UTYP1,UART,UMONAT,USTUNDE,UWOCHENTAG,STRZUSTAND,ULICHTVERH,ISTRAD,ISTPKW,ISTFUSS,ISTKRAD,ISTGKFZ,ISTSONSTIG
"POINT (8.870665904000020 53.108759880000036)",Unfall 22863 (2024) Kat:3, Licht: 0,22863,3,6,2,04,08,3,0,0,0,1,0,0,0,1
"POINT (8.859235050000052 53.028572946000054)",Unfall 22864 (2024) Kat:3, Licht: 0,22864,3,1,0,01,11,6,1,0,0,1,0,0,0,0
"POINT (8.880342990000031 53.037213014000031)",Unfall 22865 (2024) Kat:3, Licht: 1,22865,3,6,2,01,17,4,0,1,0,1,0,0,0,0
"POINT (8.713602836000064 53.048853185000041)",Unfall 22866 (2024) Kat:2, Licht: 2,22866,2,6,3,01,06,7,0,2,0,1,0,0,0,0
"POINT (8.718100424000056 53.169153547000064)",Unfall 22867 (2024) Kat:3, Licht: 0,22867,3,6,2,01,16,6,0,0,0,1,0,0,0,0
"POINT (8.969886258000031 53.054971731000080)",Unfall 22869 (2024) Kat:3, Licht: 1,22869,3,6,2,01,16,3,1,1,0,1,0,1,0,0
"POINT (8.937207273000070 53.079112326000029)",Unfall 22870 (2024) Kat:3, Licht: 2,22870,3,1,9,01,00,2,1,2,0,1,0,0,0,0
"POINT (8.799928625000064 53.102480281000055)",Unfall 22898 (2024) Kat:3, Licht: 0,22898,3,6,2,02,11,3,0,0,0,1,0,0,0,0
"POINT (8.653570630000047 53.173147496000070)",Unfall 22930 (2024) Kat:3, Licht: 0,22930,3,3,5,07,10,4,0,0,0,1,0,0,0,1
"POINT (8.776726089000022 53.069114921000050)",Unfall 22945 (2024) Kat:3, Licht: 2,22945,3,2,2,11,17,2,0,2,0,1,0,0,0,0
"POINT (8.868329466000034 53.108828034000055)",Unfall 22974 (2024) Kat:2, Licht: 0,22974,2,1,9,02,13,1,1,0,0,1,0,0,0,0
"POINT (8.812840049000044 53.117860550000046)",Unfall 23000 (2024) Kat:3, Licht: 0,23000,3,1,9,03,14,7,0,0,0,1,0,0,0,0
"POINT (8.795350993000056 53.097057579000079)",Unfall 23003 (2024) Kat:3, Licht: 1,23003,3,6,2,02,17,6,0,1,0,1,0,0,0,0
"POINT (8.719927916000074 53.164857788000063)",Unfall 23055 (2024) Kat:3, Licht: 2,23055,3,6,3,01,18,7,1,2,0,1,0,0,0,0
"POINT (8.691250666000030 53.173502664000068)",Unfall 23088 (2024) Kat:3, Licht: 0,23088,3,6,2,03,12,6,1,0,0,1,0,0,0,1
"POINT (8.773032759000046 53.062359120000053)",Unfall 23125 (2024) Kat:3, Licht: 0,23125,3,6,2,10,16,2,0,0,0,1,0,0,0,0
"POINT (8.944608884000047 53.027435681000043)",Unfall 23200 (2024) Kat:3, Licht: 0,23200,3,6,2,04,14,6,0,0,0,1,0,0,0,0
"POINT (8.794889421000050 53.096008402000052)",Unfall 23254 (2024) Kat:3, Licht: 0,23254,3,6,3,03,14,7,0,0,0,1,0,0,0,0
"POINT (8.789374528000053 53.120776427000067)",Unfall 23285 (2024) Kat:3, Licht: 1,23285,3,6,2,03,06,3,0,1,0,1,0,0,1,1
"POINT (8.879238403000045 53.037107073000072)",Unfall 23297 (2024) Kat:2, Licht: 0,23297,2,6,3,11,09,5,0,0,0,0,0,0,1,0
"POINT (8.720954723000034 53.162451185000066)",Unfall 23320 (2024) Kat:3, Licht: 2,23320,3,6,2,10,04,7,0,2,0,1,0,0,0,0
"POINT (8.737712331000068 53.142985261000035)",Unfall 23362 (2024) Kat:3, Licht: 2,23362,3,6,2,11,18,5,0,2,0,1,0,0,0,0
"POINT (8.819091951000075 53.023683929000072)",Unfall 23375 (2024) Kat:3, Licht: 0,23375,3,6,3,01,13,4,0,0,0,1,0,0,0,0
"POINT (8.777010872000062 53.069256252000059)",Unfall 23381 (2024) Kat:3, Licht: 0,23381,3,6,2,09,13,4,0,0,0,1,0,0,1,1
"POINT (8.692489968000075 53.173592159000066)",Unfall 23383 (2024) Kat:3, Licht: 0,23383,3,6,2,07,17,3,1,0,0,1,0,0,0,0
"POINT (8.720903709000027 53.162566145000028)",Unfall 23385 (2024) Kat:3, Licht: 2,23385,3,6,2,01,17,2,1,2,0,1,0,0,0,0
"POINT (8.797404451000034 53.087523889000067)",Unfall 23437 (2024) Kat:2, Licht: 2,23437,2,1,8,05,01,1,0,2,0,0,0,1,0,0
"POINT (8.791125146000070 53.080843720000075)",Unfall 23443 (2024) Kat:3, Licht: 2,23443,3,1,8,11,00,5,2,2,0,1,0,0,1,1
"POINT (8.766812243000061 53.128703331000054)",Unfall 23593 (2024) Kat:3, Licht: 0,23593,3,6,2,11,12,6,0,0,0,1,0,0,0,1
"POINT (8.790652535000049 53.057009464000032)",Unfall 23643 (2024) Kat:3, Licht: 0,23643,3,7,0,04,18,2,0,0,0,0,0,1,0,0
"POINT (8.784988770000041 53.060880206000036)",Unfall 23683 (2024) Kat:3, Licht: 2,23683,3,1,0,11,00,5,2,2,0,1,0,0,1,0
"POINT (8.646475561000045 53.174513362000027)",Unfall 23771 (2024) Kat:2, Licht: 2,23771,2,6,4,01,17,7,0,2,0,1,0,0,0,0
"POINT (8.907725156000026 53.082135496000035)",Unfall 23834 (2024) Kat:3, Licht: 0,23834,3,6,3,04,07,2,0,0,0,1,0,0,0,0
"POINT (8.717505008000046 53.170525078000082)",Unfall 23839 (2024) Kat:3, Licht: 0,23839,3,6,3,04,15,4,0,0,0,1,0,0,0,0
"POINT (8.716576626000062 53.172128540000074)",Unfall 23945 (2024) Kat:3, Licht: 1,23945,3,6,2,02,07,3,1,1,0,1,0,0,0,0
"POINT (8.812783267000043 53.117854146000070)",Unfall 24039 (2024) Kat:3, Licht: 0,24039,3,6,3,05,17,6,0,0,0,1,0,0,0,0
"POINT (8.790227965000042 53.079651399000056)",Unfall 24089 (2024) Kat:3, Licht: 2,24089,3,6,3,11,20,6,1,2,0,1,0,0,1,0
"POINT (8.869399734000069 53.109314648000066)",Unfall 24104 (2024) Kat:3, Licht: 0,24104,3,7,1,10,14,6,0,0,0,1,0,0,0,0
"POINT (8.582856668000034 53.184739094000065)",Unfall 24161 (2024) Kat:2, Licht: 0,24161,2,7,9,07,16,6,0,0,0,0,0,1,0,0
"POINT (8.766165414000056 53.128938371000061)",Unfall 24170 (2024) Kat:2, Licht: 0,24170,2,1,9,07,20,4,0,0,0,0,0,1,0,0
"POINT (8.715572676000022 53.174008304000040)",Unfall 24189 (2024) Kat:3, Licht: 2,24189,3,6,3,12,07,3,0,2,0,1,0,0,1,0
"POINT (8.831735892000040 53.023836308000057)",Unfall 24234 (2024) Kat:3, Licht: 0,24234,3,6,2,05,12,4,1,0,0,0,0,0,1,1
"POINT (8.788150538000025 53.062705847000075)",Unfall 24302 (2024) Kat:3, Licht: 0,24302,3,6,4,05,16,5,0,0,1,0,0,0,0,0
"POINT (8.796829223000032 53.086396804000060)",Unfall 24338 (2024) Kat:3, Licht: 0,24338,3,6,2,10,15,6,0,0,0,1,0,1,0,0
"POINT (8.879570891000071 53.037246855000035)",Unfall 24350 (2024) Kat:3, Licht: 0,24350,3,6,2,09,17,2,1,0,0,1,0,0,1,0
"POINT (8.874745681000036 53.106974680000064)",Unfall 24352 (2024) Kat:3, Licht: 0,24352,3,6,3,06,12,2,0,0,0,1,0,0,0,0
"POINT (8.891097576000050 53.038581010000030)",Unfall 24668 (2024) Kat:3, Licht: 0,24668,3,1,9,08,11,1,1,0,0,1,0,0,0,0
"POINT (8.781817139000054 53.070571356000073)",Unfall 24716 (2024) Kat:3, Licht: 0,24716,3,6,2,09,16,6,1,0,0,1,0,0,0,0
"POINT (8.964081607000026 53.068276913000034)",Unfall 24760 (2024) Kat:2, Licht: 0,24760,2,6,2,05,07,3,0,0,0,1,0,0,0,1
"POINT (8.811371674000043 53.116863242000079)",Unfall 24857 (2024) Kat:3, Licht: 0,24857,3,6,2,09,12,6,0,0,0,1,0,0,0,0
"POINT (8.796785000000057 53.056719407000060)",Unfall 24880 (2024) Kat:3, Licht: 0,24880,3,3,5,10,13,3,0,0,1,1,0,0,0,0
"POINT (8.717372381000075 53.050305393000031)",Unfall 24920 (2024) Kat:3, Licht: 0,24920,3,6,3,07,19,2,0,0,0,1,0,0,0,0
"POINT (8.797760752000045 53.100693077000074)",Unfall 24954 (2024) Kat:3, Licht: 0,24954,3,6,2,07,15,1,0,0,0,1,0,0,0,0
"POINT (8.716595114000029 53.172085944000059)",Unfall 24956 (2024) Kat:3, Licht: 0,24956,3,6,0,05,15,2,0,0,0,1,0,0,0,0
"POINT (8.808597460000044 53.051471456000058)",Unfall 25008 (2024) Kat:3, Licht: 2,25008,3,2,5,01,19,4,1,2,1,1,0,0,0,0
"POINT (8.741844396000033 53.140437938000048)",Unfall 25040 (2024) Kat:3, Licht: 2,25040,3,6,2,10,18,2,1,2,0,1,0,0,0,0
"POINT (8.720317688000023 53.051584979000040)",Unfall 25047 (2024) Kat:3, Licht: 2,25047,3,6,2,06,23,7,0,2,0,1,0,0,0,0
"POINT (8.860991733000048 53.026402696000048)",Unfall 25079 (2024) Kat:3, Licht: 2,25079,3,6,2,02,19,6,0,2,0,1,0,0,0,0
"POINT (8.710849762000066 53.179441876000055)",Unfall 25155 (2024) Kat:3, Licht: 1,25155,3,6,2,03,18,7,1,1,0,1,0,0,0,0
"POINT (8.601729256000056 53.177482590000068)",Unfall 166688 (2024) Kat:3, Licht: 0,166688,3,3,5,05,15,5,0,0,1,1,0,0,0,0
"POINT (8.835232854000026 53.073830772000065)",Unfall 166689 (2024) Kat:3, Licht: 0,166689,3,6,2,05,08,5,0,0,1,1,0,0,0,0
"POINT (8.901071709000064 53.106733045000055)",Unfall 166690 (2024) Kat:3, Licht: 0,166690,3,2,5,05,07,5,0,0,0,1,0,0,0,0
"POINT (8.914774324000064 53.094143946000031)",Unfall 166691 (2024) Kat:3, Licht: 0,166691,3,2,5,05,08,5,0,0,1,1,0,0,0,0
"POINT (8.833071414000074 53.039869715000066)",Unfall 166692 (2024) Kat:3, Licht: 0,166692,3,3,5,05,10,5,0,0,0,1,0,0,0,1
"POINT (8.815204073000075 53.081222388000072)",Unfall 166693 (2024) Kat:2, Licht: 0,166693,2,4,6,05,11,5,0,0,0,0,1,0,0,1
"POINT (8.639008146000037 53.173210534000077)",Unfall 166694 (2024) Kat:3, Licht: 0,166694,3,2,5,05,12,5,0,0,0,1,0,1,0,0
"POINT (8.800944080000022 53.071772626000040)",Unfall 166695 (2024) Kat:3, Licht: 0,166695,3,2,5,05,12,5,0,0,1,0,0,0,0,1
"POINT (8.886176075000037 53.084191993000047)",Unfall 166696 (2024) Kat:2, Licht: 0,166696,2,4,6,05,17,5,0,0,0,1,1,0,0,0
"POINT (8.919868534000045 53.049428432000070)",Unfall 166697 (2024) Kat:3, Licht: 0,166697,3,3,5,05,17,5,0,0,1,1,0,0,0,0
"POINT (8.925815487000023 53.058202401000074)",Unfall 166700 (2024) Kat:3, Licht: 0,166700,3,3,5,05,19,4,0,0,1,1,0,0,0,0
"POINT (8.856506556000056 53.089816612000050)",Unfall 166701 (2024) Kat:3, Licht: 0,166701,3,6,4,05,19,4,0,0,1,1,0,0,0,0
"POINT (8.574971999000070 53.201644133000059)",Unfall 166702 (2024) Kat:3, Licht: 0,166702,3,2,5,05,18,4,0,0,0,1,0,1,0,0
"POINT (8.934127864000061 53.068741374000069)",Unfall 166703 (2024) Kat:3, Licht: 0,166703,3,5,1,05,18,4,0,0,0,1,0,1,0,0
"POINT (8.880890576000070 53.079111085000079)",Unfall 166704 (2024) Kat:3, Licht: 0,166704,3,7,0,04,08,3,0,0,1,0,0,0,0,0
"POINT (8.669387349000033 53.173322219000056)",Unfall 166705 (2024) Kat:3, Licht: 2,166705,3,7,0,04,22,3,0,2,0,0,0,1,0,0
"POINT (8.898132211000075 53.102645600000074)",Unfall 166706 (2024) Kat:3, Licht: 0,166706,3,6,2,04,19,3,0,0,1,1,0,0,0,0
"POINT (8.935671839000065 53.090082187000064)",Unfall 166707 (2024) Kat:3, Licht: 0,166707,3,4,6,04,14,3,0,0,0,1,1,0,0,0
"POINT (8.885390325000060 53.050337181000032)",Unfall 166708 (2024) Kat:3, Licht: 0,166708,3,6,2,04,13,3,0,0,0,1,0,0,0,0
"POINT (8.898554285000046 53.131318882000073)",Unfall 166709 (2024) Kat:3, Licht: 0,166709,3,6,2,04,14,3,0,0,0,1,0,0,0,0
"POINT (8.825104389000046 53.084186840000029)",Unfall 166710 (2024) Kat:3, Licht: 0,166710,3,6,2,04,13,3,0,0,0,1,0,0,0,0
"POINT (8.793460647000074 53.066497839000078)",Unfall 166711 (2024) Kat:3, Licht: 0,166711,3,6,3,04,15,3,0,0,1,1,0,0,0,0
"POINT (8.781098202000067 53.055088145000070)",Unfall 166712 (2024) Kat:3, Licht: 0,166712,3,3,5,04,08,3,0,0,1,1,0,0,0,0
"POINT (8.947325697000053 53.058086782000032)",Unfall 166713 (2024) Kat:2, Licht: 0,166713,2,3,5,04,13,3,0,0,0,1,0,0,0,0
"POINT (8.791157575000057 53.091492208000034)",Unfall 166716 (2024) Kat:3, Licht: 0,166716,3,7,5,04,18,2,0,0,1,1,0,0,0,0
"POINT (8.757897710000066 53.058136744000080)",Unfall 166717 (2024) Kat:3, Licht: 0,166717,3,3,5,04,10,2,0,0,1,1,0,0,0,0
"POINT (8.866581661000055 53.062179603000061)",Unfall 166718 (2024) Kat:3, Licht: 0,166718,3,2,5,04,14,2,0,0,1,1,0,0,0,0
"POINT (8.778475812000067 53.069160922000037)",Unfall 166719 (2024) Kat:3, Licht: 0,166719,3,1,0,04,20,2,0,0,1,0,0,0,0,0
"POINT (8.892351721000068 53.079452829000047)",Unfall 166720 (2024) Kat:3, Licht: 0,166720,3,4,6,04,17,2,0,0,0,1,1,0,0,0
"POINT (8.884454603000052 53.048908470000072)",Unfall 166721 (2024) Kat:3, Licht: 0,166721,3,6,2,04,12,2,0,0,0,1,0,0,0,0
"POINT (8.796830830000033 53.076141751000080)",Unfall 166722 (2024) Kat:2, Licht: 0,166722,2,7,0,04,11,1,0,0,1,0,0,0,0,0
"POINT (8.873428306000051 53.073009118000073)",Unfall 166723 (2024) Kat:3, Licht: 0,166723,3,3,5,04,13,1,0,0,0,1,0,0,0,0
"POINT (8.571803035000073 53.189880570000071)",Unfall 166724 (2024) Kat:3, Licht: 1,166724,3,3,5,04,20,1,0,1,0,1,0,0,0,0
"POINT (8.887518731000057 53.064824118000047)",Unfall 166725 (2024) Kat:3, Licht: 0,166725,3,4,6,04,12,1,0,0,0,1,1,0,0,0
"POINT (8.751708796000059 53.084788341000035)",Unfall 166726 (2024) Kat:2, Licht: 0,166726,2,3,5,04,05,1,0,0,0,1,0,0,0,0
"POINT (8.797815375000027 53.072051600000066)",Unfall 166727 (2024) Kat:3, Licht: 0,166727,3,4,6,04,16,1,0,0,0,1,1,0,0,0
"POINT (8.810664650000035 53.080105186000026)",Unfall 166730 (2024) Kat:3, Licht: 2,166730,3,7,0,04,21,7,0,2,0,0,1,0,0,1
"POINT (8.649123410000072 53.173835865000058)",Unfall 166731 (2024) Kat:3, Licht: 2,166731,3,3,5,04,23,7,0,2,0,1,0,0,0,0
"POINT (8.828674369000055 53.072235275000082)",Unfall 166732 (2024) Kat:3, Licht: 0,166732,3,1,0,04,17,7,1,0,1,0,0,0,0,0
"POINT (8.809393582000041 53.077658278000058)",Unfall 166733 (2024) Kat:3, Licht: 0,166733,3,4,6,04,19,7,1,0,1,0,1,0,0,0
"POINT (8.718529702000069 53.045824452000033)",Unfall 166734 (2024) Kat:3, Licht: 0,166734,3,3,5,04,13,7,0,0,0,1,0,0,0,1
"POINT (8.740427486000044 53.124871830000075)",Unfall 166736 (2024) Kat:3, Licht: 0,166736,3,2,5,04,05,6,1,0,0,1,0,0,0,0
"POINT (8.800480798000024 53.102123652000046)",Unfall 166737 (2024) Kat:3, Licht: 0,166737,3,6,2,04,19,6,0,0,0,1,0,1,0,0
"POINT (8.782318622000048 53.066944430000035)",Unfall 166738 (2024) Kat:3, Licht: 0,166738,3,3,5,04,16,6,0,0,0,1,0,0,0,0
"POINT (8.876284560000045 53.081378778000044)",Unfall 166739 (2024) Kat:3, Licht: 0,166739,3,3,5,04,18,6,0,0,1,1,0,0,0,0
"POINT (8.792983106000065 53.059299285000066)",Unfall 166740 (2024) Kat:3, Licht: 0,166740,3,6,2,04,10,5,0,0,0,1,0,0,0,0
"POINT (8.634163026000067 53.167077724000080)",Unfall 166741 (2024) Kat:3, Licht: 1,166741,3,7,0,04,20,5,0,1,0,0,0,0,0,1
"POINT (8.865928709000059 53.100792726000066)",Unfall 166742 (2024) Kat:3, Licht: 0,166742,3,3,5,04,07,5,0,0,1,1,0,0,0,0
"POINT (8.833331657000031 53.081725305000077)",Unfall 166743 (2024) Kat:2, Licht: 0,166743,2,4,6,04,07,5,0,0,0,1,1,0,0,1
"POINT (8.736660699000026 53.045493119000071)",Unfall 166745 (2024) Kat:3, Licht: 0,166745,3,3,5,04,17,4,0,0,1,0,0,0,1,0
"POINT (8.799665033000053 53.101990922000027)",Unfall 166746 (2024) Kat:3, Licht: 0,166746,3,6,2,04,06,4,1,0,0,1,0,0,1,0
"POINT (8.862463183000045 53.063067046000072)",Unfall 166747 (2024) Kat:3, Licht: 0,166747,3,6,2,04,17,4,1,0,0,1,0,0,0,0
"POINT (8.774248249000038 53.108018780000066)",Unfall 166748 (2024) Kat:2, Licht: 0,166748,2,7,0,04,11,4,1,0,1,0,0,0,0,0
"POINT (8.899890923000044 53.124076331000026)",Unfall 166749 (2024) Kat:3, Licht: 2,166749,3,3,5,04,20,4,1,2,0,1,0,0,0,0
"POINT (8.796752337000044 53.064665805000061)",Unfall 166750 (2024) Kat:3, Licht: 0,166750,3,2,0,04,10,4,0,0,1,1,0,0,0,0
"POINT (8.757987630000059 53.058159861000036)",Unfall 166753 (2024) Kat:3, Licht: 0,166753,3,6,1,04,16,3,0,0,0,1,0,1,0,0
"POINT (8.837437091000027 53.037820210000064)",Unfall 166755 (2024) Kat:3, Licht: 0,166755,3,2,0,04,08,2,0,0,0,1,0,0,0,1
"POINT (8.890200177000054 53.082160288000068)",Unfall 166756 (2024) Kat:3, Licht: 0,166756,3,3,5,04,12,2,0,0,1,1,0,0,0,0
"POINT (8.789750892000029 53.068617724000035)",Unfall 166757 (2024) Kat:3, Licht: 0,166757,3,6,2,04,13,2,0,0,0,1,0,0,0,0
"POINT (8.793626316000029 53.088530234000075)",Unfall 166758 (2024) Kat:3, Licht: 0,166758,3,2,5,04,19,2,0,0,1,1,0,0,0,0
"POINT (8.820784185000036 53.079422678000071)",Unfall 166759 (2024) Kat:2, Licht: 2,166759,2,7,1,04,01,2,0,2,0,1,0,0,0,1
"POINT (8.765240336000033 53.127299980000032)",Unfall 166760 (2024) Kat:3, Licht: 0,166760,3,1,0,04,16,1,0,0,1,0,0,0,0,0
"POINT (8.657888856000056 53.174752152000053)",Unfall 166761 (2024) Kat:3, Licht: 0,166761,3,2,0,04,14,1,0,0,1,1,0,0,0,0
"POINT (8.841006518000029 53.071796388000053)",Unfall 166762 (2024) Kat:2, Licht: 0,166762,2,4,6,04,13,1,0,0,0,1,1,0,0,0
"POINT (8.800470302000065 53.080097229000046)",Unfall 166763 (2024) Kat:3, Licht: 2,166763,3,7,1,04,23,1,0,2,1,1,0,0,0,0
"POINT (8.842836270000021 53.088922144000037)",Unfall 166764 (2024) Kat:3, Licht: 0,166764,3,6,4,04,15,7,0,0,1,0,0,0,0,0
"POINT (8.906882829000040 53.071422118000044)",Unfall 166767 (2024) Kat:3, Licht: 0,166767,3,6,2,04,14,6,0,0,0,1,0,0,0,0
"POINT (8.854961616000026 53.079795310000065)",Unfall 166768 (2024) Kat:3, Licht: 0,166768,3,6,2,04,13,6,1,0,0,1,0,0,0,0
"POINT (8.886224711000068 53.099616547000039)",Unfall 166769 (2024) Kat:3, Licht: 0,166769,3,3,5,04,08,6,1,0,0,1,0,0,0,0
"POINT (8.784032255000056 53.075567577000072)",Unfall 166770 (2024) Kat:3, Licht: 1,166770,3,2,5,04,07,6,1,1,1,1,0,0,0,0
"POINT (8.772118621000061 53.109202152000080)",Unfall 166771 (2024) Kat:3, Licht: 0,166771,3,7,0,04,11,6,0,0,0,1,0,0,0,1
"POINT (8.775487995000049 53.099394594000046)",Unfall 166772 (2024) Kat:3, Licht: 2,166772,3,6,2,04,05,6,1,2,0,1,0,0,1,0
"POINT (8.571827118000044 53.189881261000039)",Unfall 166773 (2024) Kat:3, Licht: 0,166773,3,3,5,04,08,6,1,0,0,1,0,0,0,0
"POINT (8.716360317000067 53.154159677000052)",Unfall 166774 (2024) Kat:3, Licht: 2,166774,3,7,1,04,21,6,1,2,0,1,0,1,0,0
"POINT (8.849332868000033 53.086210709000056)",Unfall 166775 (2024) Kat:3, Licht: 0,166775,3,7,0,04,13,6,1,0,1,0,0,0,0,1
"POINT (8.806760034000035 53.081923128000028)",Unfall 166776 (2024) Kat:3, Licht: 0,166776,3,4,6,04,18,5,0,0,0,1,1,0,0,0
"POINT (8.617059030000064 53.173618254000075)",Unfall 166777 (2024) Kat:3, Licht: 1,166777,3,7,0,04,20,5,0,1,1,0,0,0,0,0
"POINT (8.802139166000075 53.105418479000036)",Unfall 166778 (2024) Kat:3, Licht: 0,166778,3,6,3,04,13,5,0,0,0,1,0,0,0,0
"POINT (8.843149649000054 53.080984169000033)",Unfall 166779 (2024) Kat:3, Licht: 0,166779,3,3,6,04,19,5,1,0,0,1,1,0,0,0
"POINT (8.780511647000026 53.068122411000047)",Unfall 166780 (2024) Kat:3, Licht: 1,166780,3,3,5,04,20,5,0,1,1,1,0,0,0,0
"POINT (8.571828030000063 53.189899840000066)",Unfall 166781 (2024) Kat:3, Licht: 2,166781,3,3,5,04,04,5,0,2,0,1,0,0,0,0
"POINT (8.871043385000064 53.068073755000057)",Unfall 166783 (2024) Kat:3, Licht: 0,166783,3,3,5,04,18,4,1,0,1,1,0,0,0,0
"POINT (8.950354263000065 53.071685200000047)",Unfall 166784 (2024) Kat:3, Licht: 0,166784,3,7,6,04,13,4,0,0,0,1,1,0,0,0
"POINT (8.799973357000056 53.070508914000072)",Unfall 166785 (2024) Kat:3, Licht: 0,166785,3,7,0,04,16,4,0,0,1,0,1,0,0,0
"POINT (8.791684631000066 53.090886384000044)",Unfall 166786 (2024) Kat:3, Licht: 0,166786,3,7,0,04,16,4,1,0,0,0,1,0,0,1
"POINT (8.555686911000066 53.185891540000057)",Unfall 166787 (2024) Kat:3, Licht: 0,166787,3,1,0,04,19,4,1,0,0,0,0,1,0,0
"POINT (8.803245265000044 53.080242336000026)",Unfall 166788 (2024) Kat:3, Licht: 0,166788,3,2,5,04,15,4,0,0,1,1,0,0,0,0
"POINT (8.892089703000067 53.081056547000060)",Unfall 166789 (2024) Kat:3, Licht: 0,166789,3,3,6,04,14,4,0,0,0,1,1,0,0,0
"POINT (8.790638578000028 53.085990438000067)",Unfall 166796 (2024) Kat:3, Licht: 0,166796,3,6,3,04,16,3,0,0,0,1,0,0,0,0
"POINT (8.855387531000076 53.068957553000075)",Unfall 166797 (2024) Kat:3, Licht: 0,166797,3,5,1,04,10,3,0,0,0,1,0,0,0,0
"POINT (8.791442423000035 53.095149493000065)",Unfall 166798 (2024) Kat:3, Licht: 0,166798,3,2,3,04,15,3,1,0,1,1,0,0,0,0
"POINT (8.862574957000049 53.099306056000046)",Unfall 166799 (2024) Kat:3, Licht: 0,166799,3,3,0,04,16,3,0,0,1,1,0,0,0,0
"POINT (8.867537926000068 53.072334815000033)",Unfall 166800 (2024) Kat:2, Licht: 0,166800,2,3,5,04,08,3,0,0,0,1,0,1,0,0
"POINT (8.841877979000060 53.098136398000065)",Unfall 166803 (2024) Kat:2, Licht: 0,166803,2,6,4,04,10,2,0,0,0,1,0,0,0,0
"POINT (8.849163868000062 53.078878054000029)",Unfall 166804 (2024) Kat:3, Licht: 0,166804,3,3,5,04,17,2,1,0,1,0,0,0,0,0
"POINT (8.797961413000053 53.073323921000053)",Unfall 166805 (2024) Kat:3, Licht: 0,166805,3,2,0,04,13,2,0,0,0,1,0,0,0,1
"POINT (8.560574165000048 53.201724524000042)",Unfall 166806 (2024) Kat:3, Licht: 0,166806,3,3,5,04,19,2,1,0,0,1,0,0,0,0
"POINT (8.854174218000026 53.082559719000074)",Unfall 166807 (2024) Kat:2, Licht: 0,166807,2,6,3,04,10,2,0,0,1,0,0,0,0,1
"POINT (8.795932190000030 53.090076431000057)",Unfall 166809 (2024) Kat:2, Licht: 0,166809,2,6,3,04,11,1,0,0,0,1,0,1,0,0
"POINT (8.857695739000064 53.085848359000067)",Unfall 166810 (2024) Kat:3, Licht: 0,166810,3,3,5,04,18,1,0,0,1,1,0,0,0,0
"POINT (8.825077987000043 53.084597977000044)",Unfall 166811 (2024) Kat:3, Licht: 0,166811,3,7,1,04,17,7,0,0,1,0,0,0,0,0
"POINT (8.836584910000056 53.068133893000038)",Unfall 166812 (2024) Kat:3, Licht: 0,166812,3,3,5,04,15,7,0,0,1,0,0,1,0,0
"POINT (8.955132544000037 53.066455501000064)",Unfall 166813 (2024) Kat:2, Licht: 2,166813,2,7,6,04,21,7,0,2,0,1,1,0,0,0
"POINT (8.720663296000055 53.132317895000028)",Unfall 166815 (2024) Kat:3, Licht: 1,166815,3,3,5,04,06,6,0,1,1,1,0,0,0,0
"POINT (8.787368858000036 53.075970667000036)",Unfall 166816 (2024) Kat:3, Licht: 0,166816,3,2,5,04,13,6,0,0,1,1,0,0,0,0
"POINT (8.897381666000058 53.058591800000045)",Unfall 166817 (2024) Kat:3, Licht: 0,166817,3,3,5,04,18,6,0,0,1,1,0,0,0,0
"POINT (8.854953829000067 53.110570700000039)",Unfall 166818 (2024) Kat:1, Licht: 2,166818,1,3,5,04,21,6,0,2,1,0,0,0,0,1
"POINT (8.768660302000058 53.111111611000069)",Unfall 166819 (2024) Kat:2, Licht: 0,166819,2,6,3,04,11,6,0,0,1,0,0,0,0,1
"POINT (8.695279696000057 53.168762136000055)",Unfall 166820 (2024) Kat:3, Licht: 0,166820,3,6,2,04,17,6,0,0,0,1,0,1,0,0
"POINT (8.812916567000059 53.081083915000079)",Unfall 166821 (2024) Kat:3, Licht: 0,166821,3,6,3,04,15,6,0,0,0,1,0,0,0,1
"POINT (8.618466173000058 53.190446038000061)",Unfall 166822 (2024) Kat:3, Licht: 0,166822,3,6,4,04,15,6,0,0,1,0,0,0,0,1
"POINT (8.914308639000069 53.065544012000032)",Unfall 166824 (2024) Kat:3, Licht: 2,166824,3,6,2,04,21,5,0,2,0,1,0,0,0,0
"POINT (8.855864184000040 53.103409202000080)",Unfall 166825 (2024) Kat:3, Licht: 0,166825,3,2,5,04,14,5,0,0,0,1,0,0,0,0
"POINT (8.701331803000073 53.139592761000074)",Unfall 166826 (2024) Kat:3, Licht: 0,166826,3,2,5,04,15,5,0,0,0,1,0,1,0,0
"POINT (8.783434389000035 53.061622956000065)",Unfall 166827 (2024) Kat:3, Licht: 0,166827,3,6,1,04,11,5,1,0,0,1,0,0,0,0
"POINT (8.785547782000037 53.074876360000076)",Unfall 166828 (2024) Kat:3, Licht: 0,166828,3,3,5,04,15,5,0,0,1,1,0,0,0,0
"POINT (8.940108420000058 53.058484452000073)",Unfall 166829 (2024) Kat:3, Licht: 0,166829,3,3,5,04,17,5,0,0,1,1,0,0,0,0
"POINT (8.772341040000072 53.109011351000049)",Unfall 166830 (2024) Kat:3, Licht: 0,166830,3,6,3,04,11,6,1,0,0,1,0,0,0,1
"POINT (8.823530054000059 53.078124415000048)",Unfall 166831 (2024) Kat:3, Licht: 0,166831,3,6,2,04,08,5,1,0,0,1,0,0,1,0
"POINT (8.784531221000066 53.104756694000059)",Unfall 166832 (2024) Kat:3, Licht: 0,166832,3,6,4,04,14,5,0,0,1,1,0,0,0,0