WKT,Name,OBJECTID,UKATEGORIE,UTYP1,UART,UMONAT,USTUNDE,UWOCHENTAG,STRZUSTAND,ULICHTVERH,ISTRAD,ISTPKW,ISTFUSS,ISTKRAD,ISTGKFZ,ISTSONSTIG
"POINT (8.618901603000040 53.178648103000057)",Unfall 166833 (2024) Kat:3, Licht: 0,166833,3,2,5,04,12,5,0,0,0,1,0,0,0,1
"POINT (8.863072394000028 53.071462454000027)",Unfall 166834 (2024) Kat:3, Licht: 0,166834,3,3,5,04,11,5,0,0,0,1,0,0,0,0
"POINT (8.887499256000069 53.034650604000035)",Unfall 166835 (2024) Kat:3, Licht: 0,166835,3,6,9,04,13,5,0,0,0,1,0,1,1,0
"POINT (8.839375574000030 53.082792026000050)",Unfall 166836 (2024) Kat:3, Licht: 0,166836,3,6,0,04,14,5,0,0,1,1,0,0,0,0
"POINT (8.823588872000073 53.084881898000049)",Unfall 166837 (2024) Kat:3, Licht: 0,166837,3,6,1,04,10,6,1,0,0,1,0,0,0,1
"POINT (8.778477114000054 53.094575111000040)",Unfall 166840 (2024) Kat:3, Licht: 0,166840,3,4,0,04,18,4,0,0,0,0,1,0,0,1
"POINT (8.805763632000037 53.081382466000036)",Unfall 166841 (2024) Kat:3, Licht: 0,166841,3,3,5,04,16,4,0,0,0,1,0,0,0,0
"POINT (8.786418437000066 53.074660884000082)",Unfall 166842 (2024) Kat:3, Licht: 0,166842,3,3,5,04,05,4,0,0,1,1,0,0,0,0
"POINT (8.781558776000054 53.091268336000041)",Unfall 166843 (2024) Kat:2, Licht: 0,166843,2,6,3,04,08,4,0,0,0,1,0,1,0,0
"POINT (8.817483417000062 53.053447577000043)",Unfall 166844 (2024) Kat:3, Licht: 0,166844,3,2,5,04,14,4,0,0,0,1,0,0,0,0
"POINT (8.801354794000076 53.071484512000040)",Unfall 166845 (2024) Kat:3, Licht: 0,166845,3,7,0,04,08,4,0,0,0,0,0,0,0,1
"POINT (8.894451802000049 53.054395626000030)",Unfall 166846 (2024) Kat:3, Licht: 1,166846,3,3,4,04,05,4,0,1,0,1,0,1,0,0
"POINT (8.695026594000069 53.142061711000053)",Unfall 166850 (2024) Kat:3, Licht: 0,166850,3,3,5,04,16,3,0,0,0,1,0,0,0,0
"POINT (8.561875791000034 53.183260380000036)",Unfall 166852 (2024) Kat:2, Licht: 0,166852,2,3,5,04,16,2,0,0,1,1,0,0,0,0
"POINT (8.882155957000066 53.101007506000030)",Unfall 166853 (2024) Kat:3, Licht: 0,166853,3,7,0,04,18,2,0,0,1,0,1,0,0,0
"POINT (8.830449826000063 53.085675790000039)",Unfall 166854 (2024) Kat:3, Licht: 0,166854,3,6,2,04,15,2,0,0,1,0,0,0,0,0
"POINT (8.757771282000022 53.058536030000027)",Unfall 166855 (2024) Kat:3, Licht: 0,166855,3,2,5,04,14,2,0,0,1,1,0,0,0,0
"POINT (8.706907855000054 53.158954864000066)",Unfall 166856 (2024) Kat:3, Licht: 2,166856,3,2,5,04,21,2,0,2,0,1,0,0,0,0
"POINT (8.804352454000025 53.072525265000081)",Unfall 166857 (2024) Kat:3, Licht: 0,166857,3,2,3,04,14,2,0,0,1,0,0,0,0,1
"POINT (8.855098566000038 53.068348723000042)",Unfall 166858 (2024) Kat:3, Licht: 0,166858,3,6,2,04,14,2,0,0,0,1,0,0,0,0
"POINT (8.786777739000058 53.074505616000067)",Unfall 166859 (2024) Kat:3, Licht: 0,166859,3,2,5,04,11,7,0,0,1,1,0,0,0,0
"POINT (8.830243075000055 53.081771128000071)",Unfall 166860 (2024) Kat:2, Licht: 0,166860,2,7,0,04,19,2,0,0,1,0,0,0,0,0
"POINT (8.856117737000034 53.103662080000049)",Unfall 166862 (2024) Kat:3, Licht: 0,166862,3,3,5,04,17,1,0,0,1,1,0,0,0,0
"POINT (8.816843497000036 53.078631685000062)",Unfall 166863 (2024) Kat:3, Licht: 0,166863,3,6,2,04,14,1,0,0,0,1,0,0,0,0
"POINT (8.849577986000043 53.085249814000065)",Unfall 166864 (2024) Kat:3, Licht: 0,166864,3,3,5,04,14,1,0,0,1,1,0,0,0,0
"POINT (8.801403585000060 53.069245466000041)",Unfall 166865 (2024) Kat:3, Licht: 0,166865,3,6,4,04,12,7,0,0,1,0,0,0,0,0
"POINT (8.848484267000060 53.050296181000078)",Unfall 166866 (2024) Kat:3, Licht: 2,166866,3,2,5,04,23,6,0,2,1,1,0,0,0,0
"POINT (8.793104039000070 53.092880386000047)",Unfall 166867 (2024) Kat:3, Licht: 0,166867,3,6,3,04,12,6,1,0,0,1,0,0,0,0
"POINT (8.757910186000061 53.058137979000037)",Unfall 166868 (2024) Kat:3, Licht: 0,166868,3,3,5,04,18,6,1,0,0,1,0,0,0,0
"POINT (8.764876406000042 53.112922242000081)",Unfall 166869 (2024) Kat:3, Licht: 0,166869,3,4,6,04,17,6,1,0,0,1,1,0,0,0
"POINT (8.881726997000044 53.058135191000076)",Unfall 166870 (2024) Kat:3, Licht: 2,166870,3,6,3,04,03,5,1,2,0,1,0,0,0,0
"POINT (8.783710156000041 53.071704371000067)",Unfall 166871 (2024) Kat:3, Licht: 0,166871,3,6,2,04,16,5,1,0,0,1,0,0,0,0
"POINT (8.808520184000031 53.051577122000026)",Unfall 166872 (2024) Kat:2, Licht: 0,166872,2,3,5,04,15,5,1,0,0,1,0,0,0,0
"POINT (8.616506752000021 53.175229957000056)",Unfall 166873 (2024) Kat:3, Licht: 0,166873,3,3,5,04,16,5,1,0,1,1,0,0,0,0
"POINT (8.930552469000077 53.087655788000063)",Unfall 166874 (2024) Kat:3, Licht: 0,166874,3,2,5,04,10,5,1,0,0,1,0,0,0,1
"POINT (8.555837574000066 53.191152134000049)",Unfall 166875 (2024) Kat:3, Licht: 0,166875,3,2,5,04,13,5,1,0,1,1,0,0,0,0
"POINT (8.818370965000042 53.072431118000054)",Unfall 166876 (2024) Kat:3, Licht: 0,166876,3,5,1,04,16,5,0,0,1,1,0,0,0,0
"POINT (8.799122343000022 53.056448467000052)",Unfall 166877 (2024) Kat:3, Licht: 0,166877,3,3,5,04,16,5,0,0,0,1,0,0,0,0
"POINT (8.567534515000034 53.194385679000050)",Unfall 166878 (2024) Kat:3, Licht: 0,166878,3,2,5,04,15,4,1,0,0,1,0,0,0,0
"POINT (8.840424022000036 53.084973771000080)",Unfall 166879 (2024) Kat:3, Licht: 0,166879,3,5,1,04,13,4,1,0,0,1,0,0,0,0
"POINT (8.759836913000072 53.125091910000037)",Unfall 166880 (2024) Kat:3, Licht: 0,166880,3,3,5,04,08,4,1,0,0,1,0,0,0,0
"POINT (8.778779583000073 53.106027800000049)",Unfall 166881 (2024) Kat:3, Licht: 0,166881,3,4,6,04,07,4,1,0,0,0,1,0,0,1
"POINT (8.702855348000071 53.171022597000047)",Unfall 166882 (2024) Kat:2, Licht: 0,166882,2,7,0,04,12,4,1,0,0,1,1,0,0,0
"POINT (8.564403160000040 53.190848809000045)",Unfall 166885 (2024) Kat:3, Licht: 0,166885,3,6,3,04,15,3,0,0,0,1,0,0,0,0
"POINT (8.802553052000064 53.070464075000075)",Unfall 166886 (2024) Kat:3, Licht: 0,166886,3,6,4,04,13,3,0,0,1,0,1,0,0,0
"POINT (8.833923162000076 53.071084962000043)",Unfall 166887 (2024) Kat:2, Licht: 2,166887,2,7,0,04,02,3,0,2,0,0,0,0,0,1
"POINT (8.795617705000041 53.067577325000059)",Unfall 166888 (2024) Kat:3, Licht: 2,166888,3,2,5,04,20,3,1,2,1,1,0,0,0,0
"POINT (8.819006104000039 53.093635717000041)",Unfall 166889 (2024) Kat:3, Licht: 0,166889,3,4,6,04,16,2,0,0,0,1,1,0,0,0
"POINT (8.783083065000028 53.090516188000038)",Unfall 166890 (2024) Kat:3, Licht: 0,166890,3,1,9,04,15,2,1,0,0,1,0,0,0,0
"POINT (8.786144478000040 53.103088233000051)",Unfall 166891 (2024) Kat:3, Licht: 0,166891,3,3,5,04,18,2,1,0,1,1,0,0,0,0
"POINT (8.941066203000048 53.058532323000065)",Unfall 166892 (2024) Kat:3, Licht: 0,166892,3,2,5,04,16,2,1,0,0,1,0,0,0,1
"POINT (8.785207760000048 53.102315920000080)",Unfall 166894 (2024) Kat:2, Licht: 1,166894,2,3,5,03,21,1,0,1,1,1,0,0,0,0
"POINT (8.961087361000068 53.050502590000065)",Unfall 166897 (2024) Kat:3, Licht: 0,166897,3,3,5,03,09,7,0,0,0,1,0,0,0,0
"POINT (8.825104389000046 53.084186840000029)",Unfall 166898 (2024) Kat:3, Licht: 2,166898,3,3,5,03,22,7,0,2,1,1,0,0,0,0
"POINT (8.624729348000074 53.178115122000065)",Unfall 166900 (2024) Kat:3, Licht: 1,166900,3,7,0,03,19,6,0,1,0,0,0,0,0,1
"POINT (8.814436400000034 53.101039523000054)",Unfall 166905 (2024) Kat:3, Licht: 0,166905,3,2,3,03,12,5,0,0,1,1,0,0,0,0
"POINT (8.758598972000073 53.115794724000068)",Unfall 166906 (2024) Kat:3, Licht: 0,166906,3,5,1,03,16,5,0,0,1,1,0,0,0,0
"POINT (8.868127658000049 53.063154374000078)",Unfall 166907 (2024) Kat:3, Licht: 2,166907,3,4,6,03,01,5,1,2,0,1,1,0,0,0
"POINT (8.825208806000035 53.084558422000043)",Unfall 166908 (2024) Kat:3, Licht: 0,166908,3,3,0,04,16,3,0,0,1,1,0,0,0,0
"POINT (8.878930322000031 53.079114026000070)",Unfall 166909 (2024) Kat:3, Licht: 0,166909,3,6,2,03,07,5,1,0,1,1,0,0,0,0
"POINT (8.895499181000048 53.133041169000080)",Unfall 166911 (2024) Kat:3, Licht: 0,166911,3,7,0,03,08,4,0,0,0,0,0,1,0,0
"POINT (8.945331720000070 53.078032165000081)",Unfall 166912 (2024) Kat:3, Licht: 0,166912,3,3,0,03,15,4,0,0,1,1,0,0,0,0
"POINT (8.797628800000041 53.073413760000051)",Unfall 166913 (2024) Kat:3, Licht: 0,166913,3,6,0,03,09,4,0,0,0,1,0,0,0,1
"POINT (8.896884202000024 53.059002102000079)",Unfall 166914 (2024) Kat:3, Licht: 0,166914,3,2,3,03,15,4,0,0,1,0,0,0,0,1
"POINT (8.945331720000070 53.078032165000081)",Unfall 166915 (2024) Kat:3, Licht: 0,166915,3,3,5,03,15,4,0,0,1,1,0,0,0,0
"POINT (8.805256390000068 53.074340635000055)",Unfall 166916 (2024) Kat:3, Licht: 0,166916,3,7,6,03,12,4,0,0,0,1,1,0,0,0
"POINT (8.786282314000061 53.100946060000069)",Unfall 166920 (2024) Kat:3, Licht: 2,166920,3,6,2,03,20,3,0,2,0,1,0,0,0,0
"POINT (8.806571405000057 53.065519764000044)",Unfall 166921 (2024) Kat:3, Licht: 0,166921,3,7,1,03,16,3,0,0,1,1,0,0,0,0
"POINT (8.780453545000057 53.101616263000039)",Unfall 166922 (2024) Kat:3, Licht: 0,166922,3,5,1,03,15,3,0,0,1,1,0,0,0,0
"POINT (8.812849179000068 53.081071787000042)",Unfall 166923 (2024) Kat:3, Licht: 0,166923,3,2,3,03,08,3,0,0,1,1,0,0,0,0
"POINT (8.703461339000057 53.098560951000081)",Unfall 166924 (2024) Kat:3, Licht: 0,166924,3,2,5,03,14,3,0,0,0,0,0,1,1,0
"POINT (8.817249061000041 53.038194403000034)",Unfall 166926 (2024) Kat:2, Licht: 0,166926,2,7,1,03,10,3,0,0,0,1,0,0,0,0
"POINT (8.808658760000071 53.083187375000080)",Unfall 166927 (2024) Kat:3, Licht: 2,166927,3,2,5,03,20,3,0,2,1,0,0,0,0,1
"POINT (8.875787368000033 53.081877438000049)",Unfall 166928 (2024) Kat:3, Licht: 0,166928,3,3,0,03,10,3,0,0,1,1,0,0,0,0
"POINT (8.821018189000029 53.066947223000057)",Unfall 166931 (2024) Kat:3, Licht: 1,166931,3,3,5,03,07,2,1,1,1,0,0,0,0,0
"POINT (8.779262148000043 53.068855107000047)",Unfall 166932 (2024) Kat:3, Licht: 0,166932,3,3,5,03,19,7,0,0,0,1,0,0,0,1
"POINT (8.612405093000064 53.175050512000041)",Unfall 166933 (2024) Kat:2, Licht: 0,166933,2,2,5,03,10,6,0,0,1,1,0,0,0,0
"POINT (8.874136573000044 53.083667619000039)",Unfall 166934 (2024) Kat:3, Licht: 0,166934,3,3,5,03,15,6,1,0,1,1,0,0,0,0
"POINT (8.875927771000022 53.082161082000027)",Unfall 166935 (2024) Kat:3, Licht: 0,166935,3,3,5,03,11,6,1,0,0,1,0,0,0,0
"POINT (8.569157586000074 53.181201509000061)",Unfall 166936 (2024) Kat:3, Licht: 0,166936,3,7,0,03,11,6,0,0,0,1,1,0,0,0
"POINT (8.837288700000045 53.076885790000063)",Unfall 166937 (2024) Kat:3, Licht: 2,166937,3,2,5,03,22,6,1,2,1,1,0,0,0,0
"POINT (8.880505639000035 53.076705001000050)",Unfall 166941 (2024) Kat:3, Licht: 0,166941,3,6,3,03,13,5,0,0,1,1,0,0,0,0
"POINT (8.719704033000028 53.045370008000077)",Unfall 166942 (2024) Kat:3, Licht: 0,166942,3,6,2,03,07,5,0,0,0,1,0,0,0,0
"POINT (8.819100283000068 53.087066961000062)",Unfall 166943 (2024) Kat:3, Licht: 0,166943,3,4,6,03,16,5,0,0,0,1,1,0,0,0
"POINT (8.704964895000046 53.140954067000052)",Unfall 166944 (2024) Kat:2, Licht: 2,166944,2,3,5,03,05,5,1,2,1,1,0,0,0,0
"POINT (8.818864785000073 53.115823136000074)",Unfall 166945 (2024) Kat:3, Licht: 0,166945,3,6,3,03,07,5,0,0,0,1,0,0,0,0
"POINT (8.774843814000064 53.080210529000055)",Unfall 166946 (2024) Kat:3, Licht: 0,166946,3,7,0,03,12,4,0,0,1,1,0,0,0,0
"POINT (8.899923776000037 53.121825403000059)",Unfall 166947 (2024) Kat:3, Licht: 0,166947,3,3,5,03,12,4,0,0,1,1,0,0,0,0
"POINT (8.789714222000043 53.086681351000038)",Unfall 166948 (2024) Kat:3, Licht: 0,166948,3,6,4,03,07,3,0,0,1,0,0,0,0,1
"POINT (8.881898516000035 53.103130698000029)",Unfall 166949 (2024) Kat:3, Licht: 0,166949,3,6,3,03,16,3,0,0,1,0,0,0,0,0
"POINT (8.823748451000029 53.077205542000058)",Unfall 166950 (2024) Kat:3, Licht: 0,166950,3,6,3,03,16,3,0,0,1,0,0,0,0,0
"POINT (8.810004903000049 53.076988824000068)",Unfall 166951 (2024) Kat:3, Licht: 0,166951,3,7,1,03,08,3,0,0,1,1,0,0,0,0
"POINT (8.950465855000061 53.058354711000050)",Unfall 166952 (2024) Kat:3, Licht: 1,166952,3,3,5,03,17,3,1,1,0,1,0,1,0,0
"POINT (8.824753470000076 53.075133390000076)",Unfall 166953 (2024) Kat:3, Licht: 0,166953,3,6,4,03,13,3,0,0,1,0,0,0,0,1
"POINT (8.787481788000036 53.075501913000039)",Unfall 166954 (2024) Kat:3, Licht: 2,166954,3,6,2,03,20,3,1,2,0,1,0,0,0,0
"POINT (8.914053184000068 53.068238493000081)",Unfall 166955 (2024) Kat:3, Licht: 1,166955,3,2,5,03,06,2,0,1,1,1,0,0,0,0
"POINT (8.810949699000048 53.071712067000078)",Unfall 166956 (2024) Kat:3, Licht: 0,166956,3,2,5,03,12,2,1,0,1,1,0,0,0,0
"POINT (8.790026329000057 53.104131291000044)",Unfall 166957 (2024) Kat:3, Licht: 0,166957,3,3,5,03,12,2,1,0,1,0,0,0,0,1
"POINT (8.792580207000071 53.085715048000054)",Unfall 166958 (2024) Kat:3, Licht: 0,166958,3,3,5,03,16,2,1,0,1,1,0,0,0,0
"POINT (8.872692564000033 53.077661782000064)",Unfall 166959 (2024) Kat:3, Licht: 0,166959,3,3,5,03,16,2,1,0,1,1,0,0,0,0
"POINT (8.845545171000026 53.091008301000045)",Unfall 166960 (2024) Kat:3, Licht: 0,166960,3,3,5,03,09,2,0,0,0,1,0,0,0,1
"POINT (8.861830463000047 53.099351369000033)",Unfall 166961 (2024) Kat:2, Licht: 0,166961,2,3,5,03,16,2,1,0,1,1,0,0,0,0
"POINT (8.817424248000066 53.050963043000081)",Unfall 166962 (2024) Kat:3, Licht: 0,166962,3,7,6,03,15,2,1,0,0,1,1,0,0,0
"POINT (8.783285578000061 53.069721354000080)",Unfall 166965 (2024) Kat:3, Licht: 2,166965,3,3,5,03,20,7,0,2,0,1,0,0,0,0
"POINT (8.751296347000050 53.163331510000035)",Unfall 166966 (2024) Kat:3, Licht: 2,166966,3,1,8,03,01,7,0,2,0,1,0,0,0,0
"POINT (8.827667406000046 53.072558602000072)",Unfall 166967 (2024) Kat:3, Licht: 0,166967,3,7,0,03,10,6,1,0,1,0,0,0,0,0
"POINT (8.714981008000052 53.090099247000069)",Unfall 166968 (2024) Kat:3, Licht: 0,166968,3,6,8,03,13,6,0,0,0,1,0,0,0,0
"POINT (8.802264485000023 53.098269572000049)",Unfall 166969 (2024) Kat:3, Licht: 0,166969,3,6,3,03,07,6,0,0,1,0,0,0,0,0
"POINT (8.804278903000068 53.062230115000034)",Unfall 166970 (2024) Kat:3, Licht: 0,166970,3,7,6,03,15,6,0,0,1,0,1,0,0,0
"POINT (8.630776679000064 53.172586479000074)",Unfall 166971 (2024) Kat:3, Licht: 0,166971,3,5,1,03,14,6,1,0,0,1,0,0,0,0
"POINT (8.737972629000069 53.042903353000042)",Unfall 166972 (2024) Kat:2, Licht: 0,166972,2,2,6,03,14,6,0,0,1,0,1,0,0,0
"POINT (8.879170169000076 53.111108820000027)",Unfall 166975 (2024) Kat:3, Licht: 0,166975,3,6,2,03,11,5,0,0,0,1,0,0,0,0
"POINT (8.875819837000051 53.115946484000062)",Unfall 166976 (2024) Kat:3, Licht: 0,166976,3,6,0,03,15,5,0,0,0,1,0,0,0,0
"POINT (8.896750279000059 53.058748333000040)",Unfall 166978 (2024) Kat:3, Licht: 0,166978,3,3,5,03,07,4,0,0,1,1,0,0,0,0
"POINT (8.711226521000071 53.168365904000041)",Unfall 166979 (2024) Kat:3, Licht: 0,166979,3,7,0,03,08,4,0,0,0,0,1,0,0,1
"POINT (8.825656971000058 53.084449133000078)",Unfall 166980 (2024) Kat:3, Licht: 0,166980,3,2,5,03,13,4,0,0,1,1,0,0,0,0
"POINT (8.619073158000049 53.180482416000075)",Unfall 166981 (2024) Kat:3, Licht: 2,166981,3,3,5,03,17,4,0,2,1,0,0,0,0,1
"POINT (8.729977162000068 53.039991575000045)",Unfall 166982 (2024) Kat:3, Licht: 2,166982,3,3,1,03,18,4,1,2,0,1,0,0,0,0
"POINT (8.870748942000034 53.095897837000052)",Unfall 166983 (2024) Kat:3, Licht: 0,166983,3,3,5,03,08,4,0,0,1,1,0,0,0,0
"POINT (8.741090896000060 53.052669320000064)",Unfall 166984 (2024) Kat:3, Licht: 0,166984,3,3,5,03,13,3,0,0,0,1,0,0,0,0
"POINT (8.799029947000065 53.079421796000076)",Unfall 166985 (2024) Kat:3, Licht: 0,166985,3,3,5,03,14,3,0,0,0,1,0,0,0,1
"POINT (8.800609190000046 53.072095374000071)",Unfall 166986 (2024) Kat:3, Licht: 0,166986,3,3,5,03,15,3,0,0,1,1,0,0,0,0
"POINT (8.621673179000027 53.171620689000065)",Unfall 166987 (2024) Kat:3, Licht: 0,166987,3,7,0,03,12,3,0,0,0,0,0,0,0,1
"POINT (8.843431719000023 53.089317470000026)",Unfall 166991 (2024) Kat:3, Licht: 0,166991,3,6,3,03,16,2,0,0,1,1,0,0,0,0
"POINT (8.891629492000050 53.081808102000082)",Unfall 166992 (2024) Kat:3, Licht: 0,166992,3,3,5,03,13,2,0,0,0,1,0,0,0,0
"POINT (8.827400499000021 53.079896148000046)",Unfall 166993 (2024) Kat:3, Licht: 0,166993,3,7,5,03,14,2,0,0,1,0,0,0,0,1
"POINT (8.793464219000043 53.088626196000064)",Unfall 166994 (2024) Kat:3, Licht: 0,166994,3,6,2,03,09,2,0,0,0,1,0,0,0,0
"POINT (8.562364298000034 53.192206623000061)",Unfall 166995 (2024) Kat:3, Licht: 2,166995,3,2,5,03,05,2,0,2,0,1,0,0,0,0
"POINT (8.773377535000066 53.080952289000038)",Unfall 166996 (2024) Kat:2, Licht: 0,166996,2,3,5,03,17,2,0,0,0,1,0,0,0,0
"POINT (8.781975189000036 53.104646750000029)",Unfall 166997 (2024) Kat:3, Licht: 0,166997,3,2,3,03,17,1,0,0,1,1,0,0,0,0
"POINT (8.746987597000043 53.053470096000069)",Unfall 166998 (2024) Kat:3, Licht: 0,166998,3,6,2,03,12,1,0,0,0,1,0,0,0,0
"POINT (8.795507724000061 53.097335484000041)",Unfall 166999 (2024) Kat:3, Licht: 0,166999,3,5,1,03,12,7,0,0,0,1,0,0,0,0
"POINT (8.846957889000066 53.048345090000055)",Unfall 167000 (2024) Kat:3, Licht: 2,167000,3,3,5,03,21,7,0,2,1,1,0,0,0,0
"POINT (8.902954961000034 53.087147033000065)",Unfall 167003 (2024) Kat:3, Licht: 0,167003,3,2,5,03,16,6,0,0,0,1,0,1,0,0
"POINT (8.656237505000036 53.175760012000069)",Unfall 167006 (2024) Kat:3, Licht: 0,167006,3,5,1,03,17,5,0,0,1,1,0,0,0,0
"POINT (8.842258298000047 53.083268947000079)",Unfall 167007 (2024) Kat:3, Licht: 0,167007,3,7,6,03,16,5,0,0,0,1,1,0,0,0
"POINT (8.953726401000040 53.034152647000042)",Unfall 167010 (2024) Kat:3, Licht: 1,167010,3,6,2,03,18,4,0,1,0,1,0,0,0,0
"POINT (8.737138470000048 53.133461422000039)",Unfall 167011 (2024) Kat:3, Licht: 0,167011,3,3,5,03,14,4,0,0,0,1,0,0,0,1
"POINT (8.793018488000030 53.066733521000060)",Unfall 167012 (2024) Kat:3, Licht: 0,167012,3,6,0,03,16,4,0,0,0,1,0,1,0,0
"POINT (8.791955211000072 53.071038495000039)",Unfall 167013 (2024) Kat:3, Licht: 0,167013,3,3,5,03,10,4,1,0,1,1,0,0,0,0
"POINT (8.686031360000072 53.171080532000076)",Unfall 167014 (2024) Kat:3, Licht: 2,167014,3,4,6,03,23,4,0,2,0,1,1,0,0,0
"POINT (8.886282321000067 53.078088285000035)",Unfall 167015 (2024) Kat:3, Licht: 0,167015,3,5,1,03,13,4,0,0,1,1,0,0,0,0
"POINT (8.781097930000044 53.055110939000031)",Unfall 167016 (2024) Kat:3, Licht: 0,167016,3,3,5,03,17,3,1,0,0,1,0,0,0,1
"POINT (8.856254123000042 53.088867954000079)",Unfall 167017 (2024) Kat:3, Licht: 0,167017,3,6,2,03,15,3,0,0,0,1,0,0,0,1
"POINT (8.825709131000053 53.078789909000079)",Unfall 167018 (2024) Kat:3, Licht: 0,167018,3,7,0,03,10,3,1,0,0,0,0,1,0,1
"POINT (8.630547722000074 53.189760677000038)",Unfall 167019 (2024) Kat:3, Licht: 2,167019,3,1,0,03,20,3,0,2,1,0,0,0,0,0
"POINT (8.881660063000027 53.075626607000061)",Unfall 167020 (2024) Kat:3, Licht: 2,167020,3,6,3,03,18,3,0,2,0,1,0,0,0,0
"POINT (8.741872064000063 53.139559189000067)",Unfall 167021 (2024) Kat:3, Licht: 2,167021,3,6,4,03,19,3,0,2,0,1,0,0,0,0
"POINT (8.802868562000072 53.082584844000053)",Unfall 167025 (2024) Kat:3, Licht: 0,167025,3,5,1,03,15,2,0,0,1,1,0,0,0,0
"POINT (8.876172167000050 53.082141226000033)",Unfall 167026 (2024) Kat:3, Licht: 0,167026,3,3,5,03,16,2,0,0,1,1,0,0,0,0
"POINT (8.806636234000052 53.089893039000060)",Unfall 167027 (2024) Kat:2, Licht: 0,167027,2,4,6,03,09,2,0,0,0,1,1,0,0,0
"POINT (8.806357323000043 53.084384071000045)",Unfall 167028 (2024) Kat:3, Licht: 2,167028,3,2,5,03,21,2,0,2,0,1,0,0,0,1
"POINT (8.799469897000051 53.070168302000070)",Unfall 167029 (2024) Kat:3, Licht: 0,167029,3,2,3,03,16,2,0,0,1,1,0,0,0,0
"POINT (8.910593826000024 53.082554097000070)",Unfall 167032 (2024) Kat:3, Licht: 2,167032,3,3,5,03,19,1,0,2,0,1,0,0,0,0
"POINT (8.805814965000025 53.076899894000064)",Unfall 167033 (2024) Kat:3, Licht: 0,167033,3,7,0,03,16,7,0,0,0,0,1,0,0,1
"POINT (8.573208949000048 53.191789897000035)",Unfall 167034 (2024) Kat:3, Licht: 2,167034,3,4,6,03,22,7,0,2,0,0,1,1,0,0
"POINT (8.875685661000034 53.108456374000070)",Unfall 167035 (2024) Kat:2, Licht: 2,167035,2,7,0,03,23,7,0,2,0,1,0,0,0,0
"POINT (8.827702417000069 53.072547838000048)",Unfall 167036 (2024) Kat:3, Licht: 0,167036,3,7,0,03,11,7,0,0,1,0,0,0,0,0
"POINT (8.920271884000044 53.071982257000059)",Unfall 167037 (2024) Kat:3, Licht: 0,167037,3,3,5,03,17,7,0,0,1,1,0,0,0,0
"POINT (8.878144012000064 53.070881682000049)",Unfall 167038 (2024) Kat:3, Licht: 2,167038,3,6,4,03,19,7,0,2,1,0,0,0,0,0
"POINT (8.731568046000064 53.127483337000058)",Unfall 167039 (2024) Kat:2, Licht: 0,167039,2,1,0,03,07,7,0,0,1,0,0,0,0,0
"POINT (8.808910329000071 53.080754705000061)",Unfall 167040 (2024) Kat:3, Licht: 2,167040,3,7,1,03,05,7,0,2,0,1,0,0,0,1
"POINT (8.926738134000061 53.038393743000029)",Unfall 167041 (2024) Kat:3, Licht: 2,167041,3,3,5,03,19,7,0,2,0,1,0,0,0,0
"POINT (8.809607152000069 53.087401418000070)",Unfall 167042 (2024) Kat:2, Licht: 1,167042,2,1,8,03,17,7,0,1,0,0,0,1,0,0
"POINT (8.806331727000043 53.084397379000052)",Unfall 167043 (2024) Kat:3, Licht: 0,167043,3,3,5,03,12,6,0,0,0,1,0,0,0,1
"POINT (8.715931818000058 53.047998155000073)",Unfall 167044 (2024) Kat:3, Licht: 2,167044,3,3,5,03,22,6,0,2,0,1,0,0,0,0
"POINT (8.851497129000052 53.095509631000027)",Unfall 167045 (2024) Kat:2, Licht: 0,167045,2,7,7,03,14,6,0,0,1,0,0,0,0,0
"POINT (8.867126994000046 53.104570253000077)",Unfall 167046 (2024) Kat:3, Licht: 0,167046,3,7,0,03,13,6,0,0,1,1,0,0,0,0
"POINT (8.882081966000044 53.101034765000065)",Unfall 167047 (2024) Kat:2, Licht: 0,167047,2,6,4,03,13,6,0,0,1,0,0,0,0,0
"POINT (8.844952124000031 53.045778347000066)",Unfall 167048 (2024) Kat:3, Licht: 0,167048,3,2,5,04,16,2,0,0,1,1,0,0,0,0
"POINT (8.767297150000047 53.111804342000028)",Unfall 167049 (2024) Kat:3, Licht: 2,167049,3,3,5,03,19,6,0,2,0,1,0,0,0,1
"POINT (8.935214935000033 53.090311728000074)",Unfall 167050 (2024) Kat:3, Licht: 2,167050,3,4,6,03,18,6,0,2,0,1,1,0,0,0
"POINT (8.805743651000057 53.081396092000034)",Unfall 167051 (2024) Kat:3, Licht: 0,167051,3,2,5,03,18,6,0,0,0,1,0,0,0,1
"POINT (8.815907416000073 53.072433612000054)",Unfall 167054 (2024) Kat:3, Licht: 2,167054,3,7,0,02,18,5,0,2,1,0,0,0,0,0
"POINT (8.695157788000074 53.141970419000074)",Unfall 167055 (2024) Kat:3, Licht: 0,167055,3,3,5,02,08,5,0,0,0,0,0,0,0,1
"POINT (8.818889969000054 53.111709834000067)",Unfall 167056 (2024) Kat:3, Licht: 0,167056,3,2,4,02,05,5,0,0,0,1,0,0,0,0
"POINT (8.949322408000057 53.064405208000039)",Unfall 167057 (2024) Kat:3, Licht: 0,167057,3,7,0,02,16,5,0,0,1,0,0,0,0,0
"POINT (8.944837308000047 53.038636714000063)",Unfall 167058 (2024) Kat:2, Licht: 0,167058,2,4,6,02,14,5,0,0,0,1,1,0,0,0