WKT,Name,OBJECTID,UKATEGORIE,UTYP1,UART,UMONAT,USTUNDE,UWOCHENTAG,STRZUSTAND,ULICHTVERH,ISTRAD,ISTPKW,ISTFUSS,ISTKRAD,ISTGKFZ,ISTSONSTIG
"POINT (8.799835628000039 53.070446143000026)",Unfall 167059 (2024) Kat:3, Licht: 2,167059,3,3,5,02,19,5,0,2,1,1,0,0,0,0
"POINT (8.861379021000062 53.088681116000032)",Unfall 167060 (2024) Kat:3, Licht: 0,167060,3,6,3,03,15,2,0,0,1,1,0,0,0,0
"POINT (8.870135880000021 53.061848252000061)",Unfall 167061 (2024) Kat:3, Licht: 0,167061,3,2,5,02,07,4,0,0,1,1,0,0,0,0
"POINT (8.579849293000052 53.182941937000066)",Unfall 167062 (2024) Kat:3, Licht: 0,167062,3,2,5,04,13,5,1,0,1,1,0,0,0,0
"POINT (8.761668611000061 53.114602401000070)",Unfall 167063 (2024) Kat:3, Licht: 0,167063,3,4,6,02,14,4,0,0,0,0,1,0,0,1
"POINT (8.807297307000056 53.082160636000026)",Unfall 167068 (2024) Kat:3, Licht: 1,167068,3,1,9,03,04,7,0,1,0,1,0,0,0,0
"POINT (8.825484233000054 53.083990464000067)",Unfall 167069 (2024) Kat:3, Licht: 0,167069,3,2,3,02,13,3,0,0,0,1,0,1,0,0
"POINT (8.914373155000021 53.059825222000029)",Unfall 167070 (2024) Kat:3, Licht: 2,167070,3,6,2,02,17,3,0,2,0,1,0,0,1,0
"POINT (8.797899058000041 53.073340763000033)",Unfall 167071 (2024) Kat:3, Licht: 2,167071,3,4,6,02,19,3,0,2,0,0,1,0,0,1
"POINT (8.936439822000068 53.082616460000054)",Unfall 167072 (2024) Kat:3, Licht: 2,167072,3,1,9,02,05,3,0,2,0,1,0,0,0,0
"POINT (8.714711867000062 53.182196275000081)",Unfall 167074 (2024) Kat:3, Licht: 0,167074,3,4,6,02,12,2,0,0,0,1,1,0,0,0
"POINT (8.893139873000052 53.047202697000046)",Unfall 167075 (2024) Kat:3, Licht: 0,167075,3,4,6,02,13,2,0,0,0,1,1,0,0,0
"POINT (8.870540430000062 53.098175763000029)",Unfall 167076 (2024) Kat:3, Licht: 0,167076,3,6,2,02,12,2,0,0,0,1,0,0,0,0
"POINT (8.822658307000040 53.078587139000035)",Unfall 167077 (2024) Kat:3, Licht: 1,167077,3,2,5,02,06,2,1,1,1,1,0,0,0,0
"POINT (8.893887994000067 53.115215003000060)",Unfall 167078 (2024) Kat:3, Licht: 0,167078,3,1,0,02,13,2,0,0,0,0,1,0,0,1
"POINT (8.899008450000053 53.129756424000050)",Unfall 167079 (2024) Kat:3, Licht: 0,167079,3,2,5,02,09,2,0,0,0,1,0,0,0,0
"POINT (8.878263047000075 53.085895492000077)",Unfall 167082 (2024) Kat:2, Licht: 2,167082,2,7,0,02,17,1,0,2,0,0,0,0,0,1
"POINT (8.801341103000027 53.071480333000068)",Unfall 167083 (2024) Kat:3, Licht: 2,167083,3,3,5,02,02,1,0,2,1,1,0,0,0,0
"POINT (8.771238509000057 53.093878984000071)",Unfall 167084 (2024) Kat:3, Licht: 0,167084,3,3,5,02,10,1,0,0,0,1,0,0,0,0
"POINT (8.837382025000068 53.037847285000055)",Unfall 167085 (2024) Kat:3, Licht: 0,167085,3,2,5,02,14,1,0,0,0,1,0,0,0,0
"POINT (8.895571385000039 53.056148415000052)",Unfall 167087 (2024) Kat:3, Licht: 2,167087,3,7,0,02,00,7,0,2,1,0,0,0,0,0
"POINT (8.870108879000043 53.097144650000075)",Unfall 167088 (2024) Kat:3, Licht: 2,167088,3,3,5,02,17,7,1,2,0,1,0,0,0,0
"POINT (8.827424582000049 53.083069061000060)",Unfall 167091 (2024) Kat:3, Licht: 0,167091,3,3,5,02,13,6,0,0,1,0,0,0,0,1
"POINT (8.789122982000038 53.085008007000056)",Unfall 167092 (2024) Kat:3, Licht: 0,167092,3,2,4,02,09,6,0,0,0,1,0,0,0,0
"POINT (8.909264300000075 53.059610035000048)",Unfall 167093 (2024) Kat:3, Licht: 1,167093,3,6,2,02,17,6,1,1,0,1,0,0,0,0
"POINT (8.813286624000057 53.078364471000043)",Unfall 167095 (2024) Kat:3, Licht: 0,167095,3,7,0,02,15,5,0,0,0,1,1,0,0,0
"POINT (8.951106984000035 53.067707337000058)",Unfall 167096 (2024) Kat:3, Licht: 2,167096,3,3,5,02,20,5,1,2,0,1,0,0,0,1
"POINT (8.880340844000045 53.082433583000068)",Unfall 167097 (2024) Kat:3, Licht: 0,167097,3,2,5,02,16,5,0,0,1,1,0,0,0,0
"POINT (8.740401316000032 53.124826701000075)",Unfall 167098 (2024) Kat:3, Licht: 1,167098,3,6,2,02,18,5,1,1,0,1,0,0,0,0
"POINT (8.873156211000037 53.084687916000064)",Unfall 167099 (2024) Kat:3, Licht: 0,167099,3,7,6,02,14,5,0,0,0,1,1,0,0,0
"POINT (8.953146250000032 53.066544864000036)",Unfall 167100 (2024) Kat:3, Licht: 1,167100,3,2,2,02,17,5,0,1,0,1,0,0,0,0
"POINT (8.786067300000070 53.077444027000070)",Unfall 167101 (2024) Kat:3, Licht: 2,167101,3,7,0,02,23,5,1,2,1,0,0,0,0,0
"POINT (8.902327622000030 53.049354333000053)",Unfall 167102 (2024) Kat:3, Licht: 0,167102,3,3,6,02,15,5,0,0,1,0,1,0,0,0
"POINT (8.758964594000076 53.117362144000026)",Unfall 167103 (2024) Kat:3, Licht: 0,167103,3,7,0,02,15,5,0,0,1,1,0,0,0,0
"POINT (8.860710505000043 53.079187761000071)",Unfall 167105 (2024) Kat:3, Licht: 0,167105,3,6,2,02,14,4,0,0,0,1,0,0,0,0
"POINT (8.799951002000057 53.084362149000071)",Unfall 167106 (2024) Kat:3, Licht: 0,167106,3,3,5,02,08,4,1,0,1,1,0,0,0,0
"POINT (8.816108410000027 53.043094895000081)",Unfall 167107 (2024) Kat:3, Licht: 0,167107,3,3,5,02,13,4,0,0,1,1,0,0,0,0
"POINT (8.784206792000020 53.056414164000046)",Unfall 167108 (2024) Kat:2, Licht: 0,167108,2,4,6,02,08,4,1,0,0,1,1,0,0,0
"POINT (8.738449700000047 53.133043129000043)",Unfall 167109 (2024) Kat:3, Licht: 0,167109,3,1,0,02,10,4,0,0,1,0,0,0,0,0
"POINT (8.880301596000038 53.060640319000072)",Unfall 167110 (2024) Kat:3, Licht: 0,167110,3,3,5,02,15,4,0,0,1,0,0,1,0,0
"POINT (8.808621468000069 53.082962501000054)",Unfall 167111 (2024) Kat:3, Licht: 2,167111,3,6,3,02,18,3,0,2,0,1,0,0,0,0
"POINT (8.755794072000072 53.114670892000049)",Unfall 167112 (2024) Kat:3, Licht: 0,167112,3,7,1,02,16,3,0,0,0,1,0,0,0,0
"POINT (8.571440158000030 53.181306293000034)",Unfall 167113 (2024) Kat:3, Licht: 0,167113,3,7,6,02,11,3,0,0,0,1,1,0,0,0
"POINT (8.896114826000030 53.044346031000032)",Unfall 167114 (2024) Kat:3, Licht: 0,167114,3,5,1,02,13,3,0,0,1,1,0,0,0,0
"POINT (8.869717807000029 53.064238913000054)",Unfall 167115 (2024) Kat:3, Licht: 2,167115,3,2,3,02,18,3,1,2,0,1,0,0,0,0
"POINT (8.876241690000029 53.096997155000054)",Unfall 167116 (2024) Kat:3, Licht: 0,167116,3,5,1,02,20,2,1,0,0,1,0,0,0,0
"POINT (8.742578125000023 53.048321013000077)",Unfall 167117 (2024) Kat:3, Licht: 2,167117,3,4,6,02,18,2,1,2,0,1,1,0,0,0
"POINT (8.888693014000069 53.110101199000042)",Unfall 167118 (2024) Kat:2, Licht: 0,167118,2,6,3,02,13,2,0,0,0,1,0,0,1,0
"POINT (8.897713294000027 53.059240576000036)",Unfall 167119 (2024) Kat:3, Licht: 2,167119,3,2,5,02,19,2,1,2,1,1,0,0,0,0
"POINT (8.819965901000046 53.049612332000038)",Unfall 167120 (2024) Kat:3, Licht: 2,167120,3,4,6,02,06,2,1,2,0,0,1,0,0,1
"POINT (8.811762707000071 53.081279308000035)",Unfall 167121 (2024) Kat:3, Licht: 0,167121,3,6,3,02,12,1,1,0,0,1,0,0,0,0
"POINT (8.897315633000062 53.059091270000067)",Unfall 167122 (2024) Kat:3, Licht: 2,167122,3,3,5,02,19,1,1,2,1,1,0,0,0,0
"POINT (8.928120312000033 53.072363105000079)",Unfall 167124 (2024) Kat:3, Licht: 1,167124,3,7,0,02,17,7,0,1,0,0,1,0,0,1
"POINT (8.958117144000028 53.046467620000044)",Unfall 167125 (2024) Kat:3, Licht: 2,167125,3,1,8,02,23,7,0,2,0,1,0,0,0,0
"POINT (8.794146575000070 53.103129259000070)",Unfall 167129 (2024) Kat:3, Licht: 2,167129,3,2,6,02,18,6,1,2,0,1,1,0,0,0
"POINT (8.947046935000060 53.058102513000051)",Unfall 167130 (2024) Kat:3, Licht: 0,167130,3,2,5,02,15,6,1,0,0,1,0,0,0,0
"POINT (8.621369349000076 53.184003228000051)",Unfall 167131 (2024) Kat:2, Licht: 0,167131,2,3,6,02,12,6,0,0,0,1,1,0,0,0
"POINT (8.825172968000061 53.079083414000081)",Unfall 167132 (2024) Kat:3, Licht: 0,167132,3,6,2,02,11,6,0,0,0,1,0,0,0,0
"POINT (8.900979337000024 53.089498839000044)",Unfall 167133 (2024) Kat:3, Licht: 0,167133,3,3,5,02,15,6,1,0,1,1,0,0,0,0
"POINT (8.805255719000058 53.072981611000046)",Unfall 167136 (2024) Kat:3, Licht: 0,167136,3,6,4,02,14,5,1,0,1,0,0,0,0,0
"POINT (8.626940089000072 53.169813531000045)",Unfall 167137 (2024) Kat:3, Licht: 0,167137,3,3,5,02,14,5,1,0,0,1,0,0,0,0
"POINT (8.880225004000067 53.060586533000048)",Unfall 167138 (2024) Kat:3, Licht: 0,167138,3,3,5,02,16,5,1,0,0,1,0,0,0,1
"POINT (8.866032753000070 53.097611374000053)",Unfall 167139 (2024) Kat:3, Licht: 1,167139,3,2,1,02,16,4,1,1,1,1,0,0,0,0
"POINT (8.759072759000048 53.116101757000081)",Unfall 167140 (2024) Kat:3, Licht: 0,167140,3,2,3,02,16,4,1,0,0,1,0,0,0,1
"POINT (8.685876975000042 53.173836225000059)",Unfall 167141 (2024) Kat:3, Licht: 2,167141,3,4,6,02,17,4,1,2,0,1,1,0,0,0
"POINT (8.675499124000055 53.173592994000046)",Unfall 167142 (2024) Kat:3, Licht: 2,167142,3,2,5,02,18,4,1,2,1,1,0,0,0,0
"POINT (8.789135002000023 53.087847717000045)",Unfall 167143 (2024) Kat:2, Licht: 2,167143,2,7,6,02,20,3,0,2,0,1,1,0,0,0
"POINT (8.914246530000071 53.059804848000056)",Unfall 167144 (2024) Kat:3, Licht: 2,167144,3,3,5,02,05,2,1,2,1,1,0,0,0,0
"POINT (8.809440043000052 53.063231009000049)",Unfall 167145 (2024) Kat:3, Licht: 0,167145,3,7,1,02,11,2,0,0,0,1,0,0,0,0
"POINT (8.784606015000065 53.065443675000040)",Unfall 167147 (2024) Kat:2, Licht: 0,167147,2,7,0,04,11,2,0,0,1,0,0,0,0,0
"POINT (8.569315472000028 53.181929763000028)",Unfall 167148 (2024) Kat:3, Licht: 2,167148,3,7,2,02,18,7,0,2,0,1,0,1,0,0
"POINT (8.795742860000075 53.073920397000052)",Unfall 167149 (2024) Kat:2, Licht: 2,167149,2,7,0,02,03,7,0,2,0,0,0,0,0,1
"POINT (8.936725196000054 53.058665870000027)",Unfall 167150 (2024) Kat:3, Licht: 0,167150,3,3,5,02,10,7,0,0,1,1,0,0,0,0
"POINT (8.860016992000055 53.065132299000027)",Unfall 167151 (2024) Kat:3, Licht: 0,167151,3,3,5,02,11,7,0,0,1,0,0,0,0,1
"POINT (8.794596893000062 53.091646170000047)",Unfall 167153 (2024) Kat:3, Licht: 2,167153,3,6,2,02,19,6,1,2,0,1,0,0,0,1
"POINT (8.899908591000042 53.059328100000073)",Unfall 167154 (2024) Kat:3, Licht: 0,167154,3,6,2,02,12,6,1,0,0,1,0,0,1,0
"POINT (8.880601520000027 53.059956280000051)",Unfall 167155 (2024) Kat:3, Licht: 0,167155,3,6,3,02,14,6,1,0,0,0,0,1,0,1
"POINT (8.902107428000022 53.071610221000071)",Unfall 167156 (2024) Kat:3, Licht: 0,167156,3,6,3,02,11,6,1,0,0,1,0,0,0,1
"POINT (8.827646254000058 53.072565105000081)",Unfall 167157 (2024) Kat:3, Licht: 0,167157,3,7,1,02,10,5,0,0,1,1,0,0,0,0
"POINT (8.867363011000066 53.097797534000051)",Unfall 167158 (2024) Kat:3, Licht: 1,167158,3,3,5,02,06,5,1,1,1,1,0,0,0,0
"POINT (8.935562718000028 53.071982253000044)",Unfall 167159 (2024) Kat:3, Licht: 0,167159,3,7,0,02,09,5,0,0,0,0,0,0,0,1
"POINT (8.801261786000055 53.086842452000042)",Unfall 167160 (2024) Kat:3, Licht: 0,167160,3,3,5,02,11,4,0,0,1,1,0,0,0,0
"POINT (8.812382475000049 53.080954024000050)",Unfall 167161 (2024) Kat:3, Licht: 0,167161,3,3,5,02,10,4,0,0,1,1,0,0,0,0
"POINT (8.791767344000050 53.085781114000042)",Unfall 167162 (2024) Kat:3, Licht: 0,167162,3,6,2,02,10,4,0,0,0,1,0,0,0,0
"POINT (8.902341005000039 53.087864016000026)",Unfall 167163 (2024) Kat:3, Licht: 0,167163,3,7,0,02,10,4,1,0,1,0,0,0,0,0
"POINT (8.908917395000060 53.071922490000077)",Unfall 167164 (2024) Kat:3, Licht: 0,167164,3,3,5,02,10,4,0,0,1,1,0,0,0,0
"POINT (8.891690563000054 53.060189218000062)",Unfall 167165 (2024) Kat:3, Licht: 0,167165,3,3,5,02,11,4,0,0,1,1,0,0,0,0
"POINT (8.824780613000030 53.084579893000068)",Unfall 167166 (2024) Kat:3, Licht: 1,167166,3,6,2,02,08,3,0,1,0,1,0,0,0,0
"POINT (8.578733167000053 53.208077116000027)",Unfall 167167 (2024) Kat:3, Licht: 0,167167,3,2,5,02,17,3,1,0,0,1,0,0,0,0
"POINT (8.800015241000040 53.077834730000063)",Unfall 167168 (2024) Kat:3, Licht: 0,167168,3,7,0,02,10,3,0,0,1,1,0,0,0,0
"POINT (8.825662020000038 53.084450293000032)",Unfall 167169 (2024) Kat:3, Licht: 0,167169,3,3,5,03,00,4,0,0,1,0,0,0,0,1
"POINT (8.891888543000050 53.048745887000052)",Unfall 167170 (2024) Kat:3, Licht: 0,167170,3,2,5,02,13,3,1,0,0,1,0,0,0,1
"POINT (8.876213951000068 53.085708438000040)",Unfall 167171 (2024) Kat:3, Licht: 0,167171,3,3,5,02,13,3,1,0,1,1,0,0,0,0
"POINT (8.695223217000034 53.172295787000053)",Unfall 167172 (2024) Kat:3, Licht: 0,167172,3,7,6,02,09,3,0,0,0,1,1,0,0,0
"POINT (8.772697344000051 53.081409448000045)",Unfall 167173 (2024) Kat:3, Licht: 0,167173,3,2,0,02,06,3,0,0,0,1,0,0,0,1
"POINT (8.787660552000034 53.075755279000077)",Unfall 167174 (2024) Kat:3, Licht: 0,167174,3,7,2,02,08,3,1,0,0,1,0,0,0,0
"POINT (8.748310389000039 53.085298044000069)",Unfall 167176 (2024) Kat:3, Licht: 2,167176,3,6,4,02,18,2,0,2,0,1,0,0,1,0
"POINT (8.730782423000051 53.052608597000074)",Unfall 167177 (2024) Kat:3, Licht: 2,167177,3,3,6,02,18,2,0,2,0,1,1,0,0,0
"POINT (8.856912924000028 53.072709319000069)",Unfall 167178 (2024) Kat:3, Licht: 2,167178,3,7,1,02,19,2,1,2,0,1,0,0,0,0
"POINT (8.777940125000043 53.099542381000049)",Unfall 167179 (2024) Kat:3, Licht: 0,167179,3,4,6,02,13,2,1,0,0,0,1,0,1,0
"POINT (8.802729485000043 53.094584468000050)",Unfall 167180 (2024) Kat:3, Licht: 0,167180,3,7,0,02,12,2,0,0,0,0,1,0,0,1
"POINT (8.873714495000058 53.101209145000041)",Unfall 167181 (2024) Kat:3, Licht: 0,167181,3,6,2,02,11,2,1,0,0,1,0,0,0,1
"POINT (8.798780964000059 53.083753360000060)",Unfall 167182 (2024) Kat:3, Licht: 2,167182,3,6,3,02,18,1,1,2,0,1,0,0,0,1
"POINT (8.741018932000031 53.053068302000042)",Unfall 167183 (2024) Kat:3, Licht: 2,167183,3,3,5,02,17,1,1,2,0,1,0,0,0,0
"POINT (8.943463982000026 53.066498056000057)",Unfall 167184 (2024) Kat:2, Licht: 2,167184,2,4,6,02,17,1,1,2,0,1,1,0,0,0
"POINT (8.795520723000038 53.071463584000071)",Unfall 167185 (2024) Kat:3, Licht: 2,167185,3,2,6,02,05,1,0,2,0,1,1,0,0,0
"POINT (8.943668198000069 53.066600503000075)",Unfall 167186 (2024) Kat:3, Licht: 0,167186,3,4,6,02,14,1,0,0,0,1,1,0,0,0
"POINT (8.823615149000034 53.084286658000053)",Unfall 167187 (2024) Kat:3, Licht: 0,167187,3,6,2,02,13,7,0,0,0,1,0,0,0,0
"POINT (8.788868587000024 53.103438174000075)",Unfall 167188 (2024) Kat:3, Licht: 0,167188,3,5,1,02,14,7,1,0,0,1,0,0,0,1
"POINT (8.736968640000043 53.079691204000028)",Unfall 167189 (2024) Kat:3, Licht: 0,167189,3,6,2,02,13,7,0,0,0,1,0,0,0,0
"POINT (8.619439072000034 53.184116148000044)",Unfall 167190 (2024) Kat:2, Licht: 0,167190,2,2,5,02,10,7,1,0,1,0,0,0,0,1
"POINT (8.827253950000056 53.040091946000075)",Unfall 167191 (2024) Kat:3, Licht: 0,167191,3,3,5,04,14,5,0,0,1,0,0,0,0,1
"POINT (8.820360809000022 53.080225364000057)",Unfall 167193 (2024) Kat:3, Licht: 0,167193,3,4,6,02,16,6,1,0,0,1,1,0,0,0
"POINT (8.959618404000025 53.039112756000065)",Unfall 167194 (2024) Kat:3, Licht: 2,167194,3,2,6,02,06,6,0,2,0,0,1,0,0,1
"POINT (8.890070672000036 53.046897260000037)",Unfall 167195 (2024) Kat:3, Licht: 0,167195,3,6,3,02,15,6,0,0,1,1,0,0,0,0
"POINT (8.870792208000069 53.098474194000062)",Unfall 167198 (2024) Kat:3, Licht: 0,167198,3,2,5,02,08,5,1,0,1,1,0,0,0,0
"POINT (8.807925765000050 53.074457152000036)",Unfall 167199 (2024) Kat:3, Licht: 0,167199,3,3,5,02,07,5,1,0,1,1,0,0,0,0
"POINT (8.846899108000059 53.081173035000063)",Unfall 167200 (2024) Kat:3, Licht: 1,167200,3,6,1,02,16,5,0,1,0,1,0,0,0,1
"POINT (8.850566628000024 53.071121181000080)",Unfall 167201 (2024) Kat:3, Licht: 0,167201,3,2,5,02,16,5,0,0,0,0,0,1,0,1
"POINT (8.716114284000071 53.047710362000032)",Unfall 167202 (2024) Kat:3, Licht: 2,167202,3,3,5,02,21,5,0,2,0,1,0,0,0,0
"POINT (8.872074241000064 53.067073392000054)",Unfall 167203 (2024) Kat:3, Licht: 0,167203,3,3,5,02,10,5,0,0,1,0,0,0,1,0
"POINT (8.779459369000051 53.068778404000057)",Unfall 167204 (2024) Kat:2, Licht: 2,167204,2,3,5,02,00,4,0,2,0,1,0,0,0,0
"POINT (8.964190843000040 53.062313301000074)",Unfall 167205 (2024) Kat:3, Licht: 0,167205,3,7,6,01,11,4,0,0,0,1,1,0,0,0
"POINT (8.878942445000064 53.073593930000072)",Unfall 167206 (2024) Kat:3, Licht: 0,167206,3,3,5,01,09,4,0,0,0,1,0,0,0,1
"POINT (8.551976409000076 53.192249336000032)",Unfall 167207 (2024) Kat:3, Licht: 2,167207,3,5,1,03,00,3,0,2,0,1,0,0,0,0
"POINT (8.893868520000069 53.115454638000074)",Unfall 167208 (2024) Kat:3, Licht: 2,167208,3,7,0,02,01,7,0,2,0,0,0,0,0,1
"POINT (8.777222569000060 53.063800296000068)",Unfall 167209 (2024) Kat:3, Licht: 0,167209,3,6,2,01,15,4,0,0,0,1,0,0,0,0
"POINT (8.800618218000068 53.078645808000033)",Unfall 167210 (2024) Kat:3, Licht: 2,167210,3,6,3,01,17,3,1,2,1,0,0,0,0,0
"POINT (8.782041194000044 53.095882619000065)",Unfall 167211 (2024) Kat:3, Licht: 2,167211,3,3,5,01,23,3,1,2,0,1,0,0,0,0
"POINT (8.801563350000038 53.061337898000033)",Unfall 167212 (2024) Kat:3, Licht: 0,167212,3,6,2,01,14,3,1,0,0,1,0,0,0,0
"POINT (8.929602963000036 53.089487748000067)",Unfall 167215 (2024) Kat:3, Licht: 2,167215,3,3,6,01,19,2,0,2,0,1,1,0,0,0
"POINT (8.701339919000077 53.139595450000058)",Unfall 167216 (2024) Kat:3, Licht: 0,167216,3,3,5,01,13,2,0,0,0,1,0,0,1,0
"POINT (8.742423784000039 53.130374690000053)",Unfall 167217 (2024) Kat:3, Licht: 0,167217,3,4,6,01,13,2,0,0,0,1,1,0,0,0
"POINT (8.796485041000039 53.089409082000032)",Unfall 167218 (2024) Kat:3, Licht: 0,167218,3,6,2,01,12,2,0,0,0,1,0,0,1,0
"POINT (8.575274385000057 53.190266823000059)",Unfall 167219 (2024) Kat:3, Licht: 0,167219,3,5,1,01,12,2,0,0,0,1,0,0,0,0
"POINT (8.820686405000060 53.072698101000071)",Unfall 167220 (2024) Kat:2, Licht: 0,167220,2,6,6,01,14,2,0,0,1,0,1,0,0,0
"POINT (8.907681158000059 53.078460348000078)",Unfall 167222 (2024) Kat:3, Licht: 2,167222,3,1,8,01,04,1,0,2,0,1,0,0,0,0
"POINT (8.901146241000049 53.078842808000047)",Unfall 167223 (2024) Kat:3, Licht: 0,167223,3,3,5,01,09,1,1,0,0,1,0,0,0,0
"POINT (8.811123307000059 53.071662636000042)",Unfall 167224 (2024) Kat:3, Licht: 0,167224,3,3,6,01,11,7,0,0,1,0,1,0,0,0
"POINT (8.950664751000033 53.035110479000082)",Unfall 167225 (2024) Kat:3, Licht: 1,167225,3,3,5,01,17,7,0,1,1,1,0,0,0,0
"POINT (8.752804666000031 53.111888442000065)",Unfall 167228 (2024) Kat:2, Licht: 0,167228,2,7,0,01,13,6,0,0,0,0,0,0,0,1
"POINT (8.737935183000047 53.061729518000050)",Unfall 167229 (2024) Kat:3, Licht: 2,167229,3,4,6,01,00,6,1,2,0,1,1,0,0,0
"POINT (8.619335213000056 53.180109137000045)",Unfall 167230 (2024) Kat:2, Licht: 0,167230,2,4,6,01,16,6,1,0,0,1,1,0,0,0
"POINT (8.740164831000072 53.047137098000064)",Unfall 167231 (2024) Kat:3, Licht: 0,167231,3,4,6,01,13,6,0,0,0,1,1,0,0,0
"POINT (8.935158497000032 53.090307339000049)",Unfall 167232 (2024) Kat:3, Licht: 0,167232,3,7,1,01,15,6,0,0,0,1,0,0,0,0
"POINT (8.917373715000053 53.092896185000029)",Unfall 167233 (2024) Kat:3, Licht: 0,167233,3,3,5,01,14,5,0,0,1,1,0,0,0,0
"POINT (8.583499231000076 53.214370166000037)",Unfall 167234 (2024) Kat:3, Licht: 1,167234,3,2,5,01,07,5,1,1,1,1,0,0,0,0
"POINT (8.885489199000062 53.049417740000081)",Unfall 167235 (2024) Kat:3, Licht: 0,167235,3,6,2,01,15,5,0,0,0,1,0,0,0,0
"POINT (8.574227258000064 53.181459697000037)",Unfall 167236 (2024) Kat:3, Licht: 0,167236,3,3,5,01,14,5,0,0,0,1,0,0,0,0
"POINT (8.807161567000037 53.060212648000061)",Unfall 167239 (2024) Kat:3, Licht: 0,167239,3,6,2,01,14,4,0,0,0,1,0,0,0,0
"POINT (8.816965007000022 53.078565703000038)",Unfall 167240 (2024) Kat:3, Licht: 0,167240,3,6,2,01,16,4,0,0,0,1,0,0,0,0
"POINT (8.876508475000037 53.081033178000041)",Unfall 167241 (2024) Kat:3, Licht: 1,167241,3,2,5,01,16,3,0,1,1,1,0,0,0,0
"POINT (8.824417077000021 53.084560127000032)",Unfall 167242 (2024) Kat:3, Licht: 2,167242,3,3,5,01,20,3,1,2,1,1,0,0,0,0
"POINT (8.892005937000022 53.111732116000042)",Unfall 167243 (2024) Kat:3, Licht: 0,167243,3,4,6,01,11,3,0,0,0,1,1,0,0,0
"POINT (8.627057286000024 53.185065923000082)",Unfall 167246 (2024) Kat:3, Licht: 0,167246,3,3,5,01,11,2,0,0,1,1,0,0,0,0
"POINT (8.804579353000065 53.085812009000051)",Unfall 167247 (2024) Kat:3, Licht: 0,167247,3,3,5,01,15,2,0,0,0,1,0,0,0,0
"POINT (8.929430102000026 53.071826203000057)",Unfall 167248 (2024) Kat:3, Licht: 1,167248,3,3,5,01,17,2,0,1,1,1,0,0,0,0
"POINT (8.620683678000034 53.173869019000051)",Unfall 167249 (2024) Kat:2, Licht: 2,167249,2,4,6,01,17,2,1,2,0,1,1,0,0,0
"POINT (8.940157919000058 53.134604952000075)",Unfall 167250 (2024) Kat:3, Licht: 0,167250,3,7,0,01,08,1,2,0,1,0,0,0,0,0
"POINT (8.791006137000068 53.067894107000029)",Unfall 167253 (2024) Kat:3, Licht: 2,167253,3,4,6,01,21,7,0,2,0,1,1,0,0,0
"POINT (8.553547362000074 53.196206530000040)",Unfall 167254 (2024) Kat:3, Licht: 1,167254,3,6,3,01,07,7,2,1,1,1,0,0,0,0
"POINT (8.619312977000050 53.182608986000048)",Unfall 167255 (2024) Kat:3, Licht: 0,167255,3,7,0,01,13,7,0,0,0,0,0,1,0,0
"POINT (8.908367044000045 53.085028940000029)",Unfall 167256 (2024) Kat:3, Licht: 2,167256,3,7,6,01,18,7,1,2,0,1,1,0,0,0
"POINT (8.878196955000021 53.079067218000034)",Unfall 167259 (2024) Kat:2, Licht: 2,167259,2,4,6,01,19,6,0,2,0,0,1,0,0,1
"POINT (8.824409843000069 53.083945463000077)",Unfall 167260 (2024) Kat:3, Licht: 0,167260,3,6,2,01,09,6,2,0,0,1,0,0,0,0
"POINT (8.734808366000038 53.081684174000031)",Unfall 167261 (2024) Kat:3, Licht: 0,167261,3,2,5,01,11,6,1,0,0,1,0,0,0,0
"POINT (8.715984560000038 53.047912773000064)",Unfall 167262 (2024) Kat:3, Licht: 2,167262,3,5,5,03,20,7,0,2,0,1,0,0,0,0
"POINT (8.844925185000022 53.031017914000074)",Unfall 167263 (2024) Kat:3, Licht: 0,167263,3,7,0,01,14,6,0,0,0,1,1,0,0,0
"POINT (8.810048843000061 53.076965085000040)",Unfall 167264 (2024) Kat:3, Licht: 2,167264,3,7,0,02,17,2,1,2,0,0,0,0,0,1
"POINT (8.800353400000063 53.084303229000056)",Unfall 167268 (2024) Kat:3, Licht: 0,167268,3,4,6,01,15,5,0,0,0,1,1,0,0,0
"POINT (8.622563639000020 53.169417052000028)",Unfall 167269 (2024) Kat:3, Licht: 0,167269,3,4,6,01,12,5,1,0,0,0,1,0,0,1
"POINT (8.808512493000023 53.082952301000034)",Unfall 167270 (2024) Kat:3, Licht: 0,167270,3,6,3,01,08,5,2,0,0,1,0,0,0,1
"POINT (8.916064967000068 53.071167657000046)",Unfall 167271 (2024) Kat:3, Licht: 0,167271,3,3,5,01,14,5,0,0,1,1,0,0,0,0
"POINT (8.739283200000045 53.048494920000053)",Unfall 167272 (2024) Kat:3, Licht: 0,167272,3,6,2,01,08,5,0,0,0,1,0,0,0,0
"POINT (8.627800655000044 53.189424455000051)",Unfall 167273 (2024) Kat:3, Licht: 0,167273,3,7,6,01,13,5,1,0,0,1,1,0,0,0
"POINT (8.811396805000072 53.092118077000066)",Unfall 167275 (2024) Kat:3, Licht: 0,167275,3,7,0,01,12,4,0,0,0,0,1,0,0,1
"POINT (8.819929633000072 53.051492731000053)",Unfall 167276 (2024) Kat:3, Licht: 2,167276,3,7,0,01,21,4,1,2,1,0,1,0,0,0
"POINT (8.884685714000057 53.054757481000081)",Unfall 167277 (2024) Kat:3, Licht: 1,167277,3,7,0,01,16,4,1,1,0,0,0,0,0,1