WKT,Name,OBJECTID,UKATEGORIE,UTYP1,UART,UMONAT,USTUNDE,UWOCHENTAG,STRZUSTAND,ULICHTVERH,ISTRAD,ISTPKW,ISTFUSS,ISTKRAD,ISTGKFZ,ISTSONSTIG
"POINT (8.973697214000026 53.041632435000054)",Unfall 167278 (2024) Kat:2, Licht: 2,167278,2,7,9,01,04,4,1,2,0,0,0,0,1,0
"POINT (8.898930779000068 53.129794622000077)",Unfall 167279 (2024) Kat:3, Licht: 2,167279,3,6,2,01,06,4,1,2,0,1,0,0,0,0
"POINT (8.948011785000062 53.075239966000026)",Unfall 167282 (2024) Kat:3, Licht: 0,167282,3,4,6,01,08,3,2,0,0,1,1,0,0,0
"POINT (8.833022384000060 53.039788249000026)",Unfall 167283 (2024) Kat:3, Licht: 0,167283,3,5,2,01,09,3,2,0,0,1,0,0,0,0
"POINT (8.875664595000046 53.082480677000035)",Unfall 167284 (2024) Kat:3, Licht: 2,167284,3,2,5,01,06,3,2,2,1,1,0,0,0,0
"POINT (8.702292791000048 53.140040241000065)",Unfall 167285 (2024) Kat:3, Licht: 2,167285,3,3,5,01,06,3,2,2,0,1,0,0,1,0
"POINT (8.786411126000075 53.074650808000058)",Unfall 167288 (2024) Kat:3, Licht: 0,167288,3,3,5,01,13,2,1,0,0,0,0,0,1,1
"POINT (8.806344915000068 53.084440531000041)",Unfall 167289 (2024) Kat:3, Licht: 2,167289,3,2,5,01,07,2,2,2,1,0,0,0,0,1
"POINT (8.924959600000022 53.073013099000036)",Unfall 167290 (2024) Kat:1, Licht: 2,167290,1,3,5,01,21,2,1,2,1,1,0,0,0,0
"POINT (8.940040121000038 53.058487617000026)",Unfall 167291 (2024) Kat:3, Licht: 0,167291,3,2,5,02,11,4,0,0,1,1,0,0,0,0
"POINT (8.796172980000051 53.064987597000027)",Unfall 167292 (2024) Kat:3, Licht: 2,167292,3,2,5,01,18,2,1,2,0,1,0,0,0,0
"POINT (8.823315415000025 53.083293397000034)",Unfall 167293 (2024) Kat:3, Licht: 0,167293,3,6,3,04,09,6,0,0,1,1,0,0,0,0
"POINT (8.813293102000046 53.085638370000026)",Unfall 167294 (2024) Kat:3, Licht: 2,167294,3,3,5,01,06,2,1,2,1,1,0,0,0,0
"POINT (8.772067589000073 53.109337030000063)",Unfall 167295 (2024) Kat:3, Licht: 2,167295,3,6,2,01,18,1,1,2,0,1,0,0,0,0
"POINT (8.716135720000068 53.178221790000066)",Unfall 167296 (2024) Kat:3, Licht: 2,167296,3,2,4,01,18,1,1,2,0,1,0,1,0,0
"POINT (8.769699442000046 53.110408377000056)",Unfall 167297 (2024) Kat:3, Licht: 2,167297,3,6,2,01,18,1,1,2,0,1,0,0,0,0
"POINT (8.749950503000036 53.113680874000067)",Unfall 167299 (2024) Kat:3, Licht: 1,167299,3,3,6,01,16,7,0,1,0,1,1,0,0,0
"POINT (8.935651975000042 53.083114828000078)",Unfall 167300 (2024) Kat:3, Licht: 2,167300,3,1,9,01,23,7,1,2,0,1,0,0,0,0
"POINT (8.807500953000044 53.087653874000068)",Unfall 167301 (2024) Kat:3, Licht: 1,167301,3,3,5,01,17,7,1,1,1,1,0,0,0,0
"POINT (8.826748967000071 53.072841547000053)",Unfall 167302 (2024) Kat:3, Licht: 2,167302,3,7,0,01,20,7,1,2,1,0,0,0,0,0
"POINT (8.901152054000022 53.078842179000048)",Unfall 167303 (2024) Kat:2, Licht: 0,167303,2,3,5,01,10,7,1,0,0,1,0,0,0,0
"POINT (8.882759423000039 53.074685566000028)",Unfall 167306 (2024) Kat:3, Licht: 2,167306,3,3,5,01,21,6,1,2,0,1,0,0,0,0
"POINT (8.810698574000071 53.080389301000082)",Unfall 167307 (2024) Kat:3, Licht: 2,167307,3,7,1,01,18,6,1,2,0,1,1,0,0,1
"POINT (8.625433335000025 53.180860216000042)",Unfall 167308 (2024) Kat:3, Licht: 0,167308,3,6,2,01,08,6,1,0,0,1,0,0,0,0
"POINT (8.784608695000031 53.088244767000049)",Unfall 167310 (2024) Kat:3, Licht: 2,167310,3,6,2,01,16,6,1,2,0,1,0,0,0,0
"POINT (8.942398142000059 53.056642384000043)",Unfall 167311 (2024) Kat:3, Licht: 0,167311,3,7,0,01,09,5,2,0,1,0,0,0,0,0
"POINT (8.716111559000069 53.055561764000061)",Unfall 167312 (2024) Kat:3, Licht: 2,167312,3,6,2,01,07,5,1,2,0,1,0,0,0,0
"POINT (8.960690554000053 53.042011889000037)",Unfall 167313 (2024) Kat:3, Licht: 2,167313,3,3,5,01,20,5,1,2,0,0,0,0,1,0
"POINT (8.812389003000021 53.073068535000061)",Unfall 167314 (2024) Kat:3, Licht: 2,167314,3,4,6,01,18,5,1,2,0,1,1,0,0,0
"POINT (8.619440085000065 53.184108524000067)",Unfall 167318 (2024) Kat:3, Licht: 2,167318,3,2,5,01,07,4,0,2,1,1,0,0,0,0
"POINT (8.891982470000073 53.047946339000077)",Unfall 167320 (2024) Kat:3, Licht: 2,167320,3,3,5,01,22,4,0,2,1,1,0,0,0,0
"POINT (8.740340373000038 53.054516637000063)",Unfall 167321 (2024) Kat:3, Licht: 2,167321,3,6,2,01,05,4,0,2,0,1,0,0,0,0
"POINT (8.619441964000032 53.184027755000045)",Unfall 167322 (2024) Kat:3, Licht: 0,167322,3,4,6,01,09,4,0,0,0,1,1,0,0,0
"POINT (8.963372877000040 53.057523088000039)",Unfall 167323 (2024) Kat:2, Licht: 0,167323,2,3,5,01,09,4,0,0,1,1,0,0,0,0
"POINT (8.786627679000048 53.089378374000034)",Unfall 167324 (2024) Kat:3, Licht: 2,167324,3,3,5,01,19,4,2,2,1,1,0,0,0,0
"POINT (8.963664298000026 53.057532289000051)",Unfall 167325 (2024) Kat:2, Licht: 0,167325,2,3,5,01,13,4,0,0,0,1,0,0,0,1
"POINT (8.624487341000076 53.169988222000029)",Unfall 167326 (2024) Kat:3, Licht: 1,167326,3,6,2,02,18,3,1,1,0,1,0,0,0,0
"POINT (8.786663023000074 53.100504595000075)",Unfall 167328 (2024) Kat:3, Licht: 0,167328,3,4,6,01,11,3,0,0,0,1,1,0,0,0
"POINT (8.780663468000057 53.098017968000079)",Unfall 167329 (2024) Kat:3, Licht: 2,167329,3,3,5,01,17,3,1,2,0,1,0,0,0,0
"POINT (8.852762839000036 53.104506419000074)",Unfall 167330 (2024) Kat:2, Licht: 0,167330,2,4,6,01,08,3,0,0,0,0,1,0,0,1
"POINT (8.876606514000059 53.081378100000052)",Unfall 167331 (2024) Kat:3, Licht: 2,167331,3,3,5,01,18,3,0,2,1,1,0,0,0,0
"POINT (8.517070670000066 53.205741411000076)",Unfall 167332 (2024) Kat:3, Licht: 2,167332,3,5,1,01,19,3,0,2,0,1,0,0,0,0
"POINT (8.790011944000071 53.053078942000070)",Unfall 167337 (2024) Kat:3, Licht: 1,167337,3,4,6,01,08,2,2,1,1,0,1,0,0,0
"POINT (8.851202855000054 53.033016061000069)",Unfall 167338 (2024) Kat:3, Licht: 2,167338,3,7,1,01,17,2,0,2,0,1,0,0,0,0
"POINT (8.740090326000029 53.054684584000029)",Unfall 167339 (2024) Kat:3, Licht: 0,167339,3,3,5,01,08,2,1,0,0,1,0,0,0,0
"POINT (8.827824891000034 53.040468296000029)",Unfall 167340 (2024) Kat:3, Licht: 0,167340,3,7,1,01,13,1,2,0,0,1,0,0,0,1
"POINT (8.948280474000057 53.063921433000075)",Unfall 167341 (2024) Kat:3, Licht: 0,167341,3,6,2,01,14,7,1,0,0,1,0,0,0,0
"POINT (8.939571334000050 53.038335146000065)",Unfall 167342 (2024) Kat:2, Licht: 0,167342,2,4,6,01,09,7,1,0,0,1,1,0,0,0
"POINT (8.949018167000077 53.063557772000081)",Unfall 167343 (2024) Kat:3, Licht: 2,167343,3,2,0,01,07,7,1,2,0,1,1,0,0,0
"POINT (8.803203647000032 53.072234484000035)",Unfall 167347 (2024) Kat:3, Licht: 0,167347,3,2,5,01,13,6,1,0,1,0,0,0,0,1
"POINT (8.837291078000021 53.076885373000039)",Unfall 167348 (2024) Kat:3, Licht: 2,167348,3,2,5,01,19,6,1,2,0,1,0,0,0,0
"POINT (8.854905654000049 53.081403911000052)",Unfall 167349 (2024) Kat:3, Licht: 0,167349,3,7,0,01,13,6,0,0,0,0,0,0,0,1
"POINT (8.795589784000072 53.067630271000041)",Unfall 167350 (2024) Kat:2, Licht: 2,167350,2,4,6,01,20,6,1,2,0,1,1,0,0,0
"POINT (8.853507952000029 53.064819097000054)",Unfall 167351 (2024) Kat:2, Licht: 2,167351,2,6,2,01,20,6,1,2,0,1,0,0,0,1
"POINT (8.813498160000051 53.055757649000043)",Unfall 167352 (2024) Kat:1, Licht: 2,167352,1,3,5,01,20,6,0,2,0,1,0,0,0,0
"POINT (8.820916015000023 53.051006173000076)",Unfall 167353 (2024) Kat:3, Licht: 2,167353,3,2,5,01,19,5,0,2,1,1,0,0,0,0
"POINT (8.802387706000047 53.067458651000038)",Unfall 167354 (2024) Kat:3, Licht: 0,167354,3,7,0,01,13,5,0,0,1,1,0,0,0,0
"POINT (8.814731606000066 53.101544877000038)",Unfall 167355 (2024) Kat:3, Licht: 1,167355,3,5,5,01,08,5,1,1,0,1,0,1,0,0
"POINT (8.588902677000021 53.183084703000077)",Unfall 167356 (2024) Kat:3, Licht: 2,167356,3,2,5,01,17,4,1,2,0,1,0,0,0,1
"POINT (8.804661708000026 53.079929553000056)",Unfall 167357 (2024) Kat:3, Licht: 2,167357,3,7,0,01,20,4,1,2,1,0,0,0,0,0
"POINT (8.764804510000033 53.112920038000027)",Unfall 167361 (2024) Kat:3, Licht: 2,167361,3,2,5,01,16,3,1,2,1,1,0,0,0,0
"POINT (8.728602865000028 53.038894866000078)",Unfall 167362 (2024) Kat:3, Licht: 2,167362,3,2,6,01,17,3,1,2,0,1,1,0,0,0
"POINT (8.686151607000056 53.171073015000047)",Unfall 167363 (2024) Kat:2, Licht: 2,167363,2,4,6,01,18,3,1,2,0,1,1,0,0,0
"POINT (8.797037691000071 53.066827663000026)",Unfall 167364 (2024) Kat:3, Licht: 2,167364,3,7,0,01,03,2,1,2,1,0,0,0,0,0
"POINT (8.788857052000026 53.097971841000060)",Unfall 167403 (2024) Kat:2, Licht: 2,167403,2,7,0,02,18,5,0,2,0,0,0,0,0,1
"POINT (8.837346992000050 53.082372220000082)",Unfall 167412 (2024) Kat:3, Licht: 0,167412,3,6,0,04,17,3,0,0,1,0,0,0,0,0
"POINT (8.711568443000033 53.092339248000030)",Unfall 167437 (2024) Kat:3, Licht: 0,167437,3,3,5,04,14,3,0,0,0,1,0,0,1,0
"POINT (8.752405163000049 53.115638971000067)",Unfall 167503 (2024) Kat:3, Licht: 0,167503,3,3,6,03,09,5,0,0,0,0,1,0,0,1
"POINT (8.768432668000059 53.094054618000030)",Unfall 167508 (2024) Kat:3, Licht: 0,167508,3,3,5,03,09,5,0,0,0,1,0,0,0,1
"POINT (8.795568814000035 53.090550539000049)",Unfall 167510 (2024) Kat:3, Licht: 0,167510,3,3,5,02,09,4,0,0,1,0,0,0,0,1
"POINT (8.870317822000061 53.064875316000041)",Unfall 167516 (2024) Kat:3, Licht: 0,167516,3,3,5,03,06,4,1,0,1,0,0,0,0,0
"POINT (8.818163649000041 53.077737021000075)",Unfall 167519 (2024) Kat:3, Licht: 2,167519,3,3,5,02,01,5,0,2,0,1,0,0,0,1
"POINT (8.884269798000048 53.105315605000044)",Unfall 167531 (2024) Kat:3, Licht: 0,167531,3,7,0,04,07,4,0,0,0,1,0,0,0,0
"POINT (8.798137650000058 53.055919692000032)",Unfall 167557 (2024) Kat:3, Licht: 0,167557,3,2,4,04,17,5,0,0,1,1,0,0,0,0
"POINT (8.827835676000063 53.034261204000074)",Unfall 167566 (2024) Kat:3, Licht: 0,167566,3,6,4,02,08,3,0,0,0,1,0,0,0,0
"POINT (8.809310243000027 53.063332225000067)",Unfall 167629 (2024) Kat:2, Licht: 2,167629,2,7,0,02,23,7,0,2,1,0,0,0,0,0
"POINT (8.873680702000058 53.101270932000034)",Unfall 167637 (2024) Kat:3, Licht: 0,167637,3,2,5,03,13,4,1,0,1,1,0,0,0,0
"POINT (8.959196552000037 53.042125879000082)",Unfall 167645 (2024) Kat:3, Licht: 0,167645,3,7,0,01,10,4,1,0,1,1,0,0,0,0
"POINT (8.812794366000048 53.073321555000064)",Unfall 167648 (2024) Kat:3, Licht: 0,167648,3,3,5,03,14,4,0,0,1,0,0,0,0,1
"POINT (8.796818648000055 53.099925335000080)",Unfall 167667 (2024) Kat:3, Licht: 0,167667,3,6,2,04,13,7,0,0,0,1,0,0,0,0
"POINT (8.780253024000046 53.078271723000057)",Unfall 167705 (2024) Kat:3, Licht: 1,167705,3,3,5,02,07,5,0,1,1,1,0,0,0,0
"POINT (8.824603313000068 53.078560153000069)",Unfall 167710 (2024) Kat:3, Licht: 0,167710,3,6,3,03,11,7,0,0,0,1,0,0,0,1
"POINT (8.868000521000056 53.099489251000080)",Unfall 167714 (2024) Kat:3, Licht: 0,167714,3,6,4,03,12,5,0,0,1,0,0,0,0,0
"POINT (8.870676134000064 53.095898385000055)",Unfall 167723 (2024) Kat:3, Licht: 0,167723,3,3,5,03,07,4,0,0,0,1,0,0,0,1
"POINT (8.625136256000076 53.179745583000056)",Unfall 167732 (2024) Kat:3, Licht: 1,167732,3,3,5,01,07,5,1,1,0,1,0,0,0,0
"POINT (8.783126658000072 53.075520490000031)",Unfall 167745 (2024) Kat:3, Licht: 2,167745,3,1,8,02,02,5,0,2,0,1,0,0,0,0
"POINT (8.839194520000035 53.050778167000033)",Unfall 167748 (2024) Kat:3, Licht: 0,167748,3,3,5,02,07,4,0,0,0,1,0,0,0,0
"POINT (8.777530313000057 53.106481320000057)",Unfall 167751 (2024) Kat:3, Licht: 2,167751,3,7,0,03,20,3,0,2,0,1,1,0,0,0
"POINT (8.887381820000030 53.050587541000027)",Unfall 167758 (2024) Kat:3, Licht: 0,167758,3,2,3,02,14,6,0,0,0,1,0,0,0,0
"POINT (8.883521580000036 53.121236035000038)",Unfall 167767 (2024) Kat:3, Licht: 0,167767,3,4,6,02,08,4,0,0,0,0,1,1,0,0
"POINT (8.795841469000038 53.106277619000082)",Unfall 167778 (2024) Kat:3, Licht: 0,167778,3,3,5,04,13,4,1,0,1,1,0,0,0,0
"POINT (8.885440612000025 53.050097611000069)",Unfall 167780 (2024) Kat:3, Licht: 0,167780,3,7,2,04,15,3,0,0,0,1,0,0,0,0
"POINT (8.773403293000058 53.112568294000027)",Unfall 167802 (2024) Kat:3, Licht: 0,167802,3,6,2,02,15,4,0,0,0,1,0,0,0,0
"POINT (8.842970222000076 53.072660389000077)",Unfall 167820 (2024) Kat:3, Licht: 0,167820,3,2,5,01,12,7,0,0,1,1,0,0,0,0
"POINT (8.824399118000031 53.084424693000074)",Unfall 167831 (2024) Kat:3, Licht: 0,167831,3,2,3,04,19,3,0,0,1,0,0,1,0,0
"POINT (8.837140289000047 53.082386236000048)",Unfall 167838 (2024) Kat:3, Licht: 2,167838,3,2,5,01,20,4,0,2,1,0,0,0,0,0
"POINT (8.769636990000038 53.061333526000055)",Unfall 167841 (2024) Kat:3, Licht: 0,167841,3,6,2,02,08,2,0,0,0,1,0,0,1,0
"POINT (8.726599919000023 53.045034963000035)",Unfall 167845 (2024) Kat:3, Licht: 0,167845,3,7,0,11,08,4,0,0,1,1,0,0,0,0
"POINT (8.762899382000057 53.059993041000041)",Unfall 167846 (2024) Kat:2, Licht: 2,167846,2,3,5,11,22,4,0,2,0,1,0,0,0,0
"POINT (8.870278061000022 53.063960101000077)",Unfall 167847 (2024) Kat:3, Licht: 0,167847,3,7,0,11,15,3,0,0,0,0,0,0,0,1
"POINT (8.930545068000072 53.087665491000052)",Unfall 167848 (2024) Kat:3, Licht: 0,167848,3,3,5,11,15,3,0,0,0,1,0,0,0,0
"POINT (8.740101922000065 53.054676796000081)",Unfall 167849 (2024) Kat:3, Licht: 2,167849,3,3,5,11,17,3,0,2,0,1,0,0,0,0
"POINT (8.782189006000067 53.086532982000051)",Unfall 167851 (2024) Kat:3, Licht: 2,167851,3,6,3,11,16,2,0,2,1,1,0,0,0,0
"POINT (8.571907212000042 53.196889521000060)",Unfall 167852 (2024) Kat:2, Licht: 2,167852,2,3,5,11,17,2,0,2,0,1,0,1,0,0
"POINT (8.787466152000036 53.069900497000049)",Unfall 167855 (2024) Kat:3, Licht: 2,167855,3,6,2,11,03,7,0,2,0,1,0,0,0,0
"POINT (8.638263729000073 53.186372887000061)",Unfall 167856 (2024) Kat:3, Licht: 2,167856,3,5,1,11,18,7,0,2,0,1,0,1,0,0
"POINT (8.811533888000042 53.057130906000054)",Unfall 167857 (2024) Kat:3, Licht: 0,167857,3,6,2,11,07,7,0,0,0,1,0,0,0,0
"POINT (8.961088187000030 53.050504866000040)",Unfall 167858 (2024) Kat:3, Licht: 0,167858,3,3,5,11,08,7,0,0,0,1,0,0,0,1
"POINT (8.555157453000049 53.186131210000042)",Unfall 167861 (2024) Kat:3, Licht: 2,167861,3,1,9,11,21,6,1,2,0,1,0,0,0,0
"POINT (8.719488648000038 53.051255282000056)",Unfall 167864 (2024) Kat:3, Licht: 2,167864,3,6,2,10,20,5,0,2,0,1,0,0,0,0
"POINT (8.787297572000057 53.069996550000042)",Unfall 167865 (2024) Kat:3, Licht: 2,167865,3,6,2,10,02,5,0,2,0,1,0,0,0,0
"POINT (8.806053892000023 53.084530592000078)",Unfall 167866 (2024) Kat:3, Licht: 2,167866,3,6,2,10,17,5,0,2,0,1,0,0,0,0
"POINT (8.617368204000059 53.192284770000072)",Unfall 167870 (2024) Kat:3, Licht: 0,167870,3,3,5,10,14,4,1,0,1,1,0,0,0,0
"POINT (8.704017290000024 53.172899363000056)",Unfall 167871 (2024) Kat:3, Licht: 0,167871,3,7,0,10,14,4,0,0,0,0,0,0,0,1
"POINT (8.736618627000041 53.040825205000033)",Unfall 167872 (2024) Kat:3, Licht: 0,167872,3,3,5,10,11,4,1,0,0,1,0,0,0,1
"POINT (8.562291943000048 53.192226202000029)",Unfall 167873 (2024) Kat:3, Licht: 0,167873,3,2,5,10,10,4,0,0,0,1,0,0,0,0
"POINT (8.965960986000027 53.057686041000068)",Unfall 167874 (2024) Kat:3, Licht: 0,167874,3,6,2,10,13,4,0,0,0,1,0,0,1,0
"POINT (8.852306276000036 53.044883908000031)",Unfall 167875 (2024) Kat:3, Licht: 0,167875,3,3,5,10,12,3,0,0,1,0,0,0,0,1
"POINT (8.931866709000076 53.058936919000075)",Unfall 167876 (2024) Kat:2, Licht: 0,167876,2,7,1,10,15,3,0,0,0,1,0,0,0,0
"POINT (8.736234193000030 53.057801201000075)",Unfall 167877 (2024) Kat:2, Licht: 2,167877,2,2,6,10,17,2,1,2,0,1,1,0,0,0
"POINT (8.835267111000064 53.082107915000051)",Unfall 167878 (2024) Kat:3, Licht: 2,167878,3,6,2,10,18,2,1,2,0,1,0,0,0,0
"POINT (8.757952822000050 53.058072791000029)",Unfall 167879 (2024) Kat:3, Licht: 0,167879,3,3,5,10,11,2,0,0,1,1,0,0,0,0
"POINT (8.805237553000040 53.075663458000065)",Unfall 167880 (2024) Kat:2, Licht: 0,167880,2,7,1,10,11,2,0,0,0,0,0,0,0,1
"POINT (8.880546689000028 53.076718911000057)",Unfall 167881 (2024) Kat:3, Licht: 0,167881,3,3,5,10,11,2,0,0,1,1,0,0,0,0
"POINT (8.889698087000056 53.120006975000081)",Unfall 167882 (2024) Kat:3, Licht: 0,167882,3,3,5,10,13,2,0,0,0,1,0,0,0,0
"POINT (8.775578829000040 53.060468735000029)",Unfall 167883 (2024) Kat:3, Licht: 2,167883,3,3,5,10,18,2,1,2,0,1,0,0,0,1
"POINT (8.800849278000044 53.068455539000070)",Unfall 167884 (2024) Kat:3, Licht: 0,167884,3,4,6,10,16,2,1,0,0,1,1,0,0,0
"POINT (8.744424291000030 53.128667941000060)",Unfall 167885 (2024) Kat:2, Licht: 2,167885,2,7,4,10,18,2,1,2,0,1,0,1,0,0
"POINT (8.581587905000049 53.182943041000044)",Unfall 167886 (2024) Kat:3, Licht: 2,167886,3,7,2,10,16,2,1,2,0,1,0,0,0,0
"POINT (8.808212269000023 53.094675284000061)",Unfall 167887 (2024) Kat:3, Licht: 1,167887,3,2,5,10,17,1,0,1,0,1,0,1,0,0
"POINT (8.808492078000029 53.088051027000063)",Unfall 167888 (2024) Kat:3, Licht: 2,167888,3,7,0,10,19,1,0,2,0,1,0,0,0,1
"POINT (8.756951460000039 53.122577400000068)",Unfall 167890 (2024) Kat:3, Licht: 0,167890,3,2,5,10,16,7,0,0,1,1,0,0,0,0
"POINT (8.808464893000064 53.082974278000052)",Unfall 167891 (2024) Kat:3, Licht: 0,167891,3,6,0,10,12,7,0,0,0,1,0,0,0,1
"POINT (8.819384165000031 53.161541327000066)",Unfall 167892 (2024) Kat:3, Licht: 0,167892,3,6,3,10,15,7,0,0,1,1,0,0,0,0
"POINT (8.755565273000059 53.113429673000041)",Unfall 167893 (2024) Kat:3, Licht: 0,167893,3,4,6,10,16,7,0,0,0,1,1,0,0,0
"POINT (8.833698249000065 53.068518363000067)",Unfall 167894 (2024) Kat:3, Licht: 1,167894,3,7,0,10,17,7,0,1,1,0,0,0,0,0
"POINT (8.877645986000061 53.082430697000063)",Unfall 167895 (2024) Kat:3, Licht: 2,167895,3,6,2,10,21,7,0,2,0,1,0,0,0,0
"POINT (8.806822730000022 53.089708589000054)",Unfall 167896 (2024) Kat:3, Licht: 0,167896,3,6,2,10,14,7,0,0,0,1,0,0,0,0
"POINT (8.814965273000041 53.081261254000026)",Unfall 167898 (2024) Kat:3, Licht: 0,167898,3,4,0,10,17,6,0,0,0,0,1,0,0,1
"POINT (8.948585303000073 53.057110387000080)",Unfall 167899 (2024) Kat:3, Licht: 0,167899,3,3,5,10,13,6,0,0,1,1,0,0,0,0
"POINT (8.928971860000047 53.069137355000066)",Unfall 167900 (2024) Kat:3, Licht: 0,167900,3,3,5,10,15,6,0,0,1,1,0,0,0,0
"POINT (8.802203436000070 53.086849350000080)",Unfall 167901 (2024) Kat:2, Licht: 2,167901,2,1,0,10,18,6,1,2,0,0,0,1,0,0
"POINT (8.883541180000066 53.056777251000028)",Unfall 167902 (2024) Kat:3, Licht: 0,167902,3,2,3,10,15,6,0,0,1,1,0,0,0,0
"POINT (8.831655239000042 53.033738977000041)",Unfall 167903 (2024) Kat:3, Licht: 0,167903,3,2,3,10,09,6,0,0,1,1,0,0,0,0
"POINT (8.897716040000034 53.059078176000071)",Unfall 167904 (2024) Kat:3, Licht: 0,167904,3,2,5,10,12,6,0,0,1,1,0,0,0,0
"POINT (8.716687212000068 53.177445165000051)",Unfall 167905 (2024) Kat:3, Licht: 2,167905,3,4,6,10,06,5,1,2,0,1,1,0,0,0
"POINT (8.788353899000072 53.098545891000072)",Unfall 167906 (2024) Kat:3, Licht: 2,167906,3,7,0,10,05,5,1,2,1,0,0,0,0,0
"POINT (8.778687114000036 53.064706433000026)",Unfall 167907 (2024) Kat:3, Licht: 0,167907,3,3,5,10,17,5,0,0,1,0,0,0,0,1
"POINT (8.807148021000046 53.083658494000076)",Unfall 167908 (2024) Kat:3, Licht: 1,167908,3,6,3,10,18,5,0,1,0,1,0,0,0,0
"POINT (8.768424791000029 53.094049107000046)",Unfall 167909 (2024) Kat:3, Licht: 0,167909,3,2,5,10,15,5,0,0,1,1,0,0,0,0
"POINT (8.625125556000057 53.179689316000065)",Unfall 167912 (2024) Kat:3, Licht: 2,167912,3,3,5,10,05,4,0,2,1,1,0,0,0,0
"POINT (8.576543517000061 53.204099717000076)",Unfall 167913 (2024) Kat:2, Licht: 0,167913,2,4,6,10,16,4,0,0,0,1,1,0,0,0
"POINT (8.868016441000066 53.072927911000079)",Unfall 167914 (2024) Kat:3, Licht: 0,167914,3,6,3,10,07,4,0,0,1,1,0,0,0,0
"POINT (8.899689994000028 53.124994257000026)",Unfall 167917 (2024) Kat:3, Licht: 0,167917,3,3,5,10,10,3,0,0,0,1,0,0,0,0
"POINT (8.960302417000037 53.066925179000066)",Unfall 167918 (2024) Kat:3, Licht: 0,167918,3,3,5,10,12,3,0,0,1,1,0,0,0,0
"POINT (8.599749189000022 53.177842401000078)",Unfall 167919 (2024) Kat:3, Licht: 2,167919,3,3,5,10,00,3,1,2,0,1,0,0,0,0
"POINT (8.788386004000074 53.098508906000063)",Unfall 167920 (2024) Kat:3, Licht: 0,167920,3,6,3,10,08,3,1,0,1,1,0,0,0,0
"POINT (8.787009218000037 53.082921086000056)",Unfall 167921 (2024) Kat:3, Licht: 0,167921,3,3,5,10,16,3,0,0,1,1,0,0,0,0
"POINT (8.781833448000043 53.077581593000048)",Unfall 167922 (2024) Kat:3, Licht: 0,167922,3,6,3,10,17,2,0,0,1,0,0,0,0,0
"POINT (8.714644266000050 53.056395004000080)",Unfall 167923 (2024) Kat:3, Licht: 2,167923,3,7,1,10,05,2,1,2,1,1,0,0,0,0
"POINT (8.834709564000036 53.081966740000041)",Unfall 167924 (2024) Kat:3, Licht: 0,167924,3,6,4,10,07,2,0,0,1,1,0,0,0,0
"POINT (8.719120501000020 53.058609297000032)",Unfall 167925 (2024) Kat:3, Licht: 2,167925,3,6,3,10,06,2,1,2,1,1,0,0,0,0
"POINT (8.877266204000023 53.070515198000066)",Unfall 167926 (2024) Kat:3, Licht: 0,167926,3,3,5,10,12,2,0,0,1,1,0,0,0,0
"POINT (8.837714241000072 53.069891263000045)",Unfall 167927 (2024) Kat:3, Licht: 2,167927,3,6,0,10,20,2,1,2,1,1,0,0,0,0
"POINT (8.728523297000038 53.038928967000061)",Unfall 167928 (2024) Kat:3, Licht: 2,167928,3,2,5,10,00,2,1,2,0,1,0,0,0,0
"POINT (8.886190328000055 53.078978743000050)",Unfall 167929 (2024) Kat:3, Licht: 0,167929,3,6,2,10,17,2,0,0,0,1,0,0,0,0
"POINT (8.825047696000070 53.084519389000036)",Unfall 167930 (2024) Kat:3, Licht: 2,167930,3,3,5,10,20,2,0,2,1,1,0,0,0,0
"POINT (8.766412004000074 53.081671941000081)",Unfall 167931 (2024) Kat:3, Licht: 0,167931,3,5,1,10,16,2,0,0,1,1,0,0,0,0
"POINT (8.820578296000065 53.081728229000078)",Unfall 167933 (2024) Kat:3, Licht: 2,167933,3,7,0,10,18,1,0,2,0,0,0,0,0,1
"POINT (8.562300550000032 53.192219671000032)",Unfall 167934 (2024) Kat:3, Licht: 0,167934,3,3,5,10,11,7,1,0,0,1,0,0,0,0
"POINT (8.801672166000060 53.078731716000050)",Unfall 167936 (2024) Kat:3, Licht: 0,167936,3,7,0,10,13,6,0,0,0,0,0,0,0,1
"POINT (8.774438469000074 53.099046145000045)",Unfall 167937 (2024) Kat:3, Licht: 2,167937,3,6,4,10,18,6,1,2,1,0,0,0,0,1
"POINT (8.793691483000032 53.092886911000051)",Unfall 167938 (2024) Kat:2, Licht: 2,167938,2,6,3,10,21,6,0,2,0,1,0,0,0,0
"POINT (8.785446975000070 53.071104127000069)",Unfall 167939 (2024) Kat:3, Licht: 2,167939,3,7,0,10,05,6,1,2,0,1,0,0,0,0
"POINT (8.708520173000068 53.151802191000058)",Unfall 167940 (2024) Kat:3, Licht: 0,167940,3,7,2,10,14,6,0,0,0,1,0,1,0,0
"POINT (8.621021728000073 53.176920365000058)",Unfall 167941 (2024) Kat:3, Licht: 0,167941,3,3,5,10,15,6,0,0,1,0,0,0,0,1
"POINT (8.772705380000048 53.081404102000079)",Unfall 167942 (2024) Kat:2, Licht: 0,167942,2,2,5,10,09,6,1,0,1,1,0,0,0,0