WKT,Name,OBJECTID,UKATEGORIE,UTYP1,UART,UMONAT,USTUNDE,UWOCHENTAG,STRZUSTAND,ULICHTVERH,ISTRAD,ISTPKW,ISTFUSS,ISTKRAD,ISTGKFZ,ISTSONSTIG
"POINT (8.809365053000022 53.031669649000037)",Unfall 167943 (2024) Kat:3, Licht: 0,167943,3,6,1,10,12,6,0,0,0,1,0,0,0,0
"POINT (8.781722264000052 53.086146233000079)",Unfall 167944 (2024) Kat:3, Licht: 0,167944,3,7,3,10,17,5,0,0,0,1,0,0,0,1
"POINT (8.799981353000021 53.065225708000071)",Unfall 167945 (2024) Kat:3, Licht: 2,167945,3,3,5,10,23,5,0,2,0,1,0,1,0,0
"POINT (8.733418152000070 53.087333180000030)",Unfall 167947 (2024) Kat:3, Licht: 0,167947,3,6,2,10,15,4,0,0,0,1,0,0,0,0
"POINT (8.749860748000060 53.123925757000052)",Unfall 167948 (2024) Kat:3, Licht: 0,167948,3,3,5,10,13,4,0,0,0,1,0,0,0,0
"POINT (8.736999242000024 53.079702154000074)",Unfall 167949 (2024) Kat:2, Licht: 0,167949,2,1,8,10,11,4,0,0,0,1,0,0,0,0
"POINT (8.902739757000063 53.100144807000049)",Unfall 167950 (2024) Kat:3, Licht: 2,167950,3,3,5,10,20,4,0,2,0,1,0,0,0,0
"POINT (8.770486524000034 53.113993290000053)",Unfall 167952 (2024) Kat:2, Licht: 0,167952,2,3,5,10,13,3,0,0,0,1,0,1,0,0
"POINT (8.795603078000056 53.067584883000052)",Unfall 167953 (2024) Kat:3, Licht: 2,167953,3,4,6,10,20,2,0,2,0,1,1,0,0,0
"POINT (8.636600219000059 53.173215378000066)",Unfall 167954 (2024) Kat:3, Licht: 0,167954,3,2,3,10,14,2,0,0,0,1,0,0,0,1
"POINT (8.739746302000071 53.136564814000053)",Unfall 167955 (2024) Kat:3, Licht: 0,167955,3,2,5,10,11,2,0,0,1,1,0,0,0,0
"POINT (8.835720073000061 53.084063724000032)",Unfall 167956 (2024) Kat:3, Licht: 0,167956,3,7,0,10,12,2,0,0,0,1,0,0,0,0
"POINT (8.740740603000063 53.052667476000067)",Unfall 167957 (2024) Kat:3, Licht: 2,167957,3,3,5,10,21,1,1,2,0,1,0,0,0,0
"POINT (8.931791420000025 53.062524560000043)",Unfall 167958 (2024) Kat:3, Licht: 0,167958,3,2,5,10,12,1,1,0,1,1,0,0,0,0
"POINT (8.572577272000046 53.181992254000079)",Unfall 167959 (2024) Kat:3, Licht: 0,167959,3,7,8,10,15,1,0,0,0,1,0,0,0,0
"POINT (8.803905252000050 53.084330929000032)",Unfall 167960 (2024) Kat:3, Licht: 0,167960,3,2,5,10,10,7,0,0,1,0,0,0,0,1
"POINT (8.950934054000072 53.057902989000070)",Unfall 167961 (2024) Kat:3, Licht: 0,167961,3,3,5,10,13,6,0,0,1,1,0,0,0,0
"POINT (8.776314500000069 53.098284722000074)",Unfall 167962 (2024) Kat:3, Licht: 0,167962,3,4,6,10,14,6,0,0,0,0,1,1,0,0
"POINT (8.723782880000044 53.090103985000042)",Unfall 167963 (2024) Kat:3, Licht: 0,167963,3,5,1,10,13,6,0,0,0,0,0,0,1,1
"POINT (8.818896913000060 53.111694526000065)",Unfall 167964 (2024) Kat:3, Licht: 0,167964,3,3,5,10,14,6,0,0,1,1,0,0,0,0
"POINT (8.732727021000073 53.126930575000074)",Unfall 167965 (2024) Kat:3, Licht: 0,167965,3,3,5,10,10,6,0,0,0,1,0,0,0,0
"POINT (8.824247633000027 53.079194282000060)",Unfall 167966 (2024) Kat:3, Licht: 0,167966,3,3,5,10,14,6,0,0,1,1,0,0,0,0
"POINT (8.870394520000048 53.090889141000048)",Unfall 167968 (2024) Kat:3, Licht: 0,167968,3,7,8,10,13,5,1,0,0,1,0,0,0,0
"POINT (8.914356760000032 53.060070092000046)",Unfall 167969 (2024) Kat:3, Licht: 2,167969,3,4,6,10,05,5,1,2,0,1,1,0,0,0
"POINT (8.786160760000030 53.074653624000064)",Unfall 167972 (2024) Kat:3, Licht: 0,167972,3,3,5,10,07,4,0,0,1,1,0,0,0,0
"POINT (8.785338590000038 53.058916387000068)",Unfall 167973 (2024) Kat:2, Licht: 0,167973,2,5,1,10,07,4,0,0,0,1,0,0,0,1
"POINT (8.790040860000033 53.096596036000051)",Unfall 167974 (2024) Kat:3, Licht: 0,167974,3,7,6,10,12,3,0,0,0,1,1,0,0,0
"POINT (8.856553802000064 53.082562197000073)",Unfall 167975 (2024) Kat:3, Licht: 0,167975,3,3,5,10,11,3,0,0,1,1,0,0,0,0
"POINT (8.578789832000041 53.184040329000027)",Unfall 167976 (2024) Kat:3, Licht: 0,167976,3,7,2,10,11,3,0,0,0,1,0,0,0,0
"POINT (8.733594206000021 53.058404057000075)",Unfall 167977 (2024) Kat:3, Licht: 0,167977,3,6,2,10,10,2,1,0,0,1,0,0,0,0
"POINT (8.734745451000038 53.139812297000049)",Unfall 167979 (2024) Kat:3, Licht: 2,167979,3,7,0,10,03,1,0,2,0,1,1,0,0,0
"POINT (8.627094227000043 53.170330311000043)",Unfall 167980 (2024) Kat:2, Licht: 0,167980,2,7,0,10,12,1,0,0,1,0,0,0,0,0
"POINT (8.894622872000070 53.079459715000041)",Unfall 167981 (2024) Kat:3, Licht: 0,167981,3,3,5,10,14,1,0,0,1,1,0,0,0,0
"POINT (8.778766338000025 53.064662687000066)",Unfall 167983 (2024) Kat:3, Licht: 0,167983,3,3,5,10,13,7,0,0,0,1,0,0,0,0
"POINT (8.848883037000064 53.067940368000052)",Unfall 167984 (2024) Kat:3, Licht: 0,167984,3,2,3,10,07,7,0,0,1,0,0,0,0,1
"POINT (8.892729476000056 53.079432296000050)",Unfall 167985 (2024) Kat:2, Licht: 2,167985,2,4,6,10,19,7,0,2,0,1,1,0,0,0
"POINT (8.754783343000042 53.124191880000069)",Unfall 167988 (2024) Kat:3, Licht: 0,167988,3,3,0,10,07,6,0,0,1,1,0,0,0,0
"POINT (8.799871290000056 53.070046925000042)",Unfall 167989 (2024) Kat:3, Licht: 0,167989,3,3,5,10,14,6,0,0,1,1,0,0,0,0
"POINT (8.754783343000042 53.124191880000069)",Unfall 167990 (2024) Kat:3, Licht: 0,167990,3,3,5,10,07,6,0,0,1,1,0,0,0,0
"POINT (8.598180555000056 53.182874966000043)",Unfall 167991 (2024) Kat:3, Licht: 0,167991,3,6,1,10,10,6,0,0,0,1,0,1,0,0
"POINT (8.597573449000038 53.184801363000076)",Unfall 167992 (2024) Kat:3, Licht: 0,167992,3,3,5,10,17,5,0,0,1,1,0,0,0,0
"POINT (8.610334934000036 53.175549906000072)",Unfall 167995 (2024) Kat:3, Licht: 0,167995,3,6,4,10,08,4,1,0,1,1,0,0,0,0
"POINT (8.825196163000044 53.084485537000035)",Unfall 167996 (2024) Kat:3, Licht: 2,167996,3,3,5,10,21,4,0,2,0,1,0,0,0,1
"POINT (8.696942505000038 53.168532022000079)",Unfall 167997 (2024) Kat:3, Licht: 2,167997,3,1,0,10,04,4,1,2,1,0,0,0,0,0
"POINT (8.788182602000063 53.076499472000080)",Unfall 167998 (2024) Kat:3, Licht: 0,167998,3,3,5,10,09,4,1,0,0,1,0,0,0,0
"POINT (8.780214739000030 53.092703102000030)",Unfall 167999 (2024) Kat:3, Licht: 2,167999,3,1,9,10,06,4,1,2,1,0,0,0,0,0
"POINT (8.828858130000071 53.041878156000053)",Unfall 168000 (2024) Kat:3, Licht: 1,168000,3,3,5,10,06,4,1,1,1,1,0,0,0,0
"POINT (8.801993906000064 53.071417831000076)",Unfall 168003 (2024) Kat:3, Licht: 0,168003,3,2,5,10,15,3,0,0,1,1,0,0,0,0
"POINT (8.852108571000031 53.056351017000054)",Unfall 168004 (2024) Kat:3, Licht: 2,168004,3,6,0,10,20,3,1,2,1,0,0,0,0,0
"POINT (8.785971077000056 53.057423078000056)",Unfall 168005 (2024) Kat:3, Licht: 0,168005,3,6,2,10,14,3,0,0,0,1,0,0,0,0
"POINT (8.927361757000028 53.041804938000041)",Unfall 168006 (2024) Kat:3, Licht: 0,168006,3,6,2,10,09,3,0,0,1,0,0,0,1,0
"POINT (8.830335501000036 53.071618538000052)",Unfall 168008 (2024) Kat:3, Licht: 0,168008,3,6,2,09,16,2,0,0,0,1,0,1,0,0
"POINT (8.824785701000053 53.084652161000065)",Unfall 168009 (2024) Kat:3, Licht: 0,168009,3,6,2,09,08,2,0,0,0,1,0,0,0,0
"POINT (8.855768382000065 53.088653444000045)",Unfall 168010 (2024) Kat:3, Licht: 0,168010,3,5,1,09,16,2,0,0,0,1,0,0,0,0
"POINT (8.777180116000068 53.106632914000045)",Unfall 168011 (2024) Kat:3, Licht: 0,168011,3,7,0,09,13,2,0,0,0,1,0,0,0,1
"POINT (8.568754032000072 53.181355095000072)",Unfall 168012 (2024) Kat:3, Licht: 0,168012,3,2,4,09,15,2,0,0,1,1,0,0,0,0
"POINT (8.816287050000028 53.072429865000061)",Unfall 168013 (2024) Kat:3, Licht: 0,168013,3,7,1,09,14,2,0,0,1,1,0,0,0,0
"POINT (8.802006134000067 53.105055416000027)",Unfall 168014 (2024) Kat:3, Licht: 0,168014,3,6,2,09,14,2,0,0,0,1,0,0,0,0
"POINT (8.808583188000057 53.083024205000072)",Unfall 168016 (2024) Kat:3, Licht: 2,168016,3,6,2,09,00,7,1,2,0,1,0,0,0,0
"POINT (8.808243534000042 53.094652032000056)",Unfall 168018 (2024) Kat:3, Licht: 2,168018,3,2,5,09,21,6,1,2,0,1,0,0,0,0
"POINT (8.913942364000036 53.083341053000026)",Unfall 168019 (2024) Kat:3, Licht: 0,168019,3,3,5,09,12,6,1,0,0,1,0,1,0,0
"POINT (8.742716605000055 53.130118362000076)",Unfall 168020 (2024) Kat:3, Licht: 0,168020,3,4,6,09,08,6,0,0,0,1,1,0,0,0
"POINT (8.802138774000070 53.077766202000078)",Unfall 168022 (2024) Kat:3, Licht: 0,168022,3,4,6,09,14,5,0,0,1,0,1,0,0,0
"POINT (8.793807128000026 53.063652594000075)",Unfall 168023 (2024) Kat:3, Licht: 1,168023,3,7,0,09,18,5,0,1,1,1,0,0,0,0
"POINT (8.815168603000075 53.082222411000032)",Unfall 168024 (2024) Kat:3, Licht: 0,168024,3,6,3,09,17,5,0,0,1,1,0,0,0,1
"POINT (8.838598591000050 53.093198691000055)",Unfall 168025 (2024) Kat:3, Licht: 0,168025,3,6,2,09,08,5,1,0,1,1,1,0,0,0
"POINT (8.584088629000064 53.214917325000044)",Unfall 168026 (2024) Kat:3, Licht: 0,168026,3,3,5,09,16,5,0,0,1,1,0,0,0,0
"POINT (8.713674944000047 53.052868892000049)",Unfall 168027 (2024) Kat:3, Licht: 0,168027,3,6,4,09,16,5,0,0,1,1,0,0,0,0
"POINT (8.701321640000060 53.139589393000051)",Unfall 168028 (2024) Kat:3, Licht: 0,168028,3,3,5,09,14,5,0,0,0,1,0,0,0,0
"POINT (8.950031229000047 53.062945490000061)",Unfall 168029 (2024) Kat:3, Licht: 2,168029,3,3,5,09,20,4,1,2,0,1,0,0,0,1
"POINT (8.622335967000026 53.181778105000035)",Unfall 168030 (2024) Kat:3, Licht: 1,168030,3,2,5,09,18,4,0,1,0,1,0,0,0,0
"POINT (8.624995244000047 53.171570263000035)",Unfall 168031 (2024) Kat:2, Licht: 0,168031,2,7,0,09,13,4,1,0,1,0,0,0,0,0
"POINT (8.807327116000067 53.060132027000066)",Unfall 168032 (2024) Kat:3, Licht: 0,168032,3,2,5,09,10,4,1,0,1,1,0,0,0,0
"POINT (8.736946569000054 53.051773762000039)",Unfall 168033 (2024) Kat:3, Licht: 0,168033,3,6,3,09,07,4,1,0,1,1,0,0,0,0
"POINT (8.679046563000043 53.160592827000073)",Unfall 168034 (2024) Kat:2, Licht: 0,168034,2,3,5,09,11,4,1,0,1,1,0,0,0,0
"POINT (8.958771114000058 53.046770506000030)",Unfall 168035 (2024) Kat:3, Licht: 0,168035,3,2,5,09,16,4,1,0,1,1,0,0,0,0
"POINT (8.890159539000024 53.086314660000028)",Unfall 168036 (2024) Kat:3, Licht: 0,168036,3,3,5,09,15,4,1,0,1,0,0,0,0,1
"POINT (8.901980326000057 53.073416880000082)",Unfall 168037 (2024) Kat:3, Licht: 0,168037,3,6,4,09,12,3,0,0,1,0,0,0,0,0
"POINT (8.697570016000043 53.173777709000035)",Unfall 168038 (2024) Kat:3, Licht: 0,168038,3,3,5,09,17,3,0,0,0,1,0,1,0,0
"POINT (8.788483315000065 53.103376256000047)",Unfall 168039 (2024) Kat:3, Licht: 0,168039,3,6,2,09,17,3,0,0,0,1,0,0,0,0
"POINT (8.542229654000039 53.190325780000080)",Unfall 168040 (2024) Kat:3, Licht: 0,168040,3,6,2,09,16,3,0,0,0,1,0,0,0,1
"POINT (8.686011442000051 53.171081777000040)",Unfall 168041 (2024) Kat:3, Licht: 0,168041,3,6,2,09,07,3,0,0,0,1,0,0,0,0
"POINT (8.818980050000050 53.051002417000063)",Unfall 168042 (2024) Kat:2, Licht: 0,168042,2,5,1,09,10,3,0,0,1,1,0,0,0,0
"POINT (8.846411320000072 53.081067931000064)",Unfall 168043 (2024) Kat:2, Licht: 2,168043,2,3,5,09,06,3,0,2,1,1,0,0,0,0
"POINT (8.843024054000068 53.072753506000026)",Unfall 168044 (2024) Kat:3, Licht: 0,168044,3,7,0,10,12,3,0,0,1,1,0,0,0,0
"POINT (8.791504493000048 53.064998559000060)",Unfall 168048 (2024) Kat:2, Licht: 0,168048,2,3,5,09,16,2,1,0,1,1,0,0,0,0
"POINT (8.763537507000024 53.123007740000048)",Unfall 168049 (2024) Kat:3, Licht: 0,168049,3,3,5,09,11,2,0,0,0,1,0,0,0,1
"POINT (8.562289659000044 53.192227934000073)",Unfall 168050 (2024) Kat:3, Licht: 0,168050,3,3,5,09,08,2,0,0,0,1,0,0,0,0
"POINT (8.899161055000036 53.129710822000050)",Unfall 168051 (2024) Kat:3, Licht: 0,168051,3,2,4,09,09,2,0,0,0,1,0,0,0,1
"POINT (8.824627890000045 53.027945223000074)",Unfall 168052 (2024) Kat:3, Licht: 0,168052,3,1,0,09,07,2,0,0,0,0,0,0,0,1
"POINT (8.898939371000040 53.127360510000074)",Unfall 168053 (2024) Kat:3, Licht: 0,168053,3,6,2,09,16,2,0,0,0,1,0,0,0,0
"POINT (8.872096770000041 53.067439851000074)",Unfall 168055 (2024) Kat:3, Licht: 0,168055,3,2,3,09,13,1,0,0,0,1,0,0,0,0
"POINT (8.789811089000068 53.085658190000061)",Unfall 168056 (2024) Kat:3, Licht: 0,168056,3,6,3,09,15,1,0,0,0,1,0,0,0,0
"POINT (8.955348330000049 53.075692094000033)",Unfall 168060 (2024) Kat:3, Licht: 0,168060,3,3,5,09,18,7,0,0,1,0,0,1,0,0
"POINT (8.797216612000057 53.083288129000039)",Unfall 168062 (2024) Kat:3, Licht: 0,168062,3,7,0,09,14,6,0,0,0,0,0,0,0,1
"POINT (8.937803134000035 53.068580375000067)",Unfall 168063 (2024) Kat:3, Licht: 0,168063,3,2,6,09,13,6,0,0,0,1,1,0,0,0
"POINT (8.896316636000051 53.079259557000057)",Unfall 168064 (2024) Kat:3, Licht: 0,168064,3,4,6,09,07,6,0,0,0,1,1,0,0,0
"POINT (8.712737390000029 53.145199944000069)",Unfall 168065 (2024) Kat:3, Licht: 0,168065,3,3,5,09,16,6,0,0,1,1,0,0,0,0
"POINT (8.569144836000021 53.587601078000034)",Unfall 168067 (2024) Kat:3, Licht: 0,168067,3,1,0,09,11,5,0,0,1,0,0,0,0,0
"POINT (8.804936473000055 53.088562383000067)",Unfall 168069 (2024) Kat:3, Licht: 0,168069,3,7,0,09,18,5,0,0,1,1,0,0,0,0
"POINT (8.845883134000076 53.047093584000038)",Unfall 168070 (2024) Kat:3, Licht: 0,168070,3,1,0,09,15,5,0,0,0,0,0,1,0,0
"POINT (8.790531388000034 53.086029354000061)",Unfall 168071 (2024) Kat:3, Licht: 0,168071,3,3,5,09,15,5,0,0,1,1,0,0,0,0
"POINT (8.932466490000024 53.064330170000062)",Unfall 168072 (2024) Kat:3, Licht: 0,168072,3,3,5,09,17,5,0,0,1,1,0,0,0,0
"POINT (8.710305396000024 53.094453564000048)",Unfall 168073 (2024) Kat:3, Licht: 0,168073,3,3,5,09,17,5,0,0,0,1,0,0,1,0
"POINT (8.955903436000028 53.076150233000078)",Unfall 168076 (2024) Kat:3, Licht: 0,168076,3,3,5,09,17,4,0,0,0,1,0,0,0,1
"POINT (8.802566797000054 53.092416299000035)",Unfall 168077 (2024) Kat:3, Licht: 2,168077,3,5,1,09,19,4,0,2,0,1,0,0,0,1
"POINT (8.778527662000045 53.094411840000078)",Unfall 168078 (2024) Kat:3, Licht: 0,168078,3,2,5,09,15,4,0,0,1,1,0,0,0,0
"POINT (8.739088298000070 53.135179957000048)",Unfall 168080 (2024) Kat:3, Licht: 0,168080,3,6,2,09,12,3,0,0,0,1,0,0,0,0
"POINT (8.902332426000044 53.050881961000073)",Unfall 168081 (2024) Kat:3, Licht: 0,168081,3,3,5,09,13,3,0,0,0,0,0,0,0,1
"POINT (8.575216127000033 53.192180166000071)",Unfall 168082 (2024) Kat:3, Licht: 0,168082,3,3,5,09,12,3,0,0,1,1,0,0,0,0
"POINT (8.736142349000033 53.044774574000030)",Unfall 168083 (2024) Kat:3, Licht: 0,168083,3,3,5,09,13,3,0,0,0,1,0,1,0,0
"POINT (8.703727923000031 53.159345856000073)",Unfall 168084 (2024) Kat:3, Licht: 2,168084,3,7,0,09,22,3,0,2,1,0,0,0,0,0
"POINT (8.701360564000026 53.139602294000042)",Unfall 168085 (2024) Kat:3, Licht: 0,168085,3,3,5,09,15,3,0,0,0,1,0,0,0,1
"POINT (8.909320189000027 53.059539301000029)",Unfall 168086 (2024) Kat:2, Licht: 0,168086,2,6,2,09,13,3,0,0,0,1,0,0,0,0
"POINT (8.739091589000054 53.124540133000039)",Unfall 168090 (2024) Kat:3, Licht: 0,168090,3,2,4,09,17,2,0,0,1,1,0,0,0,0
"POINT (8.851650989000063 53.093741334000072)",Unfall 168091 (2024) Kat:3, Licht: 0,168091,3,7,0,09,13,2,0,0,1,0,0,0,0,1
"POINT (8.794298239000057 53.087983899000051)",Unfall 168092 (2024) Kat:3, Licht: 0,168092,3,4,6,09,09,2,0,0,0,1,1,0,0,0
"POINT (8.819071135000058 53.099062445000072)",Unfall 168093 (2024) Kat:3, Licht: 0,168093,3,3,5,09,13,2,0,0,1,1,0,0,0,0
"POINT (8.561660480000057 53.181915376000063)",Unfall 168094 (2024) Kat:3, Licht: 0,168094,3,6,3,09,15,2,0,0,1,1,0,0,0,0
"POINT (8.807447455000045 53.094366534000073)",Unfall 168095 (2024) Kat:3, Licht: 0,168095,3,2,3,09,19,2,0,0,1,0,0,0,0,1
"POINT (8.608539845000053 53.184488461000058)",Unfall 168096 (2024) Kat:3, Licht: 0,168096,3,7,0,09,09,2,0,0,1,0,0,0,0,0
"POINT (8.924264814000026 53.041845805000037)",Unfall 168097 (2024) Kat:3, Licht: 2,168097,3,7,0,09,20,2,0,2,0,1,0,0,0,0
"POINT (8.621386171000040 53.171721565000041)",Unfall 168098 (2024) Kat:3, Licht: 0,168098,3,7,1,09,11,2,0,0,0,0,0,0,1,1
"POINT (8.814976335000040 53.081963788000053)",Unfall 168101 (2024) Kat:3, Licht: 0,168101,3,6,3,09,13,1,0,0,0,1,0,0,0,1
"POINT (8.756984489000047 53.117738255000063)",Unfall 168102 (2024) Kat:3, Licht: 0,168102,3,7,0,09,08,7,0,0,1,0,0,0,0,0
"POINT (8.704695280000067 53.154652639000062)",Unfall 168103 (2024) Kat:3, Licht: 2,168103,3,3,5,09,22,7,0,2,1,1,0,0,0,0
"POINT (8.818902750000063 53.111681659000055)",Unfall 168104 (2024) Kat:3, Licht: 0,168104,3,3,5,09,14,7,0,0,1,1,0,0,0,0
"POINT (8.592402521000054 53.182838798000034)",Unfall 168105 (2024) Kat:3, Licht: 0,168105,3,6,3,09,16,6,0,0,0,1,0,0,0,0
"POINT (8.760030017000076 53.087812279000048)",Unfall 168106 (2024) Kat:3, Licht: 0,168106,3,7,0,09,16,7,0,0,1,1,0,0,0,0
"POINT (8.863646020000033 53.071303058000069)",Unfall 168107 (2024) Kat:2, Licht: 0,168107,2,2,5,09,11,7,0,0,0,1,0,1,0,0
"POINT (8.792900159000055 53.073739695000029)",Unfall 168108 (2024) Kat:3, Licht: 0,168108,3,7,0,09,15,7,0,0,1,0,1,0,0,0
"POINT (8.793558893000068 53.100352129000044)",Unfall 168114 (2024) Kat:3, Licht: 0,168114,3,6,2,09,17,6,0,0,0,1,0,0,0,0
"POINT (8.908600744000069 53.071283610000080)",Unfall 168115 (2024) Kat:2, Licht: 2,168115,2,6,3,09,22,6,0,2,0,1,0,0,0,0
"POINT (8.715353511000046 53.135335011000052)",Unfall 168116 (2024) Kat:3, Licht: 0,168116,3,6,2,09,13,6,1,0,0,1,0,0,1,0
"POINT (8.787777880000021 53.099220334000051)",Unfall 168117 (2024) Kat:3, Licht: 0,168117,3,6,2,09,15,6,0,0,0,1,0,0,0,0
"POINT (8.778627772000050 53.094693533000054)",Unfall 168118 (2024) Kat:3, Licht: 0,168118,3,2,3,10,14,5,0,0,0,1,0,0,0,1
"POINT (8.910971061000055 53.095971152000061)",Unfall 168119 (2024) Kat:3, Licht: 0,168119,3,2,5,09,15,2,0,0,0,0,0,1,0,1
"POINT (8.810237898000025 53.082351146000065)",Unfall 168120 (2024) Kat:3, Licht: 2,168120,3,6,2,09,20,6,0,2,0,1,0,0,0,0
"POINT (8.836246678000066 53.051285527000061)",Unfall 168121 (2024) Kat:2, Licht: 0,168121,2,4,6,09,13,6,0,0,0,1,1,0,0,0
"POINT (8.757724708000069 53.058446926000045)",Unfall 168122 (2024) Kat:3, Licht: 0,168122,3,3,5,09,06,6,0,0,1,1,0,0,0,0
"POINT (8.793731118000039 53.103200918000027)",Unfall 168125 (2024) Kat:3, Licht: 0,168125,3,6,2,09,07,5,0,0,0,1,0,0,0,0
"POINT (8.801335989000052 53.068140453000069)",Unfall 168126 (2024) Kat:3, Licht: 2,168126,3,3,0,09,19,5,1,2,1,0,0,0,0,0
"POINT (8.844215377000069 53.075427151000042)",Unfall 168127 (2024) Kat:3, Licht: 0,168127,3,3,5,09,17,3,0,0,1,1,0,0,0,0
"POINT (8.722173480000038 53.106233385000053)",Unfall 168128 (2024) Kat:3, Licht: 2,168128,3,1,8,09,00,5,1,2,0,1,0,0,0,0
"POINT (8.761254723000036 53.087674315000072)",Unfall 168129 (2024) Kat:3, Licht: 0,168129,3,3,5,09,17,5,1,0,0,1,0,1,0,0
"POINT (8.545679712000037 53.189197435000040)",Unfall 168130 (2024) Kat:3, Licht: 0,168130,3,3,5,09,08,5,0,0,0,1,0,0,0,0
"POINT (8.729319256000053 53.128865150000081)",Unfall 168133 (2024) Kat:3, Licht: 0,168133,3,6,2,09,15,4,1,0,0,1,0,0,0,0
"POINT (8.756290438000065 53.118357636000042)",Unfall 168134 (2024) Kat:2, Licht: 0,168134,2,2,4,09,16,4,0,0,1,1,0,0,0,0
"POINT (8.877109404000066 53.061504606000028)",Unfall 168135 (2024) Kat:3, Licht: 0,168135,3,6,2,09,09,4,0,0,0,1,0,0,0,0
"POINT (8.891883975000042 53.081059848000052)",Unfall 168136 (2024) Kat:3, Licht: 0,168136,3,3,5,09,12,4,0,0,0,1,0,0,0,0
"POINT (8.589249907000067 53.183085209000069)",Unfall 168137 (2024) Kat:3, Licht: 0,168137,3,2,5,09,14,4,1,0,1,1,0,0,0,0
"POINT (8.961287867000067 53.042477596000026)",Unfall 168138 (2024) Kat:3, Licht: 0,168138,3,5,1,09,14,4,1,0,0,1,0,0,0,0
"POINT (8.837293913000053 53.082375819000049)",Unfall 168139 (2024) Kat:2, Licht: 2,168139,2,4,6,09,22,4,1,2,0,1,1,0,0,0
"POINT (8.833533768000052 53.077367577000075)",Unfall 168140 (2024) Kat:3, Licht: 0,168140,3,4,6,09,17,6,0,0,0,1,1,0,0,0
"POINT (8.787628978000043 53.094250191000071)",Unfall 168141 (2024) Kat:2, Licht: 0,168141,2,7,6,09,14,4,1,0,0,1,1,0,0,1
"POINT (8.802239215000043 53.079490496000062)",Unfall 168144 (2024) Kat:3, Licht: 0,168144,3,3,5,09,16,3,0,0,1,1,0,0,0,0
"POINT (8.733481154000060 53.087345246000041)",Unfall 168145 (2024) Kat:3, Licht: 0,168145,3,3,5,09,17,3,0,0,1,1,0,0,0,0
"POINT (8.806806003000077 53.079494992000036)",Unfall 168146 (2024) Kat:3, Licht: 0,168146,3,1,0,09,17,3,0,0,1,0,0,0,0,0
"POINT (8.617200014000048 53.171611247000044)",Unfall 168147 (2024) Kat:3, Licht: 0,168147,3,7,0,09,10,3,0,0,0,1,0,0,0,0
"POINT (8.889343682000060 53.058043657000042)",Unfall 168148 (2024) Kat:3, Licht: 0,168148,3,3,5,09,17,3,0,0,1,0,0,0,0,0
"POINT (8.824825094000062 53.084584422000034)",Unfall 168151 (2024) Kat:3, Licht: 0,168151,3,3,5,09,10,2,0,0,1,0,0,0,0,0
"POINT (8.793641258000036 53.084775358000059)",Unfall 168152 (2024) Kat:3, Licht: 2,168152,3,1,8,09,02,2,0,2,0,1,0,0,0,0
"POINT (8.841080051000063 53.076064100000053)",Unfall 168153 (2024) Kat:3, Licht: 0,168153,3,3,5,09,06,2,0,0,0,1,0,0,0,1
"POINT (8.799753197000030 53.070328141000061)",Unfall 168154 (2024) Kat:3, Licht: 0,168154,3,6,3,09,14,2,0,0,0,1,0,1,0,0
"POINT (8.879626728000062 53.089951849000045)",Unfall 168155 (2024) Kat:3, Licht: 0,168155,3,5,1,09,09,2,0,0,0,1,0,0,0,0
"POINT (8.757980642000064 53.058156670000074)",Unfall 168156 (2024) Kat:3, Licht: 0,168156,3,3,5,09,16,2,0,0,1,1,0,0,0,0
"POINT (8.631471926000074 53.172764589000053)",Unfall 168157 (2024) Kat:3, Licht: 0,168157,3,7,0,09,13,2,0,0,1,0,0,0,0,0
"POINT (8.794258560000060 53.081444909000027)",Unfall 168158 (2024) Kat:3, Licht: 0,168158,3,3,5,09,14,2,0,0,1,0,0,0,0,0
"POINT (8.619073889000049 53.180491073000042)",Unfall 168159 (2024) Kat:3, Licht: 0,168159,3,3,5,09,15,2,0,0,1,1,0,0,0,0
"POINT (8.901548072000026 53.108360048000065)",Unfall 168160 (2024) Kat:3, Licht: 0,168160,3,6,3,09,15,1,0,0,1,1,0,0,0,0
"POINT (8.821288511000034 53.085991622000051)",Unfall 168161 (2024) Kat:3, Licht: 1,168161,3,6,2,11,16,7,0,1,0,1,0,0,0,0
"POINT (8.813104101000022 53.098890610000069)",Unfall 168162 (2024) Kat:3, Licht: 2,168162,3,4,6,09,04,1,0,2,0,0,0,1,0,1
"POINT (8.884707510000055 53.100090508000051)",Unfall 168164 (2024) Kat:3, Licht: 0,168164,3,7,6,09,19,7,0,0,0,0,1,0,0,1
"POINT (8.808409419000043 53.075193721000062)",Unfall 168165 (2024) Kat:3, Licht: 1,168165,3,7,0,09,20,7,0,1,1,0,0,0,0,0
"POINT (8.826259673000038 53.074622863000059)",Unfall 168166 (2024) Kat:3, Licht: 2,168166,3,7,0,09,01,7,0,2,0,1,1,0,0,0
"POINT (8.802075888000047 53.086512110000058)",Unfall 168170 (2024) Kat:3, Licht: 0,168170,3,6,3,09,15,6,0,0,0,1,0,0,1,0
"POINT (8.784318583000072 53.103069228000038)",Unfall 168171 (2024) Kat:3, Licht: 0,168171,3,3,5,09,12,6,0,0,0,1,0,0,0,1
"POINT (8.807418466000058 53.098996962000058)",Unfall 168172 (2024) Kat:3, Licht: 0,168172,3,2,1,09,11,6,0,0,0,1,0,1,0,0