WKT,Name,OBJECTID,UKATEGORIE,UTYP1,UART,UMONAT,USTUNDE,UWOCHENTAG,STRZUSTAND,ULICHTVERH,ISTRAD,ISTPKW,ISTFUSS,ISTKRAD,ISTGKFZ,ISTSONSTIG
"POINT (8.788374478000037 53.098522184000046)",Unfall 168406 (2024) Kat:3, Licht: 0,168406,3,7,0,08,12,2,0,0,0,0,0,0,0,1
"POINT (8.743365682000046 53.123315141000035)",Unfall 168407 (2024) Kat:3, Licht: 0,168407,3,3,5,08,09,2,0,0,0,1,0,0,0,0
"POINT (8.622370042000057 53.181770220000033)",Unfall 168408 (2024) Kat:2, Licht: 0,168408,2,3,5,08,12,2,0,0,0,1,0,1,0,0
"POINT (8.806039996000038 53.073635935000027)",Unfall 168409 (2024) Kat:3, Licht: 0,168409,3,6,2,08,10,2,0,0,0,1,0,0,0,0
"POINT (8.864031567000040 53.071178580000037)",Unfall 168410 (2024) Kat:3, Licht: 1,168410,3,2,5,08,21,2,0,1,0,1,0,0,0,0
"POINT (8.818050344000028 53.072399366000070)",Unfall 168412 (2024) Kat:3, Licht: 0,168412,3,7,0,08,13,2,0,0,0,0,0,0,0,1
"POINT (8.885730333000026 53.034573863000048)",Unfall 168413 (2024) Kat:3, Licht: 0,168413,3,3,5,08,14,2,0,0,0,1,0,0,0,1
"POINT (8.622359480000057 53.181772664000050)",Unfall 168414 (2024) Kat:2, Licht: 0,168414,2,3,5,08,12,2,0,0,0,1,0,1,0,0
"POINT (8.846983725000030 53.048254433000068)",Unfall 168415 (2024) Kat:2, Licht: 2,168415,2,3,5,10,17,2,1,2,1,1,0,0,0,0
"POINT (8.643727691000038 53.165165270000045)",Unfall 168417 (2024) Kat:3, Licht: 0,168417,3,7,1,08,20,1,0,0,0,1,0,1,0,0
"POINT (8.753387147000069 53.087235907000036)",Unfall 168418 (2024) Kat:3, Licht: 0,168418,3,7,0,08,13,7,0,0,0,1,0,0,0,1
"POINT (8.740096883000035 53.045986623000033)",Unfall 168419 (2024) Kat:3, Licht: 0,168419,3,3,5,08,16,7,0,0,1,0,0,0,0,0
"POINT (8.841262406000055 53.072573550000072)",Unfall 168420 (2024) Kat:3, Licht: 0,168420,3,6,3,08,12,7,0,0,1,0,0,0,0,0
"POINT (8.963448809000056 53.057417330000078)",Unfall 168421 (2024) Kat:3, Licht: 0,168421,3,4,6,08,13,7,0,0,0,1,1,0,0,0
"POINT (8.837198729000022 53.079075970000076)",Unfall 168422 (2024) Kat:3, Licht: 0,168422,3,3,5,08,17,7,0,0,1,1,0,0,0,0
"POINT (8.612940321000053 53.182626180000057)",Unfall 168425 (2024) Kat:3, Licht: 0,168425,3,4,6,08,12,6,0,0,1,0,1,0,0,0
"POINT (8.811169882000058 53.113678257000061)",Unfall 168426 (2024) Kat:3, Licht: 0,168426,3,6,2,08,16,6,0,0,0,1,0,0,0,0
"POINT (8.792264920000036 53.082727387000034)",Unfall 168427 (2024) Kat:2, Licht: 0,168427,2,2,5,08,16,6,0,0,0,1,0,0,0,1
"POINT (8.852146489000063 53.104593905000058)",Unfall 168428 (2024) Kat:3, Licht: 0,168428,3,6,2,08,17,6,0,0,0,1,0,1,0,0
"POINT (8.797655680000048 53.088180050000062)",Unfall 168429 (2024) Kat:2, Licht: 2,168429,2,1,8,08,23,6,0,2,1,0,0,0,0,0
"POINT (8.888375689000043 53.109770378000064)",Unfall 168430 (2024) Kat:2, Licht: 0,168430,2,7,9,08,09,6,0,0,0,1,0,0,0,0
"POINT (8.788203689000056 53.098855968000066)",Unfall 168431 (2024) Kat:3, Licht: 0,168431,3,5,1,08,12,5,0,0,0,1,0,0,0,1
"POINT (8.822567023000033 53.074933844000043)",Unfall 168432 (2024) Kat:3, Licht: 0,168432,3,6,3,08,15,5,0,0,1,0,0,0,0,0
"POINT (8.785196533000033 53.088601775000029)",Unfall 168433 (2024) Kat:3, Licht: 0,168433,3,6,2,08,14,5,0,0,0,1,0,0,0,1
"POINT (8.776102160000050 53.098693143000048)",Unfall 168434 (2024) Kat:3, Licht: 2,168434,3,6,2,08,22,5,0,2,0,1,0,0,0,0
"POINT (8.786802952000073 53.069494970000051)",Unfall 168435 (2024) Kat:3, Licht: 0,168435,3,7,0,08,10,5,0,0,0,0,0,0,0,1
"POINT (8.756307323000044 53.118342434000056)",Unfall 168436 (2024) Kat:3, Licht: 0,168436,3,3,0,08,16,5,0,0,0,0,1,0,1,0
"POINT (8.774482399000021 53.097161413000038)",Unfall 168437 (2024) Kat:3, Licht: 2,168437,3,7,0,08,00,5,0,2,1,0,0,0,0,0
"POINT (8.770628983000051 53.078502694000065)",Unfall 168438 (2024) Kat:3, Licht: 0,168438,3,6,3,10,16,4,0,0,1,0,0,0,1,0
"POINT (8.805011301000036 53.091484398000034)",Unfall 168439 (2024) Kat:2, Licht: 0,168439,2,5,1,08,15,5,0,0,1,1,0,0,0,0
"POINT (8.711477614000046 53.147428172000048)",Unfall 168440 (2024) Kat:3, Licht: 0,168440,3,3,5,08,16,5,0,0,1,1,0,0,0,0
"POINT (8.826177380000047 53.079160321000074)",Unfall 168441 (2024) Kat:3, Licht: 0,168441,3,3,5,08,16,5,0,0,1,1,0,0,0,0
"POINT (8.876447881000047 53.070178201000033)",Unfall 168442 (2024) Kat:3, Licht: 1,168442,3,7,0,08,21,5,0,1,1,0,0,0,0,0
"POINT (8.757207297000036 53.114665041000080)",Unfall 168447 (2024) Kat:3, Licht: 0,168447,3,4,6,08,11,7,0,0,0,1,1,0,0,0
"POINT (8.806588743000077 53.094515012000045)",Unfall 168448 (2024) Kat:3, Licht: 0,168448,3,6,4,07,12,4,0,0,1,0,0,0,0,0
"POINT (8.810693387000072 53.080115879000061)",Unfall 168449 (2024) Kat:2, Licht: 0,168449,2,3,5,07,16,4,0,0,0,1,0,0,0,1
"POINT (8.889813386000071 53.034451377000039)",Unfall 168450 (2024) Kat:3, Licht: 0,168450,3,2,5,07,07,4,0,0,1,1,0,0,0,0
"POINT (8.740944497000044 53.062847995000027)",Unfall 168452 (2024) Kat:3, Licht: 0,168452,3,6,4,07,16,3,0,0,1,0,0,0,0,1
"POINT (8.740944497000044 53.062847995000027)",Unfall 168453 (2024) Kat:3, Licht: 0,168453,3,6,4,07,16,3,0,0,1,0,0,0,0,1
"POINT (8.829338877000055 53.068783279000058)",Unfall 168454 (2024) Kat:3, Licht: 0,168454,3,6,2,07,17,3,0,0,0,1,0,1,0,0
"POINT (8.631847407000066 53.186219969000035)",Unfall 168456 (2024) Kat:3, Licht: 0,168456,3,2,5,10,17,4,0,0,1,1,0,0,0,0
"POINT (8.838026215000070 53.082679286000030)",Unfall 168457 (2024) Kat:3, Licht: 0,168457,3,7,0,07,12,2,0,0,0,1,0,0,0,1
"POINT (8.776349334000031 53.104682568000044)",Unfall 168458 (2024) Kat:2, Licht: 0,168458,2,7,1,07,13,2,0,0,0,1,0,0,0,0
"POINT (8.838571556000034 53.082789617000060)",Unfall 168459 (2024) Kat:3, Licht: 0,168459,3,7,0,07,14,2,0,0,0,0,1,0,0,1
"POINT (8.783084862000067 53.104074786000069)",Unfall 168460 (2024) Kat:3, Licht: 0,168460,3,6,2,07,16,2,0,0,0,1,0,0,0,0
"POINT (8.952629762000072 53.034464813000056)",Unfall 168461 (2024) Kat:3, Licht: 0,168461,3,3,5,08,10,7,0,0,1,1,0,0,0,0
"POINT (8.804207874000042 53.072361486000034)",Unfall 168465 (2024) Kat:2, Licht: 2,168465,2,7,0,07,01,1,0,2,1,0,0,0,0,0
"POINT (8.852192880000075 53.086171573000058)",Unfall 168466 (2024) Kat:3, Licht: 0,168466,3,2,5,08,19,1,0,0,1,1,0,0,0,0
"POINT (8.755372908000027 53.124895189000028)",Unfall 168467 (2024) Kat:3, Licht: 0,168467,3,1,0,07,17,1,0,0,0,0,0,0,0,1
"POINT (8.792949949000047 53.059280598000043)",Unfall 168468 (2024) Kat:3, Licht: 0,168468,3,3,5,07,15,1,0,0,0,1,0,0,0,0
"POINT (8.902679203000048 53.071487621000074)",Unfall 168469 (2024) Kat:2, Licht: 0,168469,2,7,9,07,10,1,0,0,0,1,0,0,0,0
"POINT (8.738521575000050 53.137401779000072)",Unfall 168471 (2024) Kat:3, Licht: 0,168471,3,6,2,07,14,7,0,0,0,1,0,0,0,0
"POINT (8.762669192000033 53.120531194000080)",Unfall 168472 (2024) Kat:3, Licht: 0,168472,3,3,5,07,11,7,0,0,1,0,0,1,0,0
"POINT (8.811092168000073 53.081243633000042)",Unfall 168473 (2024) Kat:3, Licht: 0,168473,3,7,0,07,18,7,0,0,0,0,1,0,0,1
"POINT (8.902452961000051 53.127561158000049)",Unfall 168474 (2024) Kat:3, Licht: 0,168474,3,3,5,07,12,7,0,0,1,0,0,0,0,0
"POINT (8.859560843000054 53.125114282000027)",Unfall 168475 (2024) Kat:2, Licht: 1,168475,2,5,1,07,21,7,1,1,1,1,0,0,0,0
"POINT (8.865537727000060 53.102613377000068)",Unfall 168476 (2024) Kat:3, Licht: 0,168476,3,6,2,09,09,5,0,0,1,1,0,0,0,0
"POINT (8.785225753000077 53.088845944000070)",Unfall 168479 (2024) Kat:2, Licht: 0,168479,2,7,0,07,14,6,0,0,1,0,0,0,0,0
"POINT (8.809567325000046 53.058440471000040)",Unfall 168480 (2024) Kat:3, Licht: 0,168480,3,2,5,07,14,6,0,0,1,0,0,0,1,0
"POINT (8.867076209000061 53.103445084000043)",Unfall 168481 (2024) Kat:3, Licht: 0,168481,3,5,1,07,12,6,0,0,1,1,0,0,0,0
"POINT (8.823687221000057 53.077237499000034)",Unfall 168482 (2024) Kat:3, Licht: 0,168482,3,2,5,07,07,6,1,0,0,1,1,0,0,0
"POINT (8.802063548000035 53.071684148000031)",Unfall 168483 (2024) Kat:2, Licht: 0,168483,2,6,2,07,12,5,0,0,1,0,0,0,0,0
"POINT (8.813929611000049 53.081161174000044)",Unfall 168484 (2024) Kat:3, Licht: 0,168484,3,6,3,07,13,4,0,0,0,1,0,0,0,1
"POINT (8.551868670000033 53.187112467000077)",Unfall 168485 (2024) Kat:3, Licht: 0,168485,3,6,2,07,17,4,0,0,0,1,0,0,0,0
"POINT (8.867551653000021 53.098775938000074)",Unfall 168486 (2024) Kat:2, Licht: 0,168486,2,6,1,09,16,1,0,0,0,1,0,0,0,0
"POINT (8.810426069000073 53.092572732000065)",Unfall 168487 (2024) Kat:3, Licht: 0,168487,3,6,2,07,19,4,0,0,1,1,0,0,0,0
"POINT (8.911056434000045 53.047419597000044)",Unfall 168489 (2024) Kat:3, Licht: 0,168489,3,7,0,07,05,3,0,0,1,0,0,0,0,1
"POINT (8.568842355000072 53.181325785000070)",Unfall 168490 (2024) Kat:3, Licht: 0,168490,3,2,5,07,18,3,0,0,1,1,0,0,0,0
"POINT (8.809157929000037 53.082915154000034)",Unfall 168491 (2024) Kat:3, Licht: 0,168491,3,6,2,07,19,3,0,0,0,1,0,0,0,0
"POINT (8.960525688000075 53.048606700000050)",Unfall 168492 (2024) Kat:3, Licht: 0,168492,3,3,5,07,10,3,0,0,1,1,0,0,0,0
"POINT (8.759013974000027 53.099522923000052)",Unfall 168496 (2024) Kat:3, Licht: 0,168496,3,1,0,07,11,2,0,0,0,0,0,0,0,1
"POINT (8.740406394000047 53.124824622000062)",Unfall 168497 (2024) Kat:3, Licht: 0,168497,3,3,5,07,19,2,0,0,0,1,0,0,0,0
"POINT (8.799849226000049 53.070050497000068)",Unfall 168498 (2024) Kat:2, Licht: 0,168498,2,2,3,07,12,2,0,0,1,1,0,0,0,0
"POINT (8.883112844000038 53.074328612000045)",Unfall 168499 (2024) Kat:3, Licht: 0,168499,3,7,9,07,06,2,0,0,0,1,0,0,0,0
"POINT (8.632908228000076 53.185857225000063)",Unfall 168500 (2024) Kat:3, Licht: 0,168500,3,7,6,07,08,2,1,0,0,1,1,0,0,0
"POINT (8.882414873000073 53.057380925000075)",Unfall 168501 (2024) Kat:3, Licht: 0,168501,3,6,3,07,18,1,1,0,0,1,0,0,0,0
"POINT (8.806697895000070 53.081685685000082)",Unfall 168502 (2024) Kat:3, Licht: 2,168502,3,7,1,07,02,1,0,2,0,1,0,0,0,0
"POINT (8.734077964000051 53.131846448000033)",Unfall 168503 (2024) Kat:2, Licht: 0,168503,2,1,8,07,18,1,1,0,0,1,0,0,0,0
"POINT (8.932056537000051 53.041640750000056)",Unfall 168505 (2024) Kat:3, Licht: 0,168505,3,7,1,07,11,7,0,0,0,1,0,0,0,1
"POINT (8.796775260000061 53.086701926000046)",Unfall 168507 (2024) Kat:3, Licht: 0,168507,3,1,8,07,20,6,0,0,0,0,0,1,0,0
"POINT (8.849333900000033 53.068818614000065)",Unfall 168508 (2024) Kat:3, Licht: 0,168508,3,2,5,07,14,6,0,0,0,1,0,1,0,0
"POINT (8.791244398000060 53.081002680000040)",Unfall 168509 (2024) Kat:3, Licht: 0,168509,3,6,3,07,14,6,0,0,0,1,0,0,0,0
"POINT (8.856181027000048 53.070479097000032)",Unfall 168510 (2024) Kat:3, Licht: 0,168510,3,3,5,07,13,6,0,0,1,1,0,0,0,0
"POINT (8.901623631000064 53.041561096000066)",Unfall 168511 (2024) Kat:3, Licht: 0,168511,3,7,0,07,18,6,0,0,0,0,0,0,0,1
"POINT (8.836341883000046 53.083437762000074)",Unfall 168512 (2024) Kat:3, Licht: 0,168512,3,5,1,07,13,6,0,0,1,1,0,0,0,0
"POINT (8.619440564000058 53.184104924000053)",Unfall 168513 (2024) Kat:2, Licht: 0,168513,2,1,0,07,13,6,0,0,1,0,0,0,0,0
"POINT (8.740891848000047 53.053178051000032)",Unfall 168514 (2024) Kat:2, Licht: 0,168514,2,6,3,08,07,3,0,0,1,0,0,0,0,1
"POINT (8.752826555000070 53.112236374000076)",Unfall 168516 (2024) Kat:3, Licht: 0,168516,3,3,5,07,15,5,0,0,0,1,0,0,0,0
"POINT (8.792004433000045 53.087990708000063)",Unfall 168517 (2024) Kat:3, Licht: 1,168517,3,1,1,07,21,5,0,1,1,1,0,0,0,0
"POINT (8.880529072000058 53.076712941000039)",Unfall 168518 (2024) Kat:3, Licht: 0,168518,3,6,2,07,17,5,0,0,0,1,0,0,0,0
"POINT (8.565365121000070 53.188217769000062)",Unfall 168520 (2024) Kat:3, Licht: 0,168520,3,3,5,07,15,4,0,0,1,1,0,0,0,0
"POINT (8.736717100000021 53.142577836000044)",Unfall 168521 (2024) Kat:3, Licht: 0,168521,3,7,0,07,14,4,0,0,0,1,0,0,0,0
"POINT (8.799113189000025 53.084022584000081)",Unfall 168522 (2024) Kat:3, Licht: 0,168522,3,7,0,07,18,4,0,0,0,1,0,0,0,1
"POINT (8.715292465000061 53.050893988000041)",Unfall 168523 (2024) Kat:3, Licht: 0,168523,3,3,5,10,12,1,0,0,0,1,0,0,0,0
"POINT (8.784190792000061 53.075565927000071)",Unfall 168524 (2024) Kat:3, Licht: 0,168524,3,3,5,07,18,3,1,0,1,0,0,0,0,0
"POINT (8.909258740000041 53.059668961000057)",Unfall 168525 (2024) Kat:3, Licht: 0,168525,3,2,5,07,13,3,0,0,1,1,0,0,0,0
"POINT (8.777606571000035 53.088903717000051)",Unfall 168526 (2024) Kat:3, Licht: 0,168526,3,3,5,07,16,3,0,0,1,1,0,0,0,0
"POINT (8.822892457000023 53.077987497000038)",Unfall 168527 (2024) Kat:3, Licht: 0,168527,3,6,2,07,10,3,0,0,0,1,0,0,0,0
"POINT (8.886407330000054 53.071592446000068)",Unfall 168528 (2024) Kat:2, Licht: 0,168528,2,2,5,07,11,3,0,0,1,1,0,0,0,0
"POINT (8.853680532000055 53.069930652000039)",Unfall 168529 (2024) Kat:3, Licht: 0,168529,3,5,1,07,15,3,0,0,0,1,0,0,0,1
"POINT (8.757101001000024 53.110409061000041)",Unfall 168531 (2024) Kat:3, Licht: 0,168531,3,6,2,07,19,2,0,0,0,1,0,0,0,0
"POINT (8.894702879000022 53.059828897000045)",Unfall 168532 (2024) Kat:3, Licht: 0,168532,3,1,8,07,21,2,0,0,0,1,0,0,0,0
"POINT (8.884785428000043 53.055211337000060)",Unfall 168533 (2024) Kat:3, Licht: 0,168533,3,2,5,07,17,2,0,0,0,1,0,1,0,0
"POINT (8.943187832000035 53.066616357000044)",Unfall 168534 (2024) Kat:3, Licht: 0,168534,3,7,0,07,15,2,0,0,0,0,0,0,0,1
"POINT (8.816586375000043 53.084128524000050)",Unfall 168535 (2024) Kat:3, Licht: 0,168535,3,2,3,07,08,2,0,0,1,1,0,0,0,0
"POINT (8.841890968000030 53.095560953000074)",Unfall 168538 (2024) Kat:3, Licht: 0,168538,3,7,0,09,12,4,0,0,1,1,0,0,0,0
"POINT (8.766597401000070 53.084257693000040)",Unfall 168539 (2024) Kat:3, Licht: 0,168539,3,7,0,07,16,1,0,0,0,1,0,0,0,1
"POINT (8.811356476000071 53.073765367000078)",Unfall 168540 (2024) Kat:3, Licht: 0,168540,3,7,0,07,18,1,0,0,1,0,1,0,0,0
"POINT (8.919936374000031 53.072777974000076)",Unfall 168541 (2024) Kat:2, Licht: 0,168541,2,7,9,07,19,1,0,0,0,1,0,0,0,0
"POINT (8.964347526000040 53.063019861000043)",Unfall 168542 (2024) Kat:3, Licht: 0,168542,3,7,8,07,12,1,0,0,0,0,0,1,0,0
"POINT (8.951592407000021 53.057866495000042)",Unfall 168546 (2024) Kat:3, Licht: 0,168546,3,2,5,07,11,7,0,0,1,1,0,0,0,0
"POINT (8.870004558000062 53.096809817000064)",Unfall 168547 (2024) Kat:3, Licht: 0,168547,3,4,6,07,10,7,0,0,1,0,1,0,0,0
"POINT (8.776979647000076 53.065685613000028)",Unfall 168548 (2024) Kat:3, Licht: 0,168548,3,3,5,07,12,7,0,0,0,1,0,0,0,0
"POINT (8.793470246000027 53.074548927000080)",Unfall 168549 (2024) Kat:3, Licht: 0,168549,3,7,6,07,10,5,0,0,0,1,1,0,0,0
"POINT (8.861129703000074 53.063344361000077)",Unfall 168551 (2024) Kat:3, Licht: 0,168551,3,3,5,08,13,5,1,0,1,1,0,0,0,0
"POINT (8.756404841000062 53.125398533000066)",Unfall 168553 (2024) Kat:3, Licht: 0,168553,3,2,3,07,15,6,0,0,1,1,0,0,0,0
"POINT (8.827052085000048 53.079704479000043)",Unfall 168554 (2024) Kat:3, Licht: 2,168554,3,1,1,07,23,6,0,2,0,1,0,0,0,0
"POINT (8.772795040000062 53.062744549000058)",Unfall 168557 (2024) Kat:3, Licht: 0,168557,3,6,4,07,11,5,0,0,1,0,0,0,0,0
"POINT (8.637800701000060 53.177213680000079)",Unfall 168558 (2024) Kat:2, Licht: 0,168558,2,7,0,07,12,5,0,0,1,0,0,0,0,0
"POINT (8.578769391000037 53.208858784000029)",Unfall 168559 (2024) Kat:3, Licht: 0,168559,3,3,5,07,17,5,0,0,0,1,0,0,0,0
"POINT (8.804851901000063 53.113087319000044)",Unfall 168560 (2024) Kat:3, Licht: 1,168560,3,7,9,07,04,5,0,1,0,1,0,0,0,0
"POINT (8.847663590000025 53.045367095000074)",Unfall 168563 (2024) Kat:3, Licht: 0,168563,3,3,5,10,15,4,0,0,0,1,0,0,0,1
"POINT (8.728568379000023 53.038909646000036)",Unfall 168565 (2024) Kat:3, Licht: 0,168565,3,7,0,07,15,4,0,0,1,0,0,0,0,0
"POINT (8.792949621000048 53.092393947000062)",Unfall 168566 (2024) Kat:3, Licht: 0,168566,3,7,0,07,15,4,0,0,0,0,1,0,0,1
"POINT (8.836376893000022 53.074851641000066)",Unfall 168567 (2024) Kat:3, Licht: 0,168567,3,3,5,07,16,4,0,0,0,1,0,1,0,0
"POINT (8.950361953000026 53.057938183000033)",Unfall 168571 (2024) Kat:3, Licht: 0,168571,3,3,5,07,15,3,0,0,1,1,0,0,0,0
"POINT (8.852673846000073 53.073606239000071)",Unfall 168572 (2024) Kat:3, Licht: 2,168572,3,7,5,10,19,4,1,2,1,1,0,0,0,0
"POINT (8.780386065000073 53.065761946000066)",Unfall 168573 (2024) Kat:3, Licht: 0,168573,3,7,1,07,11,3,0,0,1,1,0,0,0,0
"POINT (8.751507210000057 53.090842752000071)",Unfall 168574 (2024) Kat:3, Licht: 0,168574,3,7,0,07,20,3,0,0,1,0,0,0,0,0
"POINT (8.772691724000026 53.096354311000027)",Unfall 168575 (2024) Kat:3, Licht: 0,168575,3,3,5,07,19,3,0,0,1,1,0,0,0,0
"POINT (8.865078521000044 53.023114243000066)",Unfall 168577 (2024) Kat:3, Licht: 0,168577,3,2,5,07,20,2,0,0,1,1,0,0,0,0
"POINT (8.902254616000050 53.071604451000042)",Unfall 168578 (2024) Kat:3, Licht: 0,168578,3,6,1,07,07,2,0,0,0,1,0,0,0,0
"POINT (8.868774406000057 53.074253568000074)",Unfall 168579 (2024) Kat:3, Licht: 0,168579,3,3,5,07,12,2,0,0,1,1,0,0,0,0
"POINT (8.963204344000076 53.062530011000035)",Unfall 168580 (2024) Kat:3, Licht: 0,168580,3,7,1,07,20,2,0,0,0,1,0,0,0,1
"POINT (8.954165613000043 53.098651176000033)",Unfall 168581 (2024) Kat:3, Licht: 0,168581,3,6,3,07,21,2,0,0,1,1,0,0,0,0
"POINT (8.812683765000031 53.098246965000044)",Unfall 168582 (2024) Kat:3, Licht: 0,168582,3,3,5,07,15,2,0,0,1,0,0,0,0,0
"POINT (8.803025333000051 53.085720790000039)",Unfall 168583 (2024) Kat:2, Licht: 0,168583,2,6,3,07,16,2,0,0,0,1,0,1,0,0
"POINT (8.881499494000025 53.059522788000038)",Unfall 168584 (2024) Kat:3, Licht: 0,168584,3,3,5,07,16,2,0,0,1,1,0,0,0,0
"POINT (8.863909894000074 53.022941598000045)",Unfall 168586 (2024) Kat:3, Licht: 0,168586,3,7,0,07,10,1,0,0,0,0,0,1,0,0
"POINT (8.773966314000063 53.108338205000052)",Unfall 168587 (2024) Kat:3, Licht: 0,168587,3,7,0,07,18,1,0,0,0,0,1,0,0,1
"POINT (8.804396761000021 53.075446924000062)",Unfall 168588 (2024) Kat:3, Licht: 0,168588,3,1,0,07,16,1,0,0,1,0,0,0,0,0
"POINT (8.875363958000037 53.082459426000071)",Unfall 168589 (2024) Kat:3, Licht: 0,168589,3,6,2,07,18,1,0,0,0,1,0,0,0,0
"POINT (8.741008923000038 53.053069757000060)",Unfall 168590 (2024) Kat:3, Licht: 1,168590,3,3,5,07,21,7,0,1,0,1,0,0,0,0
"POINT (8.740987747000077 53.053072835000080)",Unfall 168591 (2024) Kat:3, Licht: 0,168591,3,3,5,07,12,7,0,0,0,1,0,0,0,0
"POINT (8.825190920000068 53.084541303000037)",Unfall 168592 (2024) Kat:3, Licht: 0,168592,3,7,2,07,17,7,0,0,1,1,0,0,0,0
"POINT (8.795748854000067 53.060601407000036)",Unfall 168593 (2024) Kat:3, Licht: 0,168593,3,3,5,07,10,7,0,0,0,1,0,0,0,1
"POINT (8.588659443000040 53.183026159000065)",Unfall 168594 (2024) Kat:3, Licht: 0,168594,3,3,5,07,19,7,0,0,0,1,0,0,0,1
"POINT (8.810172652000062 53.081558503000053)",Unfall 168595 (2024) Kat:3, Licht: 2,168595,3,7,0,07,00,7,0,2,0,0,0,0,0,1
"POINT (8.827988393000055 53.071502980000048)",Unfall 168596 (2024) Kat:3, Licht: 0,168596,3,4,6,07,17,7,0,0,1,0,1,0,0,0
"POINT (8.872678185000041 53.085781373000032)",Unfall 168598 (2024) Kat:3, Licht: 0,168598,3,3,5,07,05,6,0,0,1,1,0,0,0,0
"POINT (8.736497805000056 53.045164799000077)",Unfall 168599 (2024) Kat:3, Licht: 0,168599,3,6,2,07,12,6,1,0,0,1,0,0,0,0
"POINT (8.810915687000033 53.050717028000065)",Unfall 168600 (2024) Kat:3, Licht: 2,168600,3,6,3,09,23,7,0,2,0,1,0,0,0,0
"POINT (8.835566425000025 53.073787790000040)",Unfall 168601 (2024) Kat:3, Licht: 0,168601,3,2,5,07,15,6,0,0,1,1,0,0,0,0
"POINT (8.797085792000075 53.064458333000061)",Unfall 168602 (2024) Kat:3, Licht: 0,168602,3,7,6,07,10,6,0,0,0,1,1,0,0,0
"POINT (8.831727174000036 53.072661487000062)",Unfall 168603 (2024) Kat:3, Licht: 0,168603,3,5,1,07,12,5,0,0,1,1,0,0,0,0
"POINT (8.788596860000041 53.069260966000058)",Unfall 168604 (2024) Kat:3, Licht: 0,168604,3,4,6,07,13,5,0,0,0,1,1,0,0,0
"POINT (8.802000682000028 53.071406273000036)",Unfall 168605 (2024) Kat:3, Licht: 0,168605,3,3,5,07,16,5,0,0,1,0,0,0,0,1
"POINT (8.727103935000059 53.057437760000028)",Unfall 168606 (2024) Kat:3, Licht: 0,168606,3,6,1,07,11,5,1,0,0,1,0,0,0,0
"POINT (8.856060380000031 53.070545390000063)",Unfall 168607 (2024) Kat:3, Licht: 0,168607,3,7,0,07,09,5,0,0,0,0,0,0,0,1
"POINT (8.789671927000029 53.086642367000081)",Unfall 168609 (2024) Kat:3, Licht: 0,168609,3,3,5,07,17,4,1,0,1,1,0,0,0,0
"POINT (8.925323407000064 53.059289418000048)",Unfall 168610 (2024) Kat:3, Licht: 0,168610,3,6,2,07,13,4,0,0,0,1,0,0,0,0
"POINT (8.804495929000041 53.059297343000026)",Unfall 168611 (2024) Kat:2, Licht: 0,168611,2,2,5,07,09,4,0,0,1,1,0,0,0,0
"POINT (8.809139667000068 53.074718560000065)",Unfall 168612 (2024) Kat:3, Licht: 0,168612,3,7,6,07,10,4,1,0,0,0,1,0,0,1
"POINT (8.628001124000036 53.171883231000038)",Unfall 168613 (2024) Kat:3, Licht: 0,168613,3,2,5,07,07,4,1,0,1,1,0,0,0,0
"POINT (8.805133831000035 53.080960144000073)",Unfall 168614 (2024) Kat:3, Licht: 0,168614,3,3,5,07,10,4,0,0,0,0,0,0,0,1
"POINT (8.859567226000024 53.082605601000068)",Unfall 168615 (2024) Kat:1, Licht: 0,168615,1,6,2,07,18,7,0,0,0,1,0,0,0,0
"POINT (8.580233764000070 53.183129653000037)",Unfall 168616 (2024) Kat:3, Licht: 0,168616,3,4,6,07,06,4,1,0,0,1,1,0,0,0
"POINT (8.834367027000042 53.086615007000034)",Unfall 168617 (2024) Kat:3, Licht: 0,168617,3,5,1,07,08,4,1,0,1,1,0,0,0,0
"POINT (8.737731959000030 53.046560831000079)",Unfall 168618 (2024) Kat:3, Licht: 0,168618,3,7,1,07,15,3,1,0,1,0,1,0,0,0
"POINT (8.809798598000043 53.088681852000036)",Unfall 168619 (2024) Kat:3, Licht: 0,168619,3,3,5,07,19,3,1,0,1,1,0,0,0,0
"POINT (8.797061960000065 53.073604170000067)",Unfall 168620 (2024) Kat:3, Licht: 0,168620,3,2,5,07,08,3,1,0,1,1,0,0,0,0
"POINT (8.944611013000042 53.065854848000072)",Unfall 168621 (2024) Kat:2, Licht: 0,168621,2,2,5,07,08,3,1,0,1,1,0,0,0,0
"POINT (8.939033403000053 53.086300688000051)",Unfall 168622 (2024) Kat:2, Licht: 2,168622,2,4,6,07,00,3,0,2,0,0,1,0,0,1
"POINT (8.835135562000062 53.073057710000057)",Unfall 168624 (2024) Kat:2, Licht: 0,168624,2,1,0,07,17,2,1,0,1,0,0,0,0,0
"POINT (8.730748294000023 53.052472384000055)",Unfall 168625 (2024) Kat:3, Licht: 0,168625,3,3,5,07,15,2,1,0,1,1,0,0,0,0
"POINT (8.723829787000057 53.056961225000066)",Unfall 168626 (2024) Kat:2, Licht: 0,168626,2,1,0,07,18,2,1,0,1,0,0,0,0,0
"POINT (8.805640843000049 53.100326250000080)",Unfall 168627 (2024) Kat:3, Licht: 0,168627,3,7,6,07,11,2,0,0,0,0,1,0,0,1
"POINT (8.760055381000029 53.120478418000062)",Unfall 168628 (2024) Kat:3, Licht: 0,168628,3,3,5,07,18,2,0,0,0,1,0,0,0,0