WKT,Name,OBJECTID,UKATEGORIE,UTYP1,UART,UMONAT,USTUNDE,UWOCHENTAG,STRZUSTAND,ULICHTVERH,ISTRAD,ISTPKW,ISTFUSS,ISTKRAD,ISTGKFZ,ISTSONSTIG
"POINT (8.825110553000059 53.084607783000081)",Unfall 168629 (2024) Kat:3, Licht: 0,168629,3,3,5,07,08,2,1,0,1,1,0,0,0,0
"POINT (8.899924812000052 53.124088049000079)",Unfall 168630 (2024) Kat:3, Licht: 0,168630,3,6,2,06,12,1,0,0,0,1,0,0,0,0
"POINT (8.739432908000026 53.135978071000068)",Unfall 168631 (2024) Kat:3, Licht: 0,168631,3,3,5,09,12,4,0,0,1,1,0,0,0,0
"POINT (8.578108628000052 53.206501231000061)",Unfall 168632 (2024) Kat:3, Licht: 0,168632,3,7,0,08,14,7,0,0,0,0,0,0,0,1
"POINT (8.959664626000063 53.039147849000074)",Unfall 168633 (2024) Kat:3, Licht: 0,168633,3,6,2,06,16,1,0,0,0,1,0,0,0,0
"POINT (8.799828323000042 53.060698024000033)",Unfall 168636 (2024) Kat:2, Licht: 0,168636,2,5,1,06,10,7,0,0,1,1,0,0,0,0
"POINT (8.740801459000068 53.053071577000026)",Unfall 168637 (2024) Kat:3, Licht: 0,168637,3,1,2,10,12,3,0,0,0,1,0,0,0,0
"POINT (8.625089557000024 53.179710709000062)",Unfall 168638 (2024) Kat:3, Licht: 0,168638,3,3,5,06,16,7,0,0,0,1,0,0,0,0
"POINT (8.753744577000020 53.120564284000068)",Unfall 168641 (2024) Kat:3, Licht: 0,168641,3,6,2,06,14,6,0,0,0,1,0,0,0,0
"POINT (8.739516175000063 53.048839721000036)",Unfall 168642 (2024) Kat:3, Licht: 0,168642,3,3,5,06,13,6,0,0,0,1,0,0,0,1
"POINT (8.739285203000065 53.048500447000038)",Unfall 168643 (2024) Kat:3, Licht: 0,168643,3,7,0,06,15,6,0,0,1,1,0,0,0,0
"POINT (8.786425267000027 53.074670298000058)",Unfall 168644 (2024) Kat:3, Licht: 0,168644,3,2,5,06,05,6,0,0,1,1,0,0,0,0
"POINT (8.786236651000024 53.100999035000029)",Unfall 168645 (2024) Kat:3, Licht: 0,168645,3,6,2,06,12,6,0,0,0,1,0,0,0,0
"POINT (8.927061493000053 53.090041976000066)",Unfall 168646 (2024) Kat:3, Licht: 0,168646,3,3,5,06,17,6,0,0,0,1,0,0,0,0
"POINT (8.929054653000037 53.071832373000063)",Unfall 168648 (2024) Kat:3, Licht: 0,168648,3,6,3,06,14,5,0,0,0,1,0,0,0,0
"POINT (8.942827129000023 53.077767629000050)",Unfall 168649 (2024) Kat:3, Licht: 0,168649,3,7,9,06,09,5,0,0,0,1,0,0,0,0
"POINT (8.795548322000059 53.090519102000030)",Unfall 168650 (2024) Kat:3, Licht: 0,168650,3,3,5,06,09,5,0,0,0,1,0,1,0,0
"POINT (8.946001565000074 53.068554440000071)",Unfall 168651 (2024) Kat:3, Licht: 0,168651,3,3,5,08,17,5,0,0,0,1,0,0,0,1
"POINT (8.788748910000038 53.072829406000039)",Unfall 168652 (2024) Kat:3, Licht: 0,168652,3,2,5,06,17,5,0,0,1,1,0,0,0,0
"POINT (8.813077999000029 53.080911025000034)",Unfall 168653 (2024) Kat:3, Licht: 0,168653,3,3,5,06,17,5,1,0,0,1,0,0,0,0
"POINT (8.797120963000054 53.076333218000059)",Unfall 168654 (2024) Kat:2, Licht: 0,168654,2,3,5,06,16,5,1,0,1,0,0,0,0,0
"POINT (8.750185832000057 53.120163625000032)",Unfall 168655 (2024) Kat:3, Licht: 0,168655,3,6,2,06,18,5,0,0,0,1,0,0,0,0
"POINT (8.632038261000048 53.167378376000045)",Unfall 168656 (2024) Kat:3, Licht: 0,168656,3,4,6,08,16,6,0,0,0,0,1,0,0,1
"POINT (8.685238540000057 53.175490257000035)",Unfall 168657 (2024) Kat:3, Licht: 0,168657,3,3,5,06,09,5,0,0,1,1,0,0,0,0
"POINT (8.686037825000028 53.173473339000054)",Unfall 168659 (2024) Kat:3, Licht: 0,168659,3,4,6,08,07,4,0,0,0,1,1,0,0,0
"POINT (8.724073199000031 53.043322478000050)",Unfall 168660 (2024) Kat:3, Licht: 0,168660,3,7,0,06,14,4,0,0,0,0,1,0,0,1
"POINT (8.729385013000069 53.039451437000082)",Unfall 168661 (2024) Kat:3, Licht: 2,168661,3,6,2,08,21,7,1,2,0,1,0,0,0,0
"POINT (8.855689430000041 53.069611263000070)",Unfall 168662 (2024) Kat:3, Licht: 0,168662,3,2,5,06,13,4,0,0,0,1,0,0,0,1
"POINT (8.841352640000025 53.092666287000043)",Unfall 168663 (2024) Kat:3, Licht: 0,168663,3,3,5,06,08,4,0,0,1,1,0,0,0,0
"POINT (8.878990106000060 53.101355350000063)",Unfall 168664 (2024) Kat:3, Licht: 0,168664,3,2,5,06,13,4,0,0,1,1,0,0,0,0
"POINT (8.782119196000053 53.095699643000046)",Unfall 168665 (2024) Kat:1, Licht: 0,168665,1,2,3,06,11,4,0,0,1,0,0,0,1,0
"POINT (8.823544891000040 53.076815179000050)",Unfall 168667 (2024) Kat:2, Licht: 2,168667,2,1,9,06,03,4,0,2,0,0,0,0,0,1
"POINT (8.571108025000058 53.181274067000061)",Unfall 168668 (2024) Kat:3, Licht: 0,168668,3,7,1,08,09,2,0,0,0,1,0,0,0,0
"POINT (8.854476347000059 53.067005051000081)",Unfall 168670 (2024) Kat:3, Licht: 1,168670,3,2,5,09,05,1,0,1,0,1,0,0,0,0
"POINT (8.750954456000045 53.119391593000046)",Unfall 168671 (2024) Kat:3, Licht: 0,168671,3,2,3,06,16,3,0,0,0,1,0,0,0,1
"POINT (8.772176890000026 53.081741169000054)",Unfall 168672 (2024) Kat:3, Licht: 0,168672,3,1,9,06,17,3,0,0,1,0,0,0,0,0
"POINT (8.772568808000074 53.081389948000037)",Unfall 168673 (2024) Kat:3, Licht: 0,168673,3,7,0,06,17,3,0,0,1,0,0,0,0,0
"POINT (8.766899375000037 53.071238886000060)",Unfall 168674 (2024) Kat:3, Licht: 0,168674,3,3,5,06,17,3,0,0,1,1,0,0,0,0
"POINT (8.578203525000049 53.181661648000045)",Unfall 168675 (2024) Kat:3, Licht: 0,168675,3,3,5,06,09,3,0,0,0,1,0,1,0,0
"POINT (8.870457586000043 53.065131731000065)",Unfall 168676 (2024) Kat:3, Licht: 0,168676,3,7,0,06,14,3,1,0,0,0,0,1,0,1
"POINT (8.870942496000055 53.076229699000066)",Unfall 168677 (2024) Kat:3, Licht: 0,168677,3,2,5,06,15,3,0,0,1,1,0,0,0,0
"POINT (8.884331780000025 53.100298919000068)",Unfall 168678 (2024) Kat:3, Licht: 0,168678,3,2,5,06,08,2,0,0,1,1,0,0,0,0
"POINT (8.778752132000022 53.094616882000082)",Unfall 168679 (2024) Kat:3, Licht: 0,168679,3,6,2,06,20,2,0,0,0,1,0,0,0,0
"POINT (8.571824487000072 53.189819803000034)",Unfall 168680 (2024) Kat:3, Licht: 0,168680,3,3,5,06,18,2,0,0,1,1,0,0,0,0
"POINT (8.846526039000025 53.081031962000054)",Unfall 168681 (2024) Kat:3, Licht: 0,168681,3,3,5,06,08,2,0,0,1,1,0,0,0,0
"POINT (8.759152053000037 53.115902520000077)",Unfall 168682 (2024) Kat:3, Licht: 0,168682,3,6,2,06,14,2,0,0,0,1,0,0,0,1
"POINT (8.778545756000028 53.094666526000026)",Unfall 168683 (2024) Kat:3, Licht: 0,168683,3,6,3,06,17,2,0,0,0,1,0,0,0,1
"POINT (8.597979793000036 53.184829592000028)",Unfall 168684 (2024) Kat:3, Licht: 0,168684,3,6,2,06,08,2,0,0,0,1,0,0,0,0
"POINT (8.850016338000046 53.094725088000075)",Unfall 168685 (2024) Kat:2, Licht: 0,168685,2,7,0,06,13,2,0,0,0,0,0,0,0,1
"POINT (8.818890774000067 53.080496463000031)",Unfall 168686 (2024) Kat:3, Licht: 0,168686,3,6,4,06,13,2,0,0,1,0,0,0,0,1
"POINT (8.929517990000022 53.071427336000056)",Unfall 168687 (2024) Kat:3, Licht: 0,168687,3,6,2,07,07,4,0,0,0,1,0,0,0,0
"POINT (8.790448512000069 53.071888204000061)",Unfall 168688 (2024) Kat:3, Licht: 0,168688,3,2,3,06,14,2,0,0,1,1,0,0,0,0
"POINT (8.929817516000071 53.059056584000075)",Unfall 168689 (2024) Kat:3, Licht: 0,168689,3,3,5,06,20,2,0,0,1,1,0,0,0,0
"POINT (8.805892379000056 53.081355861000077)",Unfall 168690 (2024) Kat:3, Licht: 0,168690,3,2,5,06,10,2,0,0,0,1,0,0,0,1
"POINT (8.799643021000065 53.070238126000049)",Unfall 168693 (2024) Kat:3, Licht: 0,168693,3,7,0,06,19,1,0,0,0,0,1,0,0,1
"POINT (8.822633559000053 53.074690743000076)",Unfall 168694 (2024) Kat:3, Licht: 0,168694,3,7,1,06,13,1,0,0,1,1,0,0,0,0
"POINT (8.755283446000021 53.090835417000051)",Unfall 168695 (2024) Kat:3, Licht: 0,168695,3,6,4,06,14,1,0,0,0,1,0,1,0,0
"POINT (8.813675581000041 53.090400521000049)",Unfall 168696 (2024) Kat:3, Licht: 0,168696,3,7,0,06,17,1,0,0,1,0,0,0,0,0
"POINT (8.904670825000039 53.119174025000063)",Unfall 168697 (2024) Kat:3, Licht: 0,168697,3,3,5,06,19,7,0,0,1,1,0,0,0,0
"POINT (8.843241634000037 53.068939096000065)",Unfall 168699 (2024) Kat:3, Licht: 2,168699,3,6,2,06,15,7,0,2,1,0,0,0,0,0
"POINT (8.878872044000047 53.101354507000053)",Unfall 168700 (2024) Kat:3, Licht: 0,168700,3,4,6,06,10,7,0,0,0,0,1,0,0,1
"POINT (8.685764010000071 53.145288454000081)",Unfall 168701 (2024) Kat:2, Licht: 0,168701,2,1,0,06,18,7,0,0,0,0,0,1,0,0
"POINT (8.863019334000057 53.090607829000078)",Unfall 168702 (2024) Kat:3, Licht: 0,168702,3,5,1,06,10,7,0,0,1,1,0,0,0,0
"POINT (8.831589117000021 53.071184901000038)",Unfall 168705 (2024) Kat:3, Licht: 0,168705,3,4,6,06,17,6,1,0,1,0,1,0,0,0
"POINT (8.850006726000061 53.084956990000080)",Unfall 168706 (2024) Kat:3, Licht: 0,168706,3,4,6,06,11,6,0,0,1,0,1,0,0,0
"POINT (8.833351954000022 53.070665522000070)",Unfall 168707 (2024) Kat:3, Licht: 0,168707,3,2,5,06,12,6,0,0,1,1,0,0,0,0
"POINT (8.761879485000065 53.097256971000036)",Unfall 168712 (2024) Kat:3, Licht: 0,168712,3,3,5,06,07,5,0,0,1,1,0,0,0,0
"POINT (8.844205999000053 53.075384149000058)",Unfall 168713 (2024) Kat:3, Licht: 0,168713,3,6,3,06,14,5,0,0,0,1,0,0,0,0
"POINT (8.775368710000066 53.096181156000057)",Unfall 168714 (2024) Kat:3, Licht: 0,168714,3,6,2,06,09,5,0,0,0,1,0,1,0,0
"POINT (8.833844195000040 53.033199940000031)",Unfall 168715 (2024) Kat:1, Licht: 0,168715,1,7,0,07,13,1,0,0,1,0,0,0,0,0
"POINT (8.708789708000040 53.088615657000048)",Unfall 168716 (2024) Kat:2, Licht: 0,168716,2,3,5,06,18,5,0,0,0,1,0,0,0,1
"POINT (8.944679722000046 53.065878979000047)",Unfall 168717 (2024) Kat:3, Licht: 0,168717,3,3,5,06,15,5,0,0,0,1,0,0,0,0
"POINT (8.785431058000029 53.089575039000067)",Unfall 168718 (2024) Kat:3, Licht: 0,168718,3,4,6,08,12,6,0,0,0,0,1,0,1,0
"POINT (8.772093471000062 53.094662710000080)",Unfall 168721 (2024) Kat:3, Licht: 0,168721,3,3,5,06,06,4,0,0,1,1,0,0,0,0
"POINT (8.833000985000069 53.086308044000077)",Unfall 168722 (2024) Kat:2, Licht: 0,168722,2,7,0,06,11,4,0,0,1,0,0,0,0,0
"POINT (8.800519153000039 53.078526446000069)",Unfall 168723 (2024) Kat:3, Licht: 0,168723,3,2,3,06,00,4,0,0,1,1,0,0,0,0
"POINT (8.813967111000068 53.100279955000076)",Unfall 168724 (2024) Kat:3, Licht: 0,168724,3,2,6,06,07,4,0,0,0,1,1,0,0,0
"POINT (8.898465199000043 53.079186848000063)",Unfall 168725 (2024) Kat:3, Licht: 0,168725,3,6,2,06,18,4,0,0,0,1,0,0,0,0
"POINT (8.811579273000063 53.089521267000066)",Unfall 168728 (2024) Kat:2, Licht: 0,168728,2,3,5,06,10,3,0,0,1,1,0,0,0,0
"POINT (8.893424449000065 53.054675416000066)",Unfall 168729 (2024) Kat:3, Licht: 0,168729,3,6,6,06,12,3,0,0,0,1,1,0,0,0
"POINT (8.715712911000026 53.153952840000045)",Unfall 168730 (2024) Kat:3, Licht: 0,168730,3,3,5,06,17,3,1,0,0,1,0,1,0,0
"POINT (8.761298289000024 53.114984953000032)",Unfall 168731 (2024) Kat:3, Licht: 0,168731,3,3,5,06,15,3,1,0,1,1,0,0,0,0
"POINT (8.906588338000063 53.040174264000029)",Unfall 168732 (2024) Kat:2, Licht: 0,168732,2,4,6,06,13,3,1,0,0,1,1,0,0,0
"POINT (8.892268460000025 53.131868916000030)",Unfall 168733 (2024) Kat:2, Licht: 0,168733,2,3,5,06,15,3,1,0,1,0,0,0,0,1
"POINT (8.758011990000057 53.058170984000071)",Unfall 168734 (2024) Kat:3, Licht: 0,168734,3,3,5,06,06,3,0,0,1,1,0,0,0,0
"POINT (8.798048368000025 53.090555835000032)",Unfall 168735 (2024) Kat:3, Licht: 2,168735,3,7,0,06,00,3,0,2,0,1,0,0,0,0
"POINT (8.783006899000043 53.087130945000069)",Unfall 168740 (2024) Kat:3, Licht: 0,168740,3,7,0,06,15,2,0,0,0,1,0,0,0,1
"POINT (8.800963696000053 53.083063703000050)",Unfall 168741 (2024) Kat:3, Licht: 0,168741,3,3,5,06,08,2,0,0,1,1,0,0,0,0
"POINT (8.835792522000077 53.079268427000045)",Unfall 168742 (2024) Kat:2, Licht: 0,168742,2,6,3,06,10,2,0,0,1,0,0,0,0,0
"POINT (8.822318903000053 53.037049652000064)",Unfall 168743 (2024) Kat:3, Licht: 0,168743,3,6,2,06,14,2,0,0,0,1,0,0,0,0
"POINT (8.814831974000072 53.029755751000039)",Unfall 168744 (2024) Kat:3, Licht: 0,168744,3,2,4,06,14,1,0,0,1,0,0,1,0,0
"POINT (8.872172638000052 53.099491938000028)",Unfall 168745 (2024) Kat:3, Licht: 0,168745,3,3,5,06,16,1,0,0,1,1,0,0,0,0
"POINT (8.789514957000051 53.095836512000062)",Unfall 168746 (2024) Kat:3, Licht: 0,168746,3,3,5,07,11,5,1,0,1,1,0,0,0,0
"POINT (8.786873402000026 53.095219785000040)",Unfall 168747 (2024) Kat:3, Licht: 0,168747,3,7,1,06,12,1,0,0,1,1,0,0,0,0
"POINT (8.876093347000051 53.079537859000027)",Unfall 168748 (2024) Kat:3, Licht: 0,168748,3,7,0,06,07,1,1,0,1,1,0,0,0,0
"POINT (8.800685786000031 53.078641093000044)",Unfall 168749 (2024) Kat:3, Licht: 2,168749,3,6,2,06,02,1,0,2,0,1,0,0,0,0
"POINT (8.867923118000022 53.062107669000056)",Unfall 168750 (2024) Kat:3, Licht: 2,168750,3,3,5,06,23,1,0,2,0,1,0,0,0,0
"POINT (8.803235298000061 53.072206153000081)",Unfall 168751 (2024) Kat:3, Licht: 0,168751,3,3,5,06,11,1,0,0,1,1,0,0,0,0
"POINT (8.795804080000039 53.084003211000038)",Unfall 168752 (2024) Kat:3, Licht: 0,168752,3,6,2,06,18,5,1,0,0,1,0,0,0,0
"POINT (8.767263687000025 53.105829076000077)",Unfall 168753 (2024) Kat:3, Licht: 0,168753,3,1,9,06,15,1,1,0,0,1,0,0,0,0
"POINT (8.793438548000040 53.073924374000057)",Unfall 168755 (2024) Kat:3, Licht: 0,168755,3,1,1,06,13,7,0,0,1,1,0,0,0,0
"POINT (8.805270338000071 53.065740273000074)",Unfall 168757 (2024) Kat:3, Licht: 0,168757,3,2,5,06,16,6,0,0,1,1,0,0,0,0
"POINT (8.880451122000068 53.101598795000029)",Unfall 168758 (2024) Kat:3, Licht: 0,168758,3,6,2,06,14,6,0,0,0,1,0,0,0,0
"POINT (8.791249781000033 53.091597459000070)",Unfall 168759 (2024) Kat:3, Licht: 0,168759,3,3,5,06,13,6,0,0,0,0,0,0,0,1
"POINT (8.899209008000071 53.053216800000030)",Unfall 168760 (2024) Kat:3, Licht: 0,168760,3,2,5,06,15,6,0,0,1,1,0,0,0,0
"POINT (8.734788175000062 53.081701777000035)",Unfall 168761 (2024) Kat:3, Licht: 0,168761,3,3,5,06,14,6,0,0,1,1,0,0,0,0
"POINT (8.886315725000031 53.071542629000078)",Unfall 168762 (2024) Kat:3, Licht: 0,168762,3,2,5,06,07,6,0,0,1,0,0,0,1,0
"POINT (8.752545230000067 53.112190850000047)",Unfall 168763 (2024) Kat:3, Licht: 0,168763,3,6,2,06,20,6,0,0,0,1,0,0,0,0
"POINT (8.853320855000050 53.092721041000061)",Unfall 168764 (2024) Kat:3, Licht: 2,168764,3,5,1,06,22,6,0,2,0,1,0,0,0,1
"POINT (8.896595381000054 53.059154800000044)",Unfall 168765 (2024) Kat:3, Licht: 0,168765,3,6,2,06,13,6,0,0,0,1,0,0,1,0
"POINT (8.850200071000074 53.085079416000042)",Unfall 168768 (2024) Kat:3, Licht: 0,168768,3,3,5,06,15,5,0,0,0,1,0,0,0,1
"POINT (8.828320669000050 53.072320035000075)",Unfall 168769 (2024) Kat:3, Licht: 0,168769,3,3,5,06,17,5,0,0,1,1,0,0,0,0
"POINT (8.804503909000061 53.085753068000031)",Unfall 168770 (2024) Kat:3, Licht: 0,168770,3,6,4,06,09,5,0,0,1,1,0,0,0,0
"POINT (8.807350084000063 53.073966094000070)",Unfall 168771 (2024) Kat:3, Licht: 0,168771,3,7,0,06,09,5,0,0,0,0,0,0,0,1
"POINT (8.807790400000044 53.082463113000074)",Unfall 168775 (2024) Kat:2, Licht: 0,168775,2,2,5,06,16,4,1,0,1,1,0,0,0,0
"POINT (8.788830733000054 53.104237565000062)",Unfall 168776 (2024) Kat:2, Licht: 0,168776,2,3,5,06,16,4,1,0,0,1,0,1,0,0
"POINT (8.910490905000074 53.071316199000080)",Unfall 168777 (2024) Kat:3, Licht: 0,168777,3,6,2,06,14,4,1,0,0,1,0,0,0,0
"POINT (8.768737140000042 53.079754953000077)",Unfall 168778 (2024) Kat:3, Licht: 0,168778,3,3,5,06,16,4,0,0,1,1,0,0,0,0
"POINT (8.622706523000033 53.183958668000059)",Unfall 168779 (2024) Kat:3, Licht: 0,168779,3,3,5,06,07,4,0,0,1,1,0,0,0,0
"POINT (8.788735035000059 53.094723028000033)",Unfall 168780 (2024) Kat:3, Licht: 0,168780,3,7,1,06,13,4,0,0,1,1,0,0,0,0
"POINT (8.815945748000047 53.072440156000027)",Unfall 168781 (2024) Kat:3, Licht: 0,168781,3,4,6,06,10,4,0,0,0,1,1,0,0,0
"POINT (8.828907503000039 53.041823966000038)",Unfall 168782 (2024) Kat:3, Licht: 0,168782,3,7,6,06,09,4,1,0,0,0,1,0,1,0
"POINT (8.827233267000054 53.084883951000052)",Unfall 168783 (2024) Kat:3, Licht: 0,168783,3,3,5,06,12,4,1,0,1,1,0,0,0,0
"POINT (8.808475238000028 53.061321604000057)",Unfall 168784 (2024) Kat:3, Licht: 0,168784,3,2,5,06,16,4,1,0,1,1,0,0,0,0
"POINT (8.739759536000065 53.050867299000060)",Unfall 168785 (2024) Kat:3, Licht: 0,168785,3,6,2,06,15,4,1,0,0,1,0,0,1,0
"POINT (8.826242699000034 53.084598618000030)",Unfall 168787 (2024) Kat:3, Licht: 0,168787,3,2,5,06,18,3,0,0,1,1,0,0,0,0
"POINT (8.572778726000024 53.195158367000033)",Unfall 168788 (2024) Kat:3, Licht: 0,168788,3,3,5,06,10,3,0,0,1,1,0,0,0,0
"POINT (8.785210730000074 53.102317717000062)",Unfall 168789 (2024) Kat:3, Licht: 0,168789,3,2,5,06,09,3,0,0,1,1,0,0,0,0
"POINT (8.950369059000025 53.035249358000044)",Unfall 168790 (2024) Kat:3, Licht: 0,168790,3,3,5,06,16,3,1,0,1,1,0,0,0,0
"POINT (8.565069637000022 53.186814500000082)",Unfall 168791 (2024) Kat:3, Licht: 0,168791,3,3,5,06,18,3,1,0,0,1,0,0,0,0
"POINT (8.769766931000049 53.094989833000056)",Unfall 168792 (2024) Kat:3, Licht: 0,168792,3,3,5,06,15,3,0,0,1,0,0,0,0,1
"POINT (8.823635074000038 53.076952641000048)",Unfall 168797 (2024) Kat:3, Licht: 0,168797,3,4,6,06,17,2,1,0,0,1,1,0,0,0
"POINT (8.618489741000076 53.184105663000082)",Unfall 168798 (2024) Kat:3, Licht: 0,168798,3,2,5,06,13,2,1,0,0,1,0,0,0,0
"POINT (8.626167729000031 53.183843796000076)",Unfall 168799 (2024) Kat:3, Licht: 0,168799,3,3,5,06,11,2,1,0,0,1,0,0,0,0
"POINT (8.769933974000026 53.078929634000076)",Unfall 168800 (2024) Kat:3, Licht: 0,168800,3,1,0,06,15,2,1,0,0,0,0,0,0,1
"POINT (8.862526107000065 53.099280287000056)",Unfall 168801 (2024) Kat:3, Licht: 0,168801,3,3,5,06,16,2,1,0,1,1,0,0,0,0
"POINT (8.873662531000036 53.100140993000082)",Unfall 168802 (2024) Kat:3, Licht: 0,168802,3,3,5,06,16,1,0,0,1,1,0,0,0,0
"POINT (8.840863297000055 53.088211810000075)",Unfall 168803 (2024) Kat:3, Licht: 0,168803,3,5,1,06,11,2,1,0,1,0,0,0,0,1
"POINT (8.799271039000075 53.060145776000070)",Unfall 168805 (2024) Kat:3, Licht: 0,168805,3,2,5,06,13,1,0,0,0,1,0,0,0,0
"POINT (8.961342247000061 53.066553698000064)",Unfall 168806 (2024) Kat:3, Licht: 0,168806,3,7,6,06,16,7,0,0,0,0,1,1,0,0
"POINT (8.758880524000062 53.116170758000067)",Unfall 168807 (2024) Kat:3, Licht: 0,168807,3,7,6,06,18,7,0,0,0,1,1,0,0,0
"POINT (8.867937116000064 53.062211858000069)",Unfall 168808 (2024) Kat:3, Licht: 2,168808,3,3,5,06,22,7,1,2,0,1,0,0,0,0
"POINT (8.783723672000065 53.101063419000070)",Unfall 168811 (2024) Kat:2, Licht: 0,168811,2,7,6,06,11,6,0,0,0,1,1,0,0,0
"POINT (8.801012751000030 53.078862785000069)",Unfall 168812 (2024) Kat:3, Licht: 0,168812,3,7,0,06,17,6,1,0,1,0,0,0,0,0
"POINT (8.879984772000057 53.078977067000039)",Unfall 168813 (2024) Kat:3, Licht: 0,168813,3,2,5,06,12,6,1,0,1,1,0,0,0,0
"POINT (8.730667433000065 53.040565760000050)",Unfall 168814 (2024) Kat:3, Licht: 0,168814,3,3,5,06,12,6,0,0,1,1,0,0,0,0
"POINT (8.831146364000062 53.033871531000045)",Unfall 168815 (2024) Kat:3, Licht: 0,168815,3,7,1,06,12,6,0,0,0,1,0,0,0,0
"POINT (8.910562309000056 53.082612466000057)",Unfall 168816 (2024) Kat:3, Licht: 0,168816,3,2,5,06,20,6,0,0,0,1,0,0,0,0
"POINT (8.821601727000029 53.085840529000052)",Unfall 168817 (2024) Kat:3, Licht: 0,168817,3,6,2,06,15,6,0,0,0,1,0,0,0,0
"POINT (8.798180869000021 53.059836360000077)",Unfall 168818 (2024) Kat:2, Licht: 2,168818,2,1,1,06,23,6,0,2,0,1,0,1,0,0
"POINT (8.784825854000076 53.065295803000026)",Unfall 168819 (2024) Kat:2, Licht: 0,168819,2,6,2,06,16,6,0,0,1,0,0,0,0,0
"POINT (8.649620153000058 53.172557824000080)",Unfall 168820 (2024) Kat:3, Licht: 0,168820,3,3,5,06,15,5,0,0,1,1,0,0,0,0
"POINT (8.770917383000040 53.093640120000032)",Unfall 168821 (2024) Kat:3, Licht: 0,168821,3,4,6,06,17,5,0,0,0,1,1,0,0,0
"POINT (8.949531706000073 53.063974579000046)",Unfall 168822 (2024) Kat:3, Licht: 0,168822,3,6,2,06,15,5,0,0,0,1,0,0,0,0
"POINT (8.873046898000041 53.098242689000074)",Unfall 168823 (2024) Kat:3, Licht: 0,168823,3,6,2,06,10,5,0,0,1,1,0,0,0,0
"POINT (8.869013438000025 53.097387466000043)",Unfall 168824 (2024) Kat:3, Licht: 0,168824,3,6,3,09,16,1,0,0,1,1,0,0,0,0
"POINT (8.548628123000071 53.188280839000072)",Unfall 168825 (2024) Kat:3, Licht: 0,168825,3,3,5,06,12,5,0,0,1,1,0,0,0,0
"POINT (8.724449360000051 53.043017868000049)",Unfall 168826 (2024) Kat:3, Licht: 0,168826,3,6,2,06,20,5,0,0,0,1,0,0,0,0
"POINT (8.808533324000052 53.082942684000045)",Unfall 168827 (2024) Kat:3, Licht: 0,168827,3,6,3,06,11,5,0,0,0,1,0,0,0,1
"POINT (8.794116132000056 53.096412265000026)",Unfall 168828 (2024) Kat:3, Licht: 0,168828,3,3,5,06,15,4,0,0,1,1,0,0,0,0
"POINT (8.865450630000055 53.071690115000081)",Unfall 168829 (2024) Kat:3, Licht: 0,168829,3,3,0,06,08,4,0,0,0,1,0,0,0,0
"POINT (8.705035553000073 53.137789472000065)",Unfall 168830 (2024) Kat:3, Licht: 0,168830,3,3,5,06,13,4,0,0,0,1,0,0,0,0
"POINT (8.762175703000025 53.114455946000078)",Unfall 168831 (2024) Kat:3, Licht: 0,168831,3,7,6,06,11,6,0,0,0,1,1,0,0,0
"POINT (8.832152610000037 53.092564286000027)",Unfall 168832 (2024) Kat:3, Licht: 0,168832,3,3,5,06,14,4,0,0,1,0,0,0,0,0
"POINT (8.888000995000027 53.066718485000081)",Unfall 168833 (2024) Kat:3, Licht: 0,168833,3,1,8,06,08,4,0,0,1,0,0,0,0,0
"POINT (8.815226345000042 53.078927544000067)",Unfall 168836 (2024) Kat:3, Licht: 0,168836,3,6,4,06,15,3,1,0,1,1,0,0,0,0
"POINT (8.951131302000022 53.063994788000059)",Unfall 168837 (2024) Kat:3, Licht: 0,168837,3,2,6,06,19,3,0,0,0,1,1,0,0,0
"POINT (8.944054624000046 53.037967042000048)",Unfall 168838 (2024) Kat:3, Licht: 0,168838,3,2,6,06,14,3,0,0,0,1,1,0,0,0
"POINT (8.803316245000076 53.072197462000076)",Unfall 168839 (2024) Kat:3, Licht: 0,168839,3,7,0,06,18,3,0,0,0,0,1,0,0,1
"POINT (8.813181969000027 53.080857383000080)",Unfall 168840 (2024) Kat:3, Licht: 0,168840,3,3,5,06,12,3,0,0,1,1,0,0,0,0
"POINT (8.796883769000033 53.088895552000054)",Unfall 168841 (2024) Kat:3, Licht: 0,168841,3,6,3,06,18,3,0,0,0,1,0,0,0,0
"POINT (8.786488473000077 53.100706882000054)",Unfall 168845 (2024) Kat:3, Licht: 0,168845,3,6,2,06,06,2,0,0,0,1,0,0,0,0
"POINT (8.728493841000045 53.038941591000082)",Unfall 168846 (2024) Kat:3, Licht: 0,168846,3,7,5,06,09,2,0,0,0,1,1,0,0,0
"POINT (8.820701293000070 53.072699668000041)",Unfall 168847 (2024) Kat:2, Licht: 0,168847,2,2,4,06,18,2,0,0,1,1,0,0,0,0
"POINT (8.578011051000033 53.206343997000033)",Unfall 168848 (2024) Kat:3, Licht: 0,168848,3,7,0,06,16,2,1,0,1,0,0,0,0,0
"POINT (8.788149361000023 53.076448921000065)",Unfall 168849 (2024) Kat:3, Licht: 0,168849,3,2,5,06,14,2,0,0,1,1,0,0,0,0
"POINT (8.818707976000042 53.038646755000059)",Unfall 168850 (2024) Kat:3, Licht: 0,168850,3,7,1,06,17,2,0,0,1,1,0,0,0,0
"POINT (8.788178985000059 53.076493973000026)",Unfall 168851 (2024) Kat:3, Licht: 0,168851,3,6,3,06,18,2,0,0,0,1,0,0,1,0