WKT,Name,OBJECTID,UKATEGORIE,UTYP1,UART,UMONAT,USTUNDE,UWOCHENTAG,STRZUSTAND,ULICHTVERH,ISTRAD,ISTPKW,ISTFUSS,ISTKRAD,ISTGKFZ,ISTSONSTIG
"POINT (8.795133621000048 53.065582898000059)",Unfall 168852 (2024) Kat:3, Licht: 0,168852,3,5,1,06,12,1,0,0,1,1,0,0,0,0
"POINT (8.865182265000044 53.102039340000033)",Unfall 168853 (2024) Kat:3, Licht: 0,168853,3,6,2,06,13,1,0,0,1,1,0,0,0,0
"POINT (8.962341464000076 53.058870912000032)",Unfall 168854 (2024) Kat:3, Licht: 2,168854,3,3,5,09,22,2,0,2,0,1,0,0,0,1
"POINT (8.825054369000043 53.049472433000062)",Unfall 168855 (2024) Kat:3, Licht: 2,168855,3,1,0,06,23,1,0,2,0,1,0,0,0,0
"POINT (8.960625544000038 53.046893512000054)",Unfall 168858 (2024) Kat:3, Licht: 0,168858,3,2,5,09,10,2,0,0,0,1,0,0,1,0
"POINT (8.847650507000026 53.112803895000070)",Unfall 168860 (2024) Kat:3, Licht: 0,168860,3,3,5,06,09,7,0,0,1,1,0,0,0,0
"POINT (8.776143290000050 53.063024663000078)",Unfall 168861 (2024) Kat:3, Licht: 0,168861,3,3,5,07,20,4,0,0,0,1,0,0,0,1
"POINT (8.954635263000057 53.057531316000052)",Unfall 168862 (2024) Kat:3, Licht: 0,168862,3,6,2,06,10,7,0,0,0,1,0,0,0,0
"POINT (8.897410906000061 53.118664705000072)",Unfall 168863 (2024) Kat:3, Licht: 2,168863,3,7,0,06,22,7,0,2,1,0,1,0,0,0
"POINT (8.856236628000033 53.088912759000038)",Unfall 168864 (2024) Kat:3, Licht: 0,168864,3,2,5,06,13,7,0,0,0,1,0,0,0,1
"POINT (8.805247277000035 53.065754127000048)",Unfall 168865 (2024) Kat:3, Licht: 0,168865,3,6,3,06,11,7,0,0,1,1,0,0,0,0
"POINT (8.823807587000033 53.078225871000029)",Unfall 168866 (2024) Kat:3, Licht: 0,168866,3,3,5,06,15,7,0,0,0,1,0,0,0,0
"POINT (8.899315473000058 53.120962226000074)",Unfall 168867 (2024) Kat:3, Licht: 0,168867,3,6,2,06,10,7,0,0,0,1,0,1,0,0
"POINT (8.920264237000026 53.071993590000034)",Unfall 168869 (2024) Kat:3, Licht: 2,168869,3,3,4,06,22,7,0,2,0,1,0,0,0,0
"POINT (8.802666490000036 53.079709596000043)",Unfall 168873 (2024) Kat:3, Licht: 0,168873,3,4,6,08,08,3,0,0,1,1,1,0,0,0
"POINT (8.825088015000063 53.084195939000040)",Unfall 168874 (2024) Kat:3, Licht: 0,168874,3,3,5,05,13,6,1,0,1,0,0,0,0,1
"POINT (8.741423063000070 53.126356283000064)",Unfall 168875 (2024) Kat:3, Licht: 0,168875,3,2,5,05,06,6,0,0,1,1,0,0,0,0
"POINT (8.615939559000026 53.177255045000038)",Unfall 168876 (2024) Kat:3, Licht: 0,168876,3,3,5,05,07,6,1,0,1,1,0,0,0,0
"POINT (8.736705043000029 53.045422664000057)",Unfall 168877 (2024) Kat:3, Licht: 0,168877,3,3,5,05,11,6,0,0,0,1,0,0,0,0
"POINT (8.923850686000037 53.073049190000063)",Unfall 168878 (2024) Kat:3, Licht: 0,168878,3,3,5,05,06,6,1,0,1,0,0,0,0,0
"POINT (8.887954282000067 53.035831837000046)",Unfall 168880 (2024) Kat:2, Licht: 0,168880,2,1,9,05,06,6,1,0,0,1,0,0,0,0
"POINT (8.785371448000035 53.088756509000063)",Unfall 168881 (2024) Kat:3, Licht: 0,168881,3,2,5,07,19,2,0,0,1,0,0,0,1,0
"POINT (8.784639974000072 53.102096809000045)",Unfall 168882 (2024) Kat:3, Licht: 0,168882,3,4,6,05,14,6,1,0,0,1,1,0,0,0
"POINT (8.877503348000062 53.080092346000072)",Unfall 168884 (2024) Kat:3, Licht: 0,168884,3,3,5,05,09,5,0,0,1,1,0,0,0,0
"POINT (8.735759387000030 53.141820635000045)",Unfall 168885 (2024) Kat:3, Licht: 2,168885,3,7,0,10,03,1,0,2,0,1,0,0,0,0
"POINT (8.758739450000064 53.119271692000041)",Unfall 168886 (2024) Kat:3, Licht: 0,168886,3,7,0,05,10,5,0,0,1,0,0,0,0,0
"POINT (8.784807344000058 53.102155732000028)",Unfall 168887 (2024) Kat:3, Licht: 0,168887,3,4,6,05,14,5,0,0,0,1,1,0,0,0
"POINT (8.741303410000057 53.137994649000063)",Unfall 168888 (2024) Kat:3, Licht: 0,168888,3,3,1,05,15,5,0,0,0,1,0,0,0,0
"POINT (8.561954865000075 53.183332209000071)",Unfall 168889 (2024) Kat:3, Licht: 0,168889,3,3,5,05,15,5,0,0,0,1,0,0,0,0
"POINT (8.723702237000055 53.043593277000070)",Unfall 168890 (2024) Kat:3, Licht: 0,168890,3,4,6,05,08,5,0,0,0,0,1,0,0,1
"POINT (8.887552611000046 53.062262553000039)",Unfall 168891 (2024) Kat:3, Licht: 0,168891,3,4,6,05,18,5,0,0,1,0,1,0,0,0
"POINT (8.805846745000053 53.081365291000054)",Unfall 168892 (2024) Kat:3, Licht: 0,168892,3,2,3,05,08,5,0,0,0,1,0,0,0,1
"POINT (8.790717638000046 53.091418962000034)",Unfall 168893 (2024) Kat:3, Licht: 0,168893,3,4,6,05,13,5,0,0,1,0,1,0,0,0
"POINT (8.838809701000059 53.037053324000055)",Unfall 168894 (2024) Kat:2, Licht: 0,168894,2,3,5,05,11,5,0,0,1,0,0,0,0,0
"POINT (8.879529371000046 53.071381360000032)",Unfall 168897 (2024) Kat:3, Licht: 0,168897,3,2,5,05,16,4,1,0,1,1,0,0,0,0
"POINT (8.778684678000047 53.094689518000052)",Unfall 168898 (2024) Kat:3, Licht: 0,168898,3,7,5,09,10,4,0,0,0,1,0,0,0,1
"POINT (8.777780539000048 53.095314004000045)",Unfall 168899 (2024) Kat:3, Licht: 0,168899,3,6,2,05,10,4,1,0,0,1,0,0,0,0
"POINT (8.793125882000027 53.093163027000060)",Unfall 168900 (2024) Kat:2, Licht: 0,168900,2,3,5,05,19,4,1,0,1,1,0,0,0,0
"POINT (8.640033057000039 53.173175195000056)",Unfall 168901 (2024) Kat:3, Licht: 0,168901,3,3,5,05,15,4,1,0,1,1,0,0,0,0
"POINT (8.778668633000052 53.094706796000082)",Unfall 168902 (2024) Kat:3, Licht: 0,168902,3,2,5,05,11,4,0,0,0,1,0,0,0,1
"POINT (8.787109550000025 53.090593564000073)",Unfall 168903 (2024) Kat:3, Licht: 0,168903,3,3,5,05,17,4,0,0,1,1,0,0,0,0
"POINT (8.893631302000074 53.079445563000036)",Unfall 168904 (2024) Kat:3, Licht: 0,168904,3,4,6,05,16,4,1,0,0,1,1,0,0,0
"POINT (8.816213460000029 53.082996134000041)",Unfall 168905 (2024) Kat:3, Licht: 0,168905,3,7,0,05,14,3,0,0,1,0,1,0,0,0
"POINT (8.876706562000038 53.061854144000051)",Unfall 168906 (2024) Kat:3, Licht: 0,168906,3,4,6,05,06,3,1,0,1,0,1,0,0,0
"POINT (8.925497845000052 53.072998899000027)",Unfall 168907 (2024) Kat:3, Licht: 2,168907,3,2,5,05,22,3,0,2,0,1,0,0,0,1
"POINT (8.837402621000024 53.037837158000059)",Unfall 168908 (2024) Kat:3, Licht: 0,168908,3,3,4,10,17,2,0,0,0,1,0,0,0,0
"POINT (8.893739116000063 53.046799511000074)",Unfall 168910 (2024) Kat:3, Licht: 0,168910,3,4,6,06,16,7,0,0,0,1,1,0,0,0
"POINT (8.760161837000055 53.087945062000074)",Unfall 168912 (2024) Kat:3, Licht: 0,168912,3,3,5,05,18,2,1,0,1,1,0,0,0,0
"POINT (8.771419354000045 53.102801177000060)",Unfall 168913 (2024) Kat:3, Licht: 0,168913,3,7,0,05,18,2,0,0,1,0,0,0,0,0
"POINT (8.900371203000077 53.124125159000073)",Unfall 168914 (2024) Kat:3, Licht: 0,168914,3,6,2,07,14,2,0,0,0,1,0,0,0,1
"POINT (8.902050641000073 53.072720342000082)",Unfall 168915 (2024) Kat:3, Licht: 0,168915,3,2,2,05,13,2,0,0,0,1,0,0,0,0
"POINT (8.943475270000022 53.066493220000041)",Unfall 168916 (2024) Kat:3, Licht: 0,168916,3,2,6,10,14,3,0,0,0,1,1,0,0,0
"POINT (8.818363673000022 53.025545583000053)",Unfall 168917 (2024) Kat:3, Licht: 0,168917,3,4,6,05,19,2,0,0,0,1,1,0,0,0
"POINT (8.875100855000028 53.101310845000057)",Unfall 168918 (2024) Kat:2, Licht: 0,168918,2,7,0,05,12,2,0,0,0,0,0,0,0,1
"POINT (8.621110125000030 53.173795826000060)",Unfall 168919 (2024) Kat:3, Licht: 0,168919,3,3,5,05,09,2,0,0,1,1,0,0,0,0
"POINT (8.735692398000026 53.044310543000051)",Unfall 168920 (2024) Kat:3, Licht: 0,168920,3,3,5,05,09,2,0,0,0,1,0,0,0,1
"POINT (8.844988202000025 53.045737696000060)",Unfall 168921 (2024) Kat:3, Licht: 0,168921,3,2,5,05,16,2,0,0,1,0,0,0,0,1
"POINT (8.620409304000077 53.169157637000069)",Unfall 168922 (2024) Kat:3, Licht: 0,168922,3,4,6,05,18,1,0,0,1,0,1,0,0,0
"POINT (8.951187882000056 53.057886766000081)",Unfall 168923 (2024) Kat:3, Licht: 0,168923,3,6,2,05,16,1,0,0,0,1,0,0,0,1
"POINT (8.757934857000066 53.058541684000033)",Unfall 168924 (2024) Kat:3, Licht: 0,168924,3,4,6,05,12,1,0,0,1,0,1,0,0,0
"POINT (8.867645640000035 53.062138039000047)",Unfall 168925 (2024) Kat:3, Licht: 0,168925,3,3,5,05,15,1,0,0,0,1,0,0,0,0
"POINT (8.573224530000061 53.191694802000029)",Unfall 168928 (2024) Kat:3, Licht: 0,168928,3,5,1,05,18,7,0,0,0,1,0,0,0,0
"POINT (8.837456864000046 53.037930381000081)",Unfall 168929 (2024) Kat:3, Licht: 0,168929,3,7,6,05,13,7,0,0,0,1,1,0,0,0
"POINT (8.880805164000037 53.078968245000056)",Unfall 168930 (2024) Kat:3, Licht: 0,168930,3,5,1,05,14,7,0,0,0,1,0,0,0,1
"POINT (8.798212224000054 53.055959359000042)",Unfall 168931 (2024) Kat:3, Licht: 1,168931,3,6,2,05,21,7,1,1,0,1,0,0,0,1
"POINT (8.738723914000047 53.132973461000063)",Unfall 168932 (2024) Kat:3, Licht: 0,168932,3,3,5,05,14,7,0,0,1,1,0,0,0,0
"POINT (8.803005315000064 53.072033834000081)",Unfall 168933 (2024) Kat:2, Licht: 0,168933,2,7,1,05,12,7,0,0,0,0,1,0,0,1
"POINT (8.914318175000062 53.061271670000053)",Unfall 168936 (2024) Kat:3, Licht: 0,168936,3,6,3,05,13,6,0,0,0,1,0,1,0,0
"POINT (8.776091552000025 53.102321465000045)",Unfall 168937 (2024) Kat:2, Licht: 0,168937,2,3,5,05,14,6,0,0,1,1,0,0,0,0
"POINT (8.782160015000045 53.075639778000038)",Unfall 168938 (2024) Kat:3, Licht: 0,168938,3,3,5,05,14,6,0,0,1,1,0,0,0,0
"POINT (8.731503657000076 53.048745123000060)",Unfall 168939 (2024) Kat:3, Licht: 2,168939,3,3,5,05,22,6,1,2,1,1,0,0,0,0
"POINT (8.863577120000059 53.071355951000044)",Unfall 168940 (2024) Kat:3, Licht: 0,168940,3,2,5,05,13,6,0,0,1,0,0,0,0,0
"POINT (8.566868906000025 53.195525255000064)",Unfall 168941 (2024) Kat:3, Licht: 0,168941,3,7,0,10,17,2,0,0,0,0,0,1,0,0
"POINT (8.846084285000074 53.106191896000041)",Unfall 168942 (2024) Kat:3, Licht: 0,168942,3,6,2,05,12,6,0,0,0,1,0,0,0,0
"POINT (8.715835783000045 53.181332383000040)",Unfall 168943 (2024) Kat:3, Licht: 0,168943,3,3,5,05,18,6,0,0,1,1,0,0,0,0
"POINT (8.801341103000027 53.071480333000068)",Unfall 168944 (2024) Kat:3, Licht: 0,168944,3,3,5,05,12,6,0,0,1,0,0,0,0,0
"POINT (8.805551186000059 53.061329047000072)",Unfall 168947 (2024) Kat:3, Licht: 1,168947,3,7,6,10,07,3,0,1,1,0,1,0,0,0
"POINT (8.862517586000024 53.067589107000060)",Unfall 168949 (2024) Kat:3, Licht: 0,168949,3,2,5,05,09,5,0,0,0,1,1,0,0,0
"POINT (8.854585588000020 53.066991942000072)",Unfall 168950 (2024) Kat:3, Licht: 2,168950,3,4,6,05,23,5,0,2,0,1,1,0,0,0
"POINT (8.637734970000054 53.179759495000042)",Unfall 168951 (2024) Kat:3, Licht: 2,168951,3,3,5,05,20,5,0,2,0,1,0,0,0,1
"POINT (8.809537689000024 53.093286947000081)",Unfall 168952 (2024) Kat:1, Licht: 0,168952,1,7,1,05,09,5,0,0,1,1,0,0,0,0
"POINT (8.879686477000064 53.112550665000072)",Unfall 168953 (2024) Kat:3, Licht: 0,168953,3,2,5,05,16,5,0,0,1,1,0,0,0,0
"POINT (8.804384671000037 53.066274011000075)",Unfall 168954 (2024) Kat:2, Licht: 0,168954,2,3,0,06,16,3,0,0,0,0,1,1,0,0
"POINT (8.809838764000062 53.062821327000051)",Unfall 168956 (2024) Kat:3, Licht: 1,168956,3,3,5,05,21,4,0,1,1,0,0,0,0,1
"POINT (8.756784613000036 53.110654836000037)",Unfall 168957 (2024) Kat:3, Licht: 0,168957,3,6,2,05,17,4,1,0,0,1,0,0,0,0
"POINT (8.778589416000045 53.064509199000042)",Unfall 168958 (2024) Kat:3, Licht: 0,168958,3,7,0,05,15,4,1,0,0,0,0,0,0,1
"POINT (8.808546651000029 53.082914604000052)",Unfall 168959 (2024) Kat:3, Licht: 0,168959,3,6,2,05,17,4,1,0,0,1,0,0,0,0
"POINT (8.799686463000057 53.079202134000070)",Unfall 168960 (2024) Kat:3, Licht: 0,168960,3,3,5,05,15,4,1,0,1,0,0,0,0,1
"POINT (8.833748561000050 53.039625575000059)",Unfall 168961 (2024) Kat:3, Licht: 0,168961,3,3,5,05,14,4,1,0,0,1,0,1,0,0
"POINT (8.785285902000055 53.068541722000077)",Unfall 168962 (2024) Kat:3, Licht: 0,168962,3,7,0,05,07,4,1,0,1,0,0,0,0,0
"POINT (8.870057197000051 53.097396262000075)",Unfall 168963 (2024) Kat:3, Licht: 0,168963,3,6,3,05,08,4,1,0,1,0,0,0,0,0
"POINT (8.819039281000073 53.080243459000030)",Unfall 168964 (2024) Kat:3, Licht: 0,168964,3,2,4,05,14,4,1,0,1,1,0,0,0,0
"POINT (8.850973898000063 53.087041710000051)",Unfall 168965 (2024) Kat:3, Licht: 1,168965,3,3,5,05,21,4,1,1,1,1,0,0,0,0
"POINT (8.779459369000051 53.068778404000057)",Unfall 168966 (2024) Kat:3, Licht: 1,168966,3,3,5,05,05,4,1,1,0,0,0,0,1,1
"POINT (8.873535994000065 53.091292288000034)",Unfall 168967 (2024) Kat:3, Licht: 0,168967,3,7,1,05,07,4,1,0,1,0,1,0,0,0
"POINT (8.818770586000028 53.080119705000072)",Unfall 168968 (2024) Kat:3, Licht: 0,168968,3,6,3,05,13,4,0,0,1,1,0,0,0,0
"POINT (8.698693337000066 53.183852894000040)",Unfall 168972 (2024) Kat:3, Licht: 0,168972,3,7,0,05,16,3,0,0,0,0,1,0,0,1
"POINT (8.784540405000030 53.065487806000078)",Unfall 168973 (2024) Kat:3, Licht: 0,168973,3,5,2,06,17,6,0,0,0,1,0,0,0,0
"POINT (8.833207480000056 53.081692941000028)",Unfall 168974 (2024) Kat:3, Licht: 0,168974,3,6,2,05,15,3,0,0,0,1,0,0,0,0
"POINT (8.730680178000057 53.055468855000072)",Unfall 168975 (2024) Kat:3, Licht: 0,168975,3,4,6,05,17,3,0,0,0,1,1,0,0,0
"POINT (8.885168690000057 53.062299269000050)",Unfall 168976 (2024) Kat:3, Licht: 0,168976,3,2,5,05,08,3,0,0,1,1,0,0,0,0
"POINT (8.784625652000045 53.065430467000056)",Unfall 168977 (2024) Kat:3, Licht: 0,168977,3,6,2,05,10,3,0,0,0,1,0,0,0,0
"POINT (8.782342548000031 53.066957722000041)",Unfall 168978 (2024) Kat:3, Licht: 0,168978,3,3,5,05,15,3,0,0,0,1,0,0,0,0
"POINT (8.875827278000031 53.081838456000071)",Unfall 168979 (2024) Kat:3, Licht: 0,168979,3,2,5,05,10,3,0,0,1,1,0,0,0,0
"POINT (8.753876713000068 53.088935765000031)",Unfall 168980 (2024) Kat:2, Licht: 0,168980,2,3,5,05,11,2,0,0,0,1,0,1,0,0
"POINT (8.826099101000068 53.072972155000059)",Unfall 168981 (2024) Kat:3, Licht: 0,168981,3,7,1,05,16,1,1,0,1,1,0,0,0,0
"POINT (8.902276522000022 53.071603593000077)",Unfall 168982 (2024) Kat:3, Licht: 2,168982,3,3,5,05,23,1,0,2,0,1,0,1,0,0
"POINT (8.803540377000047 53.066784579000057)",Unfall 168984 (2024) Kat:3, Licht: 2,168984,3,5,1,05,22,7,1,2,1,1,0,0,0,0
"POINT (8.820289544000047 53.073803095000073)",Unfall 168985 (2024) Kat:3, Licht: 1,168985,3,6,6,05,21,7,1,1,1,0,1,0,0,0
"POINT (8.826614390000032 53.068853431000036)",Unfall 168987 (2024) Kat:3, Licht: 0,168987,3,7,0,05,17,7,0,0,1,0,0,0,0,0
"POINT (8.601102371000025 53.184726626000042)",Unfall 168988 (2024) Kat:3, Licht: 0,168988,3,4,6,05,15,7,0,0,0,1,1,0,0,0
"POINT (8.872914645000037 53.105037361000029)",Unfall 168989 (2024) Kat:3, Licht: 0,168989,3,7,0,05,11,7,0,0,1,1,0,0,0,0
"POINT (8.676941872000043 53.087503480000066)",Unfall 168990 (2024) Kat:3, Licht: 0,168990,3,7,0,05,17,7,0,0,1,1,0,0,0,0
"POINT (8.950399836000031 53.035255773000074)",Unfall 168991 (2024) Kat:3, Licht: 1,168991,3,3,5,05,21,7,1,1,1,1,0,0,0,0
"POINT (8.942911606000052 53.086859979000053)",Unfall 168992 (2024) Kat:3, Licht: 2,168992,3,7,0,05,03,7,0,2,0,1,0,0,0,0
"POINT (8.856198775000053 53.070505082000068)",Unfall 168993 (2024) Kat:2, Licht: 0,168993,2,4,6,11,16,7,0,0,0,1,1,0,0,0
"POINT (8.885314006000044 53.056938763000062)",Unfall 168994 (2024) Kat:3, Licht: 0,168994,3,1,0,05,14,7,0,0,1,0,0,0,0,0
"POINT (8.898220330000072 53.043815771000027)",Unfall 168995 (2024) Kat:3, Licht: 0,168995,3,3,5,05,17,7,0,0,0,1,0,0,0,0
"POINT (8.815076074000046 53.077316480000036)",Unfall 168997 (2024) Kat:3, Licht: 0,168997,3,2,5,05,13,6,0,0,1,1,0,0,0,0
"POINT (8.827630871000054 53.072569834000035)",Unfall 168998 (2024) Kat:2, Licht: 0,168998,2,4,6,05,15,6,0,0,1,0,1,0,0,0
"POINT (8.744533134000051 53.128572210000073)",Unfall 169000 (2024) Kat:3, Licht: 0,169000,3,6,2,05,14,6,0,0,0,1,0,0,0,1
"POINT (8.738477041000067 53.134746035000035)",Unfall 169001 (2024) Kat:3, Licht: 0,169001,3,3,5,05,13,6,0,0,1,1,0,0,0,0
"POINT (8.778996936000055 53.064759731000038)",Unfall 169002 (2024) Kat:3, Licht: 0,169002,3,6,2,05,14,6,0,0,0,1,0,0,0,0
"POINT (8.845553065000047 53.091015634000030)",Unfall 169003 (2024) Kat:2, Licht: 0,169003,2,2,3,05,15,6,0,0,0,1,0,0,0,1
"POINT (8.847115494000036 53.086986265000064)",Unfall 169004 (2024) Kat:2, Licht: 0,169004,2,3,5,05,12,6,0,0,1,1,0,0,0,0
"POINT (8.647142671000040 53.164847935000068)",Unfall 169005 (2024) Kat:2, Licht: 0,169005,2,3,5,05,07,6,0,0,0,1,0,0,0,0
"POINT (8.739496790000032 53.048811918000069)",Unfall 169006 (2024) Kat:3, Licht: 0,169006,3,7,0,05,16,6,0,0,0,1,0,0,0,1
"POINT (8.649828569000022 53.174782611000069)",Unfall 169007 (2024) Kat:3, Licht: 0,169007,3,3,5,05,12,6,0,0,1,1,0,0,0,0
"POINT (8.747122833000049 53.126329378000037)",Unfall 169010 (2024) Kat:3, Licht: 0,169010,3,5,1,05,08,5,0,0,0,1,0,0,0,0
"POINT (8.850152417000061 53.065509269000074)",Unfall 169011 (2024) Kat:3, Licht: 0,169011,3,3,5,05,11,5,0,0,1,1,0,0,0,0
"POINT (8.863044255000034 53.071469888000081)",Unfall 169012 (2024) Kat:3, Licht: 0,169012,3,3,5,08,18,4,0,0,1,1,0,0,0,0
"POINT (8.787923245000059 53.062790176000078)",Unfall 169013 (2024) Kat:3, Licht: 2,169013,3,3,5,05,23,5,0,2,0,1,0,0,0,0
"POINT (8.802436380000074 53.127508839000029)",Unfall 169014 (2024) Kat:3, Licht: 0,169014,3,6,4,05,16,5,0,0,1,0,0,0,0,0
"POINT (8.794975298000054 53.084612377000042)",Unfall 169015 (2024) Kat:3, Licht: 0,169015,3,3,5,05,10,5,0,0,1,1,0,0,0,0
"POINT (8.757915491000063 53.058533120000050)",Unfall 169016 (2024) Kat:3, Licht: 0,169016,3,3,5,05,09,5,0,0,0,1,0,0,0,0
"POINT (8.943617873000051 53.038009291000037)",Unfall 169017 (2024) Kat:3, Licht: 0,169017,3,2,5,05,07,5,0,0,1,1,0,0,0,0
"POINT (8.926873443000034 53.073413527000071)",Unfall 169018 (2024) Kat:3, Licht: 0,169018,3,5,1,07,15,4,0,0,0,1,0,0,0,0
"POINT (8.812631453000051 53.098261731000036)",Unfall 169019 (2024) Kat:2, Licht: 0,169019,2,2,0,05,11,7,0,0,1,1,0,0,0,0
"POINT (8.909158457000046 53.053059874000041)",Unfall 169020 (2024) Kat:3, Licht: 0,169020,3,4,6,05,15,5,0,0,0,1,1,0,0,0
"POINT (8.558851723000032 53.190259462000029)",Unfall 169021 (2024) Kat:3, Licht: 2,169021,3,3,5,05,16,5,0,2,1,1,0,0,0,0
"POINT (8.764238673000023 53.109491446000050)",Unfall 169022 (2024) Kat:2, Licht: 0,169022,2,3,5,05,13,5,0,0,1,1,0,0,0,0
"POINT (8.882505851000076 53.057373225000049)",Unfall 169023 (2024) Kat:3, Licht: 0,169023,3,3,5,05,14,5,0,0,0,1,0,0,0,0
"POINT (8.597612276000064 53.184674191000056)",Unfall 169024 (2024) Kat:3, Licht: 0,169024,3,2,3,05,18,4,0,0,0,1,0,0,0,1
"POINT (8.629507405000027 53.168021321000026)",Unfall 169025 (2024) Kat:3, Licht: 0,169025,3,3,0,05,13,4,0,0,1,1,0,0,0,0
"POINT (8.863030753000032 53.071473455000046)",Unfall 169026 (2024) Kat:3, Licht: 0,169026,3,3,5,05,17,4,0,0,0,1,0,0,0,1
"POINT (8.771913996000023 53.092359141000031)",Unfall 169027 (2024) Kat:3, Licht: 0,169027,3,2,6,05,14,4,0,0,0,1,1,0,0,0
"POINT (8.894160435000060 53.046516029000031)",Unfall 169028 (2024) Kat:3, Licht: 0,169028,3,4,6,05,13,4,0,0,1,0,1,0,0,0
"POINT (8.708371870000065 53.151891516000035)",Unfall 169030 (2024) Kat:3, Licht: 0,169030,3,6,2,05,17,4,0,0,0,0,0,1,0,1
"POINT (8.665930988000071 53.175457915000038)",Unfall 169031 (2024) Kat:3, Licht: 0,169031,3,3,5,05,12,4,0,0,0,1,0,0,0,0
"POINT (8.772795040000062 53.062744549000058)",Unfall 169032 (2024) Kat:3, Licht: 0,169032,3,7,0,07,11,5,0,0,1,0,0,0,0,0
"POINT (8.786513303000049 53.100678074000029)",Unfall 169033 (2024) Kat:3, Licht: 0,169033,3,7,6,05,08,4,0,0,0,1,1,0,0,0
"POINT (8.796677116000069 53.089165101000049)",Unfall 169034 (2024) Kat:3, Licht: 0,169034,3,7,1,05,13,4,0,0,0,1,0,0,0,1
"POINT (8.856579388000057 53.072779529000059)",Unfall 169035 (2024) Kat:3, Licht: 1,169035,3,6,2,09,06,6,1,1,0,1,0,0,0,0
"POINT (8.894312267000032 53.056364045000066)",Unfall 169036 (2024) Kat:3, Licht: 0,169036,3,6,3,05,13,4,0,0,1,0,0,0,1,0
"POINT (8.809400787000072 53.074604562000047)",Unfall 169037 (2024) Kat:3, Licht: 0,169037,3,7,0,05,17,4,0,0,0,0,1,0,0,1
"POINT (8.827516492000029 53.042522396000038)",Unfall 169038 (2024) Kat:3, Licht: 0,169038,3,2,5,06,16,6,0,0,0,1,0,0,0,0
"POINT (8.598349791000032 53.178153043000066)",Unfall 169040 (2024) Kat:3, Licht: 0,169040,3,3,5,05,16,3,0,0,1,1,0,0,0,0
"POINT (8.811959639000065 53.079686941000034)",Unfall 169041 (2024) Kat:2, Licht: 0,169041,2,7,0,05,17,3,0,0,1,1,0,0,0,0
"POINT (8.623349464000057 53.173516337000081)",Unfall 169042 (2024) Kat:3, Licht: 0,169042,3,3,5,05,18,3,0,0,0,1,0,0,0,0
"POINT (8.776666078000062 53.065384338000058)",Unfall 169043 (2024) Kat:3, Licht: 0,169043,3,6,2,05,07,3,0,0,0,1,0,0,1,0
"POINT (8.807009033000043 53.073807139000053)",Unfall 169044 (2024) Kat:3, Licht: 0,169044,3,7,0,07,12,2,1,0,0,0,1,0,0,1
"POINT (8.827471492000029 53.068832201000077)",Unfall 169046 (2024) Kat:3, Licht: 0,169046,3,6,2,05,19,3,0,0,0,1,0,0,0,0
"POINT (8.753294613000037 53.120960976000049)",Unfall 169047 (2024) Kat:3, Licht: 0,169047,3,6,2,05,13,3,0,0,0,1,0,0,0,1
"POINT (8.872241911000060 53.085733307000055)",Unfall 169048 (2024) Kat:3, Licht: 0,169048,3,3,5,05,17,3,0,0,1,1,0,0,0,0
"POINT (8.633960901000023 53.185477038000045)",Unfall 169049 (2024) Kat:3, Licht: 1,169049,3,3,5,08,05,3,0,1,0,1,0,0,0,1
"POINT (8.861213332000034 53.102821850000055)",Unfall 169050 (2024) Kat:3, Licht: 0,169050,3,3,5,05,16,3,0,0,0,1,0,0,0,0
"POINT (8.788060313000074 53.062882779000063)",Unfall 169053 (2024) Kat:3, Licht: 0,169053,3,3,5,05,07,2,0,0,0,0,0,1,0,1
"POINT (8.769530489000033 53.114364205000072)",Unfall 169054 (2024) Kat:3, Licht: 0,169054,3,4,6,05,18,2,0,0,0,1,1,0,0,0
"POINT (8.752305031000049 53.113245535000033)",Unfall 169055 (2024) Kat:3, Licht: 0,169055,3,3,5,05,17,7,0,0,0,1,0,0,0,0
"POINT (8.889183651000053 53.085972012000070)",Unfall 169056 (2024) Kat:3, Licht: 0,169056,3,3,5,05,13,2,0,0,1,1,0,0,0,0
"POINT (8.792030663000048 53.073134331000063)",Unfall 169057 (2024) Kat:3, Licht: 0,169057,3,3,5,05,16,2,0,0,1,0,0,0,0,1
"POINT (8.880063109000048 53.071650890000058)",Unfall 169058 (2024) Kat:3, Licht: 0,169058,3,7,0,05,08,2,0,0,1,0,0,0,0,1
"POINT (8.872708464000027 53.085544558000038)",Unfall 169059 (2024) Kat:3, Licht: 0,169059,3,6,2,05,10,2,0,0,0,1,0,0,0,0
"POINT (8.855030482000075 53.078780475000030)",Unfall 169060 (2024) Kat:3, Licht: 2,169060,3,7,0,05,21,2,0,2,0,1,0,0,0,0
"POINT (8.715795480000054 53.054177108000033)",Unfall 169061 (2024) Kat:3, Licht: 0,169061,3,3,5,05,16,2,0,0,1,1,0,0,0,0
"POINT (8.616058684000052 53.176867989000073)",Unfall 169062 (2024) Kat:3, Licht: 0,169062,3,1,9,07,13,3,0,0,0,0,0,1,0,0
"POINT (8.859303628000021 53.102819300000078)",Unfall 169064 (2024) Kat:3, Licht: 0,169064,3,3,5,05,17,1,0,0,0,1,0,0,0,0