WKT,Name,OBJECTID,UKATEGORIE,UTYP1,UART,UMONAT,USTUNDE,UWOCHENTAG,STRZUSTAND,ULICHTVERH,ISTRAD,ISTPKW,ISTFUSS,ISTKRAD,ISTGKFZ,ISTSONSTIG
"POINT (8.715615093000054 53.157026721000079)",Unfall 169065 (2024) Kat:2, Licht: 0,169065,2,2,3,08,17,7,0,0,1,0,0,0,0,0
"POINT (8.812597847000063 53.098222194000073)",Unfall 169066 (2024) Kat:3, Licht: 0,169066,3,2,2,05,15,1,0,0,0,1,0,0,0,0
"POINT (8.787673195000025 53.087410443000067)",Unfall 169067 (2024) Kat:3, Licht: 0,169067,3,7,2,05,14,1,0,0,0,1,0,0,0,1
"POINT (8.807647676000045 53.074314538000067)",Unfall 169068 (2024) Kat:2, Licht: 0,169068,2,7,0,05,17,1,0,0,1,0,0,0,0,0
"POINT (8.785183157000063 53.102224931000080)",Unfall 169069 (2024) Kat:3, Licht: 0,169069,3,7,0,05,17,1,0,0,0,0,0,0,0,1
"POINT (8.775916637000023 53.110978520000060)",Unfall 169070 (2024) Kat:3, Licht: 0,169070,3,4,6,05,09,1,0,0,0,1,1,0,0,0
"POINT (8.827516217000039 53.042522522000070)",Unfall 169071 (2024) Kat:3, Licht: 0,169071,3,7,9,05,14,1,0,0,0,1,0,0,0,0
"POINT (8.835022389000073 53.039037724000082)",Unfall 169072 (2024) Kat:3, Licht: 0,169072,3,4,6,05,13,7,0,0,1,0,1,0,0,0
"POINT (8.809128188000045 53.063440894000053)",Unfall 169073 (2024) Kat:3, Licht: 0,169073,3,7,0,05,19,7,0,0,0,0,0,0,0,1
"POINT (8.794431995000025 53.082308004000026)",Unfall 169075 (2024) Kat:3, Licht: 0,169075,3,6,4,05,14,6,0,0,1,0,0,0,0,0
"POINT (8.744567158000052 53.122815887000058)",Unfall 169076 (2024) Kat:3, Licht: 0,169076,3,3,5,05,11,6,0,0,1,1,0,0,0,0
"POINT (8.822224582000047 53.085540062000064)",Unfall 169077 (2024) Kat:2, Licht: 2,169077,2,7,8,05,21,6,0,2,1,0,0,0,0,0
"POINT (8.864152689000036 53.130001887000049)",Unfall 169079 (2024) Kat:3, Licht: 1,169079,3,7,0,05,20,5,0,1,0,1,0,0,0,0
"POINT (8.937564555000051 53.038471868000045)",Unfall 169080 (2024) Kat:3, Licht: 0,169080,3,3,5,05,14,5,0,0,1,0,0,1,0,0
"POINT (8.808806958000048 53.078476223000052)",Unfall 169082 (2024) Kat:3, Licht: 0,169082,3,7,0,05,17,4,1,0,0,0,0,0,0,1
"POINT (8.808512182000072 53.082952445000046)",Unfall 169083 (2024) Kat:3, Licht: 0,169083,3,2,5,05,15,4,0,0,0,1,0,0,0,1
"POINT (8.949200243000064 53.057994308000048)",Unfall 169084 (2024) Kat:3, Licht: 0,169084,3,6,2,05,09,4,0,0,0,1,0,0,0,1
"POINT (8.589175021000074 53.183068060000039)",Unfall 169085 (2024) Kat:3, Licht: 0,169085,3,3,5,05,07,4,0,0,1,1,0,0,0,0
"POINT (8.853492716000062 53.064802218000068)",Unfall 169086 (2024) Kat:3, Licht: 0,169086,3,6,4,05,12,4,0,0,1,0,0,0,0,0
"POINT (8.728664189000028 53.041763237000055)",Unfall 169087 (2024) Kat:3, Licht: 0,169087,3,7,6,05,15,4,0,0,0,1,1,0,0,0
"POINT (8.867765091000024 53.072604791000060)",Unfall 169088 (2024) Kat:3, Licht: 0,169088,3,6,1,05,07,4,0,0,0,1,0,0,0,0
"POINT (8.856851909000056 53.072335774000067)",Unfall 169089 (2024) Kat:3, Licht: 0,169089,3,6,2,05,14,4,0,0,0,1,0,0,0,0
"POINT (8.842919295000058 53.106040603000054)",Unfall 169090 (2024) Kat:2, Licht: 0,169090,2,7,0,07,08,5,0,0,1,0,0,0,0,0
"POINT (8.686080553000068 53.173328347000052)",Unfall 169093 (2024) Kat:3, Licht: 0,169093,3,3,5,05,19,3,0,0,0,1,0,0,0,1
"POINT (8.740776302000029 53.126300711000056)",Unfall 169094 (2024) Kat:2, Licht: 0,169094,2,6,4,05,09,3,0,0,0,1,0,0,0,0
"POINT (8.825146969000059 53.073030756000037)",Unfall 169098 (2024) Kat:3, Licht: 0,169098,3,7,0,05,14,2,0,0,1,1,0,0,0,0
"POINT (8.510591930000032 53.214311988000077)",Unfall 169099 (2024) Kat:3, Licht: 0,169099,3,6,4,05,07,2,0,0,1,0,1,0,0,0
"POINT (8.782637528000066 53.087100197000041)",Unfall 169100 (2024) Kat:3, Licht: 0,169100,3,2,3,05,16,2,0,0,0,1,0,0,0,1
"POINT (8.811641805000022 53.072617360000038)",Unfall 169101 (2024) Kat:3, Licht: 0,169101,3,6,2,05,14,2,0,0,0,1,0,0,0,0
"POINT (8.762008602000037 53.115516514000035)",Unfall 169102 (2024) Kat:3, Licht: 1,169102,3,7,6,10,18,5,0,1,0,1,1,0,0,0
"POINT (8.556513098000039 53.186889797000049)",Unfall 169103 (2024) Kat:3, Licht: 0,169103,3,7,0,05,11,2,0,0,0,1,0,0,0,1
"POINT (8.882048099000031 53.079124731000036)",Unfall 169105 (2024) Kat:3, Licht: 0,169105,3,2,5,05,14,2,0,0,1,1,0,0,0,0
"POINT (8.787355070000046 53.082922063000069)",Unfall 169106 (2024) Kat:3, Licht: 1,169106,3,1,0,05,21,1,0,1,0,0,0,1,0,0
"POINT (8.800569059000054 53.078797700000052)",Unfall 169107 (2024) Kat:3, Licht: 1,169107,3,6,2,05,21,1,0,1,0,1,0,0,0,0
"POINT (8.823567090000040 53.071869123000056)",Unfall 169108 (2024) Kat:3, Licht: 0,169108,3,4,6,05,11,1,0,0,0,1,1,0,0,0
"POINT (8.787370262000024 53.149386993000064)",Unfall 169111 (2024) Kat:3, Licht: 0,169111,3,6,5,05,16,7,0,0,1,0,1,0,0,0
"POINT (8.799004734000050 53.128922802000034)",Unfall 169112 (2024) Kat:3, Licht: 0,169112,3,6,5,05,16,7,0,0,1,0,1,0,0,0
"POINT (8.790273469000056 53.094724072000076)",Unfall 169113 (2024) Kat:3, Licht: 0,169113,3,3,5,06,17,2,0,0,0,1,0,0,0,1
"POINT (8.784961769000063 53.102211310000030)",Unfall 169114 (2024) Kat:3, Licht: 0,169114,3,2,0,05,14,7,0,0,1,1,0,0,0,0
"POINT (8.815352020000034 53.081198309000058)",Unfall 169115 (2024) Kat:3, Licht: 0,169115,3,3,5,05,08,7,0,0,1,1,0,0,0,0
"POINT (8.786839320000070 53.100303926000038)",Unfall 169117 (2024) Kat:3, Licht: 0,169117,3,6,2,05,11,7,0,0,0,1,0,0,0,0
"POINT (8.753184463000025 53.123011216000066)",Unfall 169118 (2024) Kat:3, Licht: 2,169118,3,5,1,05,01,7,0,2,0,1,0,0,0,0
"POINT (8.572476586000050 53.183992093000029)",Unfall 169119 (2024) Kat:3, Licht: 1,169119,3,6,2,05,21,7,0,1,0,1,0,0,0,0
"POINT (8.944884306000063 53.034095649000051)",Unfall 169120 (2024) Kat:3, Licht: 0,169120,3,6,2,05,16,7,0,0,1,0,0,0,0,0
"POINT (8.811602467000057 53.077111318000050)",Unfall 169122 (2024) Kat:2, Licht: 2,169122,2,3,5,10,21,4,1,2,1,0,0,1,0,0
"POINT (8.904767885000069 53.040617066000038)",Unfall 169126 (2024) Kat:3, Licht: 0,169126,3,2,2,09,14,1,0,0,0,1,0,1,0,0
"POINT (8.587182812000037 53.182684564000056)",Unfall 169127 (2024) Kat:3, Licht: 0,169127,3,3,5,05,13,6,0,0,0,1,0,0,0,1
"POINT (8.823348323000062 53.046011340000064)",Unfall 169128 (2024) Kat:3, Licht: 0,169128,3,2,0,05,14,6,0,0,0,1,0,0,0,0
"POINT (8.854005649000044 53.066134735000048)",Unfall 169129 (2024) Kat:3, Licht: 0,169129,3,3,5,05,08,6,0,0,1,1,0,0,0,0
"POINT (8.826042267000048 53.034973940000043)",Unfall 169130 (2024) Kat:3, Licht: 0,169130,3,3,5,07,16,5,0,0,0,1,0,0,0,1
"POINT (8.619188972000075 53.185849648000044)",Unfall 169131 (2024) Kat:3, Licht: 0,169131,3,6,2,05,16,3,0,0,0,1,0,0,0,0
"POINT (8.944760117000044 53.065837665000060)",Unfall 169132 (2024) Kat:3, Licht: 0,169132,3,4,6,05,15,6,0,0,0,1,1,0,0,0
"POINT (8.873601732000054 53.101292980000039)",Unfall 169133 (2024) Kat:3, Licht: 0,169133,3,6,2,05,09,6,0,0,0,1,0,0,0,0
"POINT (8.818574523000052 53.082657409000035)",Unfall 169901 (2024) Kat:3, Licht: 2,169901,3,5,1,12,04,3,0,2,1,1,0,0,0,0
"POINT (8.773294781000061 53.108691846000056)",Unfall 169902 (2024) Kat:3, Licht: 0,169902,3,3,5,12,10,3,0,0,1,0,0,0,0,1
"POINT (8.762598226000023 53.081326281000031)",Unfall 169904 (2024) Kat:2, Licht: 0,169904,2,3,5,12,12,3,0,0,0,1,0,0,0,0
"POINT (8.783116227000050 53.090494995000029)",Unfall 169905 (2024) Kat:3, Licht: 2,169905,3,4,6,12,21,3,0,2,0,1,1,0,0,0
"POINT (8.949365128000068 53.063839379000058)",Unfall 169906 (2024) Kat:3, Licht: 0,169906,3,7,0,12,12,3,0,0,1,0,0,0,0,1
"POINT (8.872459917000072 53.085818414000073)",Unfall 169907 (2024) Kat:3, Licht: 0,169907,3,3,5,12,10,3,0,0,1,1,0,0,0,0
"POINT (8.818147991000046 53.077760522000062)",Unfall 169908 (2024) Kat:3, Licht: 1,169908,3,3,5,12,08,3,1,1,1,1,0,0,0,0
"POINT (8.736437525000042 53.133673682000051)",Unfall 169913 (2024) Kat:3, Licht: 0,169913,3,6,2,12,14,2,0,0,0,1,0,0,0,0
"POINT (8.892235856000070 53.047810923000043)",Unfall 169915 (2024) Kat:3, Licht: 0,169915,3,7,8,12,11,2,0,0,1,0,0,0,0,0
"POINT (8.932875637000052 53.058880499000054)",Unfall 169916 (2024) Kat:3, Licht: 0,169916,3,3,5,12,14,2,0,0,1,1,0,0,0,0
"POINT (8.812655458000052 53.081106463000026)",Unfall 169917 (2024) Kat:3, Licht: 2,169917,3,7,8,12,01,2,1,2,0,1,0,0,0,0
"POINT (8.753625836000026 53.120669055000064)",Unfall 169920 (2024) Kat:3, Licht: 0,169920,3,7,6,12,12,7,0,0,0,1,1,0,0,0
"POINT (8.812951123000062 53.081090134000078)",Unfall 169921 (2024) Kat:3, Licht: 0,169921,3,7,0,12,12,7,0,0,0,1,0,0,0,0
"POINT (8.880555840000056 53.076722012000062)",Unfall 169922 (2024) Kat:3, Licht: 0,169922,3,3,5,12,11,7,0,0,0,1,0,0,0,0
"POINT (8.822744625000041 53.075532864000081)",Unfall 169923 (2024) Kat:3, Licht: 2,169923,3,6,2,12,19,7,1,2,0,1,0,0,0,0
"POINT (8.756740768000043 53.110410600000080)",Unfall 169927 (2024) Kat:2, Licht: 2,169927,2,1,8,12,22,5,1,2,0,1,0,0,0,0
"POINT (8.936685581000063 53.058668094000041)",Unfall 169928 (2024) Kat:3, Licht: 1,169928,3,3,5,12,16,5,0,1,1,1,0,0,0,0
"POINT (8.885407711000028 53.050081554000030)",Unfall 169929 (2024) Kat:3, Licht: 2,169929,3,3,5,12,22,4,1,2,0,1,0,0,0,0
"POINT (8.782173120000039 53.066795776000049)",Unfall 169930 (2024) Kat:3, Licht: 0,169930,3,6,3,12,12,3,0,0,0,1,0,0,0,1
"POINT (8.802609546000042 53.077482210000028)",Unfall 169931 (2024) Kat:3, Licht: 2,169931,3,3,5,12,02,3,1,2,1,1,0,0,0,0
"POINT (8.901144507000026 53.078842996000049)",Unfall 169933 (2024) Kat:3, Licht: 0,169933,3,3,5,12,13,3,1,0,0,1,0,0,0,0
"POINT (8.947811217000037 53.039555569000072)",Unfall 169934 (2024) Kat:3, Licht: 2,169934,3,1,9,12,22,3,1,2,0,1,0,0,0,0
"POINT (8.788596266000070 53.093996680000032)",Unfall 169937 (2024) Kat:2, Licht: 2,169937,2,7,0,12,23,2,0,2,0,0,0,0,0,1
"POINT (8.753401355000051 53.120867122000050)",Unfall 169938 (2024) Kat:3, Licht: 1,169938,3,4,6,12,17,2,0,1,0,1,1,0,0,0
"POINT (8.898926034000056 53.129927363000036)",Unfall 169939 (2024) Kat:3, Licht: 0,169939,3,6,2,12,11,2,1,0,0,1,0,0,0,0
"POINT (8.900195206000035 53.124024361000068)",Unfall 169940 (2024) Kat:3, Licht: 0,169940,3,6,2,12,13,2,1,0,0,1,0,0,0,0
"POINT (8.957182246000059 53.057460687000059)",Unfall 169941 (2024) Kat:3, Licht: 0,169941,3,3,5,12,12,2,1,0,0,1,0,0,0,1
"POINT (8.785235979000049 53.102158544000076)",Unfall 169942 (2024) Kat:3, Licht: 2,169942,3,4,6,12,17,1,1,2,0,1,1,0,0,0
"POINT (8.625557663000052 53.181333024000082)",Unfall 169943 (2024) Kat:3, Licht: 2,169943,3,3,5,12,20,1,1,2,1,1,0,0,0,0
"POINT (8.930473293000034 53.059017809000068)",Unfall 169944 (2024) Kat:3, Licht: 2,169944,3,4,6,12,17,1,1,2,0,1,1,0,0,0
"POINT (8.811880137000060 53.086308339000027)",Unfall 169947 (2024) Kat:3, Licht: 2,169947,3,2,3,12,18,7,1,2,0,1,0,0,0,0
"POINT (8.826116477000028 53.078815953000060)",Unfall 169948 (2024) Kat:3, Licht: 2,169948,3,3,5,12,03,7,1,2,1,1,0,0,0,0
"POINT (8.711815745000024 53.146432254000047)",Unfall 169949 (2024) Kat:2, Licht: 2,169949,2,7,6,12,22,7,1,2,0,1,1,0,0,0
"POINT (8.775571281000055 53.060473072000036)",Unfall 169950 (2024) Kat:3, Licht: 2,169950,3,3,5,12,19,7,1,2,0,1,0,0,0,0
"POINT (8.740777061000074 53.047956406000026)",Unfall 169954 (2024) Kat:3, Licht: 2,169954,3,3,5,12,19,6,1,2,1,1,0,0,0,0
"POINT (8.901117295000063 53.089333781000050)",Unfall 169956 (2024) Kat:3, Licht: 0,169956,3,3,5,12,12,6,0,0,1,1,0,0,0,0
"POINT (8.619441075000054 53.184017981000068)",Unfall 169957 (2024) Kat:3, Licht: 2,169957,3,2,6,12,17,6,1,2,0,1,1,0,0,0
"POINT (8.739334915000029 53.140894875000072)",Unfall 169958 (2024) Kat:2, Licht: 2,169958,2,7,9,12,23,6,1,2,0,1,0,0,0,0
"POINT (8.775482691000036 53.099809844000049)",Unfall 169959 (2024) Kat:3, Licht: 1,169959,3,6,3,12,16,6,1,1,0,1,0,0,1,0
"POINT (8.571850162000032 53.196097176000080)",Unfall 169960 (2024) Kat:3, Licht: 2,169960,3,2,6,12,16,6,1,2,0,1,1,0,0,0
"POINT (8.945131879000030 53.078219303000026)",Unfall 169961 (2024) Kat:3, Licht: 0,169961,3,6,4,12,11,6,1,0,0,1,0,0,0,0
"POINT (8.825201476000075 53.084132899000053)",Unfall 169965 (2024) Kat:3, Licht: 1,169965,3,3,5,12,07,5,1,1,0,1,0,0,0,0
"POINT (8.737499441000068 53.046333984000057)",Unfall 169966 (2024) Kat:3, Licht: 0,169966,3,2,5,12,14,5,1,0,0,1,0,1,0,0
"POINT (8.941668601000060 53.060360549000052)",Unfall 169967 (2024) Kat:3, Licht: 0,169967,3,3,5,12,10,5,1,0,0,1,0,0,0,0
"POINT (8.824277386000063 53.070078406000050)",Unfall 169968 (2024) Kat:3, Licht: 2,169968,3,7,0,12,02,5,1,2,1,0,0,0,0,0
"POINT (8.823458343000027 53.072986117000028)",Unfall 169972 (2024) Kat:3, Licht: 0,169972,3,5,0,12,14,4,1,0,1,0,0,0,0,0
"POINT (8.729061169000033 53.128561793000074)",Unfall 169973 (2024) Kat:3, Licht: 2,169973,3,2,3,12,20,4,1,2,0,1,0,0,1,0
"POINT (8.799189538000064 53.083968579000043)",Unfall 169974 (2024) Kat:3, Licht: 0,169974,3,3,5,12,11,4,0,0,0,1,0,0,0,1
"POINT (8.931775767000033 53.041002528000035)",Unfall 169975 (2024) Kat:3, Licht: 1,169975,3,3,5,12,16,4,1,1,1,1,0,0,0,0
"POINT (8.567617727000027 53.181726209000033)",Unfall 169976 (2024) Kat:3, Licht: 0,169976,3,7,0,12,11,4,0,0,0,0,0,0,0,1
"POINT (8.710380525000062 53.094434658000068)",Unfall 169977 (2024) Kat:3, Licht: 2,169977,3,3,5,12,07,4,1,2,0,0,0,0,1,0
"POINT (8.876457259000063 53.101333839000063)",Unfall 169980 (2024) Kat:3, Licht: 0,169980,3,7,0,12,11,3,0,0,0,0,0,0,0,1
"POINT (8.702421489000074 53.165486809000072)",Unfall 169981 (2024) Kat:3, Licht: 0,169981,3,3,5,12,13,3,0,0,0,1,0,0,0,0
"POINT (8.685736656000074 53.177707474000044)",Unfall 169982 (2024) Kat:3, Licht: 0,169982,3,7,0,12,14,3,0,0,0,0,0,1,0,0
"POINT (8.869576661000053 53.064288113000032)",Unfall 169983 (2024) Kat:3, Licht: 0,169983,3,3,5,12,13,3,0,0,0,1,0,0,0,0
"POINT (8.919932595000034 53.059583303000068)",Unfall 169984 (2024) Kat:3, Licht: 0,169984,3,3,5,12,12,3,0,0,1,1,0,0,0,0
"POINT (8.740637160000063 53.054094647000056)",Unfall 169985 (2024) Kat:3, Licht: 0,169985,3,1,7,12,13,2,1,0,0,0,0,0,0,1
"POINT (8.704476709000062 53.159659996000073)",Unfall 169986 (2024) Kat:3, Licht: 0,169986,3,4,6,12,13,2,1,0,0,1,1,0,0,0
"POINT (8.812506936000034 53.080831120000028)",Unfall 169987 (2024) Kat:3, Licht: 0,169987,3,7,1,12,09,2,1,0,0,0,0,1,0,1
"POINT (8.797789745000046 53.054758471000071)",Unfall 169988 (2024) Kat:3, Licht: 2,169988,3,6,2,12,23,2,0,2,0,1,0,0,1,0
"POINT (8.702989603000049 53.171328448000054)",Unfall 169991 (2024) Kat:3, Licht: 2,169991,3,2,5,12,17,1,1,2,0,1,0,1,0,0
"POINT (8.943611179000072 53.066426394000075)",Unfall 169992 (2024) Kat:3, Licht: 2,169992,3,3,5,12,18,1,1,2,0,1,0,0,0,0
"POINT (8.859469240000067 53.047379556000067)",Unfall 169993 (2024) Kat:3, Licht: 2,169993,3,7,0,12,16,1,1,2,0,0,0,0,0,1
"POINT (8.790804671000046 53.086154912000040)",Unfall 169996 (2024) Kat:3, Licht: 0,169996,3,6,2,12,14,7,0,0,0,1,0,0,0,0
"POINT (8.863377834000062 53.090418145000058)",Unfall 169998 (2024) Kat:3, Licht: 2,169998,3,4,6,12,17,7,1,2,0,1,1,0,0,0
"POINT (8.943244943000025 53.066591890000041)",Unfall 169999 (2024) Kat:3, Licht: 2,169999,3,4,6,12,20,7,1,2,0,1,1,0,0,0
"POINT (8.722548683000070 53.044241689000046)",Unfall 170000 (2024) Kat:3, Licht: 2,170000,3,2,5,12,19,6,0,2,0,1,0,1,0,0
"POINT (8.873601732000054 53.101292980000039)",Unfall 170001 (2024) Kat:3, Licht: 1,170001,3,3,5,12,07,6,0,1,0,1,0,0,0,1
"POINT (8.800906394000037 53.078790673000071)",Unfall 170002 (2024) Kat:3, Licht: 2,170002,3,4,6,12,23,6,0,2,0,1,1,0,0,0
"POINT (8.846982665000041 53.092634164000060)",Unfall 170005 (2024) Kat:3, Licht: 1,170005,3,4,6,12,18,5,0,1,0,1,1,0,0,0
"POINT (8.742858124000065 53.152117070000031)",Unfall 170006 (2024) Kat:3, Licht: 0,170006,3,6,8,12,09,5,1,0,0,1,0,0,0,0
"POINT (8.870035454000060 53.064988290000031)",Unfall 170007 (2024) Kat:3, Licht: 0,170007,3,2,5,12,13,5,0,0,1,0,0,0,1,0
"POINT (8.838988751000045 53.102428621000058)",Unfall 170008 (2024) Kat:3, Licht: 2,170008,3,2,5,12,07,5,0,2,1,1,0,0,0,0
"POINT (8.780121215000065 53.105540242000075)",Unfall 170009 (2024) Kat:3, Licht: 1,170009,3,6,2,12,18,5,1,1,0,1,0,0,0,0
"POINT (8.572510454000053 53.184003838000081)",Unfall 170010 (2024) Kat:3, Licht: 2,170010,3,2,5,12,18,4,0,2,0,1,0,0,0,1
"POINT (8.784847659000036 53.102170241000067)",Unfall 170012 (2024) Kat:3, Licht: 2,170012,3,5,6,12,07,4,0,2,0,0,1,0,0,1
"POINT (8.768445879000069 53.079973975000030)",Unfall 170013 (2024) Kat:3, Licht: 0,170013,3,5,1,12,08,4,0,0,0,1,0,0,0,0
"POINT (8.817565881000064 53.052703956000073)",Unfall 170014 (2024) Kat:3, Licht: 0,170014,3,4,6,12,14,4,0,0,0,1,1,0,0,0
"POINT (8.880347633000042 53.082419829000060)",Unfall 170015 (2024) Kat:3, Licht: 1,170015,3,3,5,12,17,4,0,1,1,1,0,0,0,0
"POINT (8.772653316000060 53.096294647000036)",Unfall 170017 (2024) Kat:3, Licht: 0,170017,3,3,5,12,10,3,0,0,1,1,0,0,0,0
"POINT (8.850327574000062 53.074088919000076)",Unfall 170018 (2024) Kat:3, Licht: 2,170018,3,6,2,12,21,3,0,2,0,1,0,0,0,1
"POINT (8.626148470000032 53.181038584000078)",Unfall 170020 (2024) Kat:3, Licht: 0,170020,3,6,2,12,08,2,1,0,0,1,0,0,0,0
"POINT (8.820447840000043 53.069378788000051)",Unfall 170022 (2024) Kat:3, Licht: 2,170022,3,6,4,12,07,2,1,2,1,0,0,0,0,0
"POINT (8.793824946000029 53.068541332000052)",Unfall 170023 (2024) Kat:3, Licht: 2,170023,3,3,5,12,16,2,1,2,1,0,0,0,0,1
"POINT (8.739092839000023 53.135183190000078)",Unfall 170024 (2024) Kat:3, Licht: 2,170024,3,3,5,12,16,2,1,2,0,1,0,1,0,0
"POINT (8.902697742000043 53.100134265000065)",Unfall 170025 (2024) Kat:3, Licht: 2,170025,3,2,4,12,19,2,1,2,0,1,0,0,0,0
"POINT (8.810694987000034 53.071784972000046)",Unfall 170026 (2024) Kat:2, Licht: 1,170026,2,1,0,12,08,2,1,1,1,0,0,0,0,0
"POINT (8.931669532000058 53.062198529000057)",Unfall 170027 (2024) Kat:3, Licht: 1,170027,3,2,5,12,07,2,1,1,1,1,0,0,0,0
"POINT (8.739036967000061 53.047881013000051)",Unfall 170030 (2024) Kat:3, Licht: 0,170030,3,6,2,12,13,1,0,0,0,1,0,0,0,0
"POINT (8.759171035000065 53.100754376000054)",Unfall 170031 (2024) Kat:3, Licht: 2,170031,3,6,5,12,17,1,1,2,0,1,0,0,0,0
"POINT (8.820243898000058 53.084002630000043)",Unfall 170032 (2024) Kat:3, Licht: 1,170032,3,3,5,12,07,6,0,1,1,1,0,0,0,0
"POINT (8.686121386000025 53.171074904000079)",Unfall 170033 (2024) Kat:3, Licht: 2,170033,3,2,5,12,17,1,1,2,0,1,0,1,0,0
"POINT (8.565437473000031 53.184895733000076)",Unfall 170035 (2024) Kat:3, Licht: 2,170035,3,3,5,12,17,7,0,2,0,1,0,0,0,0
"POINT (8.797780704000047 53.080394653000042)",Unfall 170036 (2024) Kat:3, Licht: 0,170036,3,7,1,12,15,7,1,0,0,1,0,1,0,0
"POINT (8.803722464000032 53.076766640000073)",Unfall 170037 (2024) Kat:3, Licht: 0,170037,3,6,2,12,13,7,1,0,1,0,0,0,0,0
"POINT (8.827737848000027 53.079963670000041)",Unfall 170038 (2024) Kat:3, Licht: 2,170038,3,4,6,12,18,6,1,2,0,1,1,0,0,0
"POINT (8.789657158000068 53.103241801000081)",Unfall 170039 (2024) Kat:2, Licht: 0,170039,2,2,5,12,15,6,1,0,1,1,0,0,0,0
"POINT (8.741757439000025 53.053707471000052)",Unfall 170040 (2024) Kat:3, Licht: 2,170040,3,1,9,12,01,6,1,2,0,1,0,0,0,0
"POINT (8.779892177000022 53.084782427000050)",Unfall 170044 (2024) Kat:3, Licht: 2,170044,3,2,3,12,17,5,1,2,1,1,0,0,0,0
"POINT (8.803714886000023 53.080226084000060)",Unfall 170045 (2024) Kat:3, Licht: 1,170045,3,2,2,12,15,5,1,1,1,1,0,0,0,0
"POINT (8.550819409000042 53.197553672000026)",Unfall 170046 (2024) Kat:3, Licht: 2,170046,3,3,6,12,07,5,1,2,0,1,1,0,0,0
"POINT (8.793127911000056 53.092851197000073)",Unfall 170047 (2024) Kat:3, Licht: 0,170047,3,6,2,12,09,5,0,0,0,1,0,0,0,1
"POINT (8.927829795000036 53.072620863000054)",Unfall 170052 (2024) Kat:3, Licht: 2,170052,3,4,6,12,07,4,1,2,0,1,1,0,0,0
"POINT (8.740130042000033 53.137125337000043)",Unfall 170053 (2024) Kat:3, Licht: 0,170053,3,6,2,12,13,4,0,0,0,1,0,0,0,0
"POINT (8.837343740000051 53.076843355000051)",Unfall 170055 (2024) Kat:3, Licht: 2,170055,3,3,5,12,00,4,1,2,0,1,0,0,0,0
"POINT (8.819183475000045 53.087026192000053)",Unfall 170056 (2024) Kat:2, Licht: 2,170056,2,6,4,12,22,4,1,2,1,0,0,0,0,0
"POINT (8.627296686000022 53.167265640000039)",Unfall 170059 (2024) Kat:3, Licht: 2,170059,3,3,5,12,16,3,1,2,0,1,0,0,0,1
"POINT (8.772011098000064 53.092318085000045)",Unfall 170061 (2024) Kat:3, Licht: 0,170061,3,6,2,12,07,3,1,0,0,1,0,0,0,0
"POINT (8.870941614000060 53.087532531000079)",Unfall 170062 (2024) Kat:3, Licht: 0,170062,3,3,5,12,07,3,1,0,1,0,0,0,1,0
"POINT (8.866701461000048 53.082138894000082)",Unfall 170063 (2024) Kat:3, Licht: 2,170063,3,3,5,12,23,3,1,2,1,1,0,0,0,0
"POINT (8.825126793000038 53.084434830000077)",Unfall 170064 (2024) Kat:2, Licht: 2,170064,2,4,6,12,16,3,1,2,0,1,1,0,0,0
"POINT (8.768469364000055 53.112570056000038)",Unfall 170067 (2024) Kat:3, Licht: 0,170067,3,3,5,12,12,2,1,0,0,1,0,0,0,0
"POINT (8.748829287000035 53.124899302000074)",Unfall 170068 (2024) Kat:3, Licht: 0,170068,3,2,5,12,09,2,1,0,0,1,0,0,0,1
"POINT (8.948820861000058 53.058012663000056)",Unfall 170069 (2024) Kat:2, Licht: 0,170069,2,7,6,12,15,2,0,0,0,1,1,0,0,0
"POINT (8.757335964000049 53.117433570000060)",Unfall 170070 (2024) Kat:3, Licht: 0,170070,3,7,0,12,09,2,1,0,0,0,0,1,0,0
"POINT (8.722594120000053 53.044137706000072)",Unfall 170072 (2024) Kat:3, Licht: 2,170072,3,3,5,12,19,1,0,2,0,1,0,0,0,0
"POINT (8.797019117000048 53.074515939000037)",Unfall 170073 (2024) Kat:2, Licht: 0,170073,2,4,6,12,12,1,0,0,1,0,1,0,0,0
"POINT (8.809598356000038 53.077295523000032)",Unfall 170074 (2024) Kat:3, Licht: 1,170074,3,2,5,12,15,7,1,1,0,1,0,0,0,1
"POINT (8.899686696000060 53.079129578000050)",Unfall 170075 (2024) Kat:3, Licht: 0,170075,3,6,2,12,12,1,1,0,0,1,0,0,0,0
"POINT (8.764729106000061 53.109896119000041)",Unfall 170076 (2024) Kat:3, Licht: 2,170076,3,7,1,11,16,7,0,2,0,1,0,0,0,0
"POINT (8.755896062000033 53.079370788000062)",Unfall 170077 (2024) Kat:3, Licht: 0,170077,3,3,5,11,10,7,1,0,0,1,0,0,0,0
"POINT (8.718871043000036 53.059135130000072)",Unfall 170079 (2024) Kat:3, Licht: 0,170079,3,3,5,11,12,7,0,0,1,1,0,0,0,0
"POINT (8.930139463000046 53.070842552000045)",Unfall 170080 (2024) Kat:2, Licht: 0,170080,2,4,6,11,09,7,0,0,1,1,1,0,0,0
"POINT (8.896915915000022 53.059071511000070)",Unfall 170081 (2024) Kat:3, Licht: 1,170081,3,2,3,11,07,6,1,1,0,1,0,1,0,0
"POINT (8.727017997000075 53.057423774000029)",Unfall 170082 (2024) Kat:3, Licht: 0,170082,3,6,2,11,10,6,0,0,0,1,0,0,0,0