WKT,Name,OBJECTID,UKATEGORIE,UTYP1,UART,UMONAT,USTUNDE,UWOCHENTAG,STRZUSTAND,ULICHTVERH,ISTRAD,ISTPKW,ISTFUSS,ISTKRAD,ISTGKFZ,ISTSONSTIG
"POINT (8.627856267000027 53.173574803000065)",Unfall 170083 (2024) Kat:3, Licht: 0,170083,3,6,3,11,11,6,0,0,1,0,0,0,0,0
"POINT (8.803074251000055 53.071871646000034)",Unfall 170084 (2024) Kat:2, Licht: 0,170084,2,4,6,11,14,6,0,0,0,1,1,0,0,0
"POINT (8.569326389000025 53.195114265000029)",Unfall 170085 (2024) Kat:3, Licht: 2,170085,3,4,6,11,18,6,0,2,0,1,1,0,0,0
"POINT (8.624452779000023 53.176709453000058)",Unfall 170086 (2024) Kat:3, Licht: 0,170086,3,7,0,11,13,6,0,0,0,0,0,0,0,1
"POINT (8.963001828000074 53.057947427000045)",Unfall 170088 (2024) Kat:3, Licht: 0,170088,3,6,3,11,12,5,0,0,0,1,0,0,0,0
"POINT (8.882969238000044 53.034299630000078)",Unfall 170089 (2024) Kat:3, Licht: 0,170089,3,4,6,11,13,5,0,0,0,1,1,0,0,0
"POINT (8.740966197000034 53.053075968000030)",Unfall 170090 (2024) Kat:3, Licht: 2,170090,3,3,5,11,20,5,0,2,0,1,0,0,0,0
"POINT (8.846961337000039 53.048260727000070)",Unfall 170093 (2024) Kat:3, Licht: 2,170093,3,2,5,11,17,5,0,2,1,1,0,0,0,0
"POINT (8.613517620000039 53.175820107000050)",Unfall 170094 (2024) Kat:3, Licht: 0,170094,3,3,5,11,10,5,0,0,0,1,0,0,0,0
"POINT (8.702196785000069 53.167291251000051)",Unfall 170095 (2024) Kat:3, Licht: 0,170095,3,7,0,11,15,5,0,0,0,0,1,0,0,1
"POINT (8.902651149000064 53.126791907000040)",Unfall 170096 (2024) Kat:2, Licht: 0,170096,2,2,5,11,14,5,0,0,1,1,0,0,0,0
"POINT (8.842370169000048 53.088792359000081)",Unfall 170098 (2024) Kat:3, Licht: 0,170098,3,7,0,11,15,4,1,0,0,0,0,0,0,1
"POINT (8.748860028000024 53.124921334000078)",Unfall 170099 (2024) Kat:3, Licht: 1,170099,3,3,5,11,17,4,1,1,0,1,0,0,0,0
"POINT (8.771538090000035 53.094122580000032)",Unfall 170100 (2024) Kat:3, Licht: 0,170100,3,3,5,11,12,4,1,0,0,1,0,0,0,0
"POINT (8.624507331000075 53.177187675000027)",Unfall 170101 (2024) Kat:3, Licht: 2,170101,3,3,5,11,22,4,1,2,0,1,0,0,0,0
"POINT (8.702729909000027 53.163813107000067)",Unfall 170102 (2024) Kat:3, Licht: 0,170102,3,6,2,11,19,4,1,0,0,1,0,0,0,0
"POINT (8.793696262000026 53.066400142000077)",Unfall 170103 (2024) Kat:3, Licht: 1,170103,3,7,0,11,16,4,1,1,0,0,0,0,0,1
"POINT (8.958384685000055 53.046690397000077)",Unfall 170104 (2024) Kat:2, Licht: 2,170104,2,3,5,11,20,4,1,2,0,1,0,0,0,1
"POINT (8.911599722000062 53.078453435000029)",Unfall 170106 (2024) Kat:3, Licht: 2,170106,3,7,0,11,16,4,1,2,0,0,0,0,0,1
"POINT (8.865520251000021 53.064168060000043)",Unfall 170107 (2024) Kat:3, Licht: 1,170107,3,3,5,11,19,4,1,1,0,1,0,0,0,1
"POINT (8.771026855000059 53.080700642000068)",Unfall 170109 (2024) Kat:3, Licht: 2,170109,3,4,6,11,18,4,1,2,0,1,1,0,0,0
"POINT (8.781739535000042 53.087544996000076)",Unfall 170110 (2024) Kat:3, Licht: 1,170110,3,3,5,11,07,4,1,1,1,1,0,0,0,0
"POINT (8.898538769000027 53.119915081000045)",Unfall 170111 (2024) Kat:2, Licht: 0,170111,2,2,5,11,12,4,1,0,1,1,0,0,0,0
"POINT (8.809536088000073 53.063156111000069)",Unfall 170115 (2024) Kat:3, Licht: 2,170115,3,5,1,11,00,3,0,2,1,1,0,0,0,0
"POINT (8.889382740000030 53.034561531000065)",Unfall 170116 (2024) Kat:3, Licht: 2,170116,3,2,0,11,06,3,0,2,0,1,0,0,0,1
"POINT (8.795673079000039 53.056176842000070)",Unfall 170117 (2024) Kat:2, Licht: 2,170117,2,3,5,11,17,3,0,2,1,1,0,0,0,0
"POINT (8.894586124000057 53.079499141000042)",Unfall 170119 (2024) Kat:3, Licht: 0,170119,3,1,5,11,07,3,1,0,1,1,0,0,0,0
"POINT (8.783808327000031 53.101771153000072)",Unfall 170120 (2024) Kat:3, Licht: 1,170120,3,3,5,11,16,3,1,1,0,1,0,0,0,0
"POINT (8.737948173000063 53.061730667000063)",Unfall 170121 (2024) Kat:3, Licht: 1,170121,3,6,2,11,07,3,1,1,0,1,0,0,0,0
"POINT (8.695007531000044 53.095538844000032)",Unfall 170122 (2024) Kat:3, Licht: 2,170122,3,7,0,11,23,3,0,2,0,0,0,0,1,0
"POINT (8.709217826000042 53.151397537000037)",Unfall 170123 (2024) Kat:2, Licht: 0,170123,2,4,6,11,13,3,0,0,0,0,1,0,1,0
"POINT (8.787930227000061 53.076808735000043)",Unfall 170124 (2024) Kat:3, Licht: 2,170124,3,6,2,11,06,3,0,2,0,1,0,0,0,0
"POINT (8.777619764000065 53.093425762000038)",Unfall 170125 (2024) Kat:3, Licht: 0,170125,3,1,1,11,14,3,1,0,0,1,0,0,1,0
"POINT (8.619378064000045 53.183324654000046)",Unfall 170126 (2024) Kat:3, Licht: 1,170126,3,7,1,11,18,3,1,1,0,1,0,0,0,0
"POINT (8.910557588000074 53.082622163000053)",Unfall 170127 (2024) Kat:3, Licht: 0,170127,3,3,5,11,15,3,0,0,1,1,0,0,0,0
"POINT (8.787694265000027 53.070050469000080)",Unfall 170129 (2024) Kat:3, Licht: 0,170129,3,4,0,11,11,2,0,0,0,0,1,0,0,1
"POINT (8.792326372000048 53.103354439000043)",Unfall 170131 (2024) Kat:3, Licht: 0,170131,3,3,5,11,11,2,0,0,1,0,0,0,0,1
"POINT (8.761871492000068 53.114611746000037)",Unfall 170133 (2024) Kat:3, Licht: 0,170133,3,7,0,11,13,2,0,0,0,1,0,0,0,0
"POINT (8.740802069000040 53.053725522000036)",Unfall 170134 (2024) Kat:3, Licht: 2,170134,3,3,5,11,16,2,1,2,0,1,0,0,0,1
"POINT (8.810607091000065 53.092752012000062)",Unfall 170135 (2024) Kat:3, Licht: 0,170135,3,7,0,11,12,2,0,0,0,0,0,0,0,1
"POINT (8.725372110000023 53.045380612000031)",Unfall 170136 (2024) Kat:3, Licht: 1,170136,3,2,4,11,16,2,1,1,1,1,0,0,0,0
"POINT (8.736638151000022 53.045318222000049)",Unfall 170137 (2024) Kat:3, Licht: 1,170137,3,2,6,11,17,2,1,1,0,1,1,0,0,0
"POINT (8.878347506000068 53.111792865000041)",Unfall 170139 (2024) Kat:3, Licht: 0,170139,3,3,5,11,15,2,1,0,0,1,0,0,0,0
"POINT (8.884662728000023 53.072700238000039)",Unfall 170140 (2024) Kat:3, Licht: 0,170140,3,6,4,11,15,2,0,0,1,0,0,0,0,1
"POINT (8.900162311000031 53.043877873000042)",Unfall 170141 (2024) Kat:3, Licht: 1,170141,3,5,1,11,15,7,0,1,0,1,0,0,0,1
"POINT (8.863860081000041 53.071234313000048)",Unfall 170142 (2024) Kat:3, Licht: 0,170142,3,3,4,11,10,7,0,0,0,1,0,0,0,0
"POINT (8.752013174000069 53.122109836000050)",Unfall 170146 (2024) Kat:3, Licht: 0,170146,3,4,6,11,15,6,1,0,0,1,1,0,0,0
"POINT (8.819305652000025 53.080389319000062)",Unfall 170148 (2024) Kat:3, Licht: 1,170148,3,2,5,11,15,6,1,1,1,1,0,0,0,0
"POINT (8.885589569000047 53.042231768000079)",Unfall 170149 (2024) Kat:3, Licht: 0,170149,3,4,6,11,13,6,1,0,0,1,1,0,0,0
"POINT (8.549353675000020 53.196648505000041)",Unfall 170150 (2024) Kat:3, Licht: 0,170150,3,3,5,11,15,6,1,0,0,1,0,0,0,1
"POINT (8.761864120000041 53.097288348000063)",Unfall 170151 (2024) Kat:3, Licht: 2,170151,3,3,5,11,22,6,1,2,0,1,0,0,0,0
"POINT (8.562317854000071 53.192181574000074)",Unfall 170152 (2024) Kat:3, Licht: 1,170152,3,3,4,11,16,6,1,1,0,1,0,0,0,0
"POINT (8.811122872000055 53.096728400000075)",Unfall 170154 (2024) Kat:3, Licht: 0,170154,3,4,6,11,13,5,1,0,0,1,1,0,0,0
"POINT (8.837405808000028 53.037835591000032)",Unfall 170157 (2024) Kat:3, Licht: 2,170157,3,2,4,11,18,5,1,2,1,1,0,0,0,0
"POINT (8.811210194000068 53.080154447000041)",Unfall 170158 (2024) Kat:3, Licht: 2,170158,3,3,5,11,07,5,0,2,1,1,0,0,0,0
"POINT (8.859405233000075 53.102570688000071)",Unfall 170159 (2024) Kat:3, Licht: 2,170159,3,7,0,11,16,5,1,2,0,0,0,0,0,1
"POINT (8.764491601000032 53.113261171000033)",Unfall 170165 (2024) Kat:3, Licht: 0,170165,3,2,5,12,15,4,1,0,0,1,0,0,0,1
"POINT (8.734663646000058 53.046543987000064)",Unfall 170166 (2024) Kat:3, Licht: 0,170166,3,1,5,11,14,4,1,0,1,1,0,0,0,0
"POINT (8.785329893000039 53.088630816000034)",Unfall 170167 (2024) Kat:3, Licht: 2,170167,3,3,5,11,17,4,1,2,0,1,0,0,1,0
"POINT (8.628424086000052 53.169505702000038)",Unfall 170168 (2024) Kat:3, Licht: 0,170168,3,4,6,11,13,4,1,0,0,0,1,0,0,1
"POINT (8.756784776000075 53.110626002000060)",Unfall 170169 (2024) Kat:3, Licht: 2,170169,3,2,6,11,18,4,1,2,0,1,1,0,0,0
"POINT (8.848125572000072 53.087264254000047)",Unfall 170170 (2024) Kat:3, Licht: 2,170170,3,7,0,11,17,4,1,2,1,0,0,0,0,0
"POINT (8.741071817000034 53.052651255000058)",Unfall 170171 (2024) Kat:3, Licht: 2,170171,3,6,2,11,22,4,1,2,0,1,0,0,0,0
"POINT (8.626268914000036 53.183980934000033)",Unfall 170172 (2024) Kat:3, Licht: 0,170172,3,2,6,11,10,4,1,0,0,1,1,0,0,0
"POINT (8.820752407000043 53.069330507000075)",Unfall 170177 (2024) Kat:2, Licht: 2,170177,2,5,1,11,21,3,1,2,0,1,0,0,0,0
"POINT (8.739132277000067 53.135221188000060)",Unfall 170178 (2024) Kat:2, Licht: 0,170178,2,3,5,11,12,3,1,0,1,1,0,0,0,0
"POINT (8.801469364000070 53.101840549000030)",Unfall 170179 (2024) Kat:3, Licht: 0,170179,3,7,0,11,13,3,2,0,1,0,0,0,0,0
"POINT (8.839799692000042 53.029089575000057)",Unfall 170180 (2024) Kat:3, Licht: 2,170180,3,6,2,11,20,7,1,2,1,1,0,0,0,0
"POINT (8.825161427000069 53.084478155000056)",Unfall 170181 (2024) Kat:3, Licht: 0,170181,3,3,5,11,10,3,1,0,1,0,0,0,0,1
"POINT (8.822691397000028 53.078667664000079)",Unfall 170183 (2024) Kat:3, Licht: 0,170183,3,7,2,11,10,3,2,0,0,1,0,0,0,0
"POINT (8.855713712000068 53.069593205000047)",Unfall 170184 (2024) Kat:3, Licht: 0,170184,3,2,5,11,13,3,1,0,0,1,0,0,0,0
"POINT (8.870658159000072 53.075984074000075)",Unfall 170185 (2024) Kat:3, Licht: 2,170185,3,6,6,11,07,3,1,2,1,0,1,0,0,0
"POINT (8.860653160000027 53.079184917000077)",Unfall 170186 (2024) Kat:3, Licht: 0,170186,3,2,5,11,07,2,1,0,1,1,0,0,0,0
"POINT (8.810607658000038 53.071810318000075)",Unfall 170187 (2024) Kat:3, Licht: 1,170187,3,7,0,11,17,2,1,1,1,1,0,0,0,0
"POINT (8.809195063000061 53.078860309000049)",Unfall 170189 (2024) Kat:3, Licht: 0,170189,3,2,3,11,12,2,1,0,0,1,0,0,0,1
"POINT (8.787010637000037 53.082923188000052)",Unfall 170190 (2024) Kat:3, Licht: 2,170190,3,3,5,11,16,2,1,2,1,1,0,0,0,0
"POINT (8.892804677000072 53.098427519000040)",Unfall 170191 (2024) Kat:3, Licht: 1,170191,3,3,5,11,15,3,1,1,0,1,0,1,0,0
"POINT (8.827802828000074 53.079985086000079)",Unfall 170192 (2024) Kat:3, Licht: 0,170192,3,3,5,11,14,2,1,0,1,0,0,0,0,1
"POINT (8.741071817000034 53.052651255000058)",Unfall 170193 (2024) Kat:3, Licht: 0,170193,3,3,5,11,09,2,1,0,0,1,0,0,0,0
"POINT (8.813453481000067 53.080401153000082)",Unfall 170194 (2024) Kat:2, Licht: 0,170194,2,3,5,11,09,2,0,0,1,1,0,0,0,0
"POINT (8.854541365000046 53.066997249000053)",Unfall 170195 (2024) Kat:3, Licht: 2,170195,3,2,3,11,06,2,1,2,1,1,0,0,0,0
"POINT (8.802924421000057 53.067158516000063)",Unfall 170196 (2024) Kat:3, Licht: 1,170196,3,1,1,11,15,1,1,1,1,1,0,0,0,0
"POINT (8.824889582000026 53.084572549000029)",Unfall 170197 (2024) Kat:3, Licht: 2,170197,3,2,3,11,21,1,1,2,1,1,0,0,0,0
"POINT (8.756625909000036 53.118055606000041)",Unfall 170198 (2024) Kat:3, Licht: 2,170198,3,4,6,12,17,5,1,2,0,0,1,0,0,1
"POINT (8.755239024000048 53.115054359000055)",Unfall 170199 (2024) Kat:3, Licht: 0,170199,3,3,5,11,14,1,1,0,0,1,0,0,0,0
"POINT (8.824454838000065 53.084339934000070)",Unfall 170201 (2024) Kat:3, Licht: 0,170201,3,3,5,11,13,1,1,0,1,0,0,0,0,1
"POINT (8.717593068000042 53.107224719000044)",Unfall 170202 (2024) Kat:3, Licht: 2,170202,3,1,8,11,17,7,1,2,0,1,0,0,0,0
"POINT (8.876527641000052 53.081039397000040)",Unfall 170203 (2024) Kat:3, Licht: 2,170203,3,3,5,11,18,7,0,2,1,1,0,0,0,0
"POINT (8.576784010000040 53.204465771000059)",Unfall 170209 (2024) Kat:3, Licht: 0,170209,3,6,2,11,10,6,0,0,0,1,0,0,0,1
"POINT (8.788161626000033 53.076467574000048)",Unfall 170210 (2024) Kat:3, Licht: 0,170210,3,2,5,11,08,6,1,0,1,1,0,0,0,0
"POINT (8.806906403000028 53.082650490000049)",Unfall 170212 (2024) Kat:3, Licht: 1,170212,3,4,6,11,16,5,1,1,0,0,1,0,0,1
"POINT (8.815308945000027 53.084713285000078)",Unfall 170213 (2024) Kat:3, Licht: 0,170213,3,7,1,11,11,5,0,0,1,0,0,0,0,0
"POINT (8.821337800000038 53.063705322000033)",Unfall 170214 (2024) Kat:3, Licht: 0,170214,3,3,5,11,13,5,1,0,1,1,0,0,0,0
"POINT (8.753786595000065 53.111390372000074)",Unfall 170215 (2024) Kat:3, Licht: 2,170215,3,5,1,11,17,5,1,2,0,1,0,0,0,0
"POINT (8.850559711000074 53.071108838000043)",Unfall 170216 (2024) Kat:3, Licht: 2,170216,3,3,5,11,23,5,0,2,0,1,0,0,0,0
"POINT (8.914159545000075 53.062635076000049)",Unfall 170217 (2024) Kat:3, Licht: 0,170217,3,3,6,11,13,5,1,0,0,1,1,0,0,0
"POINT (8.851960797000061 53.095076370000072)",Unfall 170218 (2024) Kat:3, Licht: 2,170218,3,4,6,11,19,5,1,2,1,0,1,0,0,0
"POINT (8.824702805000072 53.027945449000072)",Unfall 170219 (2024) Kat:3, Licht: 0,170219,3,7,1,11,10,5,1,0,1,1,0,0,0,0
"POINT (8.791311438000037 53.065112816000067)",Unfall 170220 (2024) Kat:3, Licht: 0,170220,3,7,7,11,13,5,0,0,1,0,0,0,0,1
"POINT (8.880336274000058 53.082442842000034)",Unfall 170221 (2024) Kat:3, Licht: 0,170221,3,3,5,11,08,5,1,0,1,1,0,0,0,0
"POINT (8.830602249000037 53.071524203000081)",Unfall 170224 (2024) Kat:3, Licht: 2,170224,3,7,0,11,16,4,1,2,1,0,0,0,0,0
"POINT (8.818702225000038 53.077823875000036)",Unfall 170225 (2024) Kat:2, Licht: 2,170225,2,1,6,11,17,4,1,2,0,1,1,0,0,0
"POINT (8.914181769000038 53.094433830000071)",Unfall 170227 (2024) Kat:3, Licht: 0,170227,3,5,1,11,12,4,1,0,0,1,0,0,1,0
"POINT (8.959506700000077 53.057411659000081)",Unfall 170228 (2024) Kat:3, Licht: 2,170228,3,3,5,11,18,4,1,2,1,1,0,0,0,0
"POINT (8.627642366000032 53.171333170000082)",Unfall 170230 (2024) Kat:3, Licht: 0,170230,3,3,5,11,13,4,1,0,1,1,0,0,0,0
"POINT (8.859647817000052 53.066332724000063)",Unfall 170233 (2024) Kat:3, Licht: 0,170233,3,1,1,11,07,3,0,0,1,1,0,0,0,0
"POINT (8.735682847000021 53.044314999000051)",Unfall 170234 (2024) Kat:3, Licht: 2,170234,3,7,6,11,05,3,0,2,0,1,1,0,0,0
"POINT (8.560092769000050 53.190921951000064)",Unfall 170235 (2024) Kat:3, Licht: 1,170235,3,3,5,11,16,3,0,1,0,1,0,0,0,0
"POINT (8.764167804000067 53.108399239000050)",Unfall 170236 (2024) Kat:3, Licht: 0,170236,3,3,5,11,12,3,0,0,0,1,0,0,0,1
"POINT (8.790973408000070 53.072386270000038)",Unfall 170237 (2024) Kat:3, Licht: 2,170237,3,3,5,11,19,7,0,2,0,1,0,0,0,1
"POINT (8.710621116000027 53.148382510000033)",Unfall 170238 (2024) Kat:3, Licht: 0,170238,3,4,6,11,10,3,0,0,0,1,1,0,0,0
"POINT (8.854777961000025 53.067734530000052)",Unfall 170239 (2024) Kat:3, Licht: 0,170239,3,4,6,11,09,3,0,0,1,0,1,0,0,0
"POINT (8.583535011000038 53.214343677000045)",Unfall 170241 (2024) Kat:3, Licht: 0,170241,3,3,5,11,15,3,0,0,1,1,0,0,0,0
"POINT (8.894376257000033 53.059940301000040)",Unfall 170242 (2024) Kat:3, Licht: 0,170242,3,6,3,11,11,3,0,0,0,1,0,1,0,1
"POINT (8.784091616000069 53.069253628000070)",Unfall 170245 (2024) Kat:3, Licht: 2,170245,3,4,6,11,19,6,0,2,0,1,1,0,0,0
"POINT (8.902125083000044 53.071609529000057)",Unfall 170247 (2024) Kat:3, Licht: 2,170247,3,6,2,11,21,2,1,2,0,1,0,0,0,0
"POINT (8.878898704000051 53.064931911000031)",Unfall 170248 (2024) Kat:3, Licht: 0,170248,3,3,5,11,13,2,0,0,1,1,0,0,0,0
"POINT (8.840065462000041 53.103629562000037)",Unfall 170249 (2024) Kat:3, Licht: 2,170249,3,3,5,11,20,2,1,2,1,1,0,0,0,0
"POINT (8.798192741000037 53.069304037000052)",Unfall 170250 (2024) Kat:3, Licht: 0,170250,3,3,5,11,09,2,0,0,1,1,0,0,0,0
"POINT (8.739113204000034 53.135197688000062)",Unfall 170251 (2024) Kat:3, Licht: 2,170251,3,3,5,11,17,2,1,2,1,1,0,0,0,0
"POINT (8.837260159000039 53.037817244000053)",Unfall 170252 (2024) Kat:3, Licht: 2,170252,3,4,6,11,07,2,1,2,0,1,1,0,0,0
"POINT (8.760375561000046 53.115265901000043)",Unfall 170253 (2024) Kat:3, Licht: 1,170253,3,6,4,11,16,2,1,1,0,1,0,0,0,1
"POINT (8.852724807000072 53.111241508000035)",Unfall 170254 (2024) Kat:3, Licht: 0,170254,3,6,2,11,14,2,1,0,0,1,0,0,0,0
"POINT (8.835250782000060 53.082223875000068)",Unfall 170255 (2024) Kat:3, Licht: 0,170255,3,7,0,11,14,2,0,0,0,0,1,0,0,1
"POINT (8.875997520000055 53.082340507000026)",Unfall 170256 (2024) Kat:3, Licht: 2,170256,3,6,2,11,06,2,1,2,0,1,0,0,0,0
"POINT (8.889254617000063 53.079159004000076)",Unfall 170257 (2024) Kat:3, Licht: 2,170257,3,7,0,11,19,2,0,2,0,0,0,0,1,0
"POINT (8.775376348000066 53.107501116000037)",Unfall 170259 (2024) Kat:3, Licht: 0,170259,3,6,2,12,12,4,1,0,0,1,0,0,0,0
"POINT (8.871555882000052 53.064386183000067)",Unfall 170260 (2024) Kat:3, Licht: 0,170260,3,5,1,11,16,2,0,0,1,1,0,0,0,0
"POINT (8.808482156000025 53.083021768000037)",Unfall 170263 (2024) Kat:3, Licht: 2,170263,3,6,2,11,17,1,0,2,0,1,0,0,0,0
"POINT (8.792104229000074 53.073015941000051)",Unfall 170265 (2024) Kat:3, Licht: 2,170265,3,7,0,11,17,1,0,2,1,0,0,0,0,0
"POINT (8.876063616000067 53.082135729000072)",Unfall 170266 (2024) Kat:3, Licht: 2,170266,3,2,5,11,18,1,0,2,1,1,0,0,0,0
"POINT (8.754749281000045 53.119698571000072)",Unfall 170267 (2024) Kat:3, Licht: 2,170267,3,2,4,11,19,7,0,2,0,1,0,1,0,0
"POINT (8.809437346000038 53.063233112000034)",Unfall 170268 (2024) Kat:3, Licht: 2,170268,3,6,2,11,20,7,0,2,0,1,0,0,0,0
"POINT (8.756704855000066 53.117841244000033)",Unfall 170269 (2024) Kat:3, Licht: 0,170269,3,6,3,11,09,7,0,0,0,1,0,1,0,0
"POINT (8.712616597000022 53.044651436000038)",Unfall 170270 (2024) Kat:3, Licht: 0,170270,3,6,4,11,11,7,0,0,1,0,0,0,0,0
"POINT (8.828685578000034 53.080289806000053)",Unfall 170271 (2024) Kat:3, Licht: 0,170271,3,6,2,11,11,6,0,0,0,1,0,0,0,0
"POINT (8.885374771000045 53.050062141000069)",Unfall 170272 (2024) Kat:3, Licht: 2,170272,3,3,5,11,18,6,0,2,0,1,0,0,0,0
"POINT (8.894411417000072 53.053107163000050)",Unfall 170273 (2024) Kat:3, Licht: 2,170273,3,3,5,11,22,6,0,2,0,1,0,0,0,1
"POINT (8.623711177000075 53.186706782000044)",Unfall 170274 (2024) Kat:3, Licht: 1,170274,3,3,5,11,16,6,0,1,0,1,0,1,0,0
"POINT (8.876519847000054 53.081470076000073)",Unfall 170276 (2024) Kat:3, Licht: 0,170276,3,2,3,11,07,6,0,0,1,1,0,0,0,0
"POINT (8.713825738000025 53.140138750000062)",Unfall 170277 (2024) Kat:3, Licht: 0,170277,3,3,5,11,14,6,0,0,1,1,0,0,0,0
"POINT (8.711446490000071 53.147348023000063)",Unfall 170278 (2024) Kat:3, Licht: 2,170278,3,6,2,11,17,6,1,2,0,1,0,0,0,0
"POINT (8.878632862000075 53.101352799000040)",Unfall 170279 (2024) Kat:3, Licht: 1,170279,3,3,5,11,16,6,0,1,1,1,0,0,0,0
"POINT (8.933921587000043 53.068269582000028)",Unfall 170281 (2024) Kat:2, Licht: 2,170281,2,4,6,11,19,5,0,2,0,1,1,0,0,0
"POINT (8.752272995000055 53.113404636000041)",Unfall 170282 (2024) Kat:2, Licht: 2,170282,2,1,8,11,01,5,1,2,0,1,0,0,0,0
"POINT (8.818323147000058 53.082791145000044)",Unfall 170283 (2024) Kat:3, Licht: 2,170283,3,2,5,11,20,5,0,2,1,1,0,0,0,0
"POINT (8.882585776000042 53.074661153000079)",Unfall 170285 (2024) Kat:3, Licht: 0,170285,3,3,5,11,16,5,0,0,0,1,0,0,0,0
"POINT (8.810487401000046 53.062736033000078)",Unfall 262883 (2024) Kat:3, Licht: 0,262883,3,7,6,02,15,6,1,0,1,0,1,0,0,0
"POINT (8.831323683000051 53.033916418000047)",Unfall 262884 (2024) Kat:3, Licht: 1,262884,3,7,6,03,18,6,0,1,1,0,1,0,0,0
"POINT (8.761910633000070 53.118272152000031)",Unfall 262885 (2024) Kat:3, Licht: 0,262885,3,7,7,04,08,2,0,0,1,0,0,0,0,1
"POINT (8.908489064000037 53.083050168000057)",Unfall 262886 (2024) Kat:2, Licht: 0,262886,2,7,0,04,14,1,1,0,1,0,0,0,0,0
"POINT (8.801432848000047 53.102427589000058)",Unfall 262887 (2024) Kat:3, Licht: 0,262887,3,7,7,04,17,3,0,0,1,0,0,0,0,1
"POINT (8.858666978000031 53.100767620000056)",Unfall 262888 (2024) Kat:3, Licht: 0,262888,3,7,0,05,15,4,0,0,1,0,0,0,0,0
"POINT (8.849365308000074 53.098818111000071)",Unfall 262889 (2024) Kat:3, Licht: 0,262889,3,6,2,05,17,4,0,0,1,1,0,0,0,0
"POINT (8.719654076000040 53.043982685000060)",Unfall 262890 (2024) Kat:3, Licht: 0,262890,3,2,5,05,06,5,0,0,1,1,0,0,0,0
"POINT (8.810178599000039 53.033245577000059)",Unfall 262891 (2024) Kat:3, Licht: 0,262891,3,6,4,06,12,2,0,0,1,0,0,0,0,0
"POINT (8.822590726000044 53.095358603000079)",Unfall 262892 (2024) Kat:2, Licht: 2,262892,2,7,0,06,23,4,0,2,1,0,0,0,0,0
"POINT (8.807115178000060 53.072693775000062)",Unfall 262893 (2024) Kat:3, Licht: 1,262893,3,6,4,06,20,4,0,1,1,0,0,0,0,1
"POINT (8.826888753000048 53.058768410000027)",Unfall 262894 (2024) Kat:3, Licht: 2,262894,3,7,0,06,01,1,1,2,1,0,0,0,0,0
"POINT (8.884918685000059 53.105658561000041)",Unfall 262895 (2024) Kat:3, Licht: 0,262895,3,6,3,07,15,2,1,0,1,0,0,0,0,1
"POINT (8.836266405000060 53.099467188000062)",Unfall 262896 (2024) Kat:3, Licht: 0,262896,3,7,0,07,17,6,0,0,1,0,0,0,0,0
"POINT (8.839005622000059 53.102652323000029)",Unfall 262898 (2024) Kat:3, Licht: 0,262898,3,6,3,07,19,5,0,0,1,0,0,0,0,0
"POINT (8.779906142000073 53.068427478000046)",Unfall 262899 (2024) Kat:3, Licht: 0,262899,3,2,5,07,08,4,0,0,1,0,0,0,0,1
"POINT (8.857447968000031 53.101315975000034)",Unfall 262900 (2024) Kat:3, Licht: 0,262900,3,6,4,08,13,6,0,0,1,0,0,0,0,0
"POINT (8.829274113000054 53.068651949000071)",Unfall 262901 (2024) Kat:3, Licht: 2,262901,3,7,7,08,22,6,0,2,1,0,0,0,0,0
"POINT (8.824668830000064 53.084913348000043)",Unfall 262902 (2024) Kat:2, Licht: 0,262902,2,7,0,08,16,2,0,0,1,0,0,0,0,0
"POINT (8.893559337000056 53.077742503000081)",Unfall 262903 (2024) Kat:3, Licht: 0,262903,3,7,0,08,08,2,0,0,1,0,1,0,0,0
"POINT (8.758183540000061 53.092714799000078)",Unfall 262904 (2024) Kat:3, Licht: 0,262904,3,6,4,09,17,6,0,0,1,0,0,0,0,1
"POINT (8.831433076000053 53.040831646000072)",Unfall 262905 (2024) Kat:3, Licht: 0,262905,3,3,5,09,12,6,0,0,1,1,0,0,0,0
"POINT (8.814845364000064 53.096376192000037)",Unfall 262906 (2024) Kat:3, Licht: 0,262906,3,7,0,10,14,6,0,0,1,0,1,0,0,0
"POINT (8.824533032000033 53.056920982000065)",Unfall 262907 (2024) Kat:3, Licht: 0,262907,3,6,3,10,15,5,0,0,1,0,0,0,0,0
"POINT (8.864662215000067 53.060154521000072)",Unfall 262908 (2024) Kat:2, Licht: 0,262908,2,7,6,10,16,6,0,0,1,0,1,0,0,0
"POINT (8.813862045000064 53.071157640000081)",Unfall 262909 (2024) Kat:3, Licht: 0,262909,3,7,0,10,15,7,1,0,1,0,0,0,0,0
"POINT (8.938925075000043 53.067218858000047)",Unfall 262911 (2024) Kat:2, Licht: 1,262911,2,7,0,11,18,4,1,1,1,0,0,0,0,1
"POINT (8.857489330000021 53.061030292000055)",Unfall 262912 (2024) Kat:3, Licht: 0,262912,3,7,0,12,15,1,0,0,1,0,0,0,0,1
"POINT (8.816187448000051 53.049386329000072)",Unfall 262913 (2024) Kat:3, Licht: 2,262913,3,5,1,12,17,5,1,2,1,1,0,0,0,0
"POINT (8.903595034000034 53.081112849000078)",Unfall 262914 (2024) Kat:3, Licht: 1,262914,3,7,0,12,16,2,1,1,1,0,0,0,0,0
"POINT (8.843169041000067 53.056387143000052)",Unfall 262915 (2024) Kat:3, Licht: 0,262915,3,6,3,12,14,6,1,0,1,0,0,0,0,0